"Latest: Time (s)","Latest: Y Acceleration 1 (m/s²)","Latest: Z Acceleration 1 (m/s²)","Latest: X Acceleration 1 (m/s²)","Latest: Y Acceleration 2 (m/s²)","Latest: Z Acceleration 2 (m/s²)","Latest: X Acceleration 2 (m/s²)"
0,1.18122076732,1.28066598449,10.9217595095,-0.866370670294,0.76920630323,10.149431623
0.001666,1.18122076732,1.35138421797,10.9922958461,-0.866370670294,0.76920630323,10.149431623
0.003332,1.18122076732,1.31602510123,10.8853536583,-0.866370670294,0.814587178465,10.149431623
0.004998,1.18122076732,1.31602510123,10.8853536583,-0.77408109096,0.950729804172,10.2401933735
0.006664,1.14586165058,1.31602510123,10.8489478072,-0.866370670294,0.814587178465,10.149431623
0.00833,1.18122076732,1.31602510123,10.8853536583,-0.820225880627,0.859968053701,10.1948124982
0.009996,1.25193900079,1.3867433347,10.9581653606,-0.866370670294,0.76920630323,10.149431623
0.011662,1.21657988406,1.31602510123,10.8853536583,-0.77408109096,0.905348928936,10.1948124982
0.013328,1.18122076732,1.20994775102,10.8125419561,-0.866370670294,0.76920630323,10.1040507478
0.014994,1.14586165058,1.31602510123,10.8489478072,-0.866370670294,0.76920630323,10.149431623
0.01666,1.18122076732,1.31602510123,10.8853536583,-0.820225880627,0.814587178465,10.149431623
0.018326,1.21657988406,1.3867433347,10.9581653606,-0.866370670294,0.814587178465,10.1040507478
0.019992,1.18122076732,1.31602510123,10.8853536583,-0.866370670294,0.76920630323,10.1040507478
0.021658,1.14586165058,1.24530686776,10.8489478072,-0.866370670294,0.76920630323,10.1040507478
0.023324,1.18122076732,1.24530686776,10.8853536583,-0.77408109096,0.905348928936,10.1948124982
0.02499,1.18122076732,1.28066598449,10.8853536583,-0.912515459961,0.76920630323,10.1040507478
0.026656,1.18122076732,1.3867433347,10.9581653606,-0.912515459961,0.76920630323,10.1040507478
0.028322,1.14586165058,1.28066598449,10.8853536583,-0.866370670294,0.76920630323,10.1040507478
0.029988,1.18122076732,1.28066598449,10.8489478072,-0.866370670294,0.76920630323,10.1040507478
0.031654,1.14586165058,1.28066598449,10.8489478072,-0.866370670294,0.76920630323,10.149431623
0.03332,1.18122076732,1.28066598449,10.9217595095,-0.866370670294,0.814587178465,10.1040507478
0.034986,1.11050253385,1.20994775102,10.7761361049,-0.912515459961,0.76920630323,10.1040507478
0.036652,1.18122076732,1.28066598449,10.8853536583,-0.866370670294,0.76920630323,10.149431623
0.038318,1.18122076732,1.28066598449,10.8853536583,-0.866370670294,0.76920630323,10.1040507478
0.039984,1.18122076732,1.20994775102,10.8853536583,-0.912515459961,0.76920630323,10.1040507478
0.04165,1.18122076732,1.28066598449,10.8853536583,-0.866370670294,0.76920630323,10.149431623
0.043316,1.14586165058,1.20994775102,10.8125419561,-0.866370670294,0.814587178465,10.1040507478
0.044982,1.14586165058,1.28066598449,10.8853536583,-0.866370670294,0.76920630323,10.1040507478
0.046648,1.18122076732,1.28066598449,10.8853536583,-0.866370670294,0.814587178465,10.1040507478
0.048314,1.28729811753,1.35138421797,10.8853536583,-0.866370670294,0.76920630323,10.1040507478
0.04998,1.18122076732,1.28066598449,10.8853536583,-0.912515459961,0.76920630323,10.1040507478
0.051646,1.14586165058,1.20994775102,10.8489478072,-0.866370670294,0.76920630323,10.1040507478
0.053312,1.14586165058,1.24530686776,10.8489478072,-0.866370670294,0.814587178465,10.149431623
0.054978,1.18122076732,1.28066598449,10.9217595095,-0.866370670294,0.76920630323,10.1040507478
0.056644,1.11050253385,1.31602510123,10.9922958461,-0.866370670294,0.76920630323,10.1040507478
0.05831,1.18122076732,1.28066598449,10.8853536583,-0.77408109096,0.905348928936,10.2401933735
0.059976,1.18122076732,1.28066598449,10.8853536583,-0.912515459961,0.76920630323,10.1040507478
0.061642,1.18122076732,1.20994775102,10.8489478072,-0.866370670294,0.76920630323,10.1040507478
0.063308,1.18122076732,1.28066598449,10.9217595095,-0.866370670294,0.76920630323,10.1040507478
0.064974,1.11050253385,1.20994775102,10.8125419561,-0.866370670294,0.76920630323,10.1040507478
0.06664,1.18122076732,1.28066598449,10.8853536583,-0.866370670294,0.814587178465,10.149431623
0.068306,1.18122076732,1.28066598449,10.8853536583,-0.912515459961,0.76920630323,10.1040507478
0.069972,1.18122076732,1.28066598449,10.8489478072,-0.866370670294,0.76920630323,10.1040507478
0.071638,1.18122076732,1.24530686776,10.8853536583,-0.866370670294,0.76920630323,10.1040507478
0.073304,1.11050253385,1.20994775102,10.7761361049,-0.912515459961,0.76920630323,10.1040507478
0.07497,1.18122076732,1.24530686776,10.8853536583,-0.866370670294,0.76920630323,10.1040507478
0.076636,1.18122076732,1.28066598449,10.8853536583,-0.866370670294,0.814587178465,10.149431623
0.078302,1.25193900079,1.31602510123,10.8853536583,-0.866370670294,0.814587178465,10.149431623
0.079968,1.18122076732,1.31602510123,10.8853536583,-0.912515459961,0.76920630323,10.1040507478
0.081634,1.11050253385,1.20994775102,10.8489478072,-0.866370670294,0.76920630323,10.149431623
0.0833,1.14586165058,1.31602510123,10.8853536583,-0.820225880627,0.859968053701,10.149431623
0.084966,1.18122076732,1.31602510123,10.8853536583,-0.866370670294,0.76920630323,10.1040507478
0.086632,1.28729811753,1.3867433347,10.9217595095,-0.866370670294,0.814587178465,10.1040507478
0.088298,1.18122076732,1.31602510123,10.8853536583,-0.866370670294,0.76920630323,10.1040507478
0.089964,1.14586165058,1.28066598449,10.8125419561,-0.866370670294,0.76920630323,10.1040507478
0.09163,1.18122076732,1.31602510123,10.8853536583,-0.866370670294,0.814587178465,10.149431623
0.093296,1.18122076732,1.28066598449,10.9217595095,-0.912515459961,0.76920630323,10.1040507478
0.094962,1.21657988406,1.35138421797,10.9922958461,-0.866370670294,0.76920630323,10.149431623
0.096628,1.18122076732,1.28066598449,10.8853536583,-0.912515459961,0.723825427995,10.1040507478
0.098294,1.14586165058,1.24530686776,10.8853536583,-0.866370670294,0.76920630323,10.149431623
0.09996,1.14586165058,1.24530686776,10.8853536583,-0.866370670294,0.76920630323,10.1040507478
0.101626,1.18122076732,1.28066598449,10.9217595095,-0.866370670294,0.76920630323,10.149431623
0.103292,1.14586165058,1.17458863428,10.8489478072,-0.820225880627,0.814587178465,10.1948124982
0.104958,1.18122076732,1.28066598449,10.8853536583,-0.866370670294,0.76920630323,10.1040507478
0.106624,1.18122076732,1.28066598449,10.9217595095,-0.866370670294,0.76920630323,10.149431623
0.10829,1.25193900079,1.31602510123,10.8853536583,-0.866370670294,0.76920630323,10.1040507478
0.109956,1.18122076732,1.28066598449,10.8853536583,-0.866370670294,0.814587178465,10.149431623
0.111622,1.14586165058,1.20994775102,10.8489478072,-0.912515459961,0.76920630323,10.1040507478
0.113288,1.18122076732,1.20994775102,10.8853536583,-0.866370670294,0.76920630323,10.1040507478
0.114954,1.18122076732,1.28066598449,10.8853536583,-0.77408109096,0.859968053701,10.2401933735
0.11662,1.14586165058,1.31602510123,10.9922958461,-0.866370670294,0.76920630323,10.149431623
0.118286,1.18122076732,1.24530686776,10.8853536583,-0.866370670294,0.76920630323,10.1040507478
0.119952,1.18122076732,1.24530686776,10.8853536583,-0.866370670294,0.723825427995,10.1040507478
0.121618,1.18122076732,1.24530686776,10.8853536583,-0.912515459961,0.76920630323,10.1040507478
0.123284,1.18122076732,1.28066598449,10.9217595095,-0.866370670294,0.76920630323,10.1040507478
0.12495,1.11050253385,1.20994775102,10.7761361049,-0.866370670294,0.723825427995,10.1040507478
0.126616,1.18122076732,1.24530686776,10.8853536583,-0.866370670294,0.76920630323,10.149431623
0.128282,1.18122076732,1.28066598449,10.8853536583,-0.866370670294,0.76920630323,10.1040507478
0.129948,1.18122076732,1.28066598449,10.8489478072,-0.77408109096,0.859968053701,10.1948124982
0.131614,1.21657988406,1.28066598449,10.8853536583,-0.866370670294,0.723825427995,10.1040507478
0.13328,1.11050253385,1.20994775102,10.8125419561,-0.912515459961,0.76920630323,10.1040507478
0.134946,1.18122076732,1.24530686776,10.8853536583,-0.866370670294,0.76920630323,10.149431623
0.136612,1.18122076732,1.28066598449,10.8853536583,-0.866370670294,0.76920630323,10.1040507478
0.138278,1.25193900079,1.31602510123,10.8853536583,-0.820225880627,0.814587178465,10.149431623
0.139944,1.18122076732,1.31602510123,10.8853536583,-0.866370670294,0.76920630323,10.1040507478
0.14161,1.14586165058,1.20994775102,10.8125419561,-0.866370670294,0.76920630323,10.149431623
0.143276,1.18122076732,1.28066598449,10.8853536583,-0.912515459961,0.76920630323,10.1040507478
0.144942,1.21657988406,1.24530686776,10.8853536583,-0.866370670294,0.76920630323,10.149431623
0.146608,1.21657988406,1.35138421797,10.9581653606,-0.866370670294,0.76920630323,10.1040507478
0.148274,1.18122076732,1.28066598449,10.9217595095,-0.866370670294,0.76920630323,10.1040507478
0.14994,1.18122076732,1.20994775102,10.8125419561,-0.866370670294,0.76920630323,10.1040507478
0.151606,1.18122076732,1.20994775102,10.8853536583,-0.912515459961,0.76920630323,10.1040507478
0.153272,1.18122076732,1.28066598449,10.8853536583,-0.866370670294,0.76920630323,10.149431623
0.154938,1.18122076732,1.31602510123,10.9922958461,-0.866370670294,0.814587178465,10.149431623
0.156604,1.21657988406,1.28066598449,10.8853536583,-0.820225880627,0.814587178465,10.149431623
0.15827,1.14586165058,1.24530686776,10.8489478072,-0.866370670294,0.76920630323,10.1040507478
0.159936,1.18122076732,1.28066598449,10.8489478072,-0.866370670294,0.814587178465,10.1040507478
0.161602,1.18122076732,1.28066598449,10.8853536583,-0.866370670294,0.76920630323,10.1040507478
0.163268,1.11050253385,1.20994775102,10.7761361049,-0.866370670294,0.814587178465,10.1040507478
0.164934,1.18122076732,1.28066598449,10.8853536583,-0.820225880627,0.814587178465,10.149431623
0.1666,1.14586165058,1.28066598449,10.8489478072,-0.820225880627,0.814587178465,10.1948124982
0.168266,1.18122076732,1.31602510123,10.8489478072,-0.866370670294,0.76920630323,10.1040507478
0.169932,1.18122076732,1.31602510123,10.8853536583,-0.866370670294,0.76920630323,10.1040507478
0.171598,1.11050253385,1.20994775102,10.8125419561,-0.866370670294,0.76920630323,10.1040507478
0.173264,1.18122076732,1.24530686776,10.8853536583,-0.866370670294,0.76920630323,10.1040507478
0.17493,1.18122076732,1.28066598449,10.8853536583,-0.820225880627,0.859968053701,10.149431623
0.176596,1.25193900079,1.31602510123,10.8853536583,-0.77408109096,0.859968053701,10.1948124982
0.178262,1.18122076732,1.28066598449,10.8853536583,-0.866370670294,0.76920630323,10.149431623
0.179928,1.14586165058,1.20994775102,10.8125419561,-0.866370670294,0.814587178465,10.149431623
0.181594,1.18122076732,1.28066598449,10.8853536583,-0.866370670294,0.76920630323,10.1040507478
0.18326,1.18122076732,1.28066598449,10.8853536583,-0.866370670294,0.76920630323,10.1040507478
0.184926,1.28729811753,1.31602510123,10.8853536583,-0.866370670294,0.76920630323,10.1040507478
0.186592,1.18122076732,1.28066598449,10.8853536583,-0.866370670294,0.76920630323,10.149431623
0.188258,1.18122076732,1.28066598449,10.8125419561,-0.866370670294,0.76920630323,10.1040507478
0.189924,1.14586165058,1.28066598449,10.8853536583,-0.820225880627,0.859968053701,10.149431623
0.19159,1.18122076732,1.28066598449,10.8853536583,-0.912515459961,0.76920630323,10.1040507478
0.193256,1.11050253385,1.28066598449,10.9922958461,-0.866370670294,0.76920630323,10.1040507478
0.194922,1.18122076732,1.28066598449,10.8853536583,-0.866370670294,0.814587178465,10.1040507478
0.196588,1.18122076732,1.24530686776,10.8853536583,-0.866370670294,0.76920630323,10.1040507478
0.198254,1.18122076732,1.28066598449,10.8489478072,-0.866370670294,0.76920630323,10.1040507478
0.19992,1.21657988406,1.28066598449,10.9217595095,-0.866370670294,0.76920630323,10.1040507478
0.201586,1.14586165058,1.20994775102,10.7761361049,-0.866370670294,0.723825427995,10.1040507478
0.203252,1.18122076732,1.28066598449,10.8853536583,-0.866370670294,0.723825427995,10.1040507478
0.204918,1.18122076732,1.28066598449,10.8853536583,-0.866370670294,0.76920630323,10.1040507478
0.206584,1.21657988406,1.28066598449,10.8853536583,-0.866370670294,0.723825427995,10.1040507478
0.20825,1.21657988406,1.28066598449,10.8853536583,-0.912515459961,0.76920630323,10.1040507478
0.209916,1.11050253385,1.20994775102,10.8125419561,-0.866370670294,0.814587178465,10.1040507478
0.211582,1.18122076732,1.28066598449,10.8853536583,-0.866370670294,0.76920630323,10.1040507478
0.213248,1.18122076732,1.28066598449,10.8853536583,-0.866370670294,0.76920630323,10.1040507478
0.214914,1.28729811753,1.35138421797,10.9217595095,-0.866370670294,0.76920630323,10.149431623
0.21658,1.18122076732,1.31602510123,10.8853536583,-0.866370670294,0.76920630323,10.1040507478
0.218246,1.18122076732,1.24530686776,10.8489478072,-0.866370670294,0.76920630323,10.1040507478
0.219912,1.14586165058,1.28066598449,10.8853536583,-0.866370670294,0.76920630323,10.1040507478
0.221578,1.18122076732,1.31602510123,10.8853536583,-0.77408109096,0.814587178465,10.1948124982
0.223244,1.14586165058,1.20994775102,10.9217595095,-0.866370670294,0.76920630323,10.149431623
0.22491,1.18122076732,1.28066598449,10.8853536583,-0.866370670294,0.76920630323,10.1040507478
0.226576,1.18122076732,1.28066598449,10.8853536583,-0.866370670294,0.76920630323,10.149431623
0.228242,1.21657988406,1.28066598449,10.8853536583,-0.866370670294,0.76920630323,10.1040507478
0.229908,1.18122076732,1.31602510123,10.9217595095,-0.866370670294,0.814587178465,10.1040507478
0.231574,1.11050253385,1.24530686776,10.8125419561,-0.820225880627,0.905348928936,10.1948124982
0.23324,1.18122076732,1.24530686776,10.8853536583,-0.866370670294,0.76920630323,10.1040507478
0.234906,1.18122076732,1.28066598449,10.8853536583,-0.866370670294,0.76920630323,10.1040507478
0.236572,1.21657988406,1.28066598449,10.8853536583,-0.866370670294,0.76920630323,10.1040507478
0.238238,1.18122076732,1.28066598449,10.8853536583,-0.866370670294,0.76920630323,10.1040507478
0.239904,1.14586165058,1.20994775102,10.7761361049,-0.866370670294,0.76920630323,10.149431623
0.24157,1.18122076732,1.28066598449,10.8853536583,-0.866370670294,0.76920630323,10.149431623
0.243236,1.18122076732,1.31602510123,10.8853536583,-0.866370670294,0.814587178465,10.149431623
0.244902,1.25193900079,1.3867433347,10.9922958461,-0.866370670294,0.814587178465,10.149431623
0.246568,1.18122076732,1.31602510123,10.8853536583,-0.866370670294,0.814587178465,10.149431623
0.248234,1.14586165058,1.28066598449,10.8853536583,-0.866370670294,0.76920630323,10.149431623
0.2499,1.18122076732,1.31602510123,10.8853536583,-0.866370670294,0.814587178465,10.1040507478
0.251566,1.18122076732,1.31602510123,10.9217595095,-0.866370670294,0.814587178465,10.149431623
0.253232,1.21657988406,1.35138421797,10.9922958461,-0.77408109096,0.905348928936,10.2401933735
0.254898,1.18122076732,1.31602510123,10.9217595095,-0.866370670294,0.76920630323,10.1040507478
0.256564,1.18122076732,1.20994775102,10.8853536583,-0.866370670294,0.814587178465,10.149431623
0.25823,1.18122076732,1.24530686776,10.8853536583,-0.866370670294,0.76920630323,10.1040507478
0.259896,1.21657988406,1.28066598449,10.8853536583,-0.866370670294,0.76920630323,10.149431623
0.261562,1.11050253385,1.17458863428,10.8125419561,-0.77408109096,0.905348928936,10.2401933735
0.263228,1.18122076732,1.28066598449,10.9217595095,-0.77408109096,0.905348928936,10.2401933735
0.264894,1.18122076732,1.28066598449,10.8853536583,-0.820225880627,0.859968053701,10.2401933735
0.26656,1.18122076732,1.20994775102,10.8853536583,-0.912515459961,0.76920630323,10.1040507478
0.268226,1.18122076732,1.28066598449,10.8853536583,-0.866370670294,0.76920630323,10.1040507478
0.269892,1.11050253385,1.20994775102,10.8125419561,-0.866370670294,0.814587178465,10.149431623
0.271558,1.18122076732,1.31602510123,10.8853536583,-0.866370670294,0.814587178465,10.149431623
0.273224,1.18122076732,1.24530686776,10.8853536583,-0.866370670294,0.76920630323,10.149431623
0.27489,1.18122076732,1.28066598449,10.8853536583,-0.866370670294,0.814587178465,10.1040507478
0.276556,1.18122076732,1.28066598449,10.9217595095,-0.866370670294,0.76920630323,10.149431623
0.278222,1.14586165058,1.20994775102,10.8125419561,-0.866370670294,0.723825427995,10.1040507478
0.279888,1.18122076732,1.28066598449,10.9217595095,-0.866370670294,0.76920630323,10.149431623
0.281554,1.18122076732,1.31602510123,10.9217595095,-0.866370670294,0.814587178465,10.149431623
0.28322,1.28729811753,1.31602510123,10.9217595095,-0.866370670294,0.814587178465,10.1040507478
0.284886,1.18122076732,1.31602510123,10.9217595095,-0.912515459961,0.76920630323,10.1040507478
0.286552,1.14586165058,1.24530686776,10.8489478072,-0.866370670294,0.814587178465,10.149431623
0.288218,1.18122076732,1.24530686776,10.8853536583,-0.866370670294,0.76920630323,10.1040507478
0.289884,1.18122076732,1.28066598449,10.8853536583,-0.866370670294,0.76920630323,10.1040507478
0.29155,1.14586165058,1.35138421797,11.0287016972,-0.866370670294,0.76920630323,10.1040507478
0.293216,1.18122076732,1.31602510123,10.9217595095,-0.866370670294,0.76920630323,10.149431623
0.294882,1.18122076732,1.20994775102,10.8853536583,-0.866370670294,0.814587178465,10.149431623
0.296548,1.18122076732,1.24530686776,10.8853536583,-0.866370670294,0.76920630323,10.1040507478
0.298214,1.18122076732,1.28066598449,10.8853536583,-0.866370670294,0.76920630323,10.149431623
0.29988,1.18122076732,1.35138421797,10.9922958461,-0.820225880627,0.814587178465,10.1948124982
0.301546,1.21657988406,1.24530686776,10.8853536583,-0.912515459961,0.76920630323,10.1040507478
0.303212,1.18122076732,1.28066598449,10.8853536583,-0.866370670294,0.76920630323,10.1040507478
0.304878,1.18122076732,1.24530686776,10.8853536583,-0.866370670294,0.814587178465,10.149431623
0.306544,1.18122076732,1.31602510123,10.8853536583,-0.77408109096,0.905348928936,10.2401933735
0.30821,1.07514341711,1.20994775102,10.8125419561,-0.77408109096,0.905348928936,10.2401933735
0.309876,1.18122076732,1.24530686776,10.8853536583,-0.77408109096,0.859968053701,10.1948124982
0.311542,1.18122076732,1.24530686776,10.8853536583,-0.77408109096,0.905348928936,10.1948124982
0.313208,1.21657988406,1.31602510123,10.8853536583,-0.866370670294,0.76920630323,10.1040507478
0.314874,1.18122076732,1.31602510123,10.8853536583,-0.866370670294,0.814587178465,10.1040507478
0.31654,1.14586165058,1.20994775102,10.7761361049,-0.866370670294,0.76920630323,10.1040507478
0.318206,1.18122076732,1.28066598449,10.8853536583,-0.866370670294,0.76920630323,10.149431623
0.319872,1.18122076732,1.28066598449,10.8853536583,-0.866370670294,0.76920630323,10.1040507478
0.321538,1.21657988406,1.31602510123,10.8853536583,-0.77408109096,0.905348928936,10.1948124982
0.323204,1.18122076732,1.24530686776,10.8853536583,-0.866370670294,0.76920630323,10.1040507478
0.32487,1.11050253385,1.20994775102,10.8125419561,-0.866370670294,0.76920630323,10.1040507478
0.326536,1.18122076732,1.28066598449,10.8853536583,-0.866370670294,0.76920630323,10.1040507478
0.328202,1.18122076732,1.31602510123,10.8853536583,-0.77408109096,0.859968053701,10.2401933735
0.329868,1.28729811753,1.3867433347,10.9581653606,-0.820225880627,0.814587178465,10.1948124982
0.331534,1.18122076732,1.28066598449,10.8853536583,-0.77408109096,0.814587178465,10.1948124982
0.3332,1.14586165058,1.20994775102,10.8489478072,-0.820225880627,0.814587178465,10.149431623
0.334866,1.14586165058,1.28066598449,10.8489478072,-0.866370670294,0.76920630323,10.1040507478
0.336532,1.18122076732,1.28066598449,10.8853536583,-0.866370670294,0.76920630323,10.1040507478
0.338198,1.11050253385,1.31602510123,10.9922958461,-0.866370670294,0.76920630323,10.1040507478
0.339864,1.21657988406,1.28066598449,10.9217595095,-0.866370670294,0.76920630323,10.1040507478
0.34153,1.18122076732,1.24530686776,10.8489478072,-0.866370670294,0.76920630323,10.1040507478
0.343196,1.18122076732,1.28066598449,10.8489478072,-0.866370670294,0.76920630323,10.1040507478
0.344862,1.18122076732,1.28066598449,10.8853536583,-0.866370670294,0.76920630323,10.149431623
0.346528,1.11050253385,1.20994775102,10.9217595095,-0.866370670294,0.76920630323,10.149431623
0.348194,1.18122076732,1.31602510123,10.8489478072,-0.866370670294,0.76920630323,10.1040507478
0.34986,1.18122076732,1.28066598449,10.8125419561,-0.866370670294,0.76920630323,10.1040507478
0.351526,1.18122076732,1.24530686776,10.8489478072,-0.866370670294,0.814587178465,10.1040507478
0.353192,1.18122076732,1.31602510123,10.8853536583,-0.866370670294,0.814587178465,10.1040507478
0.354858,1.14586165058,1.20994775102,10.8125419561,-0.820225880627,0.859968053701,10.1948124982
0.356524,1.18122076732,1.28066598449,10.8853536583,-0.866370670294,0.723825427995,10.1040507478
0.35819,1.18122076732,1.28066598449,10.8489478072,-0.912515459961,0.723825427995,10.1040507478
0.359856,1.28729811753,1.31602510123,10.8125419561,-0.866370670294,0.76920630323,10.1040507478
0.361522,1.18122076732,1.28066598449,10.8853536583,-0.866370670294,0.76920630323,10.149431623
0.363188,1.11050253385,1.20994775102,10.8125419561,-0.77408109096,0.905348928936,10.1948124982
0.364854,1.18122076732,1.28066598449,10.8853536583,-0.912515459961,0.723825427995,10.1040507478
0.36652,1.18122076732,1.28066598449,10.8853536583,-0.866370670294,0.76920630323,10.1040507478
0.368186,1.25193900079,1.35138421797,10.9217595095,-0.866370670294,0.76920630323,10.1040507478
0.369852,1.18122076732,1.28066598449,10.8853536583,-0.866370670294,0.76920630323,10.1040507478
0.371518,1.11050253385,1.24530686776,10.8125419561,-0.866370670294,0.76920630323,10.1040507478
0.373184,1.18122076732,1.20994775102,10.8853536583,-0.866370670294,0.76920630323,10.1040507478
0.37485,1.21657988406,1.28066598449,10.8853536583,-0.820225880627,0.76920630323,10.149431623
0.376516,1.28729811753,1.35138421797,10.9217595095,-0.866370670294,0.76920630323,10.149431623
0.378182,1.18122076732,1.28066598449,10.8853536583,-0.866370670294,0.76920630323,10.1040507478
0.379848,1.18122076732,1.20994775102,10.8489478072,-0.866370670294,0.76920630323,10.1040507478
0.381514,1.14586165058,1.24530686776,10.8853536583,-0.866370670294,0.76920630323,10.1040507478
0.38318,1.18122076732,1.31602510123,10.9217595095,-0.866370670294,0.76920630323,10.1040507478
0.384846,1.11050253385,1.35138421797,10.9922958461,-0.866370670294,0.76920630323,10.1040507478
0.386512,1.18122076732,1.28066598449,10.8853536583,-0.866370670294,0.76920630323,10.1040507478
0.388178,1.18122076732,1.28066598449,10.8489478072,-0.866370670294,0.76920630323,10.1040507478
0.389844,1.18122076732,1.24530686776,10.8489478072,-0.77408109096,0.859968053701,10.2401933735
0.39151,1.18122076732,1.28066598449,10.9217595095,-0.912515459961,0.723825427995,10.0586698725
0.393176,1.14586165058,1.24530686776,10.8125419561,-0.912515459961,0.723825427995,10.1040507478
0.394842,1.18122076732,1.28066598449,10.8853536583,-0.912515459961,0.76920630323,10.1040507478
0.396508,1.18122076732,1.28066598449,10.8853536583,-0.866370670294,0.76920630323,10.1040507478
0.398174,1.25193900079,1.28066598449,10.8853536583,-0.912515459961,0.76920630323,10.1040507478
0.39984,1.18122076732,1.28066598449,10.8853536583,-0.866370670294,0.723825427995,10.1040507478
0.401506,1.14586165058,1.20994775102,10.8489478072,-0.912515459961,0.723825427995,10.1040507478
0.403172,1.11050253385,1.28066598449,10.8853536583,-0.866370670294,0.76920630323,10.1040507478
0.404838,1.18122076732,1.31602510123,10.8853536583,-0.866370670294,0.76920630323,10.1040507478
0.406504,1.28729811753,1.3867433347,10.9217595095,-0.866370670294,0.76920630323,10.1040507478
0.40817,1.18122076732,1.31602510123,10.9217595095,-0.866370670294,0.76920630323,10.1040507478
0.409836,1.18122076732,1.28066598449,10.8489478072,-0.866370670294,0.76920630323,10.149431623
0.411502,1.18122076732,1.28066598449,10.8853536583,-0.866370670294,0.76920630323,10.149431623
0.413168,1.18122076732,1.28066598449,10.9217595095,-0.77408109096,0.859968053701,10.1948124982
0.414834,1.11050253385,1.17458863428,10.9217595095,-0.77408109096,0.859968053701,10.2401933735
0.4165,1.18122076732,1.24530686776,10.8853536583,-0.866370670294,0.76920630323,10.1040507478
0.418166,1.18122076732,1.24530686776,10.8853536583,-0.866370670294,0.76920630323,10.1040507478
0.419832,1.18122076732,1.28066598449,10.8489478072,-0.866370670294,0.76920630323,10.1040507478
0.421498,1.18122076732,1.28066598449,10.9217595095,-0.866370670294,0.76920630323,10.149431623
0.423164,1.14586165058,1.20994775102,10.7761361049,-0.866370670294,0.76920630323,10.149431623
0.42483,1.18122076732,1.24530686776,10.8853536583,-0.866370670294,0.76920630323,10.149431623
0.426496,1.18122076732,1.20994775102,10.8853536583,-0.866370670294,0.76920630323,10.1040507478
0.428162,1.25193900079,1.31602510123,10.8853536583,-0.866370670294,0.76920630323,10.149431623
0.429828,1.21657988406,1.28066598449,10.9217595095,-0.866370670294,0.76920630323,10.1040507478
0.431494,1.18122076732,1.28066598449,10.8489478072,-0.820225880627,0.814587178465,10.1948124982
0.43316,1.18122076732,1.28066598449,10.8853536583,-0.866370670294,0.76920630323,10.1040507478
0.434826,1.18122076732,1.28066598449,10.9217595095,-0.912515459961,0.723825427995,10.1040507478
0.436492,1.11050253385,1.28066598449,10.9922958461,-0.866370670294,0.76920630323,10.149431623
0.438158,1.18122076732,1.28066598449,10.8853536583,-0.866370670294,0.76920630323,10.149431623
0.439824,1.18122076732,1.20994775102,10.8489478072,-0.866370670294,0.76920630323,10.149431623
0.44149,1.18122076732,1.20994775102,10.8853536583,-0.866370670294,0.76920630323,10.1040507478
0.443156,1.18122076732,1.28066598449,10.8853536583,-0.866370670294,0.723825427995,10.1040507478
0.444822,1.14586165058,1.20994775102,10.9217595095,-0.912515459961,0.723825427995,10.1040507478
0.446488,1.18122076732,1.24530686776,10.8853536583,-0.912515459961,0.76920630323,10.1040507478
0.448154,1.18122076732,1.28066598449,10.8853536583,-0.866370670294,0.76920630323,10.149431623
0.44982,1.21657988406,1.24530686776,10.8489478072,-0.866370670294,0.76920630323,10.149431623
0.451486,1.18122076732,1.28066598449,10.8853536583,-0.866370670294,0.76920630323,10.1040507478
0.453152,1.14586165058,1.20994775102,10.8125419561,-0.866370670294,0.76920630323,10.1040507478
0.454818,1.14586165058,1.28066598449,10.8853536583,-0.820225880627,0.814587178465,10.149431623
0.456484,1.18122076732,1.28066598449,10.8853536583,-0.77408109096,0.859968053701,10.2401933735
0.45815,1.28729811753,1.35138421797,10.9217595095,-0.820225880627,0.814587178465,10.149431623
0.459816,1.18122076732,1.28066598449,10.9217595095,-0.866370670294,0.723825427995,10.1040507478
0.461482,1.18122076732,1.24530686776,10.8489478072,-0.866370670294,0.76920630323,10.1040507478
0.463148,1.14586165058,1.20994775102,10.8853536583,-0.866370670294,0.76920630323,10.1040507478
0.464814,1.18122076732,1.28066598449,10.8853536583,-0.866370670294,0.76920630323,10.1040507478
0.46648,1.14586165058,1.31602510123,10.9922958461,-0.866370670294,0.76920630323,10.1040507478
0.468146,1.18122076732,1.28066598449,10.8853536583,-0.866370670294,0.76920630323,10.1040507478
0.469812,1.18122076732,1.24530686776,10.8853536583,-0.866370670294,0.76920630323,10.149431623
0.471478,1.18122076732,1.20994775102,10.8489478072,-0.866370670294,0.814587178465,10.149431623
0.473144,1.18122076732,1.28066598449,10.9217595095,-0.866370670294,0.76920630323,10.149431623
0.47481,1.11050253385,1.20994775102,10.8489478072,-0.866370670294,0.76920630323,10.1040507478
0.476476,1.18122076732,1.28066598449,10.8853536583,-0.866370670294,0.76920630323,10.149431623
0.478142,1.18122076732,1.24530686776,10.8853536583,-0.866370670294,0.76920630323,10.1040507478
0.479808,1.21657988406,1.28066598449,10.8853536583,-0.866370670294,0.76920630323,10.1040507478
0.481474,1.18122076732,1.28066598449,10.9217595095,-0.866370670294,0.76920630323,10.1040507478
0.48314,1.14586165058,1.28066598449,10.8125419561,-0.77408109096,0.905348928936,10.1948124982
0.484806,1.18122076732,1.31602510123,10.8853536583,-0.866370670294,0.76920630323,10.1040507478
0.486472,1.18122076732,1.31602510123,10.8853536583,-0.866370670294,0.76920630323,10.1040507478
0.488138,1.32265723427,1.3867433347,10.8853536583,-0.866370670294,0.76920630323,10.1040507478
0.489804,1.18122076732,1.31602510123,10.8853536583,-0.866370670294,0.814587178465,10.1040507478
0.49147,1.11050253385,1.28066598449,10.8125419561,-0.912515459961,0.814587178465,10.1040507478
0.493136,1.14586165058,1.24530686776,10.8853536583,-0.866370670294,0.76920630323,10.1040507478
0.494802,1.18122076732,1.28066598449,10.8853536583,-0.866370670294,0.76920630323,10.149431623
0.496468,1.28729811753,1.31602510123,10.8853536583,-0.866370670294,0.76920630323,10.1040507478
0.498134,1.18122076732,1.28066598449,10.8853536583,-0.866370670294,0.814587178465,10.1040507478
0.4998,1.18122076732,1.28066598449,10.8125419561,-0.77408109096,0.905348928936,10.1948124982
0.501466,1.14586165058,1.24530686776,10.8853536583,-0.866370670294,0.76920630323,10.1040507478
0.503132,1.18122076732,1.31602510123,10.8853536583,-0.866370670294,0.76920630323,10.1040507478
0.504798,1.21657988406,1.3867433347,10.9922958461,-0.912515459961,0.723825427995,10.1040507478
0.506464,1.18122076732,1.28066598449,10.8853536583,-0.866370670294,0.76920630323,10.1040507478
0.50813,1.18122076732,1.28066598449,10.8489478072,-0.866370670294,0.76920630323,10.1040507478
0.509796,1.18122076732,1.28066598449,10.8489478072,-0.912515459961,0.723825427995,10.1040507478
0.511462,1.18122076732,1.28066598449,10.8853536583,-0.820225880627,0.814587178465,10.1948124982
0.513128,1.18122076732,1.35138421797,10.9581653606,-0.866370670294,0.76920630323,10.149431623
0.514794,1.18122076732,1.28066598449,10.8853536583,-0.866370670294,0.76920630323,10.1040507478
0.51646,1.14586165058,1.20994775102,10.8489478072,-0.866370670294,0.76920630323,10.1040507478
0.518126,1.18122076732,1.24530686776,10.8489478072,-0.912515459961,0.76920630323,10.1040507478
0.519792,1.18122076732,1.24530686776,10.8853536583,-0.866370670294,0.76920630323,10.1040507478
0.521458,1.07514341711,1.28066598449,10.9217595095,-0.820225880627,0.814587178465,10.149431623
0.523124,1.18122076732,1.28066598449,10.8853536583,-0.866370670294,0.76920630323,10.1040507478
0.52479,1.14586165058,1.28066598449,10.8125419561,-0.866370670294,0.76920630323,10.149431623
0.526456,1.18122076732,1.24530686776,10.8853536583,-0.866370670294,0.76920630323,10.1040507478
0.528122,1.18122076732,1.31602510123,10.8853536583,-0.820225880627,0.814587178465,10.149431623
0.529788,1.32265723427,1.3867433347,10.9217595095,-0.866370670294,0.76920630323,10.1040507478
0.531454,1.18122076732,1.28066598449,10.8853536583,-0.866370670294,0.723825427995,10.1040507478
0.53312,1.18122076732,1.20994775102,10.8489478072,-0.866370670294,0.76920630323,10.1040507478
0.534786,1.18122076732,1.31602510123,10.8853536583,-0.866370670294,0.814587178465,10.1040507478
0.536452,1.18122076732,1.28066598449,10.8853536583,-0.866370670294,0.76920630323,10.1040507478
0.538118,1.11050253385,1.35138421797,10.9922958461,-0.866370670294,0.76920630323,10.149431623
0.539784,1.21657988406,1.31602510123,10.9217595095,-0.866370670294,0.76920630323,10.149431623
0.54145,1.18122076732,1.24530686776,10.8489478072,-0.866370670294,0.76920630323,10.1040507478
0.543116,1.14586165058,1.28066598449,10.8853536583,-0.866370670294,0.76920630323,10.149431623
0.544782,1.18122076732,1.31602510123,10.9217595095,-0.77408109096,0.814587178465,10.1948124982
0.546448,1.11050253385,1.20994775102,10.8853536583,-0.866370670294,0.76920630323,10.149431623
0.548114,1.18122076732,1.28066598449,10.8853536583,-0.866370670294,0.76920630323,10.1040507478
0.54978,1.18122076732,1.28066598449,10.8853536583,-0.866370670294,0.76920630323,10.1040507478
0.551446,1.18122076732,1.24530686776,10.8489478072,-0.866370670294,0.76920630323,10.149431623
0.553112,1.18122076732,1.31602510123,10.8853536583,-0.77408109096,0.950729804172,10.2401933735
0.554778,1.11050253385,1.20994775102,10.8489478072,-0.866370670294,0.76920630323,10.1040507478
0.556444,1.18122076732,1.31602510123,10.8853536583,-0.866370670294,0.76920630323,10.1040507478
0.55811,1.18122076732,1.28066598449,10.8853536583,-0.77408109096,0.859968053701,10.1948124982
0.559776,1.21657988406,1.31602510123,10.8853536583,-0.866370670294,0.76920630323,10.149431623
0.561442,1.21657988406,1.28066598449,10.9217595095,-0.866370670294,0.76920630323,10.1040507478
0.563108,1.11050253385,1.28066598449,10.8125419561,-0.866370670294,0.76920630323,10.1040507478
0.564774,1.21657988406,1.31602510123,10.8853536583,-0.866370670294,0.814587178465,10.149431623
0.56644,1.18122076732,1.31602510123,10.8853536583,-0.866370670294,0.76920630323,10.149431623
0.568106,1.18122076732,1.28066598449,10.8853536583,-0.866370670294,0.76920630323,10.1040507478
0.569772,1.18122076732,1.31602510123,10.9217595095,-0.866370670294,0.814587178465,10.149431623
0.571438,1.11050253385,1.20994775102,10.8125419561,-0.77408109096,0.905348928936,10.2401933735
0.573104,1.14586165058,1.28066598449,10.9217595095,-0.866370670294,0.814587178465,10.1948124982
0.57477,1.18122076732,1.28066598449,10.8853536583,-0.866370670294,0.76920630323,10.149431623
0.576436,1.21657988406,1.28066598449,10.8853536583,-0.866370670294,0.76920630323,10.1040507478
0.578102,1.18122076732,1.31602510123,10.9217595095,-0.866370670294,0.76920630323,10.1040507478
0.579768,1.18122076732,1.24530686776,10.8489478072,-0.866370670294,0.76920630323,10.149431623
0.581434,1.14586165058,1.28066598449,10.8853536583,-0.866370670294,0.76920630323,10.149431623
0.5831,1.18122076732,1.28066598449,10.8853536583,-0.866370670294,0.76920630323,10.149431623
0.584766,1.28729811753,1.35138421797,10.9217595095,-0.866370670294,0.76920630323,10.149431623
0.586432,1.18122076732,1.28066598449,10.9217595095,-0.866370670294,0.76920630323,10.149431623
0.588098,1.11050253385,1.28066598449,10.8125419561,-0.866370670294,0.76920630323,10.149431623
0.589764,1.14586165058,1.31602510123,10.8853536583,-0.912515459961,0.76920630323,10.1040507478
0.59143,1.18122076732,1.31602510123,10.9217595095,-0.866370670294,0.76920630323,10.1040507478
0.593096,1.28729811753,1.35138421797,10.9581653606,-0.912515459961,0.723825427995,10.1040507478
0.594762,1.21657988406,1.31602510123,10.9217595095,-0.912515459961,0.76920630323,10.1040507478
0.596428,1.18122076732,1.28066598449,10.8853536583,-0.820225880627,0.905348928936,10.2401933735
0.598094,1.18122076732,1.24530686776,10.8853536583,-0.866370670294,0.76920630323,10.149431623
0.59976,1.18122076732,1.35138421797,10.9217595095,-0.866370670294,0.76920630323,10.149431623
0.601426,1.11050253385,1.28066598449,10.9922958461,-0.866370670294,0.76920630323,10.149431623
0.603092,1.18122076732,1.31602510123,10.8853536583,-0.866370670294,0.814587178465,10.149431623
0.604758,1.18122076732,1.28066598449,10.8489478072,-0.866370670294,0.76920630323,10.149431623
0.606424,1.18122076732,1.28066598449,10.8489478072,-0.866370670294,0.76920630323,10.149431623
0.60809,1.18122076732,1.31602510123,10.8853536583,-0.866370670294,0.76920630323,10.1040507478
0.609756,1.11050253385,1.24530686776,10.8125419561,-0.77408109096,0.859968053701,10.2401933735
0.611422,1.18122076732,1.28066598449,10.9217595095,-0.866370670294,0.76920630323,10.1040507478
0.613088,1.18122076732,1.28066598449,10.8853536583,-0.866370670294,0.76920630323,10.149431623
0.614754,1.25193900079,1.31602510123,10.8853536583,-0.866370670294,0.76920630323,10.149431623
0.61642,1.18122076732,1.31602510123,10.9217595095,-0.77408109096,0.859968053701,10.1948124982
0.618086,1.14586165058,1.20994775102,10.8125419561,-0.866370670294,0.76920630323,10.149431623
0.619752,1.18122076732,1.28066598449,10.8853536583,-0.912515459961,0.76920630323,10.1040507478
0.621418,1.18122076732,1.28066598449,10.8853536583,-0.866370670294,0.76920630323,10.1040507478
0.623084,1.28729811753,1.35138421797,10.9217595095,-0.866370670294,0.76920630323,10.149431623
0.62475,1.18122076732,1.31602510123,10.9217595095,-0.866370670294,0.76920630323,10.1040507478
0.626416,1.14586165058,1.20994775102,10.8489478072,-0.866370670294,0.76920630323,10.1040507478
0.628082,1.18122076732,1.28066598449,10.8853536583,-0.912515459961,0.76920630323,10.1040507478
0.629748,1.18122076732,1.28066598449,10.8853536583,-0.866370670294,0.76920630323,10.149431623
0.631414,1.21657988406,1.45746156818,10.9581653606,-0.866370670294,0.76920630323,10.149431623
0.63308,1.21657988406,1.28066598449,10.8853536583,-0.866370670294,0.76920630323,10.1040507478
0.634746,1.14586165058,1.28066598449,10.8489478072,-0.866370670294,0.76920630323,10.1040507478
0.636412,1.18122076732,1.24530686776,10.8853536583,-0.866370670294,0.76920630323,10.1040507478
0.638078,1.18122076732,1.31602510123,10.8853536583,-0.866370670294,0.76920630323,10.1040507478
0.639744,1.11050253385,1.24530686776,10.8125419561,-0.866370670294,0.76920630323,10.1040507478
0.64141,1.18122076732,1.28066598449,10.8853536583,-0.866370670294,0.76920630323,10.1040507478
0.643076,1.18122076732,1.31602510123,10.8853536583,-0.820225880627,0.859968053701,10.149431623
0.644742,1.21657988406,1.28066598449,10.8489478072,-0.866370670294,0.814587178465,10.149431623
0.646408,1.18122076732,1.35138421797,10.8853536583,-0.866370670294,0.814587178465,10.1040507478
0.648074,1.11050253385,1.24530686776,10.8125419561,-0.866370670294,0.814587178465,10.1040507478
0.64974,1.18122076732,1.31602510123,10.8853536583,-0.866370670294,0.76920630323,10.1040507478
0.651406,1.18122076732,1.31602510123,10.8853536583,-0.820225880627,0.859968053701,10.149431623
0.653072,1.21657988406,1.35138421797,10.9217595095,-0.866370670294,0.814587178465,10.149431623
0.654738,1.18122076732,1.31602510123,10.8853536583,-0.866370670294,0.76920630323,10.1040507478
0.656404,1.18122076732,1.24530686776,10.8489478072,-0.866370670294,0.76920630323,10.1040507478
0.65807,1.14586165058,1.24530686776,10.8125419561,-0.866370670294,0.76920630323,10.1040507478
0.659736,1.18122076732,1.31602510123,10.8853536583,-0.866370670294,0.76920630323,10.1040507478
0.661402,1.11050253385,1.35138421797,10.9922958461,-0.77408109096,0.859968053701,10.1948124982
0.663068,1.18122076732,1.28066598449,10.8853536583,-0.866370670294,0.76920630323,10.1040507478
0.664734,1.14586165058,1.28066598449,10.8125419561,-0.866370670294,0.76920630323,10.1040507478
0.6664,1.18122076732,1.20994775102,10.8853536583,-0.866370670294,0.76920630323,10.149431623
0.668066,1.18122076732,1.28066598449,10.8853536583,-0.820225880627,0.859968053701,10.1948124982
0.669732,1.11050253385,1.28066598449,10.9217595095,-0.912515459961,0.723825427995,10.1040507478
0.671398,1.14586165058,1.31602510123,10.8853536583,-0.866370670294,0.76920630323,10.149431623
0.673064,1.14586165058,1.20994775102,10.8125419561,-0.866370670294,0.76920630323,10.1040507478
0.67473,1.14586165058,1.28066598449,10.8125419561,-0.866370670294,0.76920630323,10.149431623
0.676396,1.18122076732,1.28066598449,10.8853536583,-0.866370670294,0.76920630323,10.1040507478
0.678062,1.11050253385,1.31602510123,10.9581653606,-0.866370670294,0.76920630323,10.1040507478
0.679728,1.18122076732,1.28066598449,10.8853536583,-0.866370670294,0.76920630323,10.1040507478
0.681394,1.18122076732,1.20994775102,10.8125419561,-0.820225880627,0.814587178465,10.149431623
0.68306,1.18122076732,1.20994775102,10.8489478072,-0.866370670294,0.76920630323,10.1040507478
0.684726,1.18122076732,1.31602510123,10.8853536583,-0.866370670294,0.76920630323,10.1040507478
0.686392,1.11050253385,1.20994775102,10.7761361049,-0.866370670294,0.76920630323,10.1040507478
0.688058,1.18122076732,1.28066598449,10.8853536583,-0.866370670294,0.76920630323,10.149431623
0.689724,1.18122076732,1.28066598449,10.8853536583,-0.866370670294,0.76920630323,10.1040507478
0.69139,1.28729811753,1.31602510123,10.8853536583,-0.820225880627,0.814587178465,10.149431623
0.693056,1.18122076732,1.28066598449,10.8853536583,-0.866370670294,0.76920630323,10.149431623
0.694722,1.14586165058,1.24530686776,10.8489478072,-0.866370670294,0.76920630323,10.1040507478
0.696388,1.14586165058,1.20994775102,10.8489478072,-0.866370670294,0.76920630323,10.1040507478
0.698054,1.21657988406,1.28066598449,10.8853536583,-0.866370670294,0.76920630323,10.1040507478
0.69972,1.11050253385,1.35138421797,10.9922958461,-0.77408109096,0.905348928936,10.2401933735
0.701386,1.21657988406,1.28066598449,10.8853536583,-0.866370670294,0.76920630323,10.1040507478
0.703052,1.14586165058,1.20994775102,10.8489478072,-0.866370670294,0.814587178465,10.149431623
0.704718,1.18122076732,1.24530686776,10.8853536583,-0.866370670294,0.76920630323,10.149431623
0.706384,1.18122076732,1.28066598449,10.8853536583,-0.866370670294,0.76920630323,10.149431623
0.70805,1.11050253385,1.17458863428,10.9217595095,-0.912515459961,0.76920630323,10.1040507478
0.709716,1.18122076732,1.28066598449,10.8853536583,-0.866370670294,0.76920630323,10.1040507478
0.711382,1.18122076732,1.24530686776,10.8853536583,-0.866370670294,0.76920630323,10.149431623
0.713048,1.14586165058,1.24530686776,10.8125419561,-0.866370670294,0.76920630323,10.149431623
0.714714,1.18122076732,1.20994775102,10.8853536583,-0.866370670294,0.76920630323,10.1040507478
0.71638,1.11050253385,1.17458863428,10.7761361049,-0.866370670294,0.76920630323,10.149431623
0.718046,1.18122076732,1.20994775102,10.8853536583,-0.866370670294,0.723825427995,10.1040507478
0.719712,1.18122076732,1.20994775102,10.8489478072,-0.866370670294,0.76920630323,10.1040507478
0.721378,1.18122076732,1.20994775102,10.8489478072,-0.866370670294,0.76920630323,10.1040507478
0.723044,1.21657988406,1.31602510123,10.9217595095,-0.820225880627,0.814587178465,10.149431623
0.72471,1.11050253385,1.24530686776,10.8125419561,-0.77408109096,0.905348928936,10.2401933735
0.726376,1.18122076732,1.31602510123,10.8853536583,-0.820225880627,0.814587178465,10.1948124982
0.728042,1.18122076732,1.28066598449,10.8853536583,-0.912515459961,0.76920630323,10.1040507478
0.729708,1.28729811753,1.42210245144,10.9217595095,-0.866370670294,0.814587178465,10.149431623
0.731374,1.18122076732,1.31602510123,10.8853536583,-0.866370670294,0.814587178465,10.149431623
0.73304,1.18122076732,1.20994775102,10.8489478072,-0.820225880627,0.814587178465,10.1948124982
0.734706,1.18122076732,1.20994775102,10.8853536583,-0.866370670294,0.723825427995,10.1040507478
0.736372,1.18122076732,1.24530686776,10.8853536583,-0.866370670294,0.76920630323,10.149431623
0.738038,1.11050253385,1.17458863428,10.8125419561,-0.866370670294,0.76920630323,10.149431623
0.739704,1.18122076732,1.24530686776,10.8853536583,-0.77408109096,0.859968053701,10.1948124982
0.74137,1.18122076732,1.20994775102,10.8489478072,-0.77408109096,0.905348928936,10.1948124982
0.743036,1.21657988406,1.24530686776,10.8853536583,-0.77408109096,0.859968053701,10.1948124982
0.744702,1.21657988406,1.20994775102,10.9217595095,-0.77408109096,0.859968053701,10.2401933735
0.746368,1.18122076732,1.20994775102,10.8125419561,-0.912515459961,0.723825427995,10.1040507478
0.748034,1.18122076732,1.20994775102,10.8853536583,-0.912515459961,0.723825427995,10.1040507478
0.7497,1.18122076732,1.28066598449,10.8853536583,-0.866370670294,0.76920630323,10.1040507478
0.751366,1.28729811753,1.35138421797,10.9217595095,-0.866370670294,0.76920630323,10.1040507478
0.753032,1.18122076732,1.28066598449,10.8853536583,-0.866370670294,0.76920630323,10.149431623
0.754698,1.11050253385,1.20994775102,10.8125419561,-0.866370670294,0.76920630323,10.1040507478
0.756364,1.18122076732,1.24530686776,10.8853536583,-0.866370670294,0.76920630323,10.149431623
0.75803,1.18122076732,1.28066598449,10.8853536583,-0.866370670294,0.76920630323,10.149431623
0.759696,1.28729811753,1.35138421797,10.9581653606,-0.866370670294,0.76920630323,10.1040507478
0.761362,1.18122076732,1.28066598449,10.8853536583,-0.866370670294,0.76920630323,10.1040507478
0.763028,1.18122076732,1.20994775102,10.8489478072,-0.866370670294,0.76920630323,10.1040507478
0.764694,1.18122076732,1.24530686776,10.8853536583,-0.866370670294,0.76920630323,10.1040507478
0.76636,1.18122076732,1.24530686776,10.8853536583,-0.866370670294,0.76920630323,10.1040507478
0.768026,1.11050253385,1.31602510123,10.9217595095,-0.866370670294,0.76920630323,10.1040507478
0.769692,1.18122076732,1.28066598449,10.8853536583,-0.866370670294,0.76920630323,10.1040507478
0.771358,1.18122076732,1.24530686776,10.8489478072,-0.866370670294,0.76920630323,10.149431623
0.773024,1.14586165058,1.20994775102,10.8489478072,-0.820225880627,0.814587178465,10.1948124982
0.77469,1.18122076732,1.28066598449,10.8853536583,-0.820225880627,0.814587178465,10.1948124982
0.776356,1.11050253385,1.24530686776,10.9922958461,-0.866370670294,0.76920630323,10.1040507478
0.778022,1.18122076732,1.28066598449,10.8853536583,-0.912515459961,0.76920630323,10.1040507478
0.779688,1.18122076732,1.20994775102,10.8489478072,-0.866370670294,0.76920630323,10.1040507478
0.781354,1.14586165058,1.20994775102,10.8125419561,-0.866370670294,0.723825427995,10.1040507478
0.78302,1.18122076732,1.28066598449,10.8853536583,-0.866370670294,0.76920630323,10.1040507478
0.784686,1.14586165058,1.24530686776,10.9217595095,-0.866370670294,0.76920630323,10.149431623
0.786352,1.18122076732,1.28066598449,10.9217595095,-0.866370670294,0.76920630323,10.149431623
0.788018,1.18122076732,1.20994775102,10.8489478072,-0.866370670294,0.76920630323,10.1040507478
0.789684,1.21657988406,1.28066598449,10.8853536583,-0.866370670294,0.76920630323,10.1040507478
0.79135,1.21657988406,1.31602510123,10.8853536583,-0.866370670294,0.76920630323,10.1040507478
0.793016,1.14586165058,1.20994775102,10.8125419561,-0.866370670294,0.76920630323,10.1040507478
0.794682,1.18122076732,1.28066598449,10.8853536583,-0.820225880627,0.859968053701,10.1948124982
0.796348,1.18122076732,1.28066598449,10.8853536583,-0.866370670294,0.76920630323,10.1040507478
0.798014,1.28729811753,1.35138421797,10.8853536583,-0.866370670294,0.76920630323,10.1040507478
0.79968,1.18122076732,1.28066598449,10.8853536583,-0.866370670294,0.76920630323,10.1040507478
0.801346,1.18122076732,1.24530686776,10.8125419561,-0.866370670294,0.76920630323,10.1040507478
0.803012,1.18122076732,1.28066598449,10.8489478072,-0.866370670294,0.814587178465,10.1040507478
0.804678,1.18122076732,1.31602510123,10.8853536583,-0.866370670294,0.814587178465,10.1040507478
0.806344,1.07514341711,1.20994775102,10.8125419561,-0.866370670294,0.814587178465,10.1040507478
0.80801,1.18122076732,1.31602510123,10.8853536583,-0.866370670294,0.723825427995,10.1040507478
0.809676,1.18122076732,1.31602510123,10.8489478072,-0.77408109096,0.905348928936,10.1948124982
0.811342,1.28729811753,1.35138421797,10.8853536583,-0.866370670294,0.814587178465,10.1040507478
0.813008,1.18122076732,1.28066598449,10.8853536583,-0.912515459961,0.76920630323,10.1040507478
0.814674,1.14586165058,1.17458863428,10.8125419561,-0.866370670294,0.76920630323,10.1040507478
0.81634,1.18122076732,1.28066598449,10.8489478072,-0.866370670294,0.814587178465,10.1040507478
0.818006,1.18122076732,1.28066598449,10.8853536583,-0.866370670294,0.76920630323,10.1040507478
0.819672,1.28729811753,1.35138421797,10.9217595095,-0.866370670294,0.76920630323,10.1040507478
0.821338,1.21657988406,1.28066598449,10.8853536583,-0.77408109096,0.905348928936,10.1948124982
0.823004,1.18122076732,1.31602510123,10.8125419561,-0.866370670294,0.76920630323,10.1040507478
0.82467,1.14586165058,1.24530686776,10.8489478072,-0.866370670294,0.76920630323,10.1040507478
0.826336,1.21657988406,1.28066598449,10.8853536583,-0.820225880627,0.859968053701,10.1948124982
0.828002,1.07514341711,1.31602510123,10.9922958461,-0.866370670294,0.76920630323,10.1040507478
0.829668,1.18122076732,1.28066598449,10.8853536583,-0.866370670294,0.76920630323,10.1040507478
0.831334,1.14586165058,1.28066598449,10.8125419561,-0.866370670294,0.76920630323,10.149431623
0.833,1.18122076732,1.24530686776,10.8853536583,-0.912515459961,0.76920630323,10.1040507478
0.834666,1.18122076732,1.28066598449,10.8853536583,-0.866370670294,0.76920630323,10.1040507478
0.836332,1.11050253385,1.20994775102,10.9217595095,-0.866370670294,0.76920630323,10.1040507478
0.837998,1.18122076732,1.28066598449,10.8853536583,-0.866370670294,0.76920630323,10.1040507478
0.839664,1.18122076732,1.31602510123,10.8853536583,-0.866370670294,0.814587178465,10.1040507478
0.84133,1.18122076732,1.28066598449,10.8853536583,-0.866370670294,0.76920630323,10.1040507478
0.842996,1.21657988406,1.28066598449,10.8853536583,-0.866370670294,0.76920630323,10.1040507478
0.844662,1.11050253385,1.24530686776,10.9217595095,-0.866370670294,0.76920630323,10.1040507478
0.846328,1.21657988406,1.28066598449,10.8853536583,-0.866370670294,0.814587178465,10.149431623
0.847994,1.18122076732,1.24530686776,10.8853536583,-0.866370670294,0.76920630323,10.1040507478
0.84966,1.18122076732,1.28066598449,10.8489478072,-0.820225880627,0.814587178465,10.149431623
0.851326,1.18122076732,1.28066598449,10.9217595095,-0.866370670294,0.76920630323,10.149431623
0.852992,1.11050253385,1.20994775102,10.7761361049,-0.820225880627,0.814587178465,10.149431623
0.854658,1.18122076732,1.20994775102,10.8853536583,-0.866370670294,0.76920630323,10.149431623
0.856324,1.18122076732,1.31602510123,10.8853536583,-0.866370670294,0.76920630323,10.149431623
0.85799,1.28729811753,1.31602510123,10.8853536583,-0.866370670294,0.76920630323,10.1040507478
0.859656,1.18122076732,1.28066598449,10.8853536583,-0.866370670294,0.76920630323,10.1040507478
0.861322,1.14586165058,1.20994775102,10.8125419561,-0.820225880627,0.814587178465,10.1948124982
0.862988,1.18122076732,1.28066598449,10.8853536583,-0.866370670294,0.76920630323,10.149431623
0.864654,1.18122076732,1.24530686776,10.8853536583,-0.912515459961,0.76920630323,10.149431623
0.86632,1.25193900079,1.35138421797,10.9217595095,-0.866370670294,0.814587178465,10.149431623
0.867986,1.18122076732,1.28066598449,10.9217595095,-0.866370670294,0.76920630323,10.149431623
0.869652,1.18122076732,1.24530686776,10.8853536583,-0.77408109096,0.859968053701,10.2401933735
0.871318,1.18122076732,1.28066598449,10.8853536583,-0.912515459961,0.723825427995,10.1040507478
0.872984,1.18122076732,1.28066598449,10.9217595095,-0.912515459961,0.723825427995,10.1040507478
0.87465,1.11050253385,1.20994775102,10.8853536583,-0.866370670294,0.76920630323,10.149431623
0.876316,1.18122076732,1.28066598449,10.8853536583,-0.866370670294,0.76920630323,10.149431623
0.877982,1.14586165058,1.28066598449,10.8853536583,-0.866370670294,0.814587178465,10.149431623
0.879648,1.18122076732,1.28066598449,10.8853536583,-0.866370670294,0.76920630323,10.149431623
0.881314,1.18122076732,1.28066598449,10.9217595095,-0.866370670294,0.76920630323,10.149431623
0.88298,1.14586165058,1.20994775102,10.8489478072,-0.77408109096,0.859968053701,10.1948124982
0.884646,1.18122076732,1.31602510123,10.9217595095,-0.866370670294,0.76920630323,10.149431623
0.886312,1.18122076732,1.31602510123,10.9217595095,-0.866370670294,0.814587178465,10.149431623
0.887978,1.21657988406,1.35138421797,10.9217595095,-0.866370670294,0.76920630323,10.149431623
0.889644,1.21657988406,1.31602510123,10.8853536583,-0.912515459961,0.76920630323,10.149431623
0.89131,1.14586165058,1.28066598449,10.8853536583,-0.866370670294,0.76920630323,10.149431623
0.892976,1.14586165058,1.28066598449,10.8853536583,-0.866370670294,0.76920630323,10.149431623
0.894642,1.21657988406,1.28066598449,10.8853536583,-0.866370670294,0.76920630323,10.149431623
0.896308,1.21657988406,1.3867433347,10.9922958461,-0.866370670294,0.76920630323,10.149431623
0.897974,1.21657988406,1.24530686776,10.9217595095,-0.866370670294,0.76920630323,10.1040507478
0.89964,1.14586165058,1.28066598449,10.8853536583,-0.866370670294,0.76920630323,10.149431623
0.901306,1.18122076732,1.20994775102,10.8853536583,-0.866370670294,0.76920630323,10.149431623
0.902972,1.21657988406,1.28066598449,10.8853536583,-0.866370670294,0.723825427995,10.1040507478
0.904638,1.11050253385,1.20994775102,10.9922958461,-0.866370670294,0.76920630323,10.149431623
0.906304,1.18122076732,1.28066598449,10.9217595095,-0.866370670294,0.814587178465,10.149431623
0.90797,1.18122076732,1.20994775102,10.8853536583,-0.866370670294,0.76920630323,10.149431623
0.909636,1.18122076732,1.24530686776,10.8853536583,-0.866370670294,0.76920630323,10.149431623
0.911302,1.18122076732,1.28066598449,10.9217595095,-0.866370670294,0.76920630323,10.149431623
0.912968,1.07514341711,1.20994775102,10.9922958461,-0.866370670294,0.76920630323,10.149431623
0.914634,1.18122076732,1.28066598449,10.9217595095,-0.866370670294,0.76920630323,10.149431623
0.9163,1.18122076732,1.24530686776,10.8853536583,-0.866370670294,0.76920630323,10.149431623
0.917966,1.18122076732,1.24530686776,10.8853536583,-0.866370670294,0.76920630323,10.1040507478
0.919632,1.21657988406,1.28066598449,10.9217595095,-0.866370670294,0.76920630323,10.1040507478
0.921298,1.11050253385,1.20994775102,10.8125419561,-0.866370670294,0.76920630323,10.1040507478
0.922964,1.18122076732,1.24530686776,10.8853536583,-0.866370670294,0.76920630323,10.149431623
0.92463,1.18122076732,1.24530686776,10.8853536583,-0.866370670294,0.76920630323,10.149431623
0.926296,1.25193900079,1.28066598449,10.8853536583,-0.866370670294,0.814587178465,10.149431623
0.927962,1.18122076732,1.28066598449,10.8853536583,-0.866370670294,0.723825427995,10.1040507478
0.929628,1.18122076732,1.20994775102,10.8125419561,-0.866370670294,0.76920630323,10.149431623
0.931294,1.14586165058,1.31602510123,10.8853536583,-0.866370670294,0.859968053701,10.149431623
0.93296,1.18122076732,1.28066598449,10.8853536583,-0.866370670294,0.76920630323,10.1040507478
0.934626,1.14586165058,1.35138421797,10.9581653606,-0.866370670294,0.76920630323,10.149431623
0.936292,1.18122076732,1.28066598449,10.8853536583,-0.820225880627,0.814587178465,10.149431623
0.937958,1.18122076732,1.28066598449,10.8489478072,-0.866370670294,0.76920630323,10.1040507478
0.939624,1.14586165058,1.28066598449,10.8489478072,-0.866370670294,0.76920630323,10.149431623
0.94129,1.18122076732,1.28066598449,10.8853536583,-0.866370670294,0.76920630323,10.1040507478
0.942956,1.11050253385,1.20994775102,10.8125419561,-0.77408109096,0.905348928936,10.1948124982
0.944622,1.18122076732,1.24530686776,10.8489478072,-0.866370670294,0.76920630323,10.1040507478
0.946288,1.18122076732,1.24530686776,10.8489478072,-0.866370670294,0.76920630323,10.1040507478
0.947954,1.18122076732,1.20994775102,10.8489478072,-0.77408109096,0.859968053701,10.1948124982
0.94962,1.18122076732,1.24530686776,10.8853536583,-0.866370670294,0.76920630323,10.1040507478
0.951286,1.11050253385,1.20994775102,10.7761361049,-0.77408109096,0.905348928936,10.1948124982
0.952952,1.18122076732,1.24530686776,10.8489478072,-0.866370670294,0.76920630323,10.1040507478
0.954618,1.18122076732,1.24530686776,10.8853536583,-0.820225880627,0.814587178465,10.1948124982
0.956284,1.25193900079,1.31602510123,10.8853536583,-0.866370670294,0.76920630323,10.1040507478
0.95795,1.18122076732,1.28066598449,10.8853536583,-0.820225880627,0.859968053701,10.149431623
0.959616,1.11050253385,1.20994775102,10.7761361049,-0.866370670294,0.76920630323,10.1040507478
0.961282,1.14586165058,1.20994775102,10.8489478072,-0.866370670294,0.76920630323,10.1040507478
0.962948,1.21657988406,1.28066598449,10.8489478072,-0.866370670294,0.76920630323,10.1040507478
0.964614,1.28729811753,1.35138421797,10.8853536583,-0.77408109096,0.905348928936,10.2401933735
0.96628,1.18122076732,1.31602510123,10.8853536583,-0.866370670294,0.76920630323,10.1040507478
0.967946,1.18122076732,1.28066598449,10.8125419561,-0.866370670294,0.76920630323,10.149431623
0.969612,1.18122076732,1.28066598449,10.8489478072,-0.77408109096,0.859968053701,10.149431623
0.971278,1.18122076732,1.31602510123,10.8853536583,-0.866370670294,0.76920630323,10.1040507478
0.972944,1.21657988406,1.3867433347,10.9217595095,-0.866370670294,0.76920630323,10.1040507478
0.97461,1.18122076732,1.24530686776,10.8489478072,-0.820225880627,0.814587178465,10.149431623
0.976276,1.14586165058,1.24530686776,10.8125419561,-0.866370670294,0.76920630323,10.1040507478
0.977942,1.18122076732,1.28066598449,10.8489478072,-0.866370670294,0.76920630323,10.1040507478
0.979608,1.18122076732,1.24530686776,10.8489478072,-0.866370670294,0.76920630323,10.1040507478
0.981274,1.11050253385,1.31602510123,10.9217595095,-0.866370670294,0.814587178465,10.1040507478
0.98294,1.18122076732,1.28066598449,10.8853536583,-0.866370670294,0.814587178465,10.149431623
0.984606,1.18122076732,1.20994775102,10.8125419561,-0.866370670294,0.76920630323,10.1040507478
0.986272,1.18122076732,1.24530686776,10.8125419561,-0.866370670294,0.76920630323,10.1040507478
0.987938,1.18122076732,1.28066598449,10.8853536583,-0.820225880627,0.814587178465,10.149431623
0.989604,1.11050253385,1.17458863428,10.9217595095,-0.866370670294,0.76920630323,10.1040507478
0.99127,1.18122076732,1.24530686776,10.8489478072,-0.866370670294,0.76920630323,10.1040507478
0.992936,1.18122076732,1.24530686776,10.8489478072,-0.820225880627,0.814587178465,10.149431623
0.994602,1.18122076732,1.24530686776,10.8125419561,-0.866370670294,0.76920630323,10.1040507478
0.996268,1.18122076732,1.28066598449,10.8853536583,-0.866370670294,0.76920630323,10.1040507478
0.997934,1.11050253385,1.20994775102,10.7761361049,-0.727936301293,0.905348928936,10.2401933735
0.9996,1.18122076732,1.24530686776,10.8853536583,-0.866370670294,0.76920630323,10.1040507478
1.001266,1.18122076732,1.20994775102,10.8489478072,-0.866370670294,0.76920630323,10.1040507478
1.002932,1.21657988406,1.28066598449,10.8853536583,-0.866370670294,0.76920630323,10.1040507478
1.004598,1.18122076732,1.28066598449,10.8853536583,-0.866370670294,0.76920630323,10.149431623
1.006264,1.14586165058,1.20994775102,10.8125419561,-0.866370670294,0.723825427995,10.1040507478
1.00793,1.18122076732,1.24530686776,10.8853536583,-0.77408109096,0.905348928936,10.2401933735
1.009596,1.18122076732,1.24530686776,10.8853536583,-0.866370670294,0.76920630323,10.1040507478
1.011262,1.21657988406,1.31602510123,10.9922958461,-0.866370670294,0.76920630323,10.1040507478
1.012928,1.18122076732,1.28066598449,10.8853536583,-0.866370670294,0.76920630323,10.1040507478
1.014594,1.14586165058,1.20994775102,10.8125419561,-0.866370670294,0.76920630323,10.1040507478
1.01626,1.18122076732,1.20994775102,10.8489478072,-0.866370670294,0.76920630323,10.149431623
1.017926,1.18122076732,1.24530686776,10.8853536583,-0.866370670294,0.814587178465,10.149431623
1.019592,1.18122076732,1.31602510123,10.9922958461,-0.866370670294,0.76920630323,10.1040507478
1.021258,1.18122076732,1.24530686776,10.8853536583,-0.866370670294,0.76920630323,10.1040507478
1.022924,1.14586165058,1.20994775102,10.8489478072,-0.912515459961,0.76920630323,10.1040507478
1.02459,1.18122076732,1.24530686776,10.8489478072,-0.866370670294,0.76920630323,10.149431623
1.026256,1.21657988406,1.28066598449,10.8853536583,-0.866370670294,0.76920630323,10.1040507478
1.027922,1.11050253385,1.20994775102,10.9581653606,-0.820225880627,0.859968053701,10.1948124982
1.029588,1.14586165058,1.24530686776,10.8853536583,-0.866370670294,0.723825427995,10.1040507478
1.031254,1.14586165058,1.28066598449,10.8853536583,-0.866370670294,0.76920630323,10.1040507478
1.03292,1.18122076732,1.24530686776,10.8853536583,-0.866370670294,0.814587178465,10.1040507478
1.034586,1.18122076732,1.24530686776,10.8853536583,-0.912515459961,0.76920630323,10.0586698725
1.036252,1.11050253385,1.20994775102,10.8125419561,-0.866370670294,0.76920630323,10.1040507478
1.037918,1.18122076732,1.20994775102,10.8853536583,-0.866370670294,0.76920630323,10.1040507478
1.039584,1.18122076732,1.28066598449,10.8853536583,-0.866370670294,0.76920630323,10.1040507478
1.04125,1.21657988406,1.35138421797,10.9922958461,-0.820225880627,0.76920630323,10.1040507478
1.042916,1.21657988406,1.28066598449,10.8853536583,-0.866370670294,0.76920630323,10.1040507478
1.044582,1.18122076732,1.24530686776,10.8853536583,-0.866370670294,0.76920630323,10.149431623
1.046248,1.18122076732,1.28066598449,10.8853536583,-0.866370670294,0.814587178465,10.149431623
1.047914,1.21657988406,1.28066598449,10.9217595095,-0.866370670294,0.76920630323,10.1040507478
1.04958,1.11050253385,1.35138421797,10.9922958461,-0.866370670294,0.76920630323,10.149431623
1.051246,1.18122076732,1.31602510123,10.9217595095,-0.820225880627,0.814587178465,10.149431623
1.052912,1.18122076732,1.28066598449,10.8489478072,-0.866370670294,0.814587178465,10.149431623
1.054578,1.14586165058,1.28066598449,10.8853536583,-0.866370670294,0.814587178465,10.149431623
1.056244,1.18122076732,1.24530686776,10.9217595095,-0.866370670294,0.76920630323,10.149431623
1.05791,1.11050253385,1.17458863428,10.8125419561,-0.866370670294,0.76920630323,10.149431623
1.059576,1.18122076732,1.20994775102,10.8853536583,-0.866370670294,0.76920630323,10.149431623
1.061242,1.18122076732,1.28066598449,10.8853536583,-0.866370670294,0.76920630323,10.149431623
1.062908,1.28729811753,1.28066598449,10.8853536583,-0.866370670294,0.76920630323,10.149431623
1.064574,1.18122076732,1.28066598449,10.9217595095,-0.866370670294,0.76920630323,10.149431623
1.06624,1.18122076732,1.20994775102,10.8853536583,-0.866370670294,0.76920630323,10.149431623
1.067906,1.11050253385,1.20994775102,10.8853536583,-0.866370670294,0.76920630323,10.149431623
1.069572,1.18122076732,1.28066598449,10.8853536583,-0.820225880627,0.859968053701,10.1948124982
1.071238,1.25193900079,1.31602510123,10.8853536583,-0.866370670294,0.814587178465,10.149431623
1.072904,1.18122076732,1.31602510123,10.8853536583,-0.866370670294,0.76920630323,10.149431623
1.07457,1.14586165058,1.24530686776,10.8489478072,-0.866370670294,0.76920630323,10.1040507478
1.076236,1.21657988406,1.28066598449,10.8853536583,-0.866370670294,0.76920630323,10.1040507478
1.077902,1.18122076732,1.28066598449,10.8853536583,-0.866370670294,0.76920630323,10.149431623
1.079568,1.25193900079,1.31602510123,10.8853536583,-0.77408109096,0.859968053701,10.2401933735
1.081234,1.18122076732,1.28066598449,10.8853536583,-0.866370670294,0.814587178465,10.149431623
1.0829,1.11050253385,1.24530686776,10.8125419561,-0.866370670294,0.76920630323,10.1040507478
1.084566,1.18122076732,1.20994775102,10.8853536583,-0.820225880627,0.814587178465,10.149431623
1.086232,1.18122076732,1.31602510123,10.8853536583,-0.866370670294,0.76920630323,10.149431623
1.087898,1.25193900079,1.3867433347,10.9922958461,-0.820225880627,0.859968053701,10.149431623
1.089564,1.18122076732,1.28066598449,10.8853536583,-0.866370670294,0.76920630323,10.149431623
1.09123,1.14586165058,1.24530686776,10.8125419561,-0.866370670294,0.76920630323,10.1040507478
1.092896,1.14586165058,1.28066598449,10.8853536583,-0.866370670294,0.723825427995,10.1040507478
1.094562,1.18122076732,1.28066598449,10.8853536583,-0.912515459961,0.76920630323,10.1040507478
1.096228,1.28729811753,1.35138421797,10.9217595095,-0.866370670294,0.76920630323,10.1040507478
1.097894,1.18122076732,1.31602510123,10.8853536583,-0.866370670294,0.76920630323,10.1040507478
1.09956,1.18122076732,1.20994775102,10.8489478072,-0.866370670294,0.814587178465,10.149431623
1.101226,1.14586165058,1.20994775102,10.8853536583,-0.866370670294,0.814587178465,10.149431623
1.102892,1.18122076732,1.28066598449,10.9217595095,-0.866370670294,0.723825427995,10.1040507478
1.104558,1.07514341711,1.31602510123,10.9581653606,-0.866370670294,0.76920630323,10.1040507478
1.106224,1.21657988406,1.28066598449,10.8853536583,-0.866370670294,0.76920630323,10.1040507478
1.10789,1.14586165058,1.20994775102,10.8125419561,-0.866370670294,0.814587178465,10.149431623
1.109556,1.18122076732,1.24530686776,10.8489478072,-0.866370670294,0.814587178465,10.1040507478
1.111222,1.18122076732,1.31602510123,10.8853536583,-0.77408109096,0.905348928936,10.1948124982
1.112888,1.11050253385,1.20994775102,10.8125419561,-0.912515459961,0.76920630323,10.1040507478
1.114554,1.18122076732,1.28066598449,10.8853536583,-0.866370670294,0.814587178465,10.1040507478
1.11622,1.14586165058,1.28066598449,10.8853536583,-0.866370670294,0.76920630323,10.1040507478
1.117886,1.21657988406,1.28066598449,10.8853536583,-0.912515459961,0.76920630323,10.1040507478
1.119552,1.21657988406,1.28066598449,10.8853536583,-0.866370670294,0.76920630323,10.1040507478
1.121218,1.11050253385,1.20994775102,10.8125419561,-0.866370670294,0.76920630323,10.1040507478
1.122884,1.18122076732,1.28066598449,10.8853536583,-0.866370670294,0.76920630323,10.1040507478
1.12455,1.18122076732,1.31602510123,10.8853536583,-0.866370670294,0.814587178465,10.1040507478
1.126216,1.25193900079,1.35138421797,10.8853536583,-0.866370670294,0.814587178465,10.1040507478
1.127882,1.18122076732,1.31602510123,10.8853536583,-0.77408109096,0.905348928936,10.1948124982
1.129548,1.18122076732,1.28066598449,10.8489478072,-0.912515459961,0.76920630323,10.1040507478
1.131214,1.14586165058,1.31602510123,10.8853536583,-0.866370670294,0.814587178465,10.1040507478
1.13288,1.18122076732,1.28066598449,10.8853536583,-0.866370670294,0.76920630323,10.1040507478
1.134546,1.14586165058,1.35138421797,10.9922958461,-0.866370670294,0.814587178465,10.1040507478
1.136212,1.18122076732,1.31602510123,10.8853536583,-0.866370670294,0.76920630323,10.1040507478
1.137878,1.18122076732,1.24530686776,10.8489478072,-0.866370670294,0.814587178465,10.1040507478
1.139544,1.18122076732,1.24530686776,10.8489478072,-0.77408109096,0.905348928936,10.1948124982
1.14121,1.21657988406,1.28066598449,10.8853536583,-0.820225880627,0.859968053701,10.149431623
1.142876,1.11050253385,1.35138421797,10.9217595095,-0.77408109096,0.905348928936,10.1948124982
1.144542,1.18122076732,1.28066598449,10.8853536583,-0.820225880627,0.859968053701,10.149431623
1.146208,1.18122076732,1.24530686776,10.8489478072,-0.866370670294,0.76920630323,10.149431623
1.147874,1.18122076732,1.24530686776,10.8853536583,-0.866370670294,0.76920630323,10.1040507478
1.14954,1.18122076732,1.28066598449,10.8853536583,-0.866370670294,0.76920630323,10.1040507478
1.151206,1.07514341711,1.31602510123,10.9922958461,-0.866370670294,0.814587178465,10.1040507478
1.152872,1.18122076732,1.31602510123,10.8853536583,-0.820225880627,0.814587178465,10.149431623
1.154538,1.18122076732,1.24530686776,10.8489478072,-0.866370670294,0.76920630323,10.1040507478
1.156204,1.14586165058,1.24530686776,10.8489478072,-0.866370670294,0.76920630323,10.149431623
1.15787,1.18122076732,1.28066598449,10.8853536583,-0.866370670294,0.76920630323,10.1040507478
1.159536,1.11050253385,1.28066598449,10.9581653606,-0.77408109096,0.905348928936,10.2401933735
1.161202,1.18122076732,1.24530686776,10.8853536583,-0.866370670294,0.76920630323,10.1040507478
1.162868,1.18122076732,1.28066598449,10.8489478072,-0.866370670294,0.76920630323,10.1040507478
1.164534,1.18122076732,1.28066598449,10.8853536583,-0.820225880627,0.859968053701,10.149431623
1.1662,1.18122076732,1.28066598449,10.9217595095,-0.912515459961,0.76920630323,10.1040507478
1.167866,1.11050253385,1.20994775102,10.8125419561,-0.866370670294,0.814587178465,10.1040507478
1.169532,1.18122076732,1.24530686776,10.8853536583,-0.77408109096,0.859968053701,10.2401933735
1.171198,1.18122076732,1.24530686776,10.8853536583,-0.866370670294,0.76920630323,10.149431623
1.172864,1.21657988406,1.28066598449,10.8853536583,-0.866370670294,0.76920630323,10.149431623
1.17453,1.18122076732,1.31602510123,10.8853536583,-0.866370670294,0.76920630323,10.1040507478
1.176196,1.11050253385,1.17458863428,10.8125419561,-0.77408109096,0.859968053701,10.2401933735
1.177862,1.18122076732,1.28066598449,10.8853536583,-0.866370670294,0.76920630323,10.1040507478
1.179528,1.18122076732,1.28066598449,10.8853536583,-0.866370670294,0.76920630323,10.149431623
1.181194,1.18122076732,1.35138421797,10.9922958461,-0.820225880627,0.814587178465,10.1948124982
1.18286,1.18122076732,1.28066598449,10.8853536583,-0.866370670294,0.76920630323,10.149431623
1.184526,1.14586165058,1.28066598449,10.8853536583,-0.866370670294,0.76920630323,10.1040507478
1.186192,1.18122076732,1.28066598449,10.8853536583,-0.77408109096,0.859968053701,10.1948124982
1.187858,1.18122076732,1.28066598449,10.9217595095,-0.866370670294,0.76920630323,10.1040507478
1.189524,1.11050253385,1.17458863428,10.9581653606,-0.866370670294,0.76920630323,10.149431623
1.19119,1.18122076732,1.24530686776,10.8853536583,-0.866370670294,0.76920630323,10.149431623
1.192856,1.18122076732,1.20994775102,10.8853536583,-0.912515459961,0.76920630323,10.1040507478
1.194522,1.21657988406,1.28066598449,10.8853536583,-0.866370670294,0.76920630323,10.149431623
1.196188,1.18122076732,1.28066598449,10.9217595095,-0.866370670294,0.76920630323,10.1040507478
1.197854,1.14586165058,1.20994775102,10.8125419561,-0.866370670294,0.76920630323,10.149431623
1.19952,1.18122076732,1.24530686776,10.8853536583,-0.866370670294,0.76920630323,10.149431623
1.201186,1.18122076732,1.28066598449,10.8853536583,-0.912515459961,0.723825427995,10.1040507478
1.202852,1.28729811753,1.35138421797,10.9217595095,-0.866370670294,0.76920630323,10.149431623
1.204518,1.18122076732,1.31602510123,10.9217595095,-0.866370670294,0.76920630323,10.149431623
1.206184,1.18122076732,1.28066598449,10.8489478072,-0.866370670294,0.76920630323,10.149431623
1.20785,1.14586165058,1.20994775102,10.8853536583,-0.912515459961,0.723825427995,10.149431623
1.209516,1.18122076732,1.31602510123,10.9217595095,-0.866370670294,0.76920630323,10.149431623
1.211182,1.11050253385,1.28066598449,10.9922958461,-0.866370670294,0.76920630323,10.149431623
1.212848,1.18122076732,1.28066598449,10.9217595095,-0.866370670294,0.76920630323,10.149431623
1.214514,1.18122076732,1.20994775102,10.8853536583,-0.866370670294,0.814587178465,10.149431623
1.21618,1.18122076732,1.24530686776,10.8853536583,-0.866370670294,0.76920630323,10.1040507478
1.217846,1.18122076732,1.28066598449,10.9217595095,-0.866370670294,0.76920630323,10.149431623
1.219512,1.14586165058,1.17458863428,10.8125419561,-0.912515459961,0.723825427995,10.1040507478
1.221178,1.18122076732,1.28066598449,10.8853536583,-0.866370670294,0.76920630323,10.1040507478
1.222844,1.18122076732,1.28066598449,10.8853536583,-0.912515459961,0.723825427995,10.1040507478
1.22451,1.21657988406,1.28066598449,10.8853536583,-0.866370670294,0.76920630323,10.149431623
1.226176,1.18122076732,1.31602510123,10.8853536583,-0.866370670294,0.76920630323,10.149431623
1.227842,1.11050253385,1.20994775102,10.8125419561,-0.866370670294,0.814587178465,10.149431623
1.229508,1.18122076732,1.28066598449,10.8853536583,-0.866370670294,0.76920630323,10.149431623
1.231174,1.18122076732,1.28066598449,10.8853536583,-0.866370670294,0.76920630323,10.1040507478
1.23284,1.21657988406,1.31602510123,10.8853536583,-0.866370670294,0.76920630323,10.149431623
1.234506,1.18122076732,1.28066598449,10.9217595095,-0.866370670294,0.76920630323,10.1040507478
1.236172,1.18122076732,1.20994775102,10.8489478072,-0.820225880627,0.859968053701,10.1948124982
1.237838,1.18122076732,1.28066598449,10.8853536583,-0.912515459961,0.723825427995,10.1040507478
1.239504,1.18122076732,1.24530686776,10.8853536583,-0.866370670294,0.76920630323,10.1040507478
1.24117,1.28729811753,1.35138421797,10.9217595095,-0.866370670294,0.76920630323,10.1040507478
1.242836,1.18122076732,1.31602510123,10.9217595095,-0.820225880627,0.814587178465,10.149431623
1.244502,1.18122076732,1.20994775102,10.8489478072,-0.866370670294,0.76920630323,10.1040507478
1.246168,1.14586165058,1.24530686776,10.8125419561,-0.866370670294,0.76920630323,10.1040507478
1.247834,1.18122076732,1.28066598449,10.8853536583,-0.866370670294,0.76920630323,10.1040507478
1.2495,1.11050253385,1.17458863428,10.9217595095,-0.77408109096,0.859968053701,10.1948124982
1.251166,1.18122076732,1.28066598449,10.8853536583,-0.912515459961,0.76920630323,10.1040507478
1.252832,1.14586165058,1.28066598449,10.8489478072,-0.912515459961,0.76920630323,10.1040507478
1.254498,1.18122076732,1.24530686776,10.8853536583,-0.77408109096,0.859968053701,10.1948124982
1.256164,1.18122076732,1.28066598449,10.9217595095,-0.866370670294,0.76920630323,10.1040507478
1.25783,1.11050253385,1.20994775102,10.8125419561,-0.866370670294,0.76920630323,10.1040507478
1.259496,1.18122076732,1.24530686776,10.8853536583,-0.912515459961,0.76920630323,10.149431623
1.261162,1.18122076732,1.31602510123,10.8853536583,-0.866370670294,0.76920630323,10.1040507478
1.262828,1.18122076732,1.24530686776,10.8489478072,-0.820225880627,0.814587178465,10.149431623
1.264494,1.18122076732,1.24530686776,10.8853536583,-0.866370670294,0.76920630323,10.1040507478
1.26616,1.14586165058,1.20994775102,10.8125419561,-0.912515459961,0.76920630323,10.1040507478
1.267826,1.18122076732,1.28066598449,10.8853536583,-0.912515459961,0.76920630323,10.1040507478
1.269492,1.18122076732,1.24530686776,10.8853536583,-0.866370670294,0.76920630323,10.1040507478
1.271158,1.28729811753,1.35138421797,10.8853536583,-0.866370670294,0.76920630323,10.1040507478
1.272824,1.18122076732,1.28066598449,10.8853536583,-0.866370670294,0.76920630323,10.1040507478
1.27449,1.18122076732,1.28066598449,10.8125419561,-0.866370670294,0.76920630323,10.1040507478
1.276156,1.14586165058,1.24530686776,10.8853536583,-0.866370670294,0.76920630323,10.1040507478
1.277822,1.18122076732,1.28066598449,10.8853536583,-0.866370670294,0.76920630323,10.149431623
1.279488,1.14586165058,1.35138421797,10.9922958461,-0.866370670294,0.76920630323,10.1040507478
1.281154,1.18122076732,1.28066598449,10.8853536583,-0.866370670294,0.76920630323,10.149431623
1.28282,1.14586165058,1.20994775102,10.8125419561,-0.912515459961,0.76920630323,10.1040507478
1.284486,1.14586165058,1.31602510123,10.8489478072,-0.866370670294,0.76920630323,10.149431623
1.286152,1.18122076732,1.31602510123,10.8853536583,-0.866370670294,0.814587178465,10.1040507478
1.287818,1.11050253385,1.31602510123,10.9922958461,-0.866370670294,0.76920630323,10.1040507478
1.289484,1.21657988406,1.31602510123,10.8853536583,-0.866370670294,0.76920630323,10.1040507478
1.29115,1.14586165058,1.28066598449,10.8125419561,-0.866370670294,0.76920630323,10.1040507478
1.292816,1.18122076732,1.20994775102,10.8853536583,-0.77408109096,0.859968053701,10.1948124982
1.294482,1.18122076732,1.28066598449,10.8853536583,-0.866370670294,0.76920630323,10.149431623
1.296148,1.11050253385,1.20994775102,10.9217595095,-0.866370670294,0.76920630323,10.1040507478
1.297814,1.18122076732,1.28066598449,10.8853536583,-0.866370670294,0.76920630323,10.1040507478
1.29948,1.18122076732,1.31602510123,10.8853536583,-0.866370670294,0.76920630323,10.1040507478
1.301146,1.18122076732,1.28066598449,10.8489478072,-0.77408109096,0.905348928936,10.1948124982
1.302812,1.18122076732,1.28066598449,10.8853536583,-0.866370670294,0.76920630323,10.1040507478
1.304478,1.11050253385,1.20994775102,10.8125419561,-0.866370670294,0.76920630323,10.1040507478
1.306144,1.18122076732,1.28066598449,10.8853536583,-0.866370670294,0.76920630323,10.1040507478
1.30781,1.18122076732,1.24530686776,10.8853536583,-0.866370670294,0.76920630323,10.1040507478
1.309476,1.18122076732,1.24530686776,10.8489478072,-0.866370670294,0.76920630323,10.1040507478
1.311142,1.18122076732,1.31602510123,10.8853536583,-0.866370670294,0.76920630323,10.1040507478
1.312808,1.11050253385,1.20994775102,10.8125419561,-0.866370670294,0.76920630323,10.1040507478
1.314474,1.18122076732,1.28066598449,10.8853536583,-0.866370670294,0.76920630323,10.1040507478
1.31614,1.18122076732,1.24530686776,10.8489478072,-0.866370670294,0.76920630323,10.1040507478
1.317806,1.21657988406,1.35138421797,10.9581653606,-0.866370670294,0.76920630323,10.1040507478
1.319472,1.18122076732,1.28066598449,10.8853536583,-0.866370670294,0.814587178465,10.149431623
1.321138,1.14586165058,1.20994775102,10.8125419561,-0.866370670294,0.76920630323,10.1040507478
1.322804,1.18122076732,1.24530686776,10.8489478072,-0.866370670294,0.814587178465,10.1040507478
1.32447,1.18122076732,1.28066598449,10.8853536583,-0.820225880627,0.814587178465,10.1948124982
1.326136,1.11050253385,1.17458863428,10.8489478072,-0.866370670294,0.76920630323,10.1040507478
1.327802,1.18122076732,1.28066598449,10.8489478072,-0.866370670294,0.76920630323,10.149431623
1.329468,1.18122076732,1.20994775102,10.8853536583,-0.866370670294,0.76920630323,10.1040507478
1.331134,1.18122076732,1.24530686776,10.8853536583,-0.866370670294,0.76920630323,10.1040507478
1.3328,1.18122076732,1.28066598449,10.8853536583,-0.866370670294,0.76920630323,10.1040507478
1.334466,1.11050253385,1.20994775102,10.7761361049,-0.866370670294,0.76920630323,10.1040507478
1.336132,1.18122076732,1.24530686776,10.8853536583,-0.912515459961,0.76920630323,10.1040507478
1.337798,1.18122076732,1.28066598449,10.8853536583,-0.866370670294,0.76920630323,10.1040507478
1.339464,1.28729811753,1.35138421797,10.8853536583,-0.866370670294,0.76920630323,10.1040507478
1.34113,1.18122076732,1.28066598449,10.8853536583,-0.820225880627,0.859968053701,10.1948124982
1.342796,1.14586165058,1.24530686776,10.8489478072,-0.912515459961,0.76920630323,10.1040507478
1.344462,1.18122076732,1.20994775102,10.8853536583,-0.866370670294,0.76920630323,10.1040507478
1.346128,1.18122076732,1.31602510123,10.8853536583,-0.866370670294,0.76920630323,10.1040507478
1.347794,1.28729811753,1.35138421797,10.9217595095,-0.866370670294,0.723825427995,10.1040507478
1.34946,1.18122076732,1.28066598449,10.8853536583,-0.77408109096,0.859968053701,10.1948124982
1.351126,1.14586165058,1.28066598449,10.8853536583,-0.866370670294,0.76920630323,10.149431623
1.352792,1.14586165058,1.28066598449,10.8853536583,-0.866370670294,0.76920630323,10.1040507478
1.354458,1.21657988406,1.24530686776,10.8853536583,-0.866370670294,0.76920630323,10.149431623
1.356124,1.07514341711,1.17458863428,10.9217595095,-0.820225880627,0.814587178465,10.1948124982
1.35779,1.18122076732,1.28066598449,10.8853536583,-0.820225880627,0.814587178465,10.149431623
1.359456,1.18122076732,1.24530686776,10.8853536583,-0.820225880627,0.814587178465,10.149431623
1.361122,1.21657988406,1.20994775102,10.8853536583,-0.866370670294,0.76920630323,10.149431623
1.362788,1.18122076732,1.28066598449,10.8853536583,-0.866370670294,0.76920630323,10.1040507478
1.364454,1.14586165058,1.28066598449,10.8489478072,-0.866370670294,0.814587178465,10.149431623
1.36612,1.18122076732,1.31602510123,10.8853536583,-0.820225880627,0.859968053701,10.1948124982
1.367786,1.18122076732,1.31602510123,10.8853536583,-0.820225880627,0.814587178465,10.1948124982
1.369452,1.07514341711,1.35138421797,11.0287016972,-0.820225880627,0.814587178465,10.1948124982
1.371118,1.18122076732,1.31602510123,10.8853536583,-0.866370670294,0.76920630323,10.1040507478
1.372784,1.18122076732,1.20994775102,10.8853536583,-0.866370670294,0.76920630323,10.1040507478
1.37445,1.14586165058,1.24530686776,10.8489478072,-0.866370670294,0.76920630323,10.149431623
1.376116,1.18122076732,1.24530686776,10.8853536583,-0.866370670294,0.76920630323,10.1040507478
1.377782,1.11050253385,1.20994775102,10.8125419561,-0.866370670294,0.76920630323,10.149431623
1.379448,1.18122076732,1.24530686776,10.8853536583,-0.77408109096,0.814587178465,10.2401933735
1.381114,1.18122076732,1.20994775102,10.8853536583,-0.866370670294,0.76920630323,10.149431623
1.38278,1.28729811753,1.35138421797,10.9217595095,-0.866370670294,0.76920630323,10.149431623
1.384446,1.18122076732,1.20994775102,10.9217595095,-0.866370670294,0.76920630323,10.149431623
1.386112,1.18122076732,1.20994775102,10.8125419561,-0.820225880627,0.814587178465,10.149431623
1.387778,1.18122076732,1.28066598449,10.8853536583,-0.866370670294,0.76920630323,10.1040507478
1.389444,1.14586165058,1.28066598449,10.8853536583,-0.866370670294,0.76920630323,10.149431623
1.39111,1.28729811753,1.3867433347,10.8853536583,-0.77408109096,0.859968053701,10.2401933735
1.392776,1.18122076732,1.31602510123,10.8853536583,-0.866370670294,0.76920630323,10.1040507478
1.394442,1.18122076732,1.20994775102,10.8489478072,-0.866370670294,0.76920630323,10.149431623
1.396108,1.14586165058,1.24530686776,10.8853536583,-0.77408109096,0.859968053701,10.1948124982
1.397774,1.18122076732,1.28066598449,10.8853536583,-0.866370670294,0.76920630323,10.149431623
1.39944,1.11050253385,1.28066598449,10.9922958461,-0.866370670294,0.76920630323,10.149431623
1.401106,1.18122076732,1.24530686776,10.8853536583,-0.77408109096,0.859968053701,10.2401933735
1.402772,1.18122076732,1.24530686776,10.8853536583,-0.866370670294,0.76920630323,10.1040507478
1.404438,1.14586165058,1.24530686776,10.8489478072,-0.866370670294,0.76920630323,10.1040507478
1.406104,1.18122076732,1.24530686776,10.8853536583,-0.866370670294,0.76920630323,10.149431623
1.40777,1.11050253385,1.28066598449,10.8125419561,-0.77408109096,0.859968053701,10.1948124982
1.409436,1.18122076732,1.24530686776,10.8853536583,-0.77408109096,0.859968053701,10.1948124982
1.411102,1.21657988406,1.24530686776,10.8853536583,-0.912515459961,0.723825427995,10.0586698725
1.412768,1.21657988406,1.31602510123,10.8489478072,-0.866370670294,0.76920630323,10.149431623
1.414434,1.18122076732,1.28066598449,10.8853536583,-0.866370670294,0.76920630323,10.1040507478
1.4161,1.11050253385,1.20994775102,10.8125419561,-0.866370670294,0.76920630323,10.1040507478
1.417766,1.18122076732,1.31602510123,10.8853536583,-0.866370670294,0.76920630323,10.1040507478
1.419432,1.18122076732,1.28066598449,10.8853536583,-0.866370670294,0.76920630323,10.1040507478
1.421098,1.28729811753,1.31602510123,10.8853536583,-0.866370670294,0.76920630323,10.1040507478
1.422764,1.18122076732,1.28066598449,10.8853536583,-0.866370670294,0.76920630323,10.1040507478
1.42443,1.14586165058,1.20994775102,10.8489478072,-0.866370670294,0.76920630323,10.1040507478
1.426096,1.18122076732,1.28066598449,10.8853536583,-0.866370670294,0.76920630323,10.1040507478
1.427762,1.18122076732,1.31602510123,10.8853536583,-0.866370670294,0.814587178465,10.1040507478
1.429428,1.21657988406,1.3867433347,10.9581653606,-0.912515459961,0.76920630323,10.1040507478
1.431094,1.21657988406,1.31602510123,10.9217595095,-0.866370670294,0.723825427995,10.1040507478
1.43276,1.18122076732,1.28066598449,10.8125419561,-0.866370670294,0.76920630323,10.1040507478
1.434426,1.14586165058,1.24530686776,10.8489478072,-0.866370670294,0.76920630323,10.1040507478
1.436092,1.18122076732,1.28066598449,10.8853536583,-0.866370670294,0.76920630323,10.1040507478
1.437758,1.18122076732,1.3867433347,11.0287016972,-0.866370670294,0.76920630323,10.1040507478
1.439424,1.14586165058,1.24530686776,10.8853536583,-0.866370670294,0.76920630323,10.1040507478
1.44109,1.11050253385,1.17458863428,10.8125419561,-0.866370670294,0.76920630323,10.149431623
1.442756,1.14586165058,1.24530686776,10.8489478072,-0.77408109096,0.859968053701,10.1948124982
1.444422,1.21657988406,1.31602510123,10.8853536583,-0.77408109096,0.905348928936,10.1948124982
1.446088,1.28729811753,1.42210245144,10.9217595095,-0.912515459961,0.76920630323,10.1040507478
1.447754,1.18122076732,1.31602510123,10.8853536583,-0.866370670294,0.814587178465,10.1040507478
1.44942,1.14586165058,1.28066598449,10.8853536583,-0.866370670294,0.76920630323,10.1040507478
1.451086,1.18122076732,1.31602510123,10.8853536583,-0.866370670294,0.814587178465,10.149431623
1.452752,1.18122076732,1.31602510123,10.8853536583,-0.912515459961,0.76920630323,10.1040507478
1.454418,1.07514341711,1.20994775102,10.9217595095,-0.912515459961,0.723825427995,10.1040507478
1.456084,1.18122076732,1.24530686776,10.8853536583,-0.866370670294,0.76920630323,10.1040507478
1.45775,1.18122076732,1.28066598449,10.8489478072,-0.866370670294,0.76920630323,10.1040507478
1.459416,1.14586165058,1.20994775102,10.8489478072,-0.912515459961,0.723825427995,10.1040507478
1.461082,1.18122076732,1.28066598449,10.8853536583,-0.866370670294,0.76920630323,10.1040507478
1.462748,1.11050253385,1.24530686776,10.9581653606,-0.866370670294,0.76920630323,10.1040507478
1.464414,1.18122076732,1.24530686776,10.8853536583,-0.77408109096,0.859968053701,10.1948124982
1.46608,1.18122076732,1.20994775102,10.8853536583,-0.912515459961,0.76920630323,10.1040507478
1.467746,1.14586165058,1.28066598449,10.8853536583,-0.866370670294,0.76920630323,10.149431623
1.469412,1.18122076732,1.28066598449,10.9217595095,-0.866370670294,0.76920630323,10.1040507478
1.471078,1.11050253385,1.20994775102,10.8125419561,-0.866370670294,0.76920630323,10.1040507478
1.472744,1.18122076732,1.28066598449,10.8853536583,-0.866370670294,0.814587178465,10.149431623
1.47441,1.18122076732,1.20994775102,10.8853536583,-0.866370670294,0.76920630323,10.149431623
1.476076,1.21657988406,1.28066598449,10.8853536583,-0.866370670294,0.76920630323,10.1040507478
1.477742,1.18122076732,1.28066598449,10.9217595095,-0.866370670294,0.76920630323,10.1040507478
1.479408,1.11050253385,1.17458863428,10.8125419561,-0.866370670294,0.76920630323,10.149431623
1.481074,1.18122076732,1.20994775102,10.8853536583,-0.866370670294,0.76920630323,10.1040507478
1.48274,1.18122076732,1.28066598449,10.8853536583,-0.866370670294,0.76920630323,10.1040507478
1.484406,1.25193900079,1.28066598449,10.8853536583,-0.866370670294,0.76920630323,10.149431623
1.486072,1.21657988406,1.28066598449,10.9217595095,-0.820225880627,0.814587178465,10.1948124982
1.487738,1.11050253385,1.24530686776,10.8489478072,-0.866370670294,0.76920630323,10.1040507478
1.489404,1.18122076732,1.24530686776,10.8853536583,-0.866370670294,0.76920630323,10.1040507478
1.49107,1.18122076732,1.24530686776,10.8853536583,-0.866370670294,0.76920630323,10.1040507478
1.492736,1.21657988406,1.3867433347,10.9922958461,-0.866370670294,0.76920630323,10.1040507478
1.494402,1.18122076732,1.28066598449,10.8853536583,-0.866370670294,0.76920630323,10.1040507478
1.496068,1.14586165058,1.20994775102,10.8489478072,-0.866370670294,0.76920630323,10.149431623
1.497734,1.14586165058,1.28066598449,10.8853536583,-0.866370670294,0.76920630323,10.149431623
1.4994,1.18122076732,1.28066598449,10.8853536583,-0.77408109096,0.859968053701,10.1948124982
1.501066,1.11050253385,1.17458863428,10.9581653606,-0.866370670294,0.76920630323,10.149431623
1.502732,1.18122076732,1.28066598449,10.9217595095,-0.820225880627,0.76920630323,10.1948124982
1.504398,1.18122076732,1.24530686776,10.8853536583,-0.866370670294,0.76920630323,10.149431623
1.506064,1.21657988406,1.24530686776,10.8853536583,-0.866370670294,0.76920630323,10.149431623
1.50773,1.18122076732,1.28066598449,10.9217595095,-0.866370670294,0.76920630323,10.149431623
1.509396,1.11050253385,1.20994775102,10.8125419561,-0.866370670294,0.76920630323,10.149431623
1.511062,1.18122076732,1.31602510123,10.8853536583,-0.866370670294,0.76920630323,10.149431623
1.512728,1.18122076732,1.28066598449,10.8853536583,-0.77408109096,0.859968053701,10.1948124982
1.514394,1.21657988406,1.28066598449,10.8853536583,-0.866370670294,0.76920630323,10.1040507478
1.51606,1.18122076732,1.28066598449,10.9217595095,-0.866370670294,0.76920630323,10.149431623
1.517726,1.11050253385,1.20994775102,10.8125419561,-0.866370670294,0.76920630323,10.149431623
1.519392,1.18122076732,1.24530686776,10.8853536583,-0.866370670294,0.76920630323,10.149431623
1.521058,1.18122076732,1.24530686776,10.8853536583,-0.866370670294,0.76920630323,10.149431623
1.522724,1.28729811753,1.31602510123,10.9217595095,-0.866370670294,0.76920630323,10.149431623
1.52439,1.21657988406,1.31602510123,10.8853536583,-0.866370670294,0.76920630323,10.1040507478
1.526056,1.18122076732,1.24530686776,10.8489478072,-0.820225880627,0.814587178465,10.149431623
1.527722,1.14586165058,1.31602510123,10.8853536583,-0.912515459961,0.76920630323,10.1040507478
1.529388,1.18122076732,1.31602510123,10.8853536583,-0.866370670294,0.814587178465,10.149431623
1.531054,1.21657988406,1.42210245144,10.9217595095,-0.820225880627,0.859968053701,10.1948124982
1.53272,1.18122076732,1.20994775102,10.9217595095,-0.866370670294,0.76920630323,10.1040507478
1.534386,1.18122076732,1.20994775102,10.8489478072,-0.820225880627,0.814587178465,10.149431623
1.536052,1.18122076732,1.20994775102,10.8853536583,-0.866370670294,0.76920630323,10.149431623
1.537718,1.18122076732,1.20994775102,10.9217595095,-0.77408109096,0.859968053701,10.1948124982
1.539384,1.11050253385,1.17458863428,10.9217595095,-0.866370670294,0.76920630323,10.149431623
1.54105,1.18122076732,1.24530686776,10.8853536583,-0.866370670294,0.76920630323,10.1040507478
1.542716,1.18122076732,1.24530686776,10.8853536583,-0.866370670294,0.76920630323,10.149431623
1.544382,1.25193900079,1.28066598449,10.8853536583,-0.912515459961,0.76920630323,10.1040507478
1.546048,1.18122076732,1.24530686776,10.9217595095,-0.866370670294,0.76920630323,10.149431623
1.547714,1.11050253385,1.20994775102,10.8125419561,-0.866370670294,0.723825427995,10.1040507478
1.54938,1.18122076732,1.28066598449,10.8853536583,-0.866370670294,0.76920630323,10.1040507478
1.551046,1.18122076732,1.31602510123,10.8853536583,-0.866370670294,0.76920630323,10.1040507478
1.552712,1.25193900079,1.24530686776,10.8853536583,-0.866370670294,0.76920630323,10.149431623
1.554378,1.18122076732,1.24530686776,10.8853536583,-0.77408109096,0.859968053701,10.2401933735
1.556044,1.11050253385,1.20994775102,10.8125419561,-0.866370670294,0.76920630323,10.1040507478
1.55771,1.14586165058,1.31602510123,10.8853536583,-0.866370670294,0.814587178465,10.1040507478
1.559376,1.18122076732,1.20994775102,10.8853536583,-0.866370670294,0.76920630323,10.1040507478
1.561042,1.21657988406,1.24530686776,10.8489478072,-0.912515459961,0.76920630323,10.1040507478
1.562708,1.18122076732,1.28066598449,10.8853536583,-0.912515459961,0.76920630323,10.1040507478
1.564374,1.14586165058,1.20994775102,10.8125419561,-0.866370670294,0.76920630323,10.1040507478
1.56604,1.14586165058,1.24530686776,10.8853536583,-0.866370670294,0.76920630323,10.1040507478
1.567706,1.18122076732,1.28066598449,10.8853536583,-0.866370670294,0.76920630323,10.1040507478
1.569372,1.25193900079,1.35138421797,10.9581653606,-0.866370670294,0.76920630323,10.1040507478
1.571038,1.18122076732,1.24530686776,10.8853536583,-0.866370670294,0.76920630323,10.1040507478
1.572704,1.11050253385,1.20994775102,10.8125419561,-0.866370670294,0.76920630323,10.1040507478
1.57437,1.18122076732,1.20994775102,10.8489478072,-0.866370670294,0.76920630323,10.1040507478
1.576036,1.18122076732,1.24530686776,10.8853536583,-0.866370670294,0.76920630323,10.1040507478
1.577702,1.11050253385,1.31602510123,10.9922958461,-0.866370670294,0.76920630323,10.1040507478
1.579368,1.18122076732,1.31602510123,10.8853536583,-0.866370670294,0.76920630323,10.1040507478
1.581034,1.18122076732,1.24530686776,10.8853536583,-0.866370670294,0.76920630323,10.1040507478
1.5827,1.18122076732,1.20994775102,10.8489478072,-0.866370670294,0.76920630323,10.1040507478
1.584366,1.18122076732,1.28066598449,10.8853536583,-0.866370670294,0.76920630323,10.1040507478
1.586032,1.11050253385,1.13922951755,10.7761361049,-0.77408109096,0.905348928936,10.1948124982
1.587698,1.18122076732,1.28066598449,10.8853536583,-0.866370670294,0.76920630323,10.1040507478
1.589364,1.18122076732,1.20994775102,10.8489478072,-0.866370670294,0.76920630323,10.1040507478
1.59103,1.18122076732,1.31602510123,10.8125419561,-0.820225880627,0.76920630323,10.149431623
1.592696,1.18122076732,1.24530686776,10.8853536583,-0.866370670294,0.723825427995,10.1040507478
1.594362,1.11050253385,1.17458863428,10.8125419561,-0.866370670294,0.76920630323,10.1040507478
1.596028,1.18122076732,1.24530686776,10.8853536583,-0.866370670294,0.76920630323,10.1040507478
1.597694,1.18122076732,1.20994775102,10.8125419561,-0.77408109096,0.859968053701,10.1948124982
1.59936,1.18122076732,1.20994775102,10.8489478072,-0.912515459961,0.723825427995,10.0586698725
1.601026,1.18122076732,1.24530686776,10.8489478072,-0.866370670294,0.76920630323,10.1040507478
1.602692,1.07514341711,1.17458863428,10.8489478072,-0.866370670294,0.76920630323,10.1040507478
1.604358,1.18122076732,1.31602510123,10.8489478072,-0.866370670294,0.76920630323,10.1040507478
1.606024,1.18122076732,1.31602510123,10.8489478072,-0.866370670294,0.76920630323,10.1040507478
1.60769,1.18122076732,1.31602510123,10.8489478072,-0.866370670294,0.76920630323,10.1040507478
1.609356,1.18122076732,1.31602510123,10.8853536583,-0.77408109096,0.905348928936,10.1948124982
1.611022,1.14586165058,1.20994775102,10.7761361049,-0.866370670294,0.76920630323,10.1040507478
1.612688,1.18122076732,1.20994775102,10.8853536583,-0.866370670294,0.76920630323,10.1040507478
1.614354,1.18122076732,1.20994775102,10.8853536583,-0.866370670294,0.76920630323,10.1040507478
1.61602,1.21657988406,1.20994775102,10.8853536583,-0.866370670294,0.76920630323,10.0586698725
1.617686,1.18122076732,1.28066598449,10.8853536583,-0.866370670294,0.76920630323,10.1040507478
1.619352,1.14586165058,1.20994775102,10.8125419561,-0.820225880627,0.814587178465,10.149431623
1.621018,1.18122076732,1.20994775102,10.8489478072,-0.866370670294,0.76920630323,10.1040507478
1.622684,1.18122076732,1.24530686776,10.8853536583,-0.866370670294,0.76920630323,10.1040507478
1.62435,1.21657988406,1.31602510123,10.8853536583,-0.866370670294,0.723825427995,10.1040507478
1.626016,1.18122076732,1.24530686776,10.8853536583,-0.866370670294,0.76920630323,10.1040507478
1.627682,1.14586165058,1.20994775102,10.8125419561,-0.866370670294,0.76920630323,10.1040507478
1.629348,1.14586165058,1.20994775102,10.8853536583,-0.866370670294,0.76920630323,10.1040507478
1.631014,1.21657988406,1.31602510123,10.8853536583,-0.866370670294,0.76920630323,10.1040507478
1.63268,1.21657988406,1.35138421797,10.9217595095,-0.820225880627,0.76920630323,10.149431623
1.634346,1.18122076732,1.20994775102,10.9217595095,-0.866370670294,0.723825427995,10.1040507478
1.636012,1.14586165058,1.20994775102,10.8125419561,-0.866370670294,0.76920630323,10.1040507478
1.637678,1.18122076732,1.20994775102,10.8489478072,-0.866370670294,0.76920630323,10.1040507478
1.639344,1.18122076732,1.24530686776,10.8853536583,-0.866370670294,0.76920630323,10.1040507478
1.64101,1.11050253385,1.17458863428,10.8853536583,-0.77408109096,0.859968053701,10.1948124982
1.642676,1.14586165058,1.28066598449,10.8853536583,-0.866370670294,0.76920630323,10.1040507478
1.644342,1.18122076732,1.20994775102,10.8853536583,-0.77408109096,0.859968053701,10.2401933735
1.646008,1.18122076732,1.20994775102,10.8853536583,-0.866370670294,0.76920630323,10.1040507478
1.647674,1.18122076732,1.31602510123,10.8853536583,-0.866370670294,0.76920630323,10.1040507478
1.64934,1.11050253385,1.17458863428,10.8125419561,-0.912515459961,0.723825427995,10.1040507478
1.651006,1.18122076732,1.24530686776,10.8853536583,-0.866370670294,0.76920630323,10.149431623
1.652672,1.18122076732,1.20994775102,10.8853536583,-0.866370670294,0.76920630323,10.149431623
1.654338,1.28729811753,1.31602510123,10.8853536583,-0.77408109096,0.905348928936,10.2401933735
1.656004,1.18122076732,1.28066598449,10.9217595095,-0.866370670294,0.76920630323,10.1040507478
1.65767,1.14586165058,1.20994775102,10.8125419561,-0.866370670294,0.76920630323,10.149431623
1.659336,1.14586165058,1.20994775102,10.8853536583,-0.866370670294,0.76920630323,10.1040507478
1.661002,1.18122076732,1.20994775102,10.8853536583,-0.866370670294,0.76920630323,10.149431623
1.662668,1.28729811753,1.35138421797,10.9217595095,-0.866370670294,0.76920630323,10.1040507478
1.664334,1.18122076732,1.24530686776,10.9217595095,-0.866370670294,0.76920630323,10.149431623
1.666,1.14586165058,1.20994775102,10.8489478072,-0.866370670294,0.76920630323,10.1040507478
1.667666,1.18122076732,1.24530686776,10.8853536583,-0.866370670294,0.76920630323,10.149431623
1.669332,1.18122076732,1.28066598449,10.9217595095,-0.866370670294,0.76920630323,10.149431623
1.670998,1.11050253385,1.17458863428,10.9217595095,-0.866370670294,0.76920630323,10.1040507478
1.672664,1.18122076732,1.24530686776,10.8853536583,-0.866370670294,0.76920630323,10.1040507478
1.67433,1.14586165058,1.20994775102,10.8853536583,-0.820225880627,0.859968053701,10.1948124982
1.675996,1.18122076732,1.24530686776,10.8853536583,-0.820225880627,0.814587178465,10.1948124982
1.677662,1.18122076732,1.28066598449,10.9217595095,-0.77408109096,0.814587178465,10.2401933735
1.679328,1.11050253385,1.20994775102,10.8125419561,-0.912515459961,0.76920630323,10.1040507478
1.680994,1.18122076732,1.24530686776,10.8853536583,-0.866370670294,0.76920630323,10.149431623
1.68266,1.18122076732,1.24530686776,10.8853536583,-0.866370670294,0.76920630323,10.149431623
1.684326,1.21657988406,1.31602510123,10.8853536583,-0.866370670294,0.814587178465,10.1948124982
1.685992,1.18122076732,1.31602510123,10.8853536583,-0.866370670294,0.76920630323,10.1040507478
1.687658,1.11050253385,1.24530686776,10.8125419561,-0.866370670294,0.76920630323,10.149431623
1.689324,1.18122076732,1.31602510123,10.8853536583,-0.77408109096,0.859968053701,10.2401933735
1.69099,1.18122076732,1.31602510123,10.9217595095,-0.866370670294,0.76920630323,10.149431623
1.692656,1.28729811753,1.35138421797,10.9581653606,-0.866370670294,0.76920630323,10.149431623
1.694322,1.21657988406,1.28066598449,10.8853536583,-0.866370670294,0.814587178465,10.149431623
1.695988,1.14586165058,1.20994775102,10.8125419561,-0.866370670294,0.76920630323,10.149431623
1.697654,1.14586165058,1.20994775102,10.8853536583,-0.866370670294,0.76920630323,10.149431623
1.69932,1.18122076732,1.28066598449,10.8853536583,-0.866370670294,0.814587178465,10.149431623
1.700986,1.11050253385,1.20994775102,10.8125419561,-0.866370670294,0.76920630323,10.1040507478
1.702652,1.14586165058,1.28066598449,10.8853536583,-0.866370670294,0.76920630323,10.1040507478
1.704318,1.18122076732,1.24530686776,10.8853536583,-0.866370670294,0.76920630323,10.1040507478
1.705984,1.18122076732,1.28066598449,10.8489478072,-0.820225880627,0.814587178465,10.149431623
1.70765,1.18122076732,1.28066598449,10.9217595095,-0.820225880627,0.814587178465,10.149431623
1.709316,1.14586165058,1.17458863428,10.7761361049,-0.77408109096,0.859968053701,10.2401933735
1.710982,1.18122076732,1.28066598449,10.8853536583,-0.866370670294,0.814587178465,10.149431623
1.712648,1.18122076732,1.24530686776,10.8853536583,-0.866370670294,0.723825427995,10.1040507478
1.714314,1.21657988406,1.31602510123,10.8853536583,-0.912515459961,0.723825427995,10.149431623
1.71598,1.18122076732,1.28066598449,10.9217595095,-0.866370670294,0.76920630323,10.149431623
1.717646,1.14586165058,1.20994775102,10.8125419561,-0.912515459961,0.76920630323,10.1040507478
1.719312,1.14586165058,1.24530686776,10.8489478072,-0.912515459961,0.723825427995,10.1040507478
1.720978,1.18122076732,1.28066598449,10.8853536583,-0.912515459961,0.76920630323,10.1040507478
1.722644,1.28729811753,1.31602510123,10.8853536583,-0.866370670294,0.76920630323,10.1040507478
1.72431,1.21657988406,1.28066598449,10.8489478072,-0.866370670294,0.76920630323,10.149431623
1.725976,1.11050253385,1.20994775102,10.8489478072,-0.866370670294,0.76920630323,10.1040507478
1.727642,1.18122076732,1.24530686776,10.8853536583,-0.866370670294,0.76920630323,10.1040507478
1.729308,1.21657988406,1.24530686776,10.8853536583,-0.866370670294,0.76920630323,10.149431623
1.730974,1.14586165058,1.35138421797,10.9922958461,-0.820225880627,0.859968053701,10.1948124982
1.73264,1.18122076732,1.24530686776,10.8853536583,-0.912515459961,0.723825427995,10.1040507478
1.734306,1.18122076732,1.20994775102,10.8489478072,-0.866370670294,0.76920630323,10.1040507478
1.735972,1.18122076732,1.20994775102,10.8489478072,-0.866370670294,0.814587178465,10.1040507478
1.737638,1.18122076732,1.28066598449,10.8853536583,-0.866370670294,0.76920630323,10.1040507478
1.739304,1.14586165058,1.20994775102,10.8125419561,-0.866370670294,0.814587178465,10.149431623
1.74097,1.18122076732,1.28066598449,10.8853536583,-0.912515459961,0.814587178465,10.1040507478
1.742636,1.18122076732,1.24530686776,10.8853536583,-0.866370670294,0.76920630323,10.1040507478
1.744302,1.25193900079,1.28066598449,10.8853536583,-0.912515459961,0.723825427995,10.1040507478
1.745968,1.18122076732,1.24530686776,10.8853536583,-0.912515459961,0.76920630323,10.1040507478
1.747634,1.11050253385,1.24530686776,10.8125419561,-0.866370670294,0.76920630323,10.1040507478
1.7493,1.18122076732,1.24530686776,10.8853536583,-0.866370670294,0.76920630323,10.1040507478
1.750966,1.18122076732,1.28066598449,10.8853536583,-0.820225880627,0.814587178465,10.1948124982
1.752632,1.11050253385,1.31602510123,10.9922958461,-0.866370670294,0.76920630323,10.1040507478
1.754298,1.18122076732,1.31602510123,10.8853536583,-0.866370670294,0.76920630323,10.149431623
1.755964,1.11050253385,1.20994775102,10.8489478072,-0.866370670294,0.814587178465,10.1040507478
1.75763,1.18122076732,1.24530686776,10.8853536583,-0.866370670294,0.76920630323,10.1040507478
1.759296,1.18122076732,1.28066598449,10.8853536583,-0.820225880627,0.814587178465,10.149431623
1.760962,1.18122076732,1.35138421797,10.9922958461,-0.866370670294,0.76920630323,10.1040507478
1.762628,1.18122076732,1.28066598449,10.8853536583,-0.912515459961,0.814587178465,10.149431623
1.764294,1.18122076732,1.28066598449,10.8489478072,-0.866370670294,0.814587178465,10.1040507478
1.76596,1.18122076732,1.31602510123,10.8489478072,-0.866370670294,0.814587178465,10.149431623
1.767626,1.18122076732,1.35138421797,10.9217595095,-0.912515459961,0.76920630323,10.1040507478
1.769292,1.11050253385,1.28066598449,10.8125419561,-0.866370670294,0.76920630323,10.1040507478
1.770958,1.18122076732,1.31602510123,10.8853536583,-0.866370670294,0.76920630323,10.1040507478
1.772624,1.18122076732,1.24530686776,10.8853536583,-0.866370670294,0.76920630323,10.1040507478
1.77429,1.25193900079,1.35138421797,10.8853536583,-0.912515459961,0.76920630323,10.1040507478
1.775956,1.18122076732,1.28066598449,10.8853536583,-0.866370670294,0.76920630323,10.1040507478
1.777622,1.11050253385,1.24530686776,10.8125419561,-0.866370670294,0.76920630323,10.1040507478
1.779288,1.18122076732,1.24530686776,10.8853536583,-0.866370670294,0.76920630323,10.149431623
1.780954,1.14586165058,1.24530686776,10.8489478072,-0.866370670294,0.76920630323,10.149431623
1.78262,1.18122076732,1.24530686776,10.8125419561,-0.866370670294,0.76920630323,10.149431623
1.784286,1.18122076732,1.28066598449,10.9217595095,-0.820225880627,0.859968053701,10.2401933735
1.785952,1.11050253385,1.20994775102,10.8125419561,-0.866370670294,0.76920630323,10.1040507478
1.787618,1.18122076732,1.28066598449,10.8853536583,-0.866370670294,0.76920630323,10.149431623
1.789284,1.18122076732,1.28066598449,10.8853536583,-0.866370670294,0.76920630323,10.1040507478
1.79095,1.28729811753,1.31602510123,10.8853536583,-0.866370670294,0.76920630323,10.1040507478
1.792616,1.18122076732,1.28066598449,10.8853536583,-0.866370670294,0.76920630323,10.1040507478
1.794282,1.18122076732,1.20994775102,10.8489478072,-0.866370670294,0.76920630323,10.149431623
1.795948,1.14586165058,1.24530686776,10.8489478072,-0.866370670294,0.76920630323,10.1040507478
1.797614,1.18122076732,1.28066598449,10.8853536583,-0.866370670294,0.76920630323,10.149431623
1.79928,1.28729811753,1.35138421797,10.9581653606,-0.77408109096,0.814587178465,10.1948124982
1.800946,1.18122076732,1.24530686776,10.8853536583,-0.820225880627,0.814587178465,10.1948124982
1.802612,1.14586165058,1.24530686776,10.8489478072,-0.866370670294,0.76920630323,10.1040507478
1.804278,1.14586165058,1.24530686776,10.8853536583,-0.866370670294,0.76920630323,10.1040507478
1.805944,1.18122076732,1.24530686776,10.8853536583,-0.866370670294,0.76920630323,10.149431623
1.80761,1.07514341711,1.28066598449,10.9922958461,-0.866370670294,0.76920630323,10.149431623
1.809276,1.18122076732,1.24530686776,10.8853536583,-0.866370670294,0.76920630323,10.149431623
1.810942,1.14586165058,1.24530686776,10.8489478072,-0.77408109096,0.859968053701,10.1948124982
1.812608,1.18122076732,1.28066598449,10.8853536583,-0.912515459961,0.723825427995,10.1040507478
1.814274,1.21657988406,1.24530686776,10.8853536583,-0.866370670294,0.76920630323,10.149431623
1.81594,1.11050253385,1.20994775102,10.8125419561,-0.866370670294,0.76920630323,10.1040507478
1.817606,1.18122076732,1.24530686776,10.8853536583,-0.912515459961,0.76920630323,10.1040507478
1.819272,1.18122076732,1.20994775102,10.8853536583,-0.866370670294,0.76920630323,10.149431623
1.820938,1.21657988406,1.35138421797,10.9581653606,-0.77408109096,0.859968053701,10.1948124982
1.822604,1.18122076732,1.28066598449,10.9217595095,-0.866370670294,0.76920630323,10.149431623
1.82427,1.18122076732,1.20994775102,10.8489478072,-0.866370670294,0.76920630323,10.149431623
1.825936,1.14586165058,1.20994775102,10.8489478072,-0.866370670294,0.76920630323,10.1040507478
1.827602,1.18122076732,1.31602510123,10.9217595095,-0.820225880627,0.814587178465,10.1948124982
1.829268,1.11050253385,1.17458863428,10.8125419561,-0.866370670294,0.76920630323,10.1948124982
1.830934,1.18122076732,1.24530686776,10.8853536583,-0.912515459961,0.76920630323,10.149431623
1.8326,1.18122076732,1.20994775102,10.8853536583,-0.912515459961,0.76920630323,10.1040507478
1.834266,1.21657988406,1.28066598449,10.8853536583,-0.866370670294,0.76920630323,10.1040507478
1.835932,1.18122076732,1.28066598449,10.9217595095,-0.866370670294,0.76920630323,10.1040507478
1.837598,1.18122076732,1.24530686776,10.8125419561,-0.866370670294,0.76920630323,10.1040507478
1.839264,1.14586165058,1.28066598449,10.8853536583,-0.912515459961,0.76920630323,10.1040507478
1.84093,1.18122076732,1.28066598449,10.8853536583,-0.866370670294,0.76920630323,10.1040507478
1.842596,1.25193900079,1.3867433347,10.9922958461,-0.912515459961,0.76920630323,10.1040507478
1.844262,1.18122076732,1.31602510123,10.9217595095,-0.820225880627,0.859968053701,10.1948124982
1.845928,1.14586165058,1.28066598449,10.8853536583,-0.866370670294,0.76920630323,10.149431623
1.847594,1.18122076732,1.28066598449,10.8853536583,-0.866370670294,0.76920630323,10.1040507478
1.84926,1.18122076732,1.24530686776,10.8853536583,-0.866370670294,0.723825427995,10.1040507478
1.850926,1.07514341711,1.20994775102,10.8853536583,-0.866370670294,0.76920630323,10.1040507478
1.852592,1.18122076732,1.31602510123,10.8853536583,-0.912515459961,0.76920630323,10.1040507478
1.854258,1.18122076732,1.28066598449,10.8853536583,-0.820225880627,0.859968053701,10.1948124982
1.855924,1.18122076732,1.31602510123,10.8489478072,-0.866370670294,0.76920630323,10.1040507478
1.85759,1.18122076732,1.31602510123,10.8853536583,-0.866370670294,0.814587178465,10.1040507478
1.859256,1.11050253385,1.24530686776,10.8125419561,-0.866370670294,0.76920630323,10.1040507478
1.860922,1.18122076732,1.31602510123,10.8853536583,-0.912515459961,0.76920630323,10.1040507478
1.862588,1.18122076732,1.31602510123,10.8853536583,-0.866370670294,0.814587178465,10.1040507478
1.864254,1.18122076732,1.28066598449,10.8489478072,-0.866370670294,0.814587178465,10.1040507478
1.86592,1.18122076732,1.31602510123,10.8853536583,-0.866370670294,0.76920630323,10.1040507478
1.867586,1.14586165058,1.20994775102,10.8125419561,-0.866370670294,0.814587178465,10.1040507478
1.869252,1.18122076732,1.20994775102,10.8853536583,-0.77408109096,0.814587178465,10.1948124982
1.870918,1.14586165058,1.20994775102,10.8489478072,-0.912515459961,0.76920630323,10.1040507478
1.872584,1.18122076732,1.24530686776,10.8853536583,-0.866370670294,0.723825427995,10.1040507478
1.87425,1.21657988406,1.31602510123,10.8853536583,-0.866370670294,0.814587178465,10.1040507478
1.875916,1.11050253385,1.24530686776,10.7761361049,-0.866370670294,0.76920630323,10.1040507478
1.877582,1.18122076732,1.28066598449,10.8853536583,-0.912515459961,0.814587178465,10.1040507478
1.879248,1.18122076732,1.31602510123,10.8489478072,-0.866370670294,0.76920630323,10.1040507478
1.880914,1.21657988406,1.24530686776,10.8853536583,-0.77408109096,0.905348928936,10.1948124982
1.88258,1.18122076732,1.31602510123,10.8853536583,-0.866370670294,0.814587178465,10.1040507478
1.884246,1.14586165058,1.28066598449,10.8125419561,-0.866370670294,0.814587178465,10.1040507478
1.885912,1.14586165058,1.31602510123,10.8853536583,-0.866370670294,0.76920630323,10.1040507478
1.887578,1.18122076732,1.31602510123,10.8853536583,-0.866370670294,0.814587178465,10.1040507478
1.889244,1.25193900079,1.3867433347,10.9217595095,-0.912515459961,0.76920630323,10.1040507478
1.89091,1.14586165058,1.31602510123,10.8853536583,-0.912515459961,0.723825427995,10.1040507478
1.892576,1.18122076732,1.17458863428,10.8489478072,-0.866370670294,0.723825427995,10.1040507478
1.894242,1.14586165058,1.28066598449,10.8489478072,-0.866370670294,0.76920630323,10.1040507478
1.895908,1.18122076732,1.28066598449,10.8853536583,-0.866370670294,0.723825427995,10.1040507478
1.897574,1.11050253385,1.31602510123,10.9922958461,-0.866370670294,0.814587178465,10.1040507478
1.89924,1.18122076732,1.31602510123,10.8853536583,-0.866370670294,0.76920630323,10.1040507478
1.900906,1.18122076732,1.31602510123,10.8489478072,-0.820225880627,0.76920630323,10.149431623
1.902572,1.18122076732,1.31602510123,10.8125419561,-0.866370670294,0.76920630323,10.1040507478
1.904238,1.18122076732,1.31602510123,10.8853536583,-0.866370670294,0.814587178465,10.1040507478
1.905904,1.11050253385,1.24530686776,10.7761361049,-0.866370670294,0.723825427995,10.1040507478
1.90757,1.18122076732,1.31602510123,10.8853536583,-0.866370670294,0.76920630323,10.149431623
1.909236,1.14586165058,1.28066598449,10.8489478072,-0.866370670294,0.76920630323,10.1040507478
1.910902,1.18122076732,1.28066598449,10.8489478072,-0.866370670294,0.76920630323,10.149431623
1.912568,1.18122076732,1.35138421797,10.8853536583,-0.866370670294,0.814587178465,10.149431623
1.914234,1.11050253385,1.24530686776,10.8125419561,-0.77408109096,0.905348928936,10.1948124982
1.9159,1.18122076732,1.31602510123,10.8853536583,-0.866370670294,0.76920630323,10.1040507478
1.917566,1.18122076732,1.31602510123,10.8853536583,-0.866370670294,0.814587178465,10.1040507478
1.919232,1.21657988406,1.31602510123,10.8489478072,-0.866370670294,0.76920630323,10.1040507478
1.920898,1.18122076732,1.31602510123,10.8853536583,-0.866370670294,0.814587178465,10.1040507478
1.922564,1.14586165058,1.24530686776,10.8125419561,-0.866370670294,0.76920630323,10.149431623
1.92423,1.14586165058,1.31602510123,10.8489478072,-0.820225880627,0.814587178465,10.149431623
1.925896,1.18122076732,1.31602510123,10.8853536583,-0.866370670294,0.76920630323,10.1040507478
1.927562,1.18122076732,1.31602510123,10.8125419561,-0.866370670294,0.814587178465,10.1040507478
1.929228,1.18122076732,1.31602510123,10.8853536583,-0.820225880627,0.859968053701,10.149431623
1.930894,1.11050253385,1.28066598449,10.8125419561,-0.866370670294,0.814587178465,10.149431623
1.93256,1.18122076732,1.31602510123,10.8853536583,-0.866370670294,0.76920630323,10.149431623
1.934226,1.18122076732,1.31602510123,10.8853536583,-0.866370670294,0.76920630323,10.1040507478
1.935892,1.21657988406,1.42210245144,10.9922958461,-0.866370670294,0.76920630323,10.149431623
1.937558,1.18122076732,1.31602510123,10.8853536583,-0.866370670294,0.814587178465,10.1040507478
1.939224,1.18122076732,1.28066598449,10.8489478072,-0.866370670294,0.76920630323,10.149431623
1.94089,1.18122076732,1.28066598449,10.8853536583,-0.866370670294,0.76920630323,10.1948124982
1.942556,1.18122076732,1.31602510123,10.9217595095,-0.912515459961,0.76920630323,10.1040507478
1.944222,1.11050253385,1.24530686776,10.8125419561,-0.866370670294,0.76920630323,10.149431623
1.945888,1.18122076732,1.31602510123,10.8853536583,-0.866370670294,0.814587178465,10.149431623
1.947554,1.18122076732,1.28066598449,10.8489478072,-0.866370670294,0.76920630323,10.1040507478
1.94922,1.18122076732,1.28066598449,10.8489478072,-0.866370670294,0.76920630323,10.1040507478
1.950886,1.18122076732,1.31602510123,10.9217595095,-0.866370670294,0.76920630323,10.1040507478
1.952552,1.07514341711,1.24530686776,10.9217595095,-0.866370670294,0.76920630323,10.149431623
1.954218,1.18122076732,1.28066598449,10.8853536583,-0.866370670294,0.76920630323,10.149431623
1.955884,1.18122076732,1.31602510123,10.8489478072,-0.866370670294,0.76920630323,10.149431623
1.95755,1.21657988406,1.28066598449,10.8853536583,-0.77408109096,0.905348928936,10.2401933735
1.959216,1.18122076732,1.31602510123,10.9217595095,-0.866370670294,0.814587178465,10.149431623
1.960882,1.14586165058,1.20994775102,10.8489478072,-0.866370670294,0.76920630323,10.149431623
1.962548,1.18122076732,1.28066598449,10.8853536583,-0.866370670294,0.76920630323,10.149431623
1.964214,1.18122076732,1.31602510123,10.8853536583,-0.866370670294,0.76920630323,10.1040507478
1.96588,1.11050253385,1.31602510123,10.9922958461,-0.866370670294,0.76920630323,10.149431623
1.967546,1.18122076732,1.28066598449,10.8853536583,-0.820225880627,0.859968053701,10.1948124982
1.969212,1.14586165058,1.28066598449,10.8489478072,-0.866370670294,0.76920630323,10.1040507478
1.970878,1.14586165058,1.28066598449,10.8489478072,-0.866370670294,0.76920630323,10.1040507478
1.972544,1.21657988406,1.31602510123,10.9217595095,-0.866370670294,0.76920630323,10.1040507478
1.97421,1.11050253385,1.24530686776,10.8489478072,-0.912515459961,0.76920630323,10.1040507478
1.975876,1.18122076732,1.28066598449,10.9217595095,-0.866370670294,0.76920630323,10.149431623
1.977542,1.18122076732,1.28066598449,10.8853536583,-0.866370670294,0.76920630323,10.149431623
1.979208,1.18122076732,1.35138421797,10.8853536583,-0.866370670294,0.76920630323,10.1040507478
1.980874,1.18122076732,1.28066598449,10.9217595095,-0.866370670294,0.814587178465,10.149431623
1.98254,1.11050253385,1.28066598449,10.8489478072,-0.866370670294,0.814587178465,10.149431623
1.984206,1.18122076732,1.31602510123,10.9217595095,-0.866370670294,0.76920630323,10.1040507478
1.985872,1.18122076732,1.28066598449,10.8853536583,-0.820225880627,0.814587178465,10.149431623
1.987538,1.25193900079,1.35138421797,10.8853536583,-0.77408109096,0.905348928936,10.2401933735
1.989204,1.18122076732,1.28066598449,10.9217595095,-0.912515459961,0.76920630323,10.1040507478
1.99087,1.14586165058,1.20994775102,10.8853536583,-0.866370670294,0.814587178465,10.149431623
1.992536,1.14586165058,1.31602510123,10.8853536583,-0.820225880627,0.859968053701,10.1948124982
1.994202,1.18122076732,1.31602510123,10.8853536583,-0.866370670294,0.814587178465,10.149431623
1.995868,1.28729811753,1.35138421797,10.9217595095,-0.866370670294,0.814587178465,10.1040507478
1.997534,1.21657988406,1.31602510123,10.8853536583,-0.866370670294,0.76920630323,10.149431623
1.9992,1.14586165058,1.28066598449,10.8489478072,-0.866370670294,0.76920630323,10.149431623
2.000866,1.14586165058,1.24530686776,10.8853536583,-0.866370670294,0.814587178465,10.149431623
2.002532,1.18122076732,1.31602510123,10.8853536583,-0.866370670294,0.76920630323,10.149431623
2.004198,1.11050253385,1.24530686776,10.9217595095,-0.77408109096,0.905348928936,10.2401933735
2.005864,1.18122076732,1.31602510123,10.9217595095,-0.866370670294,0.76920630323,10.1040507478
2.00753,1.18122076732,1.31602510123,10.8853536583,-0.866370670294,0.76920630323,10.1040507478
2.009196,1.21657988406,1.31602510123,10.8489478072,-0.866370670294,0.76920630323,10.1040507478
2.010862,1.18122076732,1.35138421797,10.9217595095,-0.866370670294,0.76920630323,10.149431623
2.012528,1.11050253385,1.28066598449,10.8125419561,-0.866370670294,0.814587178465,10.1040507478
2.014194,1.18122076732,1.31602510123,10.8853536583,-0.866370670294,0.76920630323,10.1040507478
2.01586,1.18122076732,1.28066598449,10.8853536583,-0.866370670294,0.814587178465,10.149431623
2.017526,1.18122076732,1.42210245144,10.9922958461,-0.866370670294,0.814587178465,10.1040507478
2.019192,1.18122076732,1.31602510123,10.8853536583,-0.866370670294,0.76920630323,10.149431623
2.020858,1.18122076732,1.20994775102,10.8489478072,-0.866370670294,0.76920630323,10.149431623
2.022524,1.14586165058,1.31602510123,10.8489478072,-0.866370670294,0.814587178465,10.1040507478
2.02419,1.18122076732,1.35138421797,10.8853536583,-0.866370670294,0.814587178465,10.1040507478
2.025856,1.11050253385,1.20994775102,10.9217595095,-0.866370670294,0.814587178465,10.149431623
2.027522,1.18122076732,1.31602510123,10.8853536583,-0.866370670294,0.814587178465,10.149431623
2.029188,1.18122076732,1.20994775102,10.8853536583,-0.866370670294,0.723825427995,10.149431623
2.030854,1.18122076732,1.28066598449,10.8489478072,-0.866370670294,0.76920630323,10.1040507478
2.03252,1.21657988406,1.28066598449,10.8853536583,-0.77408109096,0.814587178465,10.1948124982
2.034186,1.14586165058,1.20994775102,10.7761361049,-0.866370670294,0.76920630323,10.149431623
2.035852,1.18122076732,1.28066598449,10.8853536583,-0.866370670294,0.723825427995,10.149431623
2.037518,1.18122076732,1.24530686776,10.8489478072,-0.866370670294,0.76920630323,10.149431623
2.039184,1.28729811753,1.31602510123,10.8853536583,-0.820225880627,0.814587178465,10.149431623
2.04085,1.18122076732,1.24530686776,10.8853536583,-0.77408109096,0.859968053701,10.2401933735
2.042516,1.14586165058,1.20994775102,10.8125419561,-0.912515459961,0.723825427995,10.1040507478
2.044182,1.18122076732,1.28066598449,10.8853536583,-0.866370670294,0.76920630323,10.1040507478
2.045848,1.18122076732,1.24530686776,10.8853536583,-0.866370670294,0.814587178465,10.1040507478
2.047514,1.28729811753,1.3867433347,10.9581653606,-0.77408109096,0.859968053701,10.1948124982
2.04918,1.21657988406,1.31602510123,10.9217595095,-0.866370670294,0.76920630323,10.1040507478
2.050846,1.11050253385,1.20994775102,10.8853536583,-0.866370670294,0.76920630323,10.149431623
2.052512,1.14586165058,1.31602510123,10.8489478072,-0.866370670294,0.814587178465,10.1040507478
2.054178,1.18122076732,1.31602510123,10.8853536583,-0.77408109096,0.905348928936,10.2401933735
2.055844,1.11050253385,1.17458863428,10.7761361049,-0.912515459961,0.76920630323,10.1040507478
2.05751,1.18122076732,1.31602510123,10.8853536583,-0.866370670294,0.76920630323,10.1040507478
2.059176,1.18122076732,1.31602510123,10.8853536583,-0.866370670294,0.814587178465,10.1040507478
2.060842,1.21657988406,1.28066598449,10.8489478072,-0.77408109096,0.859968053701,10.1948124982
2.062508,1.18122076732,1.28066598449,10.8853536583,-0.820225880627,0.814587178465,10.1948124982
2.064174,1.14586165058,1.28066598449,10.8489478072,-0.820225880627,0.905348928936,10.1948124982
2.06584,1.11050253385,1.28066598449,10.8125419561,-0.866370670294,0.76920630323,10.1040507478
2.067506,1.18122076732,1.24530686776,10.8853536583,-0.866370670294,0.723825427995,10.1040507478
2.069172,1.11050253385,1.24530686776,10.9217595095,-0.912515459961,0.76920630323,10.1040507478
2.070838,1.18122076732,1.28066598449,10.8853536583,-0.866370670294,0.76920630323,10.1040507478
2.072504,1.18122076732,1.28066598449,10.8489478072,-0.866370670294,0.76920630323,10.1040507478
2.07417,1.18122076732,1.24530686776,10.8853536583,-0.866370670294,0.723825427995,10.1040507478
2.075836,1.18122076732,1.28066598449,10.8853536583,-0.77408109096,0.905348928936,10.2401933735
2.077502,1.11050253385,1.28066598449,10.8125419561,-0.866370670294,0.76920630323,10.1040507478
2.079168,1.14586165058,1.31602510123,10.8853536583,-0.912515459961,0.723825427995,10.1040507478
2.080834,1.18122076732,1.28066598449,10.8853536583,-0.866370670294,0.76920630323,10.1040507478
2.0825,1.32265723427,1.3867433347,10.9217595095,-0.866370670294,0.76920630323,10.1040507478
2.084166,1.18122076732,1.35138421797,10.8853536583,-0.866370670294,0.814587178465,10.1040507478
2.085832,1.18122076732,1.20994775102,10.8125419561,-0.866370670294,0.814587178465,10.149431623
2.087498,1.14586165058,1.28066598449,10.8853536583,-0.866370670294,0.76920630323,10.149431623
2.089164,1.18122076732,1.31602510123,10.8853536583,-0.866370670294,0.814587178465,10.149431623
2.09083,1.14586165058,1.20994775102,10.9581653606,-0.866370670294,0.76920630323,10.0586698725
2.092496,1.18122076732,1.31602510123,10.8853536583,-0.912515459961,0.76920630323,10.1040507478
2.094162,1.18122076732,1.28066598449,10.8489478072,-0.866370670294,0.814587178465,10.1040507478
2.095828,1.18122076732,1.20994775102,10.8125419561,-0.866370670294,0.76920630323,10.1040507478
2.097494,1.18122076732,1.31602510123,10.8853536583,-0.866370670294,0.814587178465,10.1040507478
2.09916,1.11050253385,1.20994775102,10.8853536583,-0.866370670294,0.76920630323,10.149431623
2.100826,1.14586165058,1.24530686776,10.8853536583,-0.866370670294,0.814587178465,10.1040507478
2.102492,1.18122076732,1.28066598449,10.8853536583,-0.77408109096,0.905348928936,10.1948124982
2.104158,1.21657988406,1.28066598449,10.8853536583,-0.866370670294,0.76920630323,10.1040507478
2.105824,1.18122076732,1.28066598449,10.8853536583,-0.866370670294,0.76920630323,10.1040507478
2.10749,1.18122076732,1.24530686776,10.8489478072,-0.866370670294,0.814587178465,10.149431623
2.109156,1.11050253385,1.20994775102,10.8853536583,-0.77408109096,0.859968053701,10.1948124982
2.110822,1.18122076732,1.28066598449,10.8853536583,-0.912515459961,0.723825427995,10.1040507478
2.112488,1.28729811753,1.35138421797,10.8853536583,-0.912515459961,0.76920630323,10.1040507478
2.114154,1.18122076732,1.31602510123,10.9217595095,-0.866370670294,0.76920630323,10.1040507478
2.11582,1.14586165058,1.20994775102,10.8125419561,-0.866370670294,0.723825427995,10.1040507478
2.117486,1.18122076732,1.31602510123,10.8853536583,-0.866370670294,0.76920630323,10.1040507478
2.119152,1.18122076732,1.31602510123,10.8489478072,-0.866370670294,0.76920630323,10.1040507478
2.120818,1.21657988406,1.28066598449,10.8853536583,-0.866370670294,0.76920630323,10.149431623
2.122484,1.21657988406,1.31602510123,10.8853536583,-0.912515459961,0.76920630323,10.1040507478
2.12415,1.11050253385,1.20994775102,10.7761361049,-0.77408109096,0.814587178465,10.2401933735
2.125816,1.14586165058,1.24530686776,10.8853536583,-0.866370670294,0.814587178465,10.149431623
2.127482,1.18122076732,1.31602510123,10.8853536583,-0.820225880627,0.814587178465,10.149431623
2.129148,1.32265723427,1.35138421797,10.8853536583,-0.77408109096,0.905348928936,10.2401933735
2.130814,1.18122076732,1.28066598449,10.8853536583,-0.820225880627,0.814587178465,10.149431623
2.13248,1.18122076732,1.28066598449,10.8853536583,-0.866370670294,0.76920630323,10.1040507478
2.134146,1.18122076732,1.24530686776,10.8853536583,-0.866370670294,0.723825427995,10.149431623
2.135812,1.18122076732,1.28066598449,10.8853536583,-0.866370670294,0.76920630323,10.149431623
2.137478,1.21657988406,1.31602510123,10.8853536583,-0.866370670294,0.76920630323,10.1040507478
2.139144,1.18122076732,1.31602510123,10.8853536583,-0.866370670294,0.76920630323,10.149431623
2.14081,1.14586165058,1.20994775102,10.8489478072,-0.866370670294,0.76920630323,10.1040507478
2.142476,1.18122076732,1.28066598449,10.8853536583,-0.866370670294,0.76920630323,10.149431623
2.144142,1.18122076732,1.31602510123,10.8853536583,-0.866370670294,0.76920630323,10.149431623
2.145808,1.25193900079,1.35138421797,10.9922958461,-0.866370670294,0.76920630323,10.149431623
2.147474,1.18122076732,1.31602510123,10.8853536583,-0.820225880627,0.814587178465,10.149431623
2.14914,1.18122076732,1.24530686776,10.8853536583,-0.866370670294,0.76920630323,10.149431623
2.150806,1.18122076732,1.28066598449,10.8489478072,-0.866370670294,0.76920630323,10.1040507478
2.152472,1.18122076732,1.28066598449,10.8853536583,-0.866370670294,0.76920630323,10.1040507478
2.154138,1.11050253385,1.24530686776,10.7761361049,-0.866370670294,0.76920630323,10.149431623
2.155804,1.18122076732,1.28066598449,10.8853536583,-0.77408109096,0.905348928936,10.2401933735
2.15747,1.18122076732,1.28066598449,10.8853536583,-0.866370670294,0.76920630323,10.1040507478
2.159136,1.18122076732,1.24530686776,10.8853536583,-0.866370670294,0.814587178465,10.149431623
2.160802,1.18122076732,1.31602510123,10.9217595095,-0.77408109096,0.905348928936,10.2401933735
2.162468,1.11050253385,1.28066598449,10.9581653606,-0.866370670294,0.814587178465,10.149431623
2.164134,1.18122076732,1.24530686776,10.8853536583,-0.866370670294,0.76920630323,10.149431623
2.1658,1.18122076732,1.31602510123,10.8853536583,-0.866370670294,0.76920630323,10.1040507478
2.167466,1.18122076732,1.28066598449,10.8853536583,-0.866370670294,0.76920630323,10.149431623
2.169132,1.21657988406,1.31602510123,10.8853536583,-0.866370670294,0.76920630323,10.149431623
2.170798,1.18122076732,1.20994775102,10.8125419561,-0.866370670294,0.76920630323,10.1040507478
2.172464,1.14586165058,1.31602510123,10.8853536583,-0.866370670294,0.814587178465,10.149431623
2.17413,1.18122076732,1.31602510123,10.8853536583,-0.866370670294,0.76920630323,10.149431623
2.175796,1.21657988406,1.31602510123,10.8853536583,-0.866370670294,0.76920630323,10.1040507478
2.177462,1.18122076732,1.31602510123,10.8853536583,-0.77408109096,0.905348928936,10.1948124982
2.179128,1.11050253385,1.20994775102,10.8125419561,-0.820225880627,0.814587178465,10.149431623
2.180794,1.14586165058,1.28066598449,10.8853536583,-0.77408109096,0.859968053701,10.1948124982
2.18246,1.18122076732,1.31602510123,10.8853536583,-0.866370670294,0.814587178465,10.149431623
2.184126,1.28729811753,1.31602510123,10.8853536583,-0.912515459961,0.723825427995,10.149431623
2.185792,1.18122076732,1.31602510123,10.8853536583,-0.866370670294,0.76920630323,10.1040507478
2.187458,1.14586165058,1.28066598449,10.8125419561,-0.866370670294,0.814587178465,10.149431623
2.189124,1.18122076732,1.28066598449,10.8125419561,-0.820225880627,0.814587178465,10.149431623
2.19079,1.18122076732,1.31602510123,10.8853536583,-0.866370670294,0.814587178465,10.149431623
2.192456,1.11050253385,1.20994775102,10.9217595095,-0.866370670294,0.76920630323,10.1040507478
2.194122,1.18122076732,1.28066598449,10.8853536583,-0.820225880627,0.814587178465,10.149431623
2.195788,1.18122076732,1.28066598449,10.8489478072,-0.866370670294,0.723825427995,10.1040507478
2.197454,1.18122076732,1.24530686776,10.8853536583,-0.866370670294,0.723825427995,10.1040507478
2.19912,1.18122076732,1.28066598449,10.8853536583,-0.866370670294,0.76920630323,10.149431623
2.200786,1.14586165058,1.20994775102,10.8125419561,-0.77408109096,0.905348928936,10.1948124982
2.202452,1.14586165058,1.31602510123,10.8853536583,-0.866370670294,0.723825427995,10.1040507478
2.204118,1.18122076732,1.31602510123,10.8853536583,-0.866370670294,0.76920630323,10.1040507478
2.205784,1.28729811753,1.35138421797,10.8853536583,-0.866370670294,0.723825427995,10.1040507478
2.20745,1.18122076732,1.28066598449,10.8853536583,-0.866370670294,0.76920630323,10.1040507478
2.209116,1.11050253385,1.28066598449,10.8125419561,-0.77408109096,0.859968053701,10.149431623
2.210782,1.14586165058,1.28066598449,10.8853536583,-0.866370670294,0.76920630323,10.1040507478
2.212448,1.18122076732,1.31602510123,10.8853536583,-0.866370670294,0.76920630323,10.1040507478
2.214114,1.07514341711,1.31602510123,10.9922958461,-0.866370670294,0.723825427995,10.1040507478
2.21578,1.18122076732,1.28066598449,10.8853536583,-0.912515459961,0.76920630323,10.1040507478
2.217446,1.18122076732,1.20994775102,10.8489478072,-0.866370670294,0.723825427995,10.149431623
2.219112,1.18122076732,1.24530686776,10.8489478072,-0.866370670294,0.76920630323,10.149431623
2.220778,1.18122076732,1.31602510123,10.8853536583,-0.866370670294,0.76920630323,10.149431623
2.222444,1.07514341711,1.17458863428,10.8125419561,-0.866370670294,0.723825427995,10.1040507478
2.22411,1.18122076732,1.20994775102,10.8853536583,-0.866370670294,0.723825427995,10.1040507478
2.225776,1.18122076732,1.28066598449,10.8853536583,-0.866370670294,0.76920630323,10.149431623
2.227442,1.25193900079,1.28066598449,10.8853536583,-0.77408109096,0.814587178465,10.1948124982
2.229108,1.21657988406,1.28066598449,10.8853536583,-0.912515459961,0.723825427995,10.1040507478
2.230774,1.14586165058,1.28066598449,10.8125419561,-0.866370670294,0.76920630323,10.149431623
2.23244,1.18122076732,1.28066598449,10.8853536583,-0.866370670294,0.76920630323,10.149431623
2.234106,1.21657988406,1.31602510123,10.8853536583,-0.77408109096,0.859968053701,10.1948124982
2.235772,1.25193900079,1.35138421797,10.8853536583,-0.866370670294,0.723825427995,10.1040507478
2.237438,1.18122076732,1.31602510123,10.8853536583,-0.866370670294,0.76920630323,10.1040507478
2.239104,1.11050253385,1.24530686776,10.8125419561,-0.820225880627,0.814587178465,10.1948124982
2.24077,1.18122076732,1.28066598449,10.8853536583,-0.866370670294,0.76920630323,10.1040507478
2.242436,1.18122076732,1.31602510123,10.8853536583,-0.866370670294,0.76920630323,10.149431623
2.244102,1.25193900079,1.42210245144,10.9581653606,-0.866370670294,0.76920630323,10.1040507478
2.245768,1.18122076732,1.28066598449,10.8853536583,-0.866370670294,0.814587178465,10.149431623
2.247434,1.14586165058,1.28066598449,10.8125419561,-0.866370670294,0.76920630323,10.1040507478
2.2491,1.14586165058,1.31602510123,10.8853536583,-0.866370670294,0.76920630323,10.1040507478
2.250766,1.18122076732,1.31602510123,10.8853536583,-0.866370670294,0.76920630323,10.1040507478
2.252432,1.11050253385,1.20994775102,10.8125419561,-0.866370670294,0.76920630323,10.1040507478
2.254098,1.14586165058,1.31602510123,10.8853536583,-0.912515459961,0.76920630323,10.1040507478
2.255764,1.18122076732,1.28066598449,10.8853536583,-0.866370670294,0.76920630323,10.149431623
2.25743,1.21657988406,1.35138421797,10.8853536583,-0.912515459961,0.76920630323,10.1040507478
2.259096,1.21657988406,1.31602510123,10.8853536583,-0.866370670294,0.76920630323,10.1040507478
2.260762,1.11050253385,1.24530686776,10.8125419561,-0.866370670294,0.814587178465,10.149431623
2.262428,1.18122076732,1.31602510123,10.8853536583,-0.866370670294,0.814587178465,10.1040507478
2.264094,1.21657988406,1.31602510123,10.8853536583,-0.866370670294,0.76920630323,10.1040507478
2.26576,1.28729811753,1.3867433347,10.9581653606,-0.820225880627,0.814587178465,10.149431623
2.267426,1.18122076732,1.31602510123,10.9217595095,-0.77408109096,0.905348928936,10.1948124982
2.269092,1.14586165058,1.20994775102,10.8489478072,-0.77408109096,0.859968053701,10.1948124982
2.270758,1.14586165058,1.28066598449,10.8853536583,-0.77408109096,0.905348928936,10.1948124982
2.272424,1.18122076732,1.35138421797,10.9217595095,-0.820225880627,0.859968053701,10.1948124982
2.27409,1.11050253385,1.20994775102,10.8125419561,-0.866370670294,0.76920630323,10.149431623
2.275756,1.18122076732,1.28066598449,10.8853536583,-0.912515459961,0.76920630323,10.1040507478
2.277422,1.18122076732,1.28066598449,10.8853536583,-0.866370670294,0.76920630323,10.149431623
2.279088,1.18122076732,1.28066598449,10.8853536583,-0.866370670294,0.76920630323,10.1040507478
2.280754,1.21657988406,1.31602510123,10.8853536583,-0.866370670294,0.76920630323,10.1040507478
2.28242,1.11050253385,1.24530686776,10.8489478072,-0.866370670294,0.76920630323,10.1040507478
2.284086,1.18122076732,1.31602510123,10.9217595095,-0.866370670294,0.814587178465,10.1040507478
2.285752,1.18122076732,1.31602510123,10.8853536583,-0.866370670294,0.76920630323,10.1040507478
2.287418,1.25193900079,1.31602510123,10.8853536583,-0.866370670294,0.76920630323,10.149431623
2.289084,1.18122076732,1.28066598449,10.9217595095,-0.912515459961,0.76920630323,10.1040507478
2.29075,1.11050253385,1.28066598449,10.8489478072,-0.866370670294,0.76920630323,10.149431623
2.292416,1.18122076732,1.24530686776,10.8853536583,-0.866370670294,0.76920630323,10.149431623
2.294082,1.18122076732,1.31602510123,10.8853536583,-0.912515459961,0.76920630323,10.1040507478
2.295748,1.11050253385,1.35138421797,11.0287016972,-0.866370670294,0.76920630323,10.149431623
2.297414,1.18122076732,1.31602510123,10.8853536583,-0.866370670294,0.814587178465,10.149431623
2.29908,1.18122076732,1.28066598449,10.8853536583,-0.820225880627,0.859968053701,10.1948124982
2.300746,1.18122076732,1.28066598449,10.8853536583,-0.912515459961,0.76920630323,10.1040507478
2.302412,1.18122076732,1.31602510123,10.9217595095,-0.866370670294,0.76920630323,10.1040507478
2.304078,1.11050253385,1.24530686776,10.8125419561,-0.866370670294,0.814587178465,10.1040507478
2.305744,1.18122076732,1.28066598449,10.8853536583,-0.866370670294,0.76920630323,10.149431623
2.30741,1.14586165058,1.28066598449,10.8853536583,-0.866370670294,0.814587178465,10.149431623
2.309076,1.18122076732,1.31602510123,10.8853536583,-0.866370670294,0.814587178465,10.149431623
2.310742,1.18122076732,1.28066598449,10.8853536583,-0.866370670294,0.814587178465,10.149431623
2.312408,1.07514341711,1.20994775102,10.7761361049,-0.912515459961,0.76920630323,10.1040507478
2.314074,1.18122076732,1.31602510123,10.9217595095,-0.866370670294,0.814587178465,10.1040507478
2.31574,1.18122076732,1.31602510123,10.8853536583,-0.866370670294,0.76920630323,10.1040507478
2.317406,1.21657988406,1.31602510123,10.8853536583,-0.820225880627,0.859968053701,10.1948124982
2.319072,1.18122076732,1.31602510123,10.8853536583,-0.820225880627,0.814587178465,10.1948124982
2.320738,1.18122076732,1.24530686776,10.8125419561,-0.866370670294,0.814587178465,10.149431623
2.322404,1.18122076732,1.31602510123,10.8853536583,-0.866370670294,0.814587178465,10.149431623
2.32407,1.18122076732,1.28066598449,10.8853536583,-0.866370670294,0.814587178465,10.1040507478
2.325736,1.28729811753,1.3867433347,10.9581653606,-0.866370670294,0.76920630323,10.149431623
2.327402,1.18122076732,1.31602510123,10.9217595095,-0.866370670294,0.76920630323,10.149431623
2.329068,1.14586165058,1.28066598449,10.8489478072,-0.866370670294,0.814587178465,10.1040507478
2.330734,1.18122076732,1.31602510123,10.8489478072,-0.866370670294,0.814587178465,10.1040507478
2.3324,1.18122076732,1.28066598449,10.9217595095,-0.866370670294,0.76920630323,10.149431623
2.334066,1.07514341711,1.28066598449,10.8853536583,-0.820225880627,0.905348928936,10.1948124982
2.335732,1.18122076732,1.28066598449,10.8853536583,-0.912515459961,0.76920630323,10.1040507478
2.337398,1.21657988406,1.31602510123,10.8853536583,-0.866370670294,0.76920630323,10.149431623
2.339064,1.25193900079,1.31602510123,10.8853536583,-0.77408109096,0.859968053701,10.2401933735
2.34073,1.21657988406,1.31602510123,10.8853536583,-0.866370670294,0.814587178465,10.149431623
2.342396,1.14586165058,1.28066598449,10.8489478072,-0.866370670294,0.814587178465,10.149431623
2.344062,1.18122076732,1.31602510123,10.8853536583,-0.866370670294,0.814587178465,10.149431623
2.345728,1.18122076732,1.31602510123,10.8853536583,-0.866370670294,0.76920630323,10.149431623
2.347394,1.11050253385,1.3867433347,10.9922958461,-0.820225880627,0.859968053701,10.1948124982
2.34906,1.18122076732,1.31602510123,10.8853536583,-0.866370670294,0.76920630323,10.149431623
2.350726,1.18122076732,1.24530686776,10.8853536583,-0.866370670294,0.76920630323,10.1040507478
2.352392,1.14586165058,1.31602510123,10.8853536583,-0.866370670294,0.76920630323,10.1040507478
2.354058,1.18122076732,1.31602510123,10.8853536583,-0.866370670294,0.76920630323,10.149431623
2.355724,1.11050253385,1.3867433347,10.9922958461,-0.866370670294,0.76920630323,10.149431623
2.35739,1.18122076732,1.31602510123,10.9217595095,-0.820225880627,0.859968053701,10.149431623
2.359056,1.18122076732,1.28066598449,10.8489478072,-0.866370670294,0.76920630323,10.1040507478
2.360722,1.18122076732,1.31602510123,10.8853536583,-0.866370670294,0.814587178465,10.149431623
2.362388,1.18122076732,1.28066598449,10.8853536583,-0.912515459961,0.723825427995,10.1040507478
2.364054,1.11050253385,1.24530686776,10.8125419561,-0.866370670294,0.814587178465,10.149431623
2.36572,1.18122076732,1.31602510123,10.8853536583,-0.866370670294,0.814587178465,10.149431623
2.367386,1.18122076732,1.31602510123,10.8853536583,-0.820225880627,0.905348928936,10.2401933735
2.369052,1.18122076732,1.31602510123,10.8853536583,-0.912515459961,0.76920630323,10.1040507478
2.370718,1.21657988406,1.35138421797,10.8853536583,-0.866370670294,0.814587178465,10.149431623
2.372384,1.14586165058,1.20994775102,10.8125419561,-0.866370670294,0.723825427995,10.1040507478
2.37405,1.18122076732,1.20994775102,10.8489478072,-0.866370670294,0.76920630323,10.1040507478
2.375716,1.18122076732,1.31602510123,10.8853536583,-0.77408109096,0.905348928936,10.1948124982
2.377382,1.21657988406,1.42210245144,10.9922958461,-0.912515459961,0.76920630323,10.1040507478
2.379048,1.18122076732,1.31602510123,10.8853536583,-0.912515459961,0.76920630323,10.1040507478
2.380714,1.14586165058,1.31602510123,10.8489478072,-0.866370670294,0.76920630323,10.1040507478
2.38238,1.18122076732,1.20994775102,10.8853536583,-0.866370670294,0.76920630323,10.149431623
2.384046,1.18122076732,1.31602510123,10.8853536583,-0.866370670294,0.76920630323,10.149431623
2.385712,1.11050253385,1.17458863428,10.8125419561,-0.77408109096,0.859968053701,10.1948124982
2.387378,1.14586165058,1.31602510123,10.8853536583,-0.912515459961,0.76920630323,10.1040507478
2.389044,1.18122076732,1.28066598449,10.8853536583,-0.866370670294,0.814587178465,10.1040507478
2.39071,1.25193900079,1.31602510123,10.8853536583,-0.866370670294,0.814587178465,10.149431623
2.392376,1.18122076732,1.28066598449,10.8853536583,-0.866370670294,0.76920630323,10.149431623
2.394042,1.14586165058,1.28066598449,10.8125419561,-0.866370670294,0.76920630323,10.1040507478
2.395708,1.18122076732,1.31602510123,10.8853536583,-0.866370670294,0.76920630323,10.149431623
2.397374,1.18122076732,1.31602510123,10.8853536583,-0.866370670294,0.76920630323,10.149431623
2.39904,1.28729811753,1.31602510123,10.9217595095,-0.866370670294,0.723825427995,10.149431623
2.400706,1.21657988406,1.31602510123,10.8853536583,-0.866370670294,0.814587178465,10.1040507478
2.402372,1.14586165058,1.28066598449,10.8125419561,-0.866370670294,0.76920630323,10.1040507478
2.404038,1.18122076732,1.31602510123,10.8853536583,-0.866370670294,0.814587178465,10.1040507478
2.405704,1.18122076732,1.31602510123,10.8853536583,-0.866370670294,0.814587178465,10.1040507478
2.40737,1.25193900079,1.3867433347,10.9581653606,-0.912515459961,0.76920630323,10.1040507478
2.409036,1.18122076732,1.35138421797,10.8853536583,-0.866370670294,0.76920630323,10.1040507478
2.410702,1.14586165058,1.31602510123,10.8853536583,-0.866370670294,0.76920630323,10.1040507478
2.412368,1.14586165058,1.20994775102,10.8853536583,-0.820225880627,0.814587178465,10.1948124982
2.414034,1.18122076732,1.28066598449,10.8853536583,-0.866370670294,0.76920630323,10.149431623
2.4157,1.28729811753,1.3867433347,10.9217595095,-0.912515459961,0.76920630323,10.1040507478
2.417366,1.18122076732,1.31602510123,10.9217595095,-0.77408109096,0.905348928936,10.1948124982
2.419032,1.18122076732,1.28066598449,10.8489478072,-0.866370670294,0.76920630323,10.149431623
2.420698,1.18122076732,1.28066598449,10.8853536583,-0.866370670294,0.76920630323,10.149431623
2.422364,1.18122076732,1.31602510123,10.8853536583,-0.912515459961,0.76920630323,10.1040507478
2.42403,1.11050253385,1.35138421797,10.9581653606,-0.820225880627,0.859968053701,10.1948124982
2.425696,1.18122076732,1.24530686776,10.8853536583,-0.866370670294,0.76920630323,10.149431623
2.427362,1.14586165058,1.24530686776,10.8489478072,-0.866370670294,0.814587178465,10.149431623
2.429028,1.18122076732,1.20994775102,10.8853536583,-0.866370670294,0.76920630323,10.1040507478
2.430694,1.18122076732,1.28066598449,10.8853536583,-0.77408109096,0.814587178465,10.1948124982
2.43236,1.11050253385,1.17458863428,10.8853536583,-0.866370670294,0.723825427995,10.1040507478
2.434026,1.18122076732,1.28066598449,10.8853536583,-0.866370670294,0.76920630323,10.149431623
2.435692,1.18122076732,1.20994775102,10.8853536583,-0.866370670294,0.723825427995,10.149431623
2.437358,1.14586165058,1.24530686776,10.8489478072,-0.866370670294,0.76920630323,10.1040507478
2.439024,1.18122076732,1.24530686776,10.8853536583,-0.77408109096,0.859968053701,10.1948124982
2.44069,1.11050253385,1.20994775102,10.8125419561,-0.866370670294,0.723825427995,10.1040507478
2.442356,1.18122076732,1.28066598449,10.8853536583,-0.866370670294,0.723825427995,10.149431623
2.444022,1.18122076732,1.24530686776,10.8853536583,-0.866370670294,0.76920630323,10.1040507478
2.445688,1.18122076732,1.28066598449,10.8489478072,-0.820225880627,0.76920630323,10.1948124982
2.447354,1.21657988406,1.28066598449,10.8853536583,-0.866370670294,0.723825427995,10.149431623
2.44902,1.07514341711,1.20994775102,10.8125419561,-0.866370670294,0.723825427995,10.1040507478
2.450686,1.18122076732,1.28066598449,10.8853536583,-0.912515459961,0.723825427995,10.1040507478
2.452352,1.18122076732,1.28066598449,10.8853536583,-0.866370670294,0.723825427995,10.1040507478
2.454018,1.25193900079,1.24530686776,10.8853536583,-0.866370670294,0.814587178465,10.149431623
2.455684,1.18122076732,1.28066598449,10.9217595095,-0.866370670294,0.723825427995,10.1040507478
2.45735,1.11050253385,1.24530686776,10.8125419561,-0.866370670294,0.723825427995,10.1040507478
2.459016,1.18122076732,1.28066598449,10.8489478072,-0.912515459961,0.723825427995,10.1040507478
2.460682,1.18122076732,1.28066598449,10.8853536583,-0.866370670294,0.723825427995,10.1040507478
2.462348,1.28729811753,1.31602510123,10.9217595095,-0.866370670294,0.76920630323,10.1040507478
2.464014,1.18122076732,1.35138421797,10.9217595095,-0.866370670294,0.76920630323,10.1040507478
2.46568,1.14586165058,1.28066598449,10.8489478072,-0.77408109096,0.905348928936,10.2401933735
2.467346,1.14586165058,1.24530686776,10.8489478072,-0.866370670294,0.723825427995,10.1040507478
2.469012,1.18122076732,1.28066598449,10.8853536583,-0.866370670294,0.76920630323,10.149431623
2.470678,1.25193900079,1.35138421797,10.9217595095,-0.866370670294,0.723825427995,10.1040507478
2.472344,1.21657988406,1.31602510123,10.9217595095,-0.820225880627,0.814587178465,10.149431623
2.47401,1.14586165058,1.20994775102,10.8489478072,-0.912515459961,0.723825427995,10.1040507478
2.475676,1.18122076732,1.28066598449,10.8853536583,-0.912515459961,0.723825427995,10.1040507478
2.477342,1.18122076732,1.28066598449,10.8853536583,-0.866370670294,0.723825427995,10.1040507478
2.479008,1.07514341711,1.17458863428,10.9217595095,-0.866370670294,0.76920630323,10.1040507478
2.480674,1.18122076732,1.28066598449,10.8853536583,-0.866370670294,0.76920630323,10.1040507478
2.48234,1.14586165058,1.24530686776,10.8489478072,-0.866370670294,0.76920630323,10.1040507478
2.484006,1.18122076732,1.28066598449,10.8853536583,-0.912515459961,0.723825427995,10.1040507478
2.485672,1.18122076732,1.31602510123,10.8853536583,-0.866370670294,0.76920630323,10.1040507478
2.487338,1.11050253385,1.20994775102,10.9217595095,-0.866370670294,0.723825427995,10.149431623
2.489004,1.18122076732,1.24530686776,10.8853536583,-0.866370670294,0.723825427995,10.1040507478
2.49067,1.14586165058,1.20994775102,10.8489478072,-0.866370670294,0.723825427995,10.1040507478
2.492336,1.14586165058,1.20994775102,10.8489478072,-0.866370670294,0.76920630323,10.149431623
2.494002,1.21657988406,1.28066598449,10.8853536583,-0.866370670294,0.76920630323,10.1040507478
2.495668,1.11050253385,1.20994775102,10.8853536583,-0.866370670294,0.723825427995,10.1040507478
2.497334,1.18122076732,1.31602510123,10.8853536583,-0.866370670294,0.76920630323,10.1040507478
2.499,1.18122076732,1.28066598449,10.8853536583,-0.866370670294,0.723825427995,10.1040507478
2.500666,1.18122076732,1.28066598449,10.8489478072,-0.866370670294,0.76920630323,10.1040507478
2.502332,1.18122076732,1.31602510123,10.8853536583,-0.866370670294,0.76920630323,10.1040507478
2.503998,1.11050253385,1.20994775102,10.8125419561,-0.866370670294,0.76920630323,10.1040507478
2.505664,1.18122076732,1.31602510123,10.8853536583,-0.912515459961,0.723825427995,10.1040507478
2.50733,1.18122076732,1.28066598449,10.8853536583,-0.866370670294,0.76920630323,10.1040507478
2.508996,1.18122076732,1.24530686776,10.8489478072,-0.866370670294,0.76920630323,10.1040507478
2.510662,1.18122076732,1.28066598449,10.8853536583,-0.912515459961,0.723825427995,10.0586698725
2.512328,1.11050253385,1.20994775102,10.7761361049,-0.820225880627,0.76920630323,10.149431623
2.513994,1.14586165058,1.24530686776,10.8853536583,-0.866370670294,0.76920630323,10.1040507478
2.51566,1.18122076732,1.20994775102,10.8489478072,-0.866370670294,0.76920630323,10.149431623
2.517326,1.21657988406,1.31602510123,10.8489478072,-0.866370670294,0.723825427995,10.1040507478
2.518992,1.21657988406,1.31602510123,10.8853536583,-0.866370670294,0.723825427995,10.1040507478
2.520658,1.11050253385,1.20994775102,10.7761361049,-0.77408109096,0.859968053701,10.1948124982
2.522324,1.14586165058,1.31602510123,10.8853536583,-0.866370670294,0.723825427995,10.1040507478
2.52399,1.18122076732,1.31602510123,10.8853536583,-0.912515459961,0.76920630323,10.1040507478
2.525656,1.21657988406,1.31602510123,10.8489478072,-0.912515459961,0.76920630323,10.1040507478
2.527322,1.18122076732,1.28066598449,10.8853536583,-0.866370670294,0.76920630323,10.1040507478
2.528988,1.11050253385,1.24530686776,10.8125419561,-0.866370670294,0.76920630323,10.149431623
2.530654,1.18122076732,1.28066598449,10.8853536583,-0.866370670294,0.723825427995,10.1040507478
2.53232,1.18122076732,1.24530686776,10.8489478072,-0.912515459961,0.723825427995,10.1040507478
2.533986,1.28729811753,1.35138421797,10.8853536583,-0.866370670294,0.76920630323,10.149431623
2.535652,1.21657988406,1.28066598449,10.8853536583,-0.866370670294,0.76920630323,10.1040507478
2.537318,1.18122076732,1.20994775102,10.8125419561,-0.866370670294,0.723825427995,10.1040507478
2.538984,1.18122076732,1.20994775102,10.8853536583,-0.866370670294,0.76920630323,10.1040507478
2.54065,1.21657988406,1.28066598449,10.8853536583,-0.866370670294,0.723825427995,10.1040507478
2.542316,1.11050253385,1.20994775102,10.8853536583,-0.866370670294,0.76920630323,10.149431623
2.543982,1.18122076732,1.31602510123,10.8853536583,-0.866370670294,0.76920630323,10.149431623
2.545648,1.21657988406,1.20994775102,10.8853536583,-0.866370670294,0.76920630323,10.1040507478
2.547314,1.18122076732,1.28066598449,10.8489478072,-0.866370670294,0.723825427995,10.1040507478
2.54898,1.18122076732,1.24530686776,10.8853536583,-0.866370670294,0.76920630323,10.1040507478
2.550646,1.14586165058,1.24530686776,10.8125419561,-0.866370670294,0.723825427995,10.1040507478
2.552312,1.18122076732,1.24530686776,10.8853536583,-0.77408109096,0.814587178465,10.1948124982
2.553978,1.18122076732,1.31602510123,10.8853536583,-0.912515459961,0.76920630323,10.1040507478
2.555644,1.11050253385,1.20994775102,10.9217595095,-0.866370670294,0.76920630323,10.149431623
2.55731,1.18122076732,1.28066598449,10.8853536583,-0.866370670294,0.723825427995,10.1040507478
2.558976,1.18122076732,1.20994775102,10.8853536583,-0.820225880627,0.814587178465,10.1948124982
2.560642,1.18122076732,1.28066598449,10.8489478072,-0.866370670294,0.723825427995,10.1040507478
2.562308,1.21657988406,1.28066598449,10.9217595095,-0.866370670294,0.76920630323,10.1040507478
2.563974,1.11050253385,1.20994775102,10.7761361049,-0.866370670294,0.723825427995,10.149431623
2.56564,1.18122076732,1.28066598449,10.8853536583,-0.77408109096,0.859968053701,10.1948124982
2.567306,1.18122076732,1.28066598449,10.8853536583,-0.866370670294,0.76920630323,10.1040507478
2.568972,1.25193900079,1.31602510123,10.8853536583,-0.866370670294,0.723825427995,10.1040507478
2.570638,1.18122076732,1.28066598449,10.9217595095,-0.866370670294,0.723825427995,10.1040507478
2.572304,1.14586165058,1.20994775102,10.8489478072,-0.866370670294,0.76920630323,10.1040507478
2.57397,1.18122076732,1.20994775102,10.8853536583,-0.866370670294,0.76920630323,10.1040507478
2.575636,1.18122076732,1.24530686776,10.8853536583,-0.866370670294,0.76920630323,10.1040507478
2.577302,1.11050253385,1.17458863428,10.9217595095,-0.866370670294,0.723825427995,10.1040507478
2.578968,1.18122076732,1.28066598449,10.8853536583,-0.866370670294,0.76920630323,10.149431623
2.580634,1.18122076732,1.24530686776,10.8853536583,-0.866370670294,0.723825427995,10.149431623
2.5823,1.25193900079,1.31602510123,10.8853536583,-0.866370670294,0.76920630323,10.1040507478
2.583966,1.18122076732,1.28066598449,10.8853536583,-0.866370670294,0.76920630323,10.1040507478
2.585632,1.14586165058,1.24530686776,10.8125419561,-0.866370670294,0.723825427995,10.1040507478
2.587298,1.18122076732,1.28066598449,10.8853536583,-0.866370670294,0.76920630323,10.1040507478
2.588964,1.21657988406,1.24530686776,10.8853536583,-0.866370670294,0.76920630323,10.149431623
2.59063,1.14586165058,1.35138421797,10.9922958461,-0.866370670294,0.723825427995,10.1040507478
2.592296,1.18122076732,1.24530686776,10.9217595095,-0.77408109096,0.814587178465,10.1948124982
2.593962,1.14586165058,1.24530686776,10.8489478072,-0.866370670294,0.723825427995,10.1040507478
2.595628,1.18122076732,1.24530686776,10.8853536583,-0.866370670294,0.723825427995,10.149431623
2.597294,1.18122076732,1.28066598449,10.8853536583,-0.866370670294,0.76920630323,10.1040507478
2.59896,1.18122076732,1.35138421797,10.9922958461,-0.866370670294,0.76920630323,10.1040507478
2.600626,1.21657988406,1.28066598449,10.9217595095,-0.866370670294,0.723825427995,10.149431623
2.602292,1.18122076732,1.20994775102,10.8853536583,-0.866370670294,0.76920630323,10.1040507478
2.603958,1.14586165058,1.20994775102,10.8489478072,-0.820225880627,0.859968053701,10.149431623
2.605624,1.18122076732,1.28066598449,10.9217595095,-0.77408109096,0.859968053701,10.2401933735
2.60729,1.11050253385,1.20994775102,10.8853536583,-0.912515459961,0.723825427995,10.1040507478
2.608956,1.18122076732,1.28066598449,10.9217595095,-0.912515459961,0.76920630323,10.1040507478
2.610622,1.18122076732,1.24530686776,10.8853536583,-0.866370670294,0.76920630323,10.149431623
2.612288,1.21657988406,1.28066598449,10.8853536583,-0.866370670294,0.76920630323,10.149431623
2.613954,1.18122076732,1.28066598449,10.8853536583,-0.77408109096,0.859968053701,10.1948124982
2.61562,1.11050253385,1.17458863428,10.8125419561,-0.866370670294,0.723825427995,10.1040507478
2.617286,1.18122076732,1.24530686776,10.8853536583,-0.866370670294,0.76920630323,10.149431623
2.618952,1.18122076732,1.31602510123,10.8853536583,-0.77408109096,0.859968053701,10.1948124982
2.620618,1.25193900079,1.31602510123,10.9922958461,-0.912515459961,0.723825427995,10.1040507478
2.622284,1.18122076732,1.24530686776,10.8853536583,-0.866370670294,0.76920630323,10.1040507478
2.62395,1.18122076732,1.28066598449,10.8489478072,-0.866370670294,0.76920630323,10.1040507478
2.625616,1.14586165058,1.24530686776,10.8853536583,-0.866370670294,0.723825427995,10.1040507478
2.627282,1.18122076732,1.28066598449,10.8853536583,-0.866370670294,0.723825427995,10.149431623
2.628948,1.11050253385,1.28066598449,10.9922958461,-0.866370670294,0.76920630323,10.149431623
2.630614,1.18122076732,1.28066598449,10.9217595095,-0.866370670294,0.723825427995,10.149431623
2.63228,1.18122076732,1.20994775102,10.8489478072,-0.820225880627,0.814587178465,10.1948124982
2.633946,1.18122076732,1.28066598449,10.8125419561,-0.866370670294,0.76920630323,10.1040507478
2.635612,1.18122076732,1.28066598449,10.8853536583,-0.866370670294,0.723825427995,10.1040507478
2.637278,1.11050253385,1.17458863428,10.8125419561,-0.866370670294,0.723825427995,10.1040507478
2.638944,1.18122076732,1.20994775102,10.8853536583,-0.866370670294,0.76920630323,10.1040507478
2.64061,1.18122076732,1.28066598449,10.8853536583,-0.866370670294,0.723825427995,10.1040507478
2.642276,1.25193900079,1.28066598449,10.8853536583,-0.866370670294,0.723825427995,10.1040507478
2.643942,1.18122076732,1.28066598449,10.8853536583,-0.866370670294,0.76920630323,10.149431623
2.645608,1.18122076732,1.17458863428,10.8489478072,-0.866370670294,0.723825427995,10.149431623
2.647274,1.14586165058,1.28066598449,10.8853536583,-0.820225880627,0.814587178465,10.1948124982
2.64894,1.18122076732,1.28066598449,10.8853536583,-0.866370670294,0.76920630323,10.1040507478
2.650606,1.28729811753,1.31602510123,10.9217595095,-0.912515459961,0.723825427995,10.1040507478
2.652272,1.18122076732,1.24530686776,10.8853536583,-0.912515459961,0.723825427995,10.1040507478
2.653938,1.18122076732,1.24530686776,10.8489478072,-0.866370670294,0.76920630323,10.1040507478
2.655604,1.14586165058,1.20994775102,10.8853536583,-0.866370670294,0.76920630323,10.1040507478
2.65727,1.18122076732,1.28066598449,10.8853536583,-0.866370670294,0.723825427995,10.1040507478
2.658936,1.07514341711,1.24530686776,10.9581653606,-0.866370670294,0.76920630323,10.1040507478
2.660602,1.18122076732,1.28066598449,10.8853536583,-0.866370670294,0.723825427995,10.1040507478
2.662268,1.14586165058,1.20994775102,10.8853536583,-0.866370670294,0.814587178465,10.149431623
2.663934,1.18122076732,1.28066598449,10.8489478072,-0.866370670294,0.76920630323,10.149431623
2.6656,1.18122076732,1.28066598449,10.8853536583,-0.866370670294,0.723825427995,10.1040507478
2.667266,1.11050253385,1.20994775102,10.7761361049,-0.866370670294,0.76920630323,10.1040507478
2.668932,1.18122076732,1.28066598449,10.8853536583,-0.866370670294,0.76920630323,10.1040507478
2.670598,1.18122076732,1.20994775102,10.8853536583,-0.866370670294,0.723825427995,10.1040507478
2.672264,1.18122076732,1.24530686776,10.8489478072,-0.866370670294,0.723825427995,10.1040507478
2.67393,1.21657988406,1.28066598449,10.8853536583,-0.912515459961,0.76920630323,10.1040507478
2.675596,1.14586165058,1.20994775102,10.8125419561,-0.866370670294,0.76920630323,10.1040507478
2.677262,1.18122076732,1.28066598449,10.8853536583,-0.866370670294,0.76920630323,10.149431623
2.678928,1.18122076732,1.28066598449,10.8853536583,-0.820225880627,0.814587178465,10.149431623
2.680594,1.21657988406,1.28066598449,10.8489478072,-0.866370670294,0.723825427995,10.1040507478
2.68226,1.18122076732,1.28066598449,10.8853536583,-0.866370670294,0.723825427995,10.1040507478
2.683926,1.11050253385,1.20994775102,10.7761361049,-0.866370670294,0.814587178465,10.149431623
2.685592,1.18122076732,1.28066598449,10.8853536583,-0.866370670294,0.76920630323,10.1040507478
2.687258,1.18122076732,1.28066598449,10.8489478072,-0.866370670294,0.76920630323,10.1040507478
2.688924,1.25193900079,1.31602510123,10.8853536583,-0.866370670294,0.76920630323,10.149431623
2.69059,1.21657988406,1.24530686776,10.8853536583,-0.912515459961,0.723825427995,10.1040507478
2.692256,1.18122076732,1.20994775102,10.8125419561,-0.912515459961,0.723825427995,10.1040507478
2.693922,1.18122076732,1.24530686776,10.8853536583,-0.866370670294,0.76920630323,10.1040507478
2.695588,1.21657988406,1.24530686776,10.8853536583,-0.820225880627,0.76920630323,10.149431623
2.697254,1.18122076732,1.31602510123,10.9922958461,-0.866370670294,0.723825427995,10.1040507478
2.69892,1.21657988406,1.28066598449,10.8853536583,-0.866370670294,0.76920630323,10.1040507478
2.700586,1.14586165058,1.20994775102,10.8489478072,-0.77408109096,0.814587178465,10.2401933735
2.702252,1.14586165058,1.20994775102,10.8489478072,-0.866370670294,0.723825427995,10.1040507478
2.703918,1.18122076732,1.35138421797,10.8853536583,-0.866370670294,0.76920630323,10.1040507478
2.705584,1.11050253385,1.17458863428,10.8125419561,-0.866370670294,0.76920630323,10.1040507478
2.70725,1.18122076732,1.24530686776,10.8853536583,-0.866370670294,0.723825427995,10.149431623
2.708916,1.18122076732,1.24530686776,10.8853536583,-0.77408109096,0.905348928936,10.1948124982
2.710582,1.21657988406,1.28066598449,10.8489478072,-0.866370670294,0.76920630323,10.149431623
2.712248,1.21657988406,1.24530686776,10.9217595095,-0.866370670294,0.723825427995,10.0586698725
2.713914,1.11050253385,1.20994775102,10.8125419561,-0.866370670294,0.76920630323,10.1040507478
2.71558,1.14586165058,1.20994775102,10.8853536583,-0.866370670294,0.723825427995,10.1040507478
2.717246,1.18122076732,1.28066598449,10.8853536583,-0.866370670294,0.723825427995,10.1040507478
2.718912,1.28729811753,1.28066598449,10.8853536583,-0.866370670294,0.76920630323,10.1040507478
2.720578,1.18122076732,1.24530686776,10.8853536583,-0.866370670294,0.76920630323,10.149431623
2.722244,1.18122076732,1.17458863428,10.8125419561,-0.866370670294,0.76920630323,10.149431623
2.72391,1.18122076732,1.20994775102,10.8853536583,-0.866370670294,0.76920630323,10.1040507478
2.725576,1.18122076732,1.20994775102,10.8853536583,-0.820225880627,0.814587178465,10.1948124982
2.727242,1.28729811753,1.31602510123,10.8853536583,-0.866370670294,0.723825427995,10.149431623
2.728908,1.18122076732,1.28066598449,10.8853536583,-0.866370670294,0.76920630323,10.1040507478
2.730574,1.14586165058,1.20994775102,10.8125419561,-0.866370670294,0.723825427995,10.1040507478
2.73224,1.18122076732,1.24530686776,10.8853536583,-0.820225880627,0.76920630323,10.149431623
2.733906,1.18122076732,1.28066598449,10.8853536583,-0.77408109096,0.859968053701,10.1948124982
2.735572,1.28729811753,1.35138421797,10.9217595095,-0.866370670294,0.723825427995,10.1040507478
2.737238,1.21657988406,1.20994775102,10.8853536583,-0.866370670294,0.76920630323,10.149431623
2.738904,1.11050253385,1.20994775102,10.8489478072,-0.866370670294,0.814587178465,10.149431623
2.74057,1.14586165058,1.28066598449,10.8853536583,-0.77408109096,0.905348928936,10.2401933735
2.742236,1.18122076732,1.31602510123,10.8853536583,-0.866370670294,0.76920630323,10.149431623
2.743902,1.11050253385,1.31602510123,10.9922958461,-0.866370670294,0.76920630323,10.1040507478
2.745568,1.18122076732,1.24530686776,10.8853536583,-0.866370670294,0.76920630323,10.1040507478
2.747234,1.18122076732,1.28066598449,10.8853536583,-0.866370670294,0.76920630323,10.1040507478
2.7489,1.18122076732,1.28066598449,10.8489478072,-0.866370670294,0.76920630323,10.1040507478
2.750566,1.18122076732,1.28066598449,10.8489478072,-0.866370670294,0.76920630323,10.1040507478
2.752232,1.07514341711,1.17458863428,10.8853536583,-0.866370670294,0.76920630323,10.149431623
2.753898,1.18122076732,1.31602510123,10.8853536583,-0.866370670294,0.76920630323,10.1040507478
2.755564,1.18122076732,1.28066598449,10.8489478072,-0.77408109096,0.859968053701,10.1948124982
2.75723,1.18122076732,1.28066598449,10.8489478072,-0.866370670294,0.76920630323,10.1040507478
2.758896,1.18122076732,1.31602510123,10.8853536583,-0.866370670294,0.76920630323,10.149431623
2.760562,1.11050253385,1.13922951755,10.8125419561,-0.866370670294,0.76920630323,10.149431623
2.762228,1.18122076732,1.28066598449,10.8489478072,-0.866370670294,0.76920630323,10.1040507478
2.763894,1.18122076732,1.28066598449,10.8853536583,-0.866370670294,0.76920630323,10.149431623
2.76556,1.25193900079,1.35138421797,10.8853536583,-0.77408109096,0.905348928936,10.2401933735
2.767226,1.18122076732,1.31602510123,10.9217595095,-0.866370670294,0.76920630323,10.149431623
2.768892,1.14586165058,1.20994775102,10.8125419561,-0.866370670294,0.76920630323,10.1040507478
2.770558,1.18122076732,1.28066598449,10.8853536583,-0.820225880627,0.814587178465,10.149431623
2.772224,1.18122076732,1.31602510123,10.8853536583,-0.866370670294,0.814587178465,10.149431623
2.77389,1.21657988406,1.35138421797,10.9581653606,-0.820225880627,0.76920630323,10.149431623
2.775556,1.18122076732,1.31602510123,10.8853536583,-0.820225880627,0.814587178465,10.149431623
2.777222,1.18122076732,1.20994775102,10.8489478072,-0.866370670294,0.76920630323,10.1040507478
2.778888,1.14586165058,1.24530686776,10.8853536583,-0.866370670294,0.814587178465,10.149431623
2.780554,1.18122076732,1.31602510123,10.8853536583,-0.866370670294,0.76920630323,10.1040507478
2.78222,1.11050253385,1.20994775102,10.9217595095,-0.866370670294,0.76920630323,10.1040507478
2.783886,1.18122076732,1.28066598449,10.8853536583,-0.866370670294,0.76920630323,10.1040507478
2.785552,1.18122076732,1.20994775102,10.8853536583,-0.866370670294,0.76920630323,10.1040507478
2.787218,1.21657988406,1.31602510123,10.8853536583,-0.866370670294,0.814587178465,10.149431623
2.788884,1.18122076732,1.28066598449,10.8853536583,-0.866370670294,0.814587178465,10.149431623
2.79055,1.14586165058,1.20994775102,10.7761361049,-0.866370670294,0.76920630323,10.1040507478
2.792216,1.18122076732,1.28066598449,10.8853536583,-0.866370670294,0.723825427995,10.1040507478
2.793882,1.18122076732,1.24530686776,10.8853536583,-0.866370670294,0.76920630323,10.1040507478
2.795548,1.18122076732,1.24530686776,10.8489478072,-0.866370670294,0.76920630323,10.1040507478
2.797214,1.21657988406,1.28066598449,10.8853536583,-0.866370670294,0.76920630323,10.1040507478
2.79888,1.11050253385,1.20994775102,10.8125419561,-0.866370670294,0.76920630323,10.1040507478
2.800546,1.18122076732,1.20994775102,10.8853536583,-0.866370670294,0.76920630323,10.149431623
2.802212,1.14586165058,1.28066598449,10.8853536583,-0.820225880627,0.814587178465,10.149431623
2.803878,1.25193900079,1.3867433347,10.9581653606,-0.77408109096,0.859968053701,10.1948124982
2.805544,1.18122076732,1.28066598449,10.8853536583,-0.866370670294,0.76920630323,10.149431623
2.80721,1.14586165058,1.28066598449,10.8489478072,-0.820225880627,0.814587178465,10.1948124982
2.808876,1.18122076732,1.28066598449,10.8489478072,-0.912515459961,0.723825427995,10.1040507478
2.810542,1.18122076732,1.24530686776,10.8853536583,-0.866370670294,0.76920630323,10.1040507478
2.812208,1.21657988406,1.35138421797,10.9581653606,-0.866370670294,0.723825427995,10.1040507478
2.813874,1.18122076732,1.28066598449,10.8853536583,-0.866370670294,0.76920630323,10.1040507478
2.81554,1.18122076732,1.20994775102,10.8489478072,-0.866370670294,0.76920630323,10.149431623
2.817206,1.18122076732,1.24530686776,10.8125419561,-0.866370670294,0.723825427995,10.1040507478
2.818872,1.18122076732,1.20994775102,10.9217595095,-0.866370670294,0.76920630323,10.1040507478
2.820538,1.07514341711,1.17458863428,10.8853536583,-0.866370670294,0.76920630323,10.149431623
2.822204,1.14586165058,1.31602510123,10.8853536583,-0.77408109096,0.859968053701,10.1948124982
2.82387,1.18122076732,1.20994775102,10.8853536583,-0.866370670294,0.76920630323,10.1040507478
2.825536,1.18122076732,1.28066598449,10.8489478072,-0.866370670294,0.814587178465,10.149431623
2.827202,1.21657988406,1.28066598449,10.8853536583,-0.866370670294,0.76920630323,10.1040507478
2.828868,1.11050253385,1.17458863428,10.7761361049,-0.77408109096,0.859968053701,10.1948124982
2.830534,1.18122076732,1.20994775102,10.8853536583,-0.866370670294,0.76920630323,10.1040507478
2.8322,1.18122076732,1.24530686776,10.8853536583,-0.866370670294,0.76920630323,10.1040507478
2.833866,1.25193900079,1.28066598449,10.8489478072,-0.77408109096,0.859968053701,10.2401933735
2.835532,1.18122076732,1.24530686776,10.8853536583,-0.866370670294,0.76920630323,10.149431623
2.837198,1.11050253385,1.28066598449,10.8125419561,-0.866370670294,0.76920630323,10.149431623
2.838864,1.18122076732,1.20994775102,10.8853536583,-0.866370670294,0.76920630323,10.1040507478
2.84053,1.18122076732,1.24530686776,10.8489478072,-0.866370670294,0.76920630323,10.1040507478
2.842196,1.28729811753,1.35138421797,10.9217595095,-0.866370670294,0.76920630323,10.1040507478
2.843862,1.18122076732,1.28066598449,10.8853536583,-0.866370670294,0.76920630323,10.1040507478
2.845528,1.18122076732,1.28066598449,10.8125419561,-0.866370670294,0.76920630323,10.149431623
2.847194,1.18122076732,1.31602510123,10.8853536583,-0.912515459961,0.76920630323,10.1040507478
2.84886,1.18122076732,1.28066598449,10.8853536583,-0.912515459961,0.76920630323,10.1040507478
2.850526,1.21657988406,1.35138421797,10.9217595095,-0.866370670294,0.76920630323,10.1040507478
2.852192,1.18122076732,1.31602510123,10.8853536583,-0.866370670294,0.814587178465,10.149431623
2.853858,1.14586165058,1.20994775102,10.7761361049,-0.866370670294,0.76920630323,10.149431623
2.855524,1.18122076732,1.31602510123,10.8853536583,-0.866370670294,0.76920630323,10.149431623
2.85719,1.18122076732,1.28066598449,10.8853536583,-0.866370670294,0.76920630323,10.1040507478
2.858856,1.28729811753,1.35138421797,10.8853536583,-0.866370670294,0.76920630323,10.1040507478
2.860522,1.18122076732,1.24530686776,10.8853536583,-0.866370670294,0.76920630323,10.1040507478
2.862188,1.14586165058,1.28066598449,10.8125419561,-0.866370670294,0.76920630323,10.1040507478
2.863854,1.18122076732,1.24530686776,10.8853536583,-0.866370670294,0.76920630323,10.1040507478
2.86552,1.18122076732,1.24530686776,10.8853536583,-0.866370670294,0.76920630323,10.1040507478
2.867186,1.11050253385,1.35138421797,10.9922958461,-0.866370670294,0.76920630323,10.149431623
2.868852,1.18122076732,1.31602510123,10.8853536583,-0.866370670294,0.76920630323,10.1040507478
2.870518,1.18122076732,1.28066598449,10.8853536583,-0.820225880627,0.814587178465,10.149431623
2.872184,1.18122076732,1.28066598449,10.8853536583,-0.820225880627,0.814587178465,10.1948124982
2.87385,1.21657988406,1.31602510123,10.8853536583,-0.866370670294,0.723825427995,10.1040507478
2.875516,1.14586165058,1.20994775102,10.8125419561,-0.866370670294,0.76920630323,10.1040507478
2.877182,1.18122076732,1.28066598449,10.8853536583,-0.866370670294,0.76920630323,10.1040507478
2.878848,1.18122076732,1.28066598449,10.8853536583,-0.866370670294,0.76920630323,10.149431623
2.880514,1.28729811753,1.35138421797,10.9217595095,-0.866370670294,0.76920630323,10.1040507478
2.88218,1.18122076732,1.28066598449,10.8853536583,-0.866370670294,0.76920630323,10.149431623
2.883846,1.18122076732,1.28066598449,10.8489478072,-0.866370670294,0.814587178465,10.149431623
2.885512,1.14586165058,1.31602510123,10.8853536583,-0.866370670294,0.76920630323,10.149431623
2.887178,1.18122076732,1.31602510123,10.8853536583,-0.866370670294,0.76920630323,10.1040507478
2.888844,1.11050253385,1.31602510123,10.9581653606,-0.912515459961,0.76920630323,10.149431623
2.89051,1.18122076732,1.31602510123,10.8853536583,-0.866370670294,0.814587178465,10.1040507478
2.892176,1.18122076732,1.28066598449,10.8853536583,-0.866370670294,0.76920630323,10.149431623
2.893842,1.18122076732,1.28066598449,10.8853536583,-0.866370670294,0.76920630323,10.1040507478
2.895508,1.21657988406,1.28066598449,10.9217595095,-0.866370670294,0.814587178465,10.149431623
2.897174,1.11050253385,1.20994775102,10.8125419561,-0.912515459961,0.76920630323,10.1040507478
2.89884,1.18122076732,1.24530686776,10.8853536583,-0.866370670294,0.76920630323,10.149431623
2.900506,1.18122076732,1.31602510123,10.8853536583,-0.866370670294,0.76920630323,10.149431623
2.902172,1.11050253385,1.31602510123,10.9581653606,-0.866370670294,0.76920630323,10.1040507478
2.903838,1.18122076732,1.31602510123,10.9217595095,-0.866370670294,0.76920630323,10.149431623
2.905504,1.18122076732,1.24530686776,10.8853536583,-0.866370670294,0.76920630323,10.149431623
2.90717,1.14586165058,1.28066598449,10.8853536583,-0.866370670294,0.814587178465,10.149431623
2.908836,1.18122076732,1.31602510123,10.8853536583,-0.866370670294,0.76920630323,10.149431623
2.910502,1.07514341711,1.24530686776,10.9922958461,-0.866370670294,0.814587178465,10.1040507478
2.912168,1.18122076732,1.28066598449,10.8853536583,-0.866370670294,0.814587178465,10.149431623
2.913834,1.18122076732,1.28066598449,10.8489478072,-0.866370670294,0.76920630323,10.1040507478
2.9155,1.18122076732,1.24530686776,10.8853536583,-0.866370670294,0.76920630323,10.1040507478
2.917166,1.18122076732,1.28066598449,10.8853536583,-0.866370670294,0.76920630323,10.149431623
2.918832,1.28729811753,1.35138421797,10.9581653606,-0.866370670294,0.76920630323,10.149431623
2.920498,1.18122076732,1.31602510123,10.8853536583,-0.866370670294,0.76920630323,10.149431623
2.922164,1.11050253385,1.24530686776,10.8489478072,-0.866370670294,0.76920630323,10.1040507478
2.92383,1.18122076732,1.28066598449,10.8853536583,-0.912515459961,0.76920630323,10.1040507478
2.925496,1.18122076732,1.28066598449,10.8853536583,-0.866370670294,0.814587178465,10.1948124982
2.927162,1.07514341711,1.31602510123,10.9922958461,-0.820225880627,0.905348928936,10.1948124982
2.928828,1.18122076732,1.31602510123,10.8853536583,-0.820225880627,0.814587178465,10.1948124982
2.930494,1.18122076732,1.28066598449,10.8853536583,-0.77408109096,0.859968053701,10.2401933735
2.93216,1.18122076732,1.28066598449,10.8489478072,-0.866370670294,0.76920630323,10.1040507478
2.933826,1.18122076732,1.31602510123,10.8853536583,-0.866370670294,0.814587178465,10.149431623
2.935492,1.07514341711,1.20994775102,10.8125419561,-0.866370670294,0.814587178465,10.149431623
2.937158,1.18122076732,1.28066598449,10.8853536583,-0.866370670294,0.76920630323,10.1040507478
2.938824,1.18122076732,1.28066598449,10.8489478072,-0.866370670294,0.723825427995,10.1040507478
2.94049,1.18122076732,1.31602510123,10.8853536583,-0.912515459961,0.76920630323,10.1040507478
2.942156,1.18122076732,1.31602510123,10.8853536583,-0.866370670294,0.76920630323,10.149431623
2.943822,1.11050253385,1.24530686776,10.8489478072,-0.866370670294,0.76920630323,10.1040507478
2.945488,1.14586165058,1.24530686776,10.8853536583,-0.866370670294,0.76920630323,10.149431623
2.947154,1.18122076732,1.28066598449,10.8853536583,-0.912515459961,0.76920630323,10.1040507478
2.94882,1.28729811753,1.31602510123,10.9217595095,-0.77408109096,0.859968053701,10.1948124982
2.950486,1.18122076732,1.28066598449,10.9217595095,-0.866370670294,0.76920630323,10.1040507478
2.952152,1.14586165058,1.20994775102,10.8489478072,-0.866370670294,0.76920630323,10.149431623
2.953818,1.18122076732,1.28066598449,10.8853536583,-0.866370670294,0.76920630323,10.149431623
2.955484,1.18122076732,1.28066598449,10.8853536583,-0.866370670294,0.76920630323,10.1040507478
2.95715,1.11050253385,1.20994775102,10.9217595095,-0.820225880627,0.76920630323,10.149431623
2.958816,1.18122076732,1.31602510123,10.8853536583,-0.866370670294,0.76920630323,10.149431623
2.960482,1.18122076732,1.31602510123,10.8853536583,-0.866370670294,0.76920630323,10.1040507478
2.962148,1.18122076732,1.28066598449,10.8125419561,-0.866370670294,0.76920630323,10.1040507478
2.963814,1.18122076732,1.31602510123,10.9217595095,-0.820225880627,0.859968053701,10.1948124982
2.96548,1.11050253385,1.24530686776,10.8125419561,-0.866370670294,0.814587178465,10.1040507478
2.967146,1.18122076732,1.24530686776,10.8853536583,-0.866370670294,0.814587178465,10.1040507478
2.968812,1.18122076732,1.28066598449,10.8853536583,-0.866370670294,0.76920630323,10.1040507478
2.970478,1.21657988406,1.31602510123,10.8853536583,-0.866370670294,0.76920630323,10.1040507478
2.972144,1.18122076732,1.28066598449,10.8853536583,-0.912515459961,0.723825427995,10.1040507478
2.97381,1.14586165058,1.24530686776,10.8125419561,-0.912515459961,0.723825427995,10.1040507478
2.975476,1.14586165058,1.31602510123,10.8853536583,-0.866370670294,0.76920630323,10.1040507478
2.977142,1.18122076732,1.31602510123,10.8853536583,-0.912515459961,0.723825427995,10.1040507478
2.978808,1.28729811753,1.35138421797,10.9581653606,-0.866370670294,0.723825427995,10.1040507478
2.980474,1.18122076732,1.28066598449,10.8853536583,-0.866370670294,0.76920630323,10.149431623
2.98214,1.18122076732,1.24530686776,10.8489478072,-0.866370670294,0.76920630323,10.149431623
2.983806,1.14586165058,1.28066598449,10.8489478072,-0.912515459961,0.723825427995,10.1040507478
2.985472,1.18122076732,1.28066598449,10.8853536583,-0.866370670294,0.814587178465,10.149431623
2.987138,1.07514341711,1.35138421797,10.9922958461,-0.820225880627,0.814587178465,10.1948124982
2.988804,1.18122076732,1.28066598449,10.8853536583,-0.912515459961,0.723825427995,10.1040507478
2.99047,1.14586165058,1.28066598449,10.8489478072,-0.866370670294,0.76920630323,10.1040507478
2.992136,1.14586165058,1.28066598449,10.8853536583,-0.912515459961,0.76920630323,10.1040507478
2.993802,1.21657988406,1.28066598449,10.8853536583,-0.912515459961,0.76920630323,10.1040507478
2.995468,1.11050253385,1.20994775102,10.7761361049,-0.866370670294,0.76920630323,10.1040507478
2.997134,1.18122076732,1.28066598449,10.8853536583,-0.866370670294,0.76920630323,10.149431623
2.9988,1.18122076732,1.28066598449,10.8853536583,-0.866370670294,0.76920630323,10.1040507478
3.000466,1.25193900079,1.31602510123,10.8853536583,-0.912515459961,0.723825427995,10.1040507478
3.002132,1.18122076732,1.31602510123,10.8853536583,-0.866370670294,0.76920630323,10.149431623
3.003798,1.14586165058,1.28066598449,10.8489478072,-0.866370670294,0.76920630323,10.149431623
3.005464,1.18122076732,1.24530686776,10.8489478072,-0.866370670294,0.76920630323,10.149431623
3.00713,1.18122076732,1.31602510123,10.8853536583,-0.866370670294,0.76920630323,10.1040507478
3.008796,1.07514341711,1.35138421797,10.9922958461,-0.866370670294,0.76920630323,10.149431623
3.010462,1.18122076732,1.31602510123,10.8853536583,-0.866370670294,0.76920630323,10.149431623
3.012128,1.18122076732,1.28066598449,10.8853536583,-0.866370670294,0.76920630323,10.149431623
3.013794,1.14586165058,1.31602510123,10.8125419561,-0.866370670294,0.723825427995,10.149431623
3.01546,1.18122076732,1.28066598449,10.8853536583,-0.866370670294,0.76920630323,10.1040507478
3.017126,1.11050253385,1.20994775102,10.8853536583,-0.866370670294,0.76920630323,10.149431623
3.018792,1.18122076732,1.28066598449,10.8853536583,-0.866370670294,0.76920630323,10.1040507478
3.020458,1.14586165058,1.28066598449,10.8853536583,-0.866370670294,0.76920630323,10.149431623
3.022124,1.18122076732,1.28066598449,10.8489478072,-0.866370670294,0.76920630323,10.149431623
3.02379,1.18122076732,1.28066598449,10.8853536583,-0.866370670294,0.76920630323,10.1040507478
3.025456,1.11050253385,1.20994775102,10.7761361049,-0.866370670294,0.76920630323,10.149431623
3.027122,1.18122076732,1.28066598449,10.8853536583,-0.866370670294,0.76920630323,10.1040507478
3.028788,1.18122076732,1.24530686776,10.8853536583,-0.866370670294,0.76920630323,10.1040507478
3.030454,1.28729811753,1.31602510123,10.8853536583,-0.866370670294,0.76920630323,10.149431623
3.03212,1.21657988406,1.31602510123,10.9217595095,-0.866370670294,0.76920630323,10.149431623
3.033786,1.14586165058,1.20994775102,10.8125419561,-0.866370670294,0.76920630323,10.149431623
3.035452,1.14586165058,1.31602510123,10.8853536583,-0.866370670294,0.76920630323,10.1040507478
3.037118,1.18122076732,1.31602510123,10.8489478072,-0.866370670294,0.814587178465,10.149431623
3.038784,1.28729811753,1.31602510123,10.8853536583,-0.866370670294,0.814587178465,10.149431623
3.04045,1.18122076732,1.31602510123,10.8853536583,-0.866370670294,0.76920630323,10.1040507478
3.042116,1.14586165058,1.24530686776,10.8489478072,-0.866370670294,0.76920630323,10.1040507478
3.043782,1.14586165058,1.28066598449,10.8853536583,-0.77408109096,0.905348928936,10.2401933735
3.045448,1.21657988406,1.28066598449,10.8853536583,-0.866370670294,0.76920630323,10.1040507478
3.047114,1.14586165058,1.35138421797,10.9922958461,-0.866370670294,0.76920630323,10.149431623
3.04878,1.18122076732,1.31602510123,10.9217595095,-0.866370670294,0.76920630323,10.1040507478
3.050446,1.18122076732,1.28066598449,10.8125419561,-0.77408109096,0.905348928936,10.1948124982
3.052112,1.18122076732,1.28066598449,10.8853536583,-0.866370670294,0.814587178465,10.149431623
3.053778,1.18122076732,1.28066598449,10.8853536583,-0.820225880627,0.859968053701,10.1948124982
3.055444,1.11050253385,1.24530686776,10.8125419561,-0.77408109096,0.905348928936,10.1948124982
3.05711,1.18122076732,1.28066598449,10.8853536583,-0.866370670294,0.814587178465,10.149431623
3.058776,1.18122076732,1.28066598449,10.8489478072,-0.866370670294,0.814587178465,10.1040507478
3.060442,1.18122076732,1.31602510123,10.8489478072,-0.866370670294,0.814587178465,10.149431623
3.062108,1.18122076732,1.31602510123,10.8853536583,-0.866370670294,0.76920630323,10.1040507478
3.063774,1.11050253385,1.20994775102,10.8125419561,-0.866370670294,0.76920630323,10.1040507478
3.06544,1.18122076732,1.31602510123,10.8853536583,-0.866370670294,0.76920630323,10.149431623
3.067106,1.18122076732,1.28066598449,10.8853536583,-0.866370670294,0.76920630323,10.149431623
3.068772,1.18122076732,1.28066598449,10.8125419561,-0.866370670294,0.76920630323,10.1040507478
3.070438,1.18122076732,1.31602510123,10.8853536583,-0.866370670294,0.76920630323,10.1040507478
3.072104,1.11050253385,1.24530686776,10.8125419561,-0.866370670294,0.76920630323,10.1040507478
3.07377,1.18122076732,1.31602510123,10.8853536583,-0.866370670294,0.76920630323,10.1040507478
3.075436,1.18122076732,1.28066598449,10.8853536583,-0.866370670294,0.723825427995,10.149431623
3.077102,1.21657988406,1.31602510123,10.8853536583,-0.866370670294,0.76920630323,10.149431623
3.078768,1.18122076732,1.31602510123,10.8853536583,-0.866370670294,0.814587178465,10.149431623
3.080434,1.11050253385,1.24530686776,10.8125419561,-0.866370670294,0.76920630323,10.1040507478
3.0821,1.14586165058,1.31602510123,10.8853536583,-0.866370670294,0.76920630323,10.1040507478
3.083766,1.18122076732,1.28066598449,10.8853536583,-0.866370670294,0.76920630323,10.1040507478
3.085432,1.25193900079,1.3867433347,10.8853536583,-0.866370670294,0.76920630323,10.1040507478
3.087098,1.18122076732,1.31602510123,10.8853536583,-0.866370670294,0.76920630323,10.149431623
3.088764,1.14586165058,1.24530686776,10.8125419561,-0.77408109096,0.905348928936,10.1948124982
3.09043,1.14586165058,1.31602510123,10.8853536583,-0.912515459961,0.76920630323,10.1040507478
3.092096,1.18122076732,1.28066598449,10.8853536583,-0.866370670294,0.76920630323,10.149431623
3.093762,1.21657988406,1.3867433347,10.9217595095,-0.866370670294,0.76920630323,10.1040507478
3.095428,1.18122076732,1.31602510123,10.8853536583,-0.866370670294,0.76920630323,10.149431623
3.097094,1.14586165058,1.28066598449,10.8489478072,-0.912515459961,0.76920630323,10.1040507478
3.09876,1.14586165058,1.28066598449,10.8853536583,-0.866370670294,0.814587178465,10.1040507478
3.100426,1.18122076732,1.31602510123,10.8853536583,-0.912515459961,0.76920630323,10.1040507478
3.102092,1.11050253385,1.31602510123,10.9922958461,-0.866370670294,0.723825427995,10.1040507478
3.103758,1.18122076732,1.31602510123,10.8853536583,-0.866370670294,0.76920630323,10.1040507478
3.105424,1.14586165058,1.31602510123,10.8125419561,-0.866370670294,0.814587178465,10.1040507478
3.10709,1.18122076732,1.28066598449,10.8853536583,-0.866370670294,0.814587178465,10.149431623
3.108756,1.18122076732,1.28066598449,10.8853536583,-0.866370670294,0.723825427995,10.1040507478
3.110422,1.11050253385,1.24530686776,10.8489478072,-0.866370670294,0.814587178465,10.1040507478
3.112088,1.14586165058,1.28066598449,10.8853536583,-0.866370670294,0.814587178465,10.1040507478
3.113754,1.18122076732,1.24530686776,10.8489478072,-0.866370670294,0.814587178465,10.149431623
3.11542,1.18122076732,1.24530686776,10.8853536583,-0.866370670294,0.76920630323,10.149431623
3.117086,1.18122076732,1.31602510123,10.9217595095,-0.866370670294,0.76920630323,10.1040507478
3.118752,1.11050253385,1.20994775102,10.8125419561,-0.866370670294,0.76920630323,10.149431623
3.120418,1.14586165058,1.31602510123,10.8853536583,-0.866370670294,0.76920630323,10.149431623
3.122084,1.18122076732,1.31602510123,10.8853536583,-0.866370670294,0.814587178465,10.149431623
3.12375,1.25193900079,1.31602510123,10.8853536583,-0.77408109096,0.905348928936,10.2401933735
3.125416,1.18122076732,1.28066598449,10.8853536583,-0.77408109096,0.814587178465,10.1948124982
3.127082,1.14586165058,1.24530686776,10.8489478072,-0.866370670294,0.814587178465,10.149431623
3.128748,1.14586165058,1.31602510123,10.8853536583,-0.820225880627,0.814587178465,10.149431623
3.130414,1.18122076732,1.31602510123,10.8853536583,-0.77408109096,0.859968053701,10.1948124982
3.13208,1.11050253385,1.20994775102,10.9581653606,-0.77408109096,0.859968053701,10.1948124982
3.133746,1.18122076732,1.31602510123,10.8853536583,-0.912515459961,0.76920630323,10.1040507478
3.135412,1.18122076732,1.31602510123,10.8853536583,-0.866370670294,0.76920630323,10.1040507478
3.137078,1.21657988406,1.31602510123,10.8853536583,-0.866370670294,0.76920630323,10.149431623
3.138744,1.21657988406,1.31602510123,10.9217595095,-0.866370670294,0.814587178465,10.1040507478
3.14041,1.11050253385,1.24530686776,10.8125419561,-0.866370670294,0.723825427995,10.1040507478
3.142076,1.18122076732,1.28066598449,10.8853536583,-0.820225880627,0.814587178465,10.149431623
3.143742,1.18122076732,1.31602510123,10.8853536583,-0.866370670294,0.814587178465,10.149431623
3.145408,1.28729811753,1.35138421797,10.9217595095,-0.77408109096,0.859968053701,10.1948124982
3.147074,1.18122076732,1.31602510123,10.8853536583,-0.912515459961,0.76920630323,10.1040507478
3.14874,1.14586165058,1.20994775102,10.8125419561,-0.912515459961,0.723825427995,10.1040507478
3.150406,1.14586165058,1.28066598449,10.8853536583,-0.912515459961,0.723825427995,10.1040507478
3.152072,1.18122076732,1.24530686776,10.8853536583,-0.866370670294,0.76920630323,10.1040507478
3.153738,1.28729811753,1.3867433347,10.9217595095,-0.866370670294,0.76920630323,10.1040507478
3.155404,1.18122076732,1.31602510123,10.8853536583,-0.866370670294,0.76920630323,10.1040507478
3.15707,1.14586165058,1.20994775102,10.8489478072,-0.866370670294,0.723825427995,10.1040507478
3.158736,1.14586165058,1.24530686776,10.8489478072,-0.912515459961,0.723825427995,10.1040507478
3.160402,1.18122076732,1.28066598449,10.8853536583,-0.912515459961,0.76920630323,10.1040507478
3.162068,1.07514341711,1.35138421797,10.9581653606,-0.866370670294,0.76920630323,10.149431623
3.163734,1.18122076732,1.31602510123,10.8853536583,-0.866370670294,0.814587178465,10.149431623
3.1654,1.18122076732,1.28066598449,10.8489478072,-0.912515459961,0.76920630323,10.1040507478
3.167066,1.14586165058,1.31602510123,10.8489478072,-0.820225880627,0.814587178465,10.149431623
3.168732,1.21657988406,1.31602510123,10.8853536583,-0.820225880627,0.814587178465,10.1948124982
3.170398,1.07514341711,1.24530686776,10.7761361049,-0.820225880627,0.859968053701,10.1948124982
3.172064,1.18122076732,1.31602510123,10.8853536583,-0.866370670294,0.814587178465,10.149431623
3.17373,1.18122076732,1.35138421797,10.8489478072,-0.912515459961,0.76920630323,10.1040507478
3.175396,1.25193900079,1.31602510123,10.8853536583,-0.866370670294,0.76920630323,10.1040507478
3.177062,1.18122076732,1.31602510123,10.8853536583,-0.866370670294,0.814587178465,10.149431623
3.178728,1.14586165058,1.28066598449,10.8125419561,-0.77408109096,0.905348928936,10.2401933735
3.180394,1.18122076732,1.31602510123,10.8853536583,-0.866370670294,0.76920630323,10.1040507478
3.18206,1.18122076732,1.31602510123,10.8853536583,-0.866370670294,0.76920630323,10.149431623
3.183726,1.28729811753,1.42210245144,10.9581653606,-0.866370670294,0.76920630323,10.149431623
3.185392,1.21657988406,1.31602510123,10.8853536583,-0.820225880627,0.859968053701,10.1948124982
3.187058,1.18122076732,1.28066598449,10.8853536583,-0.866370670294,0.76920630323,10.1040507478
3.188724,1.18122076732,1.31602510123,10.8489478072,-0.866370670294,0.76920630323,10.149431623
3.19039,1.18122076732,1.35138421797,10.8853536583,-0.866370670294,0.76920630323,10.1040507478
3.192056,1.14586165058,1.3867433347,10.9922958461,-0.866370670294,0.76920630323,10.1040507478
3.193722,1.18122076732,1.31602510123,10.9217595095,-0.866370670294,0.814587178465,10.149431623
3.195388,1.14586165058,1.28066598449,10.8853536583,-0.820225880627,0.814587178465,10.149431623
3.197054,1.18122076732,1.31602510123,10.8853536583,-0.820225880627,0.814587178465,10.1948124982
3.19872,1.18122076732,1.35138421797,10.9217595095,-0.866370670294,0.76920630323,10.1040507478
3.200386,1.14586165058,1.28066598449,10.8489478072,-0.912515459961,0.76920630323,10.1040507478
3.202052,1.18122076732,1.31602510123,10.8853536583,-0.866370670294,0.76920630323,10.1040507478
3.203718,1.18122076732,1.31602510123,10.8853536583,-0.866370670294,0.814587178465,10.149431623
3.205384,1.32265723427,1.35138421797,10.9217595095,-0.866370670294,0.76920630323,10.149431623
3.20705,1.18122076732,1.31602510123,10.9217595095,-0.820225880627,0.814587178465,10.1948124982
3.208716,1.14586165058,1.24530686776,10.8853536583,-0.866370670294,0.76920630323,10.1040507478
3.210382,1.18122076732,1.24530686776,10.8489478072,-0.912515459961,0.76920630323,10.1040507478
3.212048,1.18122076732,1.28066598449,10.8853536583,-0.866370670294,0.76920630323,10.1040507478
3.213714,1.21657988406,1.42210245144,10.9922958461,-0.912515459961,0.76920630323,10.1040507478
3.21538,1.18122076732,1.31602510123,10.8853536583,-0.866370670294,0.76920630323,10.1040507478
3.217046,1.18122076732,1.28066598449,10.8853536583,-0.77408109096,0.859968053701,10.1948124982
3.218712,1.18122076732,1.31602510123,10.8853536583,-0.912515459961,0.76920630323,10.1040507478
3.220378,1.18122076732,1.31602510123,10.9217595095,-0.866370670294,0.76920630323,10.1040507478
3.222044,1.11050253385,1.20994775102,10.8853536583,-0.866370670294,0.76920630323,10.149431623
3.22371,1.14586165058,1.31602510123,10.8853536583,-0.912515459961,0.76920630323,10.1040507478
3.225376,1.18122076732,1.28066598449,10.8853536583,-0.866370670294,0.814587178465,10.1040507478
3.227042,1.18122076732,1.31602510123,10.8853536583,-0.866370670294,0.814587178465,10.149431623
3.228708,1.18122076732,1.31602510123,10.9217595095,-0.866370670294,0.814587178465,10.149431623
3.230374,1.14586165058,1.28066598449,10.8125419561,-0.77408109096,0.905348928936,10.2401933735
3.23204,1.18122076732,1.31602510123,10.8853536583,-0.866370670294,0.76920630323,10.1040507478
3.233706,1.18122076732,1.31602510123,10.8853536583,-0.866370670294,0.76920630323,10.1040507478
3.235372,1.21657988406,1.31602510123,10.8853536583,-0.866370670294,0.76920630323,10.1040507478
3.237038,1.18122076732,1.28066598449,10.9217595095,-0.866370670294,0.76920630323,10.1040507478
3.238704,1.11050253385,1.28066598449,10.8489478072,-0.866370670294,0.76920630323,10.149431623
3.24037,1.18122076732,1.28066598449,10.8853536583,-0.820225880627,0.814587178465,10.149431623
3.242036,1.18122076732,1.28066598449,10.8853536583,-0.912515459961,0.76920630323,10.149431623
3.243702,1.25193900079,1.35138421797,10.8853536583,-0.866370670294,0.76920630323,10.149431623
3.245368,1.18122076732,1.31602510123,10.9217595095,-0.866370670294,0.814587178465,10.1040507478
3.247034,1.11050253385,1.20994775102,10.8125419561,-0.866370670294,0.76920630323,10.149431623
3.2487,1.18122076732,1.28066598449,10.8853536583,-0.866370670294,0.76920630323,10.1040507478
3.250366,1.18122076732,1.31602510123,10.8853536583,-0.866370670294,0.814587178465,10.149431623
3.252032,1.25193900079,1.3867433347,10.9922958461,-0.866370670294,0.76920630323,10.1040507478
3.253698,1.18122076732,1.31602510123,10.8853536583,-0.866370670294,0.76920630323,10.1040507478
3.255364,1.18122076732,1.28066598449,10.8489478072,-0.77408109096,0.905348928936,10.2401933735
3.25703,1.14586165058,1.28066598449,10.8853536583,-0.866370670294,0.76920630323,10.1040507478
3.258696,1.18122076732,1.28066598449,10.8853536583,-0.866370670294,0.76920630323,10.1040507478
3.260362,1.11050253385,1.24530686776,10.9581653606,-0.820225880627,0.859968053701,10.1948124982
3.262028,1.18122076732,1.28066598449,10.8853536583,-0.866370670294,0.76920630323,10.1040507478
3.263694,1.14586165058,1.20994775102,10.8489478072,-0.866370670294,0.76920630323,10.1040507478
3.26536,1.18122076732,1.24530686776,10.8489478072,-0.820225880627,0.814587178465,10.149431623
3.267026,1.18122076732,1.28066598449,10.8853536583,-0.866370670294,0.76920630323,10.1040507478
3.268692,1.14586165058,1.20994775102,10.8125419561,-0.866370670294,0.76920630323,10.1040507478
3.270358,1.18122076732,1.31602510123,10.8853536583,-0.866370670294,0.723825427995,10.1040507478
3.272024,1.18122076732,1.24530686776,10.8853536583,-0.866370670294,0.723825427995,10.1040507478
3.27369,1.18122076732,1.20994775102,10.8853536583,-0.820225880627,0.76920630323,10.149431623
3.275356,1.21657988406,1.31602510123,10.9217595095,-0.77408109096,0.905348928936,10.2401933735
3.277022,1.14586165058,1.20994775102,10.8125419561,-0.77408109096,0.859968053701,10.1948124982
3.278688,1.14586165058,1.24530686776,10.8853536583,-0.77408109096,0.814587178465,10.1948124982
3.280354,1.18122076732,1.31602510123,10.8853536583,-0.77408109096,0.859968053701,10.1948124982
3.28202,1.28729811753,1.31602510123,10.8853536583,-0.866370670294,0.76920630323,10.149431623
3.283686,1.18122076732,1.31602510123,10.8853536583,-0.866370670294,0.76920630323,10.149431623
3.285352,1.11050253385,1.20994775102,10.8125419561,-0.820225880627,0.859968053701,10.1948124982
3.287018,1.14586165058,1.31602510123,10.8853536583,-0.912515459961,0.76920630323,10.1040507478
3.288684,1.18122076732,1.28066598449,10.8853536583,-0.866370670294,0.76920630323,10.1040507478
3.29035,1.21657988406,1.3867433347,10.9922958461,-0.866370670294,0.76920630323,10.149431623
3.292016,1.18122076732,1.31602510123,10.8853536583,-0.866370670294,0.723825427995,10.1040507478
3.293682,1.14586165058,1.24530686776,10.8125419561,-0.866370670294,0.76920630323,10.149431623
3.295348,1.11050253385,1.31602510123,10.8489478072,-0.866370670294,0.76920630323,10.1040507478
3.297014,1.21657988406,1.28066598449,10.8853536583,-0.866370670294,0.723825427995,10.1040507478
3.29868,1.11050253385,1.31602510123,10.9581653606,-0.866370670294,0.723825427995,10.1040507478
3.300346,1.18122076732,1.28066598449,10.8853536583,-0.866370670294,0.723825427995,10.1040507478
3.302012,1.18122076732,1.20994775102,10.8489478072,-0.866370670294,0.723825427995,10.1040507478
3.303678,1.18122076732,1.28066598449,10.8489478072,-0.912515459961,0.76920630323,10.1040507478
3.305344,1.18122076732,1.31602510123,10.8853536583,-0.866370670294,0.76920630323,10.149431623
3.30701,1.11050253385,1.24530686776,10.9217595095,-0.866370670294,0.723825427995,10.1040507478
3.308676,1.18122076732,1.31602510123,10.8853536583,-0.866370670294,0.76920630323,10.1040507478
3.310342,1.18122076732,1.31602510123,10.8853536583,-0.866370670294,0.76920630323,10.1040507478
3.312008,1.21657988406,1.31602510123,10.8489478072,-0.912515459961,0.723825427995,10.1040507478
3.313674,1.18122076732,1.31602510123,10.8853536583,-0.866370670294,0.76920630323,10.1040507478
3.31534,1.11050253385,1.20994775102,10.8125419561,-0.912515459961,0.76920630323,10.1040507478
3.317006,1.18122076732,1.28066598449,10.9217595095,-0.866370670294,0.723825427995,10.1040507478
3.318672,1.18122076732,1.28066598449,10.8853536583,-0.820225880627,0.814587178465,10.1040507478
3.320338,1.18122076732,1.31602510123,10.8489478072,-0.866370670294,0.814587178465,10.1040507478
3.322004,1.18122076732,1.35138421797,10.8853536583,-0.866370670294,0.76920630323,10.1040507478
3.32367,1.11050253385,1.20994775102,10.8125419561,-0.77408109096,0.905348928936,10.2401933735
3.325336,1.18122076732,1.31602510123,10.8853536583,-0.912515459961,0.76920630323,10.1040507478
3.327002,1.18122076732,1.28066598449,10.8853536583,-0.912515459961,0.723825427995,10.1040507478
3.328668,1.21657988406,1.31602510123,10.8489478072,-0.912515459961,0.814587178465,10.1040507478
3.330334,1.21657988406,1.31602510123,10.9217595095,-0.866370670294,0.814587178465,10.149431623
3.332,1.11050253385,1.24530686776,10.8125419561,-0.820225880627,0.814587178465,10.149431623
3.333666,1.18122076732,1.24530686776,10.8489478072,-0.866370670294,0.76920630323,10.149431623
3.335332,1.18122076732,1.35138421797,10.8853536583,-0.866370670294,0.76920630323,10.1040507478
3.336998,1.07514341711,1.20994775102,10.9217595095,-0.912515459961,0.76920630323,10.1040507478
3.338664,1.18122076732,1.31602510123,10.8853536583,-0.866370670294,0.814587178465,10.1040507478
3.34033,1.18122076732,1.28066598449,10.8853536583,-0.912515459961,0.76920630323,10.1040507478
3.341996,1.18122076732,1.28066598449,10.8489478072,-0.866370670294,0.723825427995,10.1040507478
3.343662,1.18122076732,1.28066598449,10.8853536583,-0.820225880627,0.814587178465,10.149431623
3.345328,1.14586165058,1.20994775102,10.8489478072,-0.866370670294,0.723825427995,10.1040507478
3.346994,1.18122076732,1.28066598449,10.8853536583,-0.866370670294,0.723825427995,10.1040507478
3.34866,1.18122076732,1.28066598449,10.8853536583,-0.866370670294,0.76920630323,10.1040507478
3.350326,1.21657988406,1.28066598449,10.8853536583,-0.866370670294,0.76920630323,10.149431623
3.351992,1.18122076732,1.28066598449,10.8853536583,-0.77408109096,0.814587178465,10.1948124982
3.353658,1.14586165058,1.20994775102,10.7761361049,-0.866370670294,0.76920630323,10.149431623
3.355324,1.18122076732,1.28066598449,10.8853536583,-0.866370670294,0.723825427995,10.1040507478
3.35699,1.18122076732,1.20994775102,10.8853536583,-0.77408109096,0.859968053701,10.1948124982
3.358656,1.25193900079,1.3867433347,10.8853536583,-0.866370670294,0.76920630323,10.1040507478
3.360322,1.18122076732,1.20994775102,10.8853536583,-0.866370670294,0.723825427995,10.1040507478
3.361988,1.14586165058,1.20994775102,10.8125419561,-0.866370670294,0.76920630323,10.149431623
3.363654,1.18122076732,1.28066598449,10.8853536583,-0.866370670294,0.76920630323,10.1040507478
3.36532,1.18122076732,1.28066598449,10.8853536583,-0.866370670294,0.723825427995,10.1040507478
3.366986,1.18122076732,1.3867433347,10.9581653606,-0.912515459961,0.76920630323,10.1040507478
3.368652,1.18122076732,1.24530686776,10.9217595095,-0.866370670294,0.76920630323,10.1040507478
3.370318,1.18122076732,1.28066598449,10.8489478072,-0.77408109096,0.859968053701,10.1948124982
3.371984,1.18122076732,1.28066598449,10.8853536583,-0.866370670294,0.76920630323,10.1040507478
3.37365,1.21657988406,1.31602510123,10.9217595095,-0.912515459961,0.76920630323,10.1040507478
3.375316,1.07514341711,1.28066598449,10.9581653606,-0.77408109096,0.859968053701,10.1948124982
3.376982,1.18122076732,1.31602510123,10.8853536583,-0.866370670294,0.76920630323,10.1040507478
3.378648,1.18122076732,1.28066598449,10.8489478072,-0.866370670294,0.76920630323,10.149431623
3.380314,1.14586165058,1.24530686776,10.8489478072,-0.912515459961,0.723825427995,10.149431623
3.38198,1.18122076732,1.28066598449,10.8853536583,-0.866370670294,0.76920630323,10.1040507478
3.383646,1.14586165058,1.20994775102,10.8125419561,-0.866370670294,0.76920630323,10.149431623
3.385312,1.18122076732,1.28066598449,10.9217595095,-0.912515459961,0.76920630323,10.1040507478
3.386978,1.18122076732,1.31602510123,10.8853536583,-0.866370670294,0.76920630323,10.1040507478
3.388644,1.21657988406,1.28066598449,10.8853536583,-0.866370670294,0.76920630323,10.149431623
3.39031,1.18122076732,1.31602510123,10.9217595095,-0.866370670294,0.76920630323,10.1040507478
3.391976,1.14586165058,1.28066598449,10.8125419561,-0.820225880627,0.814587178465,10.1948124982
3.393642,1.18122076732,1.31602510123,10.8853536583,-0.912515459961,0.76920630323,10.1040507478
3.395308,1.18122076732,1.31602510123,10.8853536583,-0.866370670294,0.76920630323,10.1040507478
3.396974,1.28729811753,1.3867433347,10.9217595095,-0.866370670294,0.76920630323,10.149431623
3.39864,1.21657988406,1.35138421797,10.8853536583,-0.866370670294,0.76920630323,10.1040507478
3.400306,1.18122076732,1.28066598449,10.8125419561,-0.820225880627,0.859968053701,10.1948124982
3.401972,1.18122076732,1.28066598449,10.8853536583,-0.912515459961,0.723825427995,10.1040507478
3.403638,1.18122076732,1.31602510123,10.8853536583,-0.866370670294,0.76920630323,10.149431623
3.405304,1.11050253385,1.35138421797,10.9922958461,-0.866370670294,0.76920630323,10.1040507478
3.40697,1.18122076732,1.28066598449,10.8853536583,-0.866370670294,0.723825427995,10.1040507478
3.408636,1.18122076732,1.31602510123,10.8853536583,-0.866370670294,0.814587178465,10.1040507478
3.410302,1.18122076732,1.28066598449,10.8853536583,-0.77408109096,0.905348928936,10.1948124982
3.411968,1.18122076732,1.20994775102,10.8853536583,-0.866370670294,0.76920630323,10.1040507478
3.413634,1.07514341711,1.3867433347,10.9922958461,-0.866370670294,0.76920630323,10.1040507478
3.4153,1.18122076732,1.31602510123,10.8853536583,-0.912515459961,0.76920630323,10.1040507478
3.416966,1.18122076732,1.20994775102,10.8853536583,-0.912515459961,0.76920630323,10.1040507478
3.418632,1.18122076732,1.31602510123,10.8853536583,-0.866370670294,0.814587178465,10.1040507478
3.420298,1.21657988406,1.31602510123,10.8853536583,-0.866370670294,0.76920630323,10.1040507478
3.421964,1.11050253385,1.20994775102,10.8125419561,-0.866370670294,0.76920630323,10.1040507478
3.42363,1.18122076732,1.24530686776,10.8853536583,-0.820225880627,0.814587178465,10.1948124982
3.425296,1.18122076732,1.24530686776,10.8853536583,-0.866370670294,0.76920630323,10.1040507478
3.426962,1.28729811753,1.31602510123,10.8853536583,-0.866370670294,0.76920630323,10.1040507478
3.428628,1.18122076732,1.24530686776,10.9217595095,-0.77408109096,0.859968053701,10.1948124982
3.430294,1.14586165058,1.24530686776,10.8125419561,-0.866370670294,0.814587178465,10.1040507478
3.43196,1.18122076732,1.31602510123,10.8853536583,-0.866370670294,0.76920630323,10.1040507478
3.433626,1.21657988406,1.28066598449,10.8853536583,-0.866370670294,0.76920630323,10.1040507478
3.435292,1.25193900079,1.31602510123,10.8853536583,-0.866370670294,0.76920630323,10.149431623
3.436958,1.18122076732,1.35138421797,10.9217595095,-0.912515459961,0.76920630323,10.1040507478
3.438624,1.18122076732,1.28066598449,10.8489478072,-0.820225880627,0.859968053701,10.149431623
3.44029,1.14586165058,1.31602510123,10.8853536583,-0.866370670294,0.76920630323,10.1040507478
3.441956,1.18122076732,1.31602510123,10.8853536583,-0.866370670294,0.76920630323,10.1040507478
3.443622,1.18122076732,1.42210245144,10.9922958461,-0.77408109096,0.905348928936,10.1948124982
3.445288,1.18122076732,1.35138421797,10.8853536583,-0.866370670294,0.814587178465,10.1040507478
3.446954,1.18122076732,1.31602510123,10.8489478072,-0.866370670294,0.76920630323,10.149431623
3.44862,1.14586165058,1.31602510123,10.8489478072,-0.866370670294,0.76920630323,10.1040507478
3.450286,1.18122076732,1.31602510123,10.8853536583,-0.866370670294,0.76920630323,10.1040507478
3.451952,1.11050253385,1.20994775102,10.9217595095,-0.866370670294,0.76920630323,10.1040507478
3.453618,1.18122076732,1.31602510123,10.8853536583,-0.866370670294,0.76920630323,10.1040507478
3.455284,1.18122076732,1.28066598449,10.8125419561,-0.912515459961,0.76920630323,10.1040507478
3.45695,1.18122076732,1.28066598449,10.8853536583,-0.866370670294,0.76920630323,10.149431623
3.458616,1.18122076732,1.28066598449,10.8853536583,-0.866370670294,0.76920630323,10.1040507478
3.460282,1.11050253385,1.20994775102,10.7761361049,-0.866370670294,0.76920630323,10.1040507478
3.461948,1.18122076732,1.28066598449,10.8853536583,-0.820225880627,0.859968053701,10.1948124982
3.463614,1.18122076732,1.28066598449,10.8853536583,-0.912515459961,0.76920630323,10.149431623
3.46528,1.18122076732,1.28066598449,10.8489478072,-0.866370670294,0.76920630323,10.149431623
3.466946,1.18122076732,1.35138421797,10.9217595095,-0.866370670294,0.76920630323,10.149431623
3.468612,1.11050253385,1.28066598449,10.8125419561,-0.866370670294,0.76920630323,10.1040507478
3.470278,1.18122076732,1.31602510123,10.8853536583,-0.77408109096,0.905348928936,10.2401933735
3.471944,1.18122076732,1.31602510123,10.8853536583,-0.866370670294,0.76920630323,10.1040507478
3.47361,1.28729811753,1.35138421797,10.8853536583,-0.866370670294,0.76920630323,10.1040507478
3.475276,1.18122076732,1.31602510123,10.8853536583,-0.912515459961,0.76920630323,10.1040507478
3.476942,1.18122076732,1.28066598449,10.8489478072,-0.866370670294,0.76920630323,10.149431623
3.478608,1.18122076732,1.31602510123,10.8853536583,-0.866370670294,0.814587178465,10.149431623
3.480274,1.18122076732,1.31602510123,10.8853536583,-0.77408109096,0.905348928936,10.2401933735
3.48194,1.11050253385,1.24530686776,10.9217595095,-0.912515459961,0.76920630323,10.1040507478
3.483606,1.18122076732,1.28066598449,10.8853536583,-0.912515459961,0.76920630323,10.1040507478
3.485272,1.18122076732,1.31602510123,10.8853536583,-0.912515459961,0.76920630323,10.1040507478
3.486938,1.21657988406,1.31602510123,10.8853536583,-0.866370670294,0.76920630323,10.1040507478
3.488604,1.18122076732,1.31602510123,10.9217595095,-0.866370670294,0.723825427995,10.1040507478
3.49027,1.14586165058,1.28066598449,10.8125419561,-0.912515459961,0.76920630323,10.1040507478
3.491936,1.18122076732,1.28066598449,10.8853536583,-0.77408109096,0.905348928936,10.1948124982
3.493602,1.18122076732,1.31602510123,10.8853536583,-0.820225880627,0.859968053701,10.1948124982
3.495268,1.28729811753,1.35138421797,10.8853536583,-0.820225880627,0.859968053701,10.149431623
3.496934,1.18122076732,1.28066598449,10.9217595095,-0.912515459961,0.76920630323,10.1040507478
3.4986,1.18122076732,1.20994775102,10.8125419561,-0.912515459961,0.76920630323,10.149431623
3.500266,1.18122076732,1.28066598449,10.8489478072,-0.866370670294,0.76920630323,10.149431623
3.501932,1.18122076732,1.28066598449,10.8853536583,-0.912515459961,0.76920630323,10.1040507478
3.503598,1.11050253385,1.20994775102,10.8853536583,-0.866370670294,0.76920630323,10.1040507478
3.505264,1.18122076732,1.31602510123,10.8853536583,-0.866370670294,0.76920630323,10.1040507478
3.50693,1.18122076732,1.28066598449,10.8853536583,-0.820225880627,0.859968053701,10.2401933735
3.508596,1.25193900079,1.35138421797,10.8853536583,-0.866370670294,0.76920630323,10.149431623
3.510262,1.18122076732,1.28066598449,10.9217595095,-0.866370670294,0.814587178465,10.1040507478
3.511928,1.14586165058,1.24530686776,10.8125419561,-0.866370670294,0.76920630323,10.149431623
3.513594,1.14586165058,1.31602510123,10.8853536583,-0.866370670294,0.814587178465,10.149431623
3.51526,1.18122076732,1.31602510123,10.8853536583,-0.912515459961,0.76920630323,10.149431623
3.516926,1.25193900079,1.42210245144,10.9581653606,-0.866370670294,0.76920630323,10.1040507478
3.518592,1.21657988406,1.31602510123,10.9217595095,-0.77408109096,0.905348928936,10.1948124982
3.520258,1.14586165058,1.28066598449,10.8853536583,-0.866370670294,0.76920630323,10.1040507478
3.521924,1.14586165058,1.20994775102,10.8853536583,-0.866370670294,0.76920630323,10.1040507478
3.52359,1.18122076732,1.35138421797,10.9217595095,-0.866370670294,0.76920630323,10.1040507478
3.525256,1.14586165058,1.24530686776,10.8489478072,-0.77408109096,0.905348928936,10.2401933735
3.526922,1.14586165058,1.31602510123,10.8853536583,-0.912515459961,0.76920630323,10.1040507478
3.528588,1.18122076732,1.31602510123,10.8853536583,-0.866370670294,0.814587178465,10.149431623
3.530254,1.21657988406,1.42210245144,10.9581653606,-0.912515459961,0.814587178465,10.1040507478
3.53192,1.18122076732,1.28066598449,10.9217595095,-0.912515459961,0.76920630323,10.1040507478
3.533586,1.14586165058,1.28066598449,10.8125419561,-0.866370670294,0.76920630323,10.149431623
3.535252,1.18122076732,1.28066598449,10.8853536583,-0.77408109096,0.859968053701,10.1948124982
3.536918,1.18122076732,1.28066598449,10.8853536583,-0.866370670294,0.76920630323,10.1040507478
3.538584,1.11050253385,1.31602510123,10.9922958461,-0.912515459961,0.723825427995,10.1040507478
3.54025,1.18122076732,1.28066598449,10.8853536583,-0.866370670294,0.76920630323,10.1040507478
3.541916,1.14586165058,1.20994775102,10.8853536583,-0.866370670294,0.76920630323,10.1040507478
3.543582,1.14586165058,1.24530686776,10.8489478072,-0.912515459961,0.723825427995,10.1040507478
3.545248,1.18122076732,1.28066598449,10.8853536583,-0.912515459961,0.723825427995,10.1040507478
3.546914,1.18122076732,1.35138421797,10.9922958461,-0.866370670294,0.723825427995,10.149431623
3.54858,1.18122076732,1.28066598449,10.9217595095,-0.866370670294,0.723825427995,10.1040507478
3.550246,1.14586165058,1.20994775102,10.8125419561,-0.912515459961,0.76920630323,10.1040507478
3.551912,1.11050253385,1.24530686776,10.8489478072,-0.77408109096,0.859968053701,10.2401933735
3.553578,1.18122076732,1.24530686776,10.8853536583,-0.912515459961,0.723825427995,10.149431623
3.555244,1.07514341711,1.31602510123,10.9922958461,-0.912515459961,0.723825427995,10.1040507478
3.55691,1.18122076732,1.28066598449,10.8853536583,-0.912515459961,0.723825427995,10.1040507478
3.558576,1.18122076732,1.24530686776,10.8489478072,-0.912515459961,0.723825427995,10.1040507478
3.560242,1.18122076732,1.24530686776,10.8489478072,-0.866370670294,0.76920630323,10.1040507478
3.561908,1.21657988406,1.31602510123,10.8853536583,-0.912515459961,0.76920630323,10.1040507478
3.563574,1.11050253385,1.20994775102,10.8125419561,-0.866370670294,0.76920630323,10.149431623
3.56524,1.18122076732,1.31602510123,10.8853536583,-0.912515459961,0.76920630323,10.1040507478
3.566906,1.18122076732,1.28066598449,10.8853536583,-0.912515459961,0.76920630323,10.1040507478
3.568572,1.18122076732,1.28066598449,10.8489478072,-0.866370670294,0.76920630323,10.149431623
3.570238,1.18122076732,1.31602510123,10.8853536583,-0.866370670294,0.76920630323,10.149431623
3.571904,1.11050253385,1.20994775102,10.9217595095,-0.77408109096,0.814587178465,10.1948124982
3.57357,1.18122076732,1.31602510123,10.8853536583,-0.912515459961,0.76920630323,10.1040507478
3.575236,1.18122076732,1.28066598449,10.8853536583,-0.866370670294,0.76920630323,10.149431623
3.576902,1.18122076732,1.28066598449,10.8489478072,-0.866370670294,0.76920630323,10.149431623
3.578568,1.18122076732,1.28066598449,10.8853536583,-0.912515459961,0.723825427995,10.1040507478
3.580234,1.14586165058,1.20994775102,10.8125419561,-0.866370670294,0.76920630323,10.149431623
3.5819,1.14586165058,1.28066598449,10.8853536583,-0.912515459961,0.76920630323,10.1040507478
3.583566,1.18122076732,1.28066598449,10.8853536583,-0.866370670294,0.76920630323,10.1040507478
3.585232,1.28729811753,1.3867433347,10.9217595095,-0.866370670294,0.814587178465,10.149431623
3.586898,1.18122076732,1.28066598449,10.9217595095,-0.77408109096,0.859968053701,10.1948124982
3.588564,1.18122076732,1.28066598449,10.8125419561,-0.912515459961,0.76920630323,10.1040507478
3.59023,1.14586165058,1.28066598449,10.8853536583,-0.866370670294,0.76920630323,10.1040507478
3.591896,1.18122076732,1.28066598449,10.8489478072,-0.912515459961,0.76920630323,10.1040507478
3.593562,1.25193900079,1.42210245144,10.9581653606,-0.912515459961,0.76920630323,10.1040507478
3.595228,1.18122076732,1.31602510123,10.9217595095,-0.866370670294,0.76920630323,10.149431623
3.596894,1.18122076732,1.20994775102,10.8489478072,-0.820225880627,0.814587178465,10.1948124982
3.59856,1.11050253385,1.28066598449,10.8489478072,-0.912515459961,0.723825427995,10.1040507478
3.600226,1.21657988406,1.31602510123,10.8853536583,-0.866370670294,0.76920630323,10.1040507478
3.601892,1.11050253385,1.24530686776,10.9217595095,-0.866370670294,0.814587178465,10.1040507478
3.603558,1.18122076732,1.31602510123,10.8853536583,-0.866370670294,0.76920630323,10.1040507478
3.605224,1.18122076732,1.28066598449,10.8489478072,-0.820225880627,0.859968053701,10.1948124982
3.60689,1.18122076732,1.28066598449,10.8489478072,-0.866370670294,0.76920630323,10.1040507478
3.608556,1.21657988406,1.31602510123,10.8853536583,-0.866370670294,0.814587178465,10.1040507478
3.610222,1.11050253385,1.24530686776,10.8125419561,-0.912515459961,0.76920630323,10.1040507478
3.611888,1.18122076732,1.24530686776,10.8853536583,-0.866370670294,0.76920630323,10.149431623
3.613554,1.18122076732,1.24530686776,10.8489478072,-0.866370670294,0.723825427995,10.149431623
3.61522,1.32265723427,1.35138421797,10.9217595095,-0.866370670294,0.76920630323,10.1040507478
3.616886,1.21657988406,1.31602510123,10.8853536583,-0.866370670294,0.76920630323,10.1040507478
3.618552,1.14586165058,1.20994775102,10.8125419561,-0.866370670294,0.76920630323,10.1040507478
3.620218,1.18122076732,1.24530686776,10.8489478072,-0.77408109096,0.859968053701,10.1948124982
3.621884,1.18122076732,1.28066598449,10.8853536583,-0.866370670294,0.76920630323,10.149431623
3.62355,1.21657988406,1.31602510123,10.9581653606,-0.820225880627,0.76920630323,10.1948124982
3.625216,1.18122076732,1.28066598449,10.8853536583,-0.866370670294,0.723825427995,10.1040507478
3.626882,1.18122076732,1.20994775102,10.8489478072,-0.866370670294,0.76920630323,10.1040507478
3.628548,1.14586165058,1.24530686776,10.8489478072,-0.866370670294,0.723825427995,10.1040507478
3.630214,1.21657988406,1.28066598449,10.8853536583,-0.866370670294,0.814587178465,10.1040507478
3.63188,1.07514341711,1.20994775102,10.9217595095,-0.866370670294,0.76920630323,10.1040507478
3.633546,1.18122076732,1.24530686776,10.8853536583,-0.912515459961,0.723825427995,10.1040507478
3.635212,1.14586165058,1.20994775102,10.8853536583,-0.866370670294,0.723825427995,10.1040507478
3.636878,1.18122076732,1.24530686776,10.8489478072,-0.866370670294,0.76920630323,10.1040507478
3.638544,1.18122076732,1.28066598449,10.8853536583,-0.866370670294,0.723825427995,10.1040507478
3.64021,1.11050253385,1.20994775102,10.7761361049,-0.866370670294,0.723825427995,10.1040507478
3.641876,1.18122076732,1.24530686776,10.8853536583,-0.912515459961,0.76920630323,10.1040507478
3.643542,1.14586165058,1.31602510123,10.8853536583,-0.866370670294,0.76920630323,10.1040507478
3.645208,1.21657988406,1.31602510123,10.8489478072,-0.866370670294,0.76920630323,10.1040507478
3.646874,1.18122076732,1.28066598449,10.8853536583,-0.77408109096,0.905348928936,10.2401933735
3.64854,1.18122076732,1.24530686776,10.8125419561,-0.912515459961,0.76920630323,10.1040507478
3.650206,1.14586165058,1.24530686776,10.8489478072,-0.912515459961,0.723825427995,10.1040507478
3.651872,1.18122076732,1.28066598449,10.8853536583,-0.866370670294,0.76920630323,10.1040507478
3.653538,1.28729811753,1.42210245144,10.9217595095,-0.77408109096,0.859968053701,10.2401933735
3.655204,1.18122076732,1.24530686776,10.8853536583,-0.866370670294,0.723825427995,10.1040507478
3.65687,1.18122076732,1.20994775102,10.8489478072,-0.866370670294,0.76920630323,10.1040507478
3.658536,1.14586165058,1.28066598449,10.8489478072,-0.77408109096,0.905348928936,10.2401933735
3.660202,1.18122076732,1.28066598449,10.8853536583,-0.912515459961,0.76920630323,10.1040507478
3.661868,1.07514341711,1.28066598449,10.9581653606,-0.866370670294,0.723825427995,10.1040507478
3.663534,1.18122076732,1.28066598449,10.8853536583,-0.866370670294,0.723825427995,10.1040507478
3.6652,1.14586165058,1.24530686776,10.8489478072,-0.866370670294,0.723825427995,10.1040507478
3.666866,1.18122076732,1.24530686776,10.8853536583,-0.77408109096,0.905348928936,10.2401933735
3.668532,1.18122076732,1.31602510123,10.8853536583,-0.912515459961,0.723825427995,10.1040507478
3.670198,1.11050253385,1.20994775102,10.8125419561,-0.866370670294,0.76920630323,10.1040507478
3.671864,1.18122076732,1.28066598449,10.8853536583,-0.77408109096,0.859968053701,10.2401933735
3.67353,1.18122076732,1.28066598449,10.8853536583,-0.912515459961,0.723825427995,10.1040507478
3.675196,1.21657988406,1.31602510123,10.8853536583,-0.866370670294,0.723825427995,10.1040507478
3.676862,1.18122076732,1.28066598449,10.9217595095,-0.866370670294,0.76920630323,10.1040507478
3.678528,1.14586165058,1.20994775102,10.8125419561,-0.820225880627,0.76920630323,10.1948124982
3.680194,1.18122076732,1.28066598449,10.8853536583,-0.912515459961,0.723825427995,10.1040507478
3.68186,1.18122076732,1.24530686776,10.8853536583,-0.866370670294,0.76920630323,10.1040507478
3.683526,1.21657988406,1.35138421797,10.9581653606,-0.912515459961,0.723825427995,10.149431623
3.685192,1.18122076732,1.35138421797,10.8853536583,-0.866370670294,0.76920630323,10.1040507478
3.686858,1.18122076732,1.28066598449,10.8125419561,-0.866370670294,0.76920630323,10.1040507478
3.688524,1.18122076732,1.28066598449,10.8489478072,-0.866370670294,0.76920630323,10.149431623
3.69019,1.18122076732,1.31602510123,10.8853536583,-0.866370670294,0.76920630323,10.1040507478
3.691856,1.11050253385,1.28066598449,10.9581653606,-0.77408109096,0.905348928936,10.1948124982
3.693522,1.18122076732,1.31602510123,10.8853536583,-0.77408109096,0.859968053701,10.2401933735
3.695188,1.18122076732,1.28066598449,10.8489478072,-0.866370670294,0.76920630323,10.149431623
3.696854,1.18122076732,1.28066598449,10.8853536583,-0.866370670294,0.76920630323,10.1040507478
3.69852,1.18122076732,1.28066598449,10.8853536583,-0.866370670294,0.723825427995,10.149431623
3.700186,1.07514341711,1.31602510123,10.9922958461,-0.866370670294,0.723825427995,10.1040507478
3.701852,1.14586165058,1.28066598449,10.8853536583,-0.866370670294,0.76920630323,10.1040507478
3.703518,1.18122076732,1.28066598449,10.8489478072,-0.866370670294,0.76920630323,10.149431623
3.705184,1.18122076732,1.24530686776,10.8489478072,-0.866370670294,0.723825427995,10.149431623
3.70685,1.18122076732,1.28066598449,10.9217595095,-0.912515459961,0.723825427995,10.1040507478
3.708516,1.11050253385,1.20994775102,10.7761361049,-0.866370670294,0.76920630323,10.1040507478
3.710182,1.18122076732,1.28066598449,10.8853536583,-0.866370670294,0.76920630323,10.149431623
3.711848,1.18122076732,1.28066598449,10.8853536583,-0.912515459961,0.723825427995,10.1040507478
3.713514,1.28729811753,1.35138421797,10.8853536583,-0.866370670294,0.723825427995,10.1040507478
3.71518,1.18122076732,1.31602510123,10.8853536583,-0.77408109096,0.859968053701,10.2401933735
3.716846,1.11050253385,1.20994775102,10.8489478072,-0.866370670294,0.76920630323,10.149431623
3.718512,1.18122076732,1.24530686776,10.8489478072,-0.866370670294,0.76920630323,10.1040507478
3.720178,1.18122076732,1.28066598449,10.8853536583,-0.912515459961,0.723825427995,10.1040507478
3.721844,1.21657988406,1.3867433347,10.9922958461,-0.866370670294,0.723825427995,10.1040507478
3.72351,1.18122076732,1.31602510123,10.8853536583,-0.912515459961,0.723825427995,10.1040507478
3.725176,1.18122076732,1.24530686776,10.8489478072,-0.866370670294,0.76920630323,10.1040507478
3.726842,1.14586165058,1.31602510123,10.8853536583,-0.77408109096,0.859968053701,10.1948124982
3.728508,1.18122076732,1.28066598449,10.8853536583,-0.866370670294,0.76920630323,10.1040507478
3.730174,1.11050253385,1.24530686776,10.8853536583,-0.77408109096,0.859968053701,10.2401933735
3.73184,1.18122076732,1.28066598449,10.8853536583,-0.866370670294,0.76920630323,10.149431623
3.733506,1.18122076732,1.28066598449,10.8853536583,-0.866370670294,0.76920630323,10.149431623
3.735172,1.18122076732,1.31602510123,10.8853536583,-0.77408109096,0.859968053701,10.1948124982
3.736838,1.18122076732,1.31602510123,10.8853536583,-0.77408109096,0.905348928936,10.2401933735
3.738504,1.14586165058,1.20994775102,10.8125419561,-0.820225880627,0.814587178465,10.1948124982
3.74017,1.18122076732,1.28066598449,10.8853536583,-0.77408109096,0.859968053701,10.1948124982
3.741836,1.18122076732,1.31602510123,10.8853536583,-0.866370670294,0.814587178465,10.149431623
3.743502,1.28729811753,1.35138421797,10.9581653606,-0.866370670294,0.76920630323,10.1040507478
3.745168,1.18122076732,1.28066598449,10.8853536583,-0.866370670294,0.76920630323,10.1040507478
3.746834,1.14586165058,1.28066598449,10.8489478072,-0.866370670294,0.76920630323,10.1040507478
3.7485,1.14586165058,1.28066598449,10.8489478072,-0.866370670294,0.76920630323,10.149431623
3.750166,1.21657988406,1.31602510123,10.8853536583,-0.866370670294,0.76920630323,10.1040507478
3.751832,1.11050253385,1.28066598449,10.9922958461,-0.866370670294,0.76920630323,10.149431623
3.753498,1.18122076732,1.31602510123,10.8853536583,-0.866370670294,0.76920630323,10.1040507478
3.755164,1.18122076732,1.31602510123,10.8489478072,-0.77408109096,0.859968053701,10.1948124982
3.75683,1.18122076732,1.28066598449,10.8853536583,-0.820225880627,0.814587178465,10.149431623
3.758496,1.18122076732,1.31602510123,10.8853536583,-0.912515459961,0.76920630323,10.1040507478
3.760162,1.11050253385,1.20994775102,10.8125419561,-0.866370670294,0.76920630323,10.1040507478
3.761828,1.18122076732,1.35138421797,10.8853536583,-0.866370670294,0.76920630323,10.1040507478
3.763494,1.18122076732,1.28066598449,10.8853536583,-0.77408109096,0.859968053701,10.1948124982
3.76516,1.28729811753,1.3867433347,10.9217595095,-0.912515459961,0.723825427995,10.1040507478
3.766826,1.18122076732,1.31602510123,10.8853536583,-0.866370670294,0.76920630323,10.149431623
3.768492,1.18122076732,1.28066598449,10.8853536583,-0.866370670294,0.76920630323,10.149431623
3.770158,1.14586165058,1.28066598449,10.8853536583,-0.77408109096,0.905348928936,10.1948124982
3.771824,1.18122076732,1.28066598449,10.8853536583,-0.866370670294,0.76920630323,10.149431623
3.77349,1.18122076732,1.3867433347,10.9922958461,-0.866370670294,0.76920630323,10.1040507478
3.775156,1.18122076732,1.31602510123,10.8853536583,-0.866370670294,0.76920630323,10.1040507478
3.776822,1.14586165058,1.28066598449,10.8489478072,-0.912515459961,0.76920630323,10.1040507478
3.778488,1.18122076732,1.31602510123,10.8489478072,-0.866370670294,0.76920630323,10.1040507478
3.780154,1.18122076732,1.31602510123,10.8853536583,-0.866370670294,0.76920630323,10.1040507478
3.78182,1.11050253385,1.28066598449,10.9581653606,-0.866370670294,0.814587178465,10.149431623
3.783486,1.18122076732,1.35138421797,10.8853536583,-0.866370670294,0.814587178465,10.149431623
3.785152,1.18122076732,1.31602510123,10.8489478072,-0.912515459961,0.76920630323,10.1040507478
3.786818,1.18122076732,1.31602510123,10.8489478072,-0.866370670294,0.76920630323,10.1040507478
3.788484,1.21657988406,1.28066598449,10.9217595095,-0.866370670294,0.723825427995,10.1040507478
3.79015,1.14586165058,1.20994775102,10.8125419561,-0.866370670294,0.814587178465,10.149431623
3.791816,1.18122076732,1.28066598449,10.8853536583,-0.866370670294,0.76920630323,10.1040507478
3.793482,1.18122076732,1.31602510123,10.8853536583,-0.866370670294,0.76920630323,10.1040507478
3.795148,1.25193900079,1.35138421797,10.8489478072,-0.912515459961,0.76920630323,10.1040507478
3.796814,1.18122076732,1.28066598449,10.8853536583,-0.866370670294,0.76920630323,10.1040507478
3.79848,1.11050253385,1.24530686776,10.7761361049,-0.866370670294,0.76920630323,10.1040507478
3.800146,1.18122076732,1.28066598449,10.8853536583,-0.866370670294,0.76920630323,10.1040507478
3.801812,1.18122076732,1.31602510123,10.8853536583,-0.866370670294,0.76920630323,10.1040507478
3.803478,1.32265723427,1.35138421797,10.8853536583,-0.866370670294,0.76920630323,10.1040507478
3.805144,1.21657988406,1.31602510123,10.8853536583,-0.866370670294,0.76920630323,10.1040507478
3.80681,1.14586165058,1.28066598449,10.8125419561,-0.866370670294,0.814587178465,10.1040507478
3.808476,1.18122076732,1.28066598449,10.8489478072,-0.912515459961,0.76920630323,10.1040507478
3.810142,1.18122076732,1.31602510123,10.8853536583,-0.912515459961,0.723825427995,10.1040507478
3.811808,1.25193900079,1.3867433347,10.9217595095,-0.866370670294,0.76920630323,10.149431623
3.813474,1.18122076732,1.31602510123,10.8853536583,-0.866370670294,0.814587178465,10.149431623
3.81514,1.18122076732,1.24530686776,10.8489478072,-0.866370670294,0.76920630323,10.149431623
3.816806,1.14586165058,1.28066598449,10.8853536583,-0.912515459961,0.76920630323,10.1040507478
3.818472,1.18122076732,1.31602510123,10.8853536583,-0.912515459961,0.76920630323,10.1040507478
3.820138,1.25193900079,1.42210245144,10.9217595095,-0.866370670294,0.814587178465,10.1040507478
3.821804,1.18122076732,1.31602510123,10.8853536583,-0.77408109096,0.905348928936,10.1948124982
3.82347,1.18122076732,1.28066598449,10.8489478072,-0.912515459961,0.76920630323,10.1040507478
3.825136,1.18122076732,1.28066598449,10.8489478072,-0.866370670294,0.76920630323,10.1040507478
3.826802,1.18122076732,1.31602510123,10.8853536583,-0.866370670294,0.814587178465,10.149431623
3.828468,1.14586165058,1.35138421797,10.9922958461,-0.866370670294,0.76920630323,10.1040507478
3.830134,1.18122076732,1.35138421797,10.9217595095,-0.820225880627,0.76920630323,10.149431623
3.8318,1.18122076732,1.28066598449,10.8853536583,-0.866370670294,0.76920630323,10.1040507478
3.833466,1.18122076732,1.31602510123,10.8489478072,-0.866370670294,0.814587178465,10.1040507478
3.835132,1.18122076732,1.31602510123,10.9217595095,-0.866370670294,0.76920630323,10.1040507478
3.836798,1.11050253385,1.20994775102,10.7761361049,-0.866370670294,0.814587178465,10.1040507478
3.838464,1.18122076732,1.31602510123,10.8853536583,-0.77408109096,0.859968053701,10.2401933735
3.84013,1.18122076732,1.31602510123,10.8853536583,-0.77408109096,0.859968053701,10.1948124982
3.841796,1.18122076732,1.28066598449,10.8489478072,-0.866370670294,0.76920630323,10.1040507478
3.843462,1.18122076732,1.31602510123,10.9217595095,-0.866370670294,0.76920630323,10.1040507478
3.845128,1.14586165058,1.24530686776,10.8125419561,-0.77408109096,0.859968053701,10.1948124982
3.846794,1.18122076732,1.28066598449,10.8853536583,-0.866370670294,0.76920630323,10.1040507478
3.84846,1.18122076732,1.31602510123,10.8853536583,-0.866370670294,0.814587178465,10.149431623
3.850126,1.25193900079,1.35138421797,10.8853536583,-0.912515459961,0.76920630323,10.1040507478
3.851792,1.21657988406,1.28066598449,10.8853536583,-0.866370670294,0.76920630323,10.1040507478
3.853458,1.14586165058,1.28066598449,10.8125419561,-0.866370670294,0.76920630323,10.1040507478
3.855124,1.18122076732,1.28066598449,10.8853536583,-0.820225880627,0.814587178465,10.1948124982
3.85679,1.18122076732,1.31602510123,10.8853536583,-0.866370670294,0.76920630323,10.149431623
3.858456,1.18122076732,1.31602510123,10.8853536583,-0.866370670294,0.76920630323,10.1040507478
3.860122,1.18122076732,1.31602510123,10.8853536583,-0.866370670294,0.76920630323,10.149431623
3.861788,1.14586165058,1.20994775102,10.8125419561,-0.77408109096,0.859968053701,10.1948124982
3.863454,1.18122076732,1.31602510123,10.8853536583,-0.866370670294,0.76920630323,10.1040507478
3.86512,1.18122076732,1.31602510123,10.8853536583,-0.866370670294,0.76920630323,10.149431623
3.866786,1.25193900079,1.31602510123,10.8853536583,-0.820225880627,0.859968053701,10.149431623
3.868452,1.18122076732,1.31602510123,10.9217595095,-0.866370670294,0.76920630323,10.149431623
3.870118,1.14586165058,1.28066598449,10.8125419561,-0.866370670294,0.814587178465,10.149431623
3.871784,1.14586165058,1.28066598449,10.8853536583,-0.866370670294,0.76920630323,10.1040507478
3.87345,1.18122076732,1.31602510123,10.8853536583,-0.866370670294,0.76920630323,10.149431623
3.875116,1.28729811753,1.3867433347,10.8853536583,-0.866370670294,0.723825427995,10.1040507478
3.876782,1.18122076732,1.31602510123,10.9217595095,-0.866370670294,0.814587178465,10.149431623
3.878448,1.14586165058,1.31602510123,10.8489478072,-0.866370670294,0.76920630323,10.149431623
3.880114,1.18122076732,1.31602510123,10.8853536583,-0.866370670294,0.76920630323,10.1040507478
3.88178,1.18122076732,1.31602510123,10.8853536583,-0.866370670294,0.814587178465,10.149431623
3.883446,1.28729811753,1.42210245144,10.9581653606,-0.866370670294,0.814587178465,10.149431623
3.885112,1.18122076732,1.31602510123,10.8853536583,-0.820225880627,0.814587178465,10.149431623
3.886778,1.14586165058,1.28066598449,10.8125419561,-0.866370670294,0.76920630323,10.149431623
3.888444,1.14586165058,1.28066598449,10.8853536583,-0.866370670294,0.76920630323,10.149431623
3.89011,1.18122076732,1.31602510123,10.8853536583,-0.866370670294,0.76920630323,10.1040507478
3.891776,1.18122076732,1.3867433347,10.9922958461,-0.866370670294,0.76920630323,10.1040507478
3.893442,1.18122076732,1.35138421797,10.8853536583,-0.77408109096,0.859968053701,10.1948124982
3.895108,1.18122076732,1.28066598449,10.8853536583,-0.866370670294,0.76920630323,10.149431623
3.896774,1.14586165058,1.28066598449,10.8489478072,-0.866370670294,0.814587178465,10.1040507478
3.89844,1.18122076732,1.31602510123,10.8853536583,-0.866370670294,0.814587178465,10.149431623
3.900106,1.07514341711,1.24530686776,10.9581653606,-0.912515459961,0.76920630323,10.1040507478
3.901772,1.18122076732,1.31602510123,10.8853536583,-0.866370670294,0.76920630323,10.1040507478
3.903438,1.18122076732,1.31602510123,10.8853536583,-0.866370670294,0.76920630323,10.1040507478
3.905104,1.18122076732,1.31602510123,10.8489478072,-0.866370670294,0.814587178465,10.149431623
3.90677,1.18122076732,1.28066598449,10.9217595095,-0.866370670294,0.76920630323,10.1040507478
3.908436,1.11050253385,1.24530686776,10.8125419561,-0.866370670294,0.76920630323,10.149431623
3.910102,1.18122076732,1.31602510123,10.8853536583,-0.866370670294,0.76920630323,10.1040507478
3.911768,1.18122076732,1.31602510123,10.8853536583,-0.866370670294,0.76920630323,10.149431623
3.913434,1.21657988406,1.31602510123,10.8489478072,-0.820225880627,0.859968053701,10.149431623
3.9151,1.18122076732,1.31602510123,10.8853536583,-0.866370670294,0.76920630323,10.1040507478
3.916766,1.14586165058,1.20994775102,10.8125419561,-0.866370670294,0.76920630323,10.1040507478
3.918432,1.18122076732,1.31602510123,10.8853536583,-0.866370670294,0.76920630323,10.149431623
3.920098,1.18122076732,1.31602510123,10.8853536583,-0.866370670294,0.76920630323,10.1040507478
3.921764,1.25193900079,1.35138421797,10.8853536583,-0.866370670294,0.76920630323,10.1040507478
3.92343,1.18122076732,1.31602510123,10.8853536583,-0.866370670294,0.814587178465,10.149431623
3.925096,1.11050253385,1.24530686776,10.7761361049,-0.912515459961,0.76920630323,10.1040507478
3.926762,1.18122076732,1.31602510123,10.8853536583,-0.866370670294,0.76920630323,10.1040507478
3.928428,1.18122076732,1.28066598449,10.8853536583,-0.866370670294,0.76920630323,10.149431623
3.930094,1.21657988406,1.31602510123,10.8489478072,-0.866370670294,0.76920630323,10.1040507478
3.93176,1.18122076732,1.31602510123,10.8853536583,-0.912515459961,0.76920630323,10.1040507478
3.933426,1.11050253385,1.20994775102,10.8125419561,-0.866370670294,0.76920630323,10.1040507478
3.935092,1.18122076732,1.28066598449,10.8853536583,-0.866370670294,0.76920630323,10.1040507478
3.936758,1.21657988406,1.31602510123,10.8853536583,-0.866370670294,0.76920630323,10.1040507478
3.938424,1.28729811753,1.35138421797,10.8853536583,-0.77408109096,0.859968053701,10.2401933735
3.94009,1.18122076732,1.31602510123,10.8853536583,-0.866370670294,0.814587178465,10.149431623
3.941756,1.14586165058,1.28066598449,10.8125419561,-0.866370670294,0.76920630323,10.1040507478
3.943422,1.18122076732,1.31602510123,10.8853536583,-0.866370670294,0.76920630323,10.1040507478
3.945088,1.18122076732,1.31602510123,10.8853536583,-0.866370670294,0.76920630323,10.1040507478
3.946754,1.21657988406,1.3867433347,10.9922958461,-0.866370670294,0.76920630323,10.1040507478
3.94842,1.18122076732,1.31602510123,10.8853536583,-0.866370670294,0.76920630323,10.1040507478
3.950086,1.14586165058,1.28066598449,10.8489478072,-0.866370670294,0.76920630323,10.1040507478
3.951752,1.18122076732,1.31602510123,10.8489478072,-0.866370670294,0.814587178465,10.149431623
3.953418,1.18122076732,1.31602510123,10.9217595095,-0.77408109096,0.859968053701,10.2401933735
3.955084,1.11050253385,1.24530686776,10.7761361049,-0.866370670294,0.76920630323,10.1040507478
3.95675,1.14586165058,1.31602510123,10.9217595095,-0.866370670294,0.814587178465,10.1040507478
3.958416,1.14586165058,1.31602510123,10.8853536583,-0.866370670294,0.76920630323,10.1040507478
3.960082,1.25193900079,1.31602510123,10.8853536583,-0.866370670294,0.76920630323,10.1040507478
3.961748,1.18122076732,1.31602510123,10.9217595095,-0.866370670294,0.76920630323,10.1040507478
3.963414,1.14586165058,1.24530686776,10.8489478072,-0.820225880627,0.814587178465,10.149431623
3.96508,1.14586165058,1.31602510123,10.8489478072,-0.866370670294,0.76920630323,10.1040507478
3.966746,1.18122076732,1.31602510123,10.9217595095,-0.866370670294,0.76920630323,10.1040507478
3.968412,1.18122076732,1.3867433347,10.9922958461,-0.912515459961,0.76920630323,10.1040507478
3.970078,1.18122076732,1.35138421797,10.8853536583,-0.866370670294,0.76920630323,10.1040507478
3.971744,1.18122076732,1.28066598449,10.8853536583,-0.866370670294,0.76920630323,10.1040507478
3.97341,1.11050253385,1.28066598449,10.8125419561,-0.820225880627,0.814587178465,10.149431623
3.975076,1.18122076732,1.31602510123,10.8853536583,-0.77408109096,0.905348928936,10.2401933735
3.976742,1.21657988406,1.3867433347,10.9217595095,-0.77408109096,0.905348928936,10.2401933735
3.978408,1.18122076732,1.31602510123,10.8853536583,-0.727936301293,0.859968053701,10.1948124982
3.980074,1.14586165058,1.28066598449,10.8489478072,-0.77408109096,0.905348928936,10.1948124982
3.98174,1.14586165058,1.28066598449,10.8853536583,-0.820225880627,0.814587178465,10.1948124982
3.983406,1.18122076732,1.31602510123,10.9217595095,-0.866370670294,0.76920630323,10.1040507478
3.985072,1.11050253385,1.24530686776,10.9217595095,-0.866370670294,0.76920630323,10.1040507478
3.986738,1.18122076732,1.31602510123,10.8853536583,-0.866370670294,0.76920630323,10.149431623
3.988404,1.18122076732,1.28066598449,10.8853536583,-0.866370670294,0.76920630323,10.149431623
3.99007,1.18122076732,1.31602510123,10.8489478072,-0.820225880627,0.76920630323,10.149431623
3.991736,1.18122076732,1.31602510123,10.8853536583,-0.77408109096,0.905348928936,10.1948124982
3.993402,1.14586165058,1.28066598449,10.8125419561,-0.866370670294,0.814587178465,10.149431623
3.995068,1.18122076732,1.31602510123,10.8853536583,-0.866370670294,0.76920630323,10.1040507478
3.996734,1.18122076732,1.31602510123,10.8853536583,-0.866370670294,0.76920630323,10.1040507478
3.9984,1.28729811753,1.3867433347,10.9217595095,-0.866370670294,0.723825427995,10.1040507478
4.000066,1.18122076732,1.31602510123,10.8853536583,-0.820225880627,0.814587178465,10.149431623
4.001732,1.14586165058,1.28066598449,10.8125419561,-0.866370670294,0.76920630323,10.149431623
4.003398,1.18122076732,1.28066598449,10.8489478072,-0.866370670294,0.76920630323,10.149431623
4.005064,1.18122076732,1.31602510123,10.8853536583,-0.866370670294,0.76920630323,10.149431623
4.00673,1.18122076732,1.3867433347,10.9922958461,-0.866370670294,0.814587178465,10.149431623
4.008396,1.18122076732,1.28066598449,10.9217595095,-0.866370670294,0.76920630323,10.149431623
4.010062,1.18122076732,1.28066598449,10.8489478072,-0.866370670294,0.76920630323,10.149431623
4.011728,1.14586165058,1.28066598449,10.8853536583,-0.866370670294,0.76920630323,10.149431623
4.013394,1.18122076732,1.28066598449,10.8853536583,-0.866370670294,0.76920630323,10.1040507478
4.01506,1.18122076732,1.3867433347,10.9922958461,-0.866370670294,0.76920630323,10.149431623
4.016726,1.18122076732,1.31602510123,10.8853536583,-0.866370670294,0.76920630323,10.1040507478
4.018392,1.18122076732,1.28066598449,10.8853536583,-0.77408109096,0.905348928936,10.2401933735
4.020058,1.18122076732,1.31602510123,10.8853536583,-0.912515459961,0.723825427995,10.1040507478
4.021724,1.18122076732,1.31602510123,10.8853536583,-0.866370670294,0.76920630323,10.1040507478
4.02339,1.07514341711,1.20994775102,10.9217595095,-0.866370670294,0.76920630323,10.149431623
4.025056,1.18122076732,1.31602510123,10.9217595095,-0.866370670294,0.76920630323,10.1040507478
4.026722,1.14586165058,1.28066598449,10.8853536583,-0.866370670294,0.76920630323,10.1040507478
4.028388,1.18122076732,1.31602510123,10.8853536583,-0.866370670294,0.76920630323,10.1040507478
4.030054,1.18122076732,1.31602510123,10.8853536583,-0.77408109096,0.905348928936,10.2401933735
4.03172,1.11050253385,1.24530686776,10.8125419561,-0.866370670294,0.76920630323,10.1040507478
4.033386,1.18122076732,1.31602510123,10.8853536583,-0.866370670294,0.814587178465,10.149431623
4.035052,1.18122076732,1.28066598449,10.8853536583,-0.820225880627,0.905348928936,10.1948124982
4.036718,1.18122076732,1.31602510123,10.8853536583,-0.866370670294,0.76920630323,10.149431623
4.038384,1.18122076732,1.31602510123,10.9217595095,-0.866370670294,0.76920630323,10.149431623
4.04005,1.11050253385,1.24530686776,10.8489478072,-0.866370670294,0.76920630323,10.1040507478
4.041716,1.14586165058,1.31602510123,10.8853536583,-0.912515459961,0.723825427995,10.1040507478
4.043382,1.18122076732,1.31602510123,10.8853536583,-0.866370670294,0.814587178465,10.149431623
4.045048,1.28729811753,1.3867433347,10.9217595095,-0.866370670294,0.76920630323,10.149431623
4.046714,1.18122076732,1.35138421797,10.9217595095,-0.820225880627,0.859968053701,10.1948124982
4.04838,1.18122076732,1.24530686776,10.8853536583,-0.912515459961,0.723825427995,10.149431623
4.050046,1.14586165058,1.31602510123,10.8489478072,-0.866370670294,0.814587178465,10.149431623
4.051712,1.18122076732,1.28066598449,10.8853536583,-0.866370670294,0.76920630323,10.1040507478
4.053378,1.07514341711,1.28066598449,10.9217595095,-0.77408109096,0.905348928936,10.2401933735
4.055044,1.18122076732,1.28066598449,10.8853536583,-0.866370670294,0.76920630323,10.1040507478
4.05671,1.14586165058,1.28066598449,10.8853536583,-0.912515459961,0.76920630323,10.1040507478
4.058376,1.18122076732,1.31602510123,10.8853536583,-0.912515459961,0.76920630323,10.1040507478
4.060042,1.18122076732,1.31602510123,10.9217595095,-0.912515459961,0.814587178465,10.1040507478
4.061708,1.11050253385,1.24530686776,10.8125419561,-0.866370670294,0.76920630323,10.149431623
4.063374,1.18122076732,1.31602510123,10.8853536583,-0.820225880627,0.905348928936,10.1948124982
4.06504,1.18122076732,1.28066598449,10.8853536583,-0.866370670294,0.76920630323,10.1040507478
4.066706,1.25193900079,1.35138421797,10.9217595095,-0.866370670294,0.76920630323,10.1040507478
4.068372,1.21657988406,1.31602510123,10.8853536583,-0.912515459961,0.76920630323,10.1040507478
4.070038,1.11050253385,1.24530686776,10.8125419561,-0.866370670294,0.76920630323,10.149431623
4.071704,1.18122076732,1.28066598449,10.8853536583,-0.77408109096,0.859968053701,10.1948124982
4.07337,1.18122076732,1.31602510123,10.8853536583,-0.866370670294,0.76920630323,10.1040507478
4.075036,1.25193900079,1.35138421797,10.8853536583,-0.727936301293,0.905348928936,10.2401933735
4.076702,1.18122076732,1.31602510123,10.8853536583,-0.866370670294,0.76920630323,10.1040507478
4.078368,1.14586165058,1.28066598449,10.8489478072,-0.866370670294,0.814587178465,10.1040507478
4.080034,1.18122076732,1.28066598449,10.8853536583,-0.866370670294,0.76920630323,10.1040507478
4.0817,1.18122076732,1.31602510123,10.8853536583,-0.866370670294,0.814587178465,10.1040507478
4.083366,1.11050253385,1.3867433347,10.9922958461,-0.866370670294,0.814587178465,10.1040507478
4.085032,1.14586165058,1.31602510123,10.8853536583,-0.866370670294,0.814587178465,10.149431623
4.086698,1.18122076732,1.28066598449,10.8489478072,-0.866370670294,0.76920630323,10.1040507478
4.088364,1.18122076732,1.31602510123,10.8853536583,-0.866370670294,0.814587178465,10.149431623
4.09003,1.18122076732,1.31602510123,10.8853536583,-0.866370670294,0.814587178465,10.149431623
4.091696,1.11050253385,1.31602510123,10.9581653606,-0.912515459961,0.76920630323,10.1040507478
4.093362,1.18122076732,1.31602510123,10.8853536583,-0.866370670294,0.76920630323,10.149431623
4.095028,1.18122076732,1.28066598449,10.8489478072,-0.866370670294,0.76920630323,10.149431623
4.096694,1.18122076732,1.28066598449,10.8853536583,-0.866370670294,0.76920630323,10.149431623
4.09836,1.18122076732,1.31602510123,10.8853536583,-0.866370670294,0.814587178465,10.1040507478
4.100026,1.11050253385,1.28066598449,10.8125419561,-0.820225880627,0.859968053701,10.1948124982
4.101692,1.18122076732,1.31602510123,10.8853536583,-0.820225880627,0.814587178465,10.149431623
4.103358,1.18122076732,1.28066598449,10.8853536583,-0.866370670294,0.76920630323,10.149431623
4.105024,1.21657988406,1.31602510123,10.8853536583,-0.866370670294,0.76920630323,10.1040507478
4.10669,1.18122076732,1.35138421797,10.9217595095,-0.912515459961,0.76920630323,10.1040507478
4.108356,1.11050253385,1.24530686776,10.8125419561,-0.866370670294,0.76920630323,10.1040507478
4.110022,1.14586165058,1.31602510123,10.8853536583,-0.866370670294,0.814587178465,10.149431623
4.111688,1.18122076732,1.31602510123,10.8853536583,-0.866370670294,0.76920630323,10.149431623
4.113354,1.21657988406,1.35138421797,10.8853536583,-0.866370670294,0.76920630323,10.149431623
4.11502,1.18122076732,1.31602510123,10.8853536583,-0.866370670294,0.76920630323,10.149431623
4.116686,1.14586165058,1.24530686776,10.8125419561,-0.77408109096,0.905348928936,10.1948124982
4.118352,1.18122076732,1.31602510123,10.8853536583,-0.820225880627,0.905348928936,10.1948124982
4.120018,1.18122076732,1.31602510123,10.8853536583,-0.866370670294,0.76920630323,10.1040507478
4.121684,1.21657988406,1.31602510123,10.8853536583,-0.866370670294,0.76920630323,10.149431623
4.12335,1.21657988406,1.31602510123,10.8853536583,-0.866370670294,0.76920630323,10.149431623
4.125016,1.14586165058,1.24530686776,10.7761361049,-0.866370670294,0.814587178465,10.149431623
4.126682,1.18122076732,1.31602510123,10.8853536583,-0.866370670294,0.76920630323,10.1040507478
4.128348,1.18122076732,1.28066598449,10.8853536583,-0.866370670294,0.76920630323,10.149431623
4.130014,1.25193900079,1.3867433347,10.8853536583,-0.866370670294,0.76920630323,10.1040507478
4.13168,1.18122076732,1.31602510123,10.8853536583,-0.866370670294,0.76920630323,10.1040507478
4.133346,1.18122076732,1.24530686776,10.8125419561,-0.866370670294,0.76920630323,10.149431623
4.135012,1.14586165058,1.28066598449,10.8853536583,-0.866370670294,0.76920630323,10.1040507478
4.136678,1.18122076732,1.35138421797,10.8853536583,-0.866370670294,0.76920630323,10.1040507478
4.138344,1.11050253385,1.35138421797,10.9922958461,-0.866370670294,0.814587178465,10.1040507478
4.14001,1.18122076732,1.31602510123,10.8853536583,-0.866370670294,0.76920630323,10.1040507478
4.141676,1.14586165058,1.20994775102,10.8853536583,-0.866370670294,0.814587178465,10.1040507478
4.143342,1.18122076732,1.31602510123,10.8853536583,-0.820225880627,0.859968053701,10.1948124982
4.145008,1.18122076732,1.28066598449,10.8853536583,-0.912515459961,0.76920630323,10.1040507478
4.146674,1.11050253385,1.24530686776,10.8125419561,-0.912515459961,0.76920630323,10.1040507478
4.14834,1.14586165058,1.28066598449,10.8853536583,-0.912515459961,0.76920630323,10.1040507478
4.150006,1.18122076732,1.28066598449,10.8853536583,-0.912515459961,0.76920630323,10.1040507478
4.151672,1.28729811753,1.3867433347,10.8853536583,-0.912515459961,0.76920630323,10.1040507478
4.153338,1.18122076732,1.20994775102,10.8853536583,-0.866370670294,0.76920630323,10.1040507478
4.155004,1.14586165058,1.20994775102,10.8853536583,-0.866370670294,0.76920630323,10.1040507478
4.15667,1.53481193469,0.785638350178,11.2835426551,-0.543357142626,0.76920630323,10.2855742487
4.158336,2.45635891464,4.67293124643,10.1572366357,0.0103803333768,1.08687242988,10.4670977496
4.160002,1.07514341711,6.40331802174,9.79317812435,-0.958660249627,0.17925492517,10.4670977496
4.161668,0.650834016269,4.7436494799,11.1743251017,-1.32781856696,-0.546839078597,9.69562287064
4.163334,1.07514341711,4.60221301296,10.7397302538,-1.18938419796,0.17925492517,9.19643324305
4.165,0.474038432585,0.43204718281,10.8489478072,-1.23552898763,1.40453855653,9.33257586876
4.166666,0.544756666059,-0.133698684978,10.7397302538,-0.958660249627,1.94910905935,10.149431623
4.168332,0.827629599953,-3.13701366281,11.6840070176,-1.09709461863,1.76758555841,10.7393830011
4.169998,0.650834016269,-0.944748425129,10.8853536583,-1.18938419796,1.81296643364,10.5578595001
4.171664,0.474038432585,-2.04088104397,11.6840070176,-1.18938419796,0.27001667564,10.8755256268
4.17333,1.11050253385,0.644201883231,11.1015133995,-1.23552898763,-0.637600829068,10.1948124982
4.174996,1.00442518364,-0.451930735609,11.8660362732,-1.2816737773,-1.27293308236,10.1948124982
4.176662,0.721552249743,-0.451930735609,11.5747894642,-1.4201081463,0.224635800405,9.74100374588
4.178328,1.03978430037,-2.50054956155,12.0116596778,-0.866370670294,2.85672656406,9.74100374588
4.179994,1.35801635101,-0.734803669504,10.1572366357,-0.635646721959,4.35656449059,10.6032403753
4.18166,1.11050253385,-0.0983395682415,9.53833716642,-0.358777983958,4.22042186488,11.3293343791
4.183326,1.57017105143,1.06851128407,9.68396057095,-0.451067563292,2.17601343553,10.7393830011
4.184992,1.88840310206,3.15248922675,10.0480190823,-0.543357142626,0.17925492517,9.28719499352
4.186658,1.6408892849,4.67293124643,10.4848892959,-0.681791511626,-1.49983745854,9.37795674399
4.188324,1.88840310206,4.00110802843,11.8660362732,-0.727936301293,-0.00226857577218,9.46871849446
4.18999,1.85304398532,3.43536216064,11.3563543574,-0.358777983958,1.90372818412,10.4670977496
4.191656,1.39337546774,2.41215772007,10.8853536583,-0.404922773625,2.81134568882,11.1931917534
4.193322,1.03978430037,0.184533365653,11.1015133995,-0.635646721959,1.54068118223,11.1931917534
4.194988,1.07514341711,0.997793050599,10.8853536583,-1.00480503929,0.814587178465,9.33257586876
4.196654,0.827629599953,1.56353891839,10.8125419561,-1.37396335663,0.133874049934,9.28719499352
4.19832,0.756911366479,2.02320743597,11.2835426551,-1.23552898763,0.406159301347,10.6486212506
4.199986,1.03978430037,2.23536213639,11.2835426551,-0.958660249627,0.542301927053,10.149431623
4.201652,0.827629599953,1.20994775102,11.5019777619,-0.866370670294,-0.909886080481,10.0132889973
4.203318,0.721552249743,-0.487289852346,11.7568187198,-1.09709461863,-2.04667700513,9.55948024493
4.204984,1.03978430037,-1.26298047576,11.4655719108,-1.4201081463,-1.90826533566,8.8787671164
4.20665,0.933706950163,-0.876240136451,10.7397302538,-1.05094982896,-0.456077328126,9.55948024493
4.208316,0.898347833427,-1.36905782597,11.6111953153,-0.866370670294,0.859968053701,11.0116682525
4.209982,1.18122076732,-0.204416918452,11.3199485063,-0.912515459961,1.6314429327,10.6940021258
4.211648,1.14586165058,1.10387040081,11.2835426551,-1.09709461863,0.723825427995,10.1040507478
4.213314,1.60553016816,6.05193679917,9.75677227322,-1.32781856696,0.0431122994632,9.46871849446
4.21498,1.6408892849,7.95911915816,9.06506110169,-0.497212352959,-1.18217133189,10.1948124982
4.216646,1.28729811753,7.4287324071,11.3199485063,-0.77408109096,-0.909886080481,9.55948024493
4.218312,1.07514341711,4.95580418032,11.2835426551,-0.912515459961,-0.274553827185,9.60486112017
4.219978,0.792270483216,2.90497540959,10.7033244027,-1.37396335663,1.54068118223,9.83176549635
4.221644,0.474038432585,-0.275135151925,11.0651075483,-1.5585425153,3.62820144306,10.0586698725
4.22331,0.474038432585,-3.49060483018,12.0480655289,-1.14323940829,4.4927071163,11.0116682525
4.224976,0.509397549322,-1.26298047576,11.1015133995,-1.09709461863,3.6735823183,12.0554283829
4.226642,0.792270483216,0.21989248239,10.5577009981,-1.14323940829,-0.0476494510076,12.1915710086
4.228308,1.18122076732,3.40000304391,10.9922958461,-1.23552898763,-2.22820050607,9.83176549635
4.229974,1.18122076732,2.12928478618,11.9388479755,-1.32781856696,-3.86191201454,9.15105236782
4.23164,0.792270483216,-1.33369870923,12.08447138,-1.6969768843,-1.40907570807,8.96952886687
4.233306,0.650834016269,-4.51601921555,12.2300947846,-0.958660249627,2.81134568882,9.55948024493
4.234972,1.11050253385,-3.52596394691,9.35630791076,-0.497212352959,5.76337162289,10.7847638763
4.236638,1.18122076732,-2.18231751092,8.40975578129,-0.266488404624,5.12803936959,11.5108578801
4.238304,1.49945281795,0.997793050599,8.84662599489,-0.358777983958,2.81134568882,10.1948124982
4.23997,1.95912133553,2.97569364306,9.46552546415,-0.128054035624,-0.274553827185,9.37795674399
4.241636,2.20884509748,3.64751686106,11.3563543574,-0.358777983958,-2.22820050607,9.6502419954
4.243302,2.35028156443,2.69503065397,11.3199485063,-0.358777983958,-0.864505205245,9.55948024493
4.244968,2.06740863054,1.31602510123,11.1015133995,-0.0357644562901,1.13225330511,10.6940021258
4.246634,1.60553016816,0.0784560154425,10.7761361049,-0.266488404624,2.22139431076,11.2385726286
4.2483,1.14586165058,-0.55800808582,10.7033244027,-0.589501932292,2.08525168506,11.0570491277
4.249966,1.11050253385,0.785638350178,10.7761361049,-1.05094982896,2.76596481359,9.60486112017
4.251632,1.00442518364,0.608842766494,11.3927602085,-0.912515459961,2.90210743929,10.2855742487
4.253298,0.933706950163,1.3867433347,11.0651075483,-0.958660249627,2.76596481359,11.3747152544
4.254964,1.18122076732,0.997793050599,11.1015133995,-0.635646721959,1.31377680606,11.2385726286
4.25663,1.35801635101,2.02320743597,10.5577009981,-0.820225880627,-1.27293308236,10.2855742487
4.258296,1.11050253385,1.49282068491,11.2107309529,-1.14323940829,-3.04505626031,9.37795674399
4.259962,1.18122076732,0.750279233442,11.9388479755,-1.4201081463,-2.31896225654,8.65186274023
4.261628,0.827629599953,0.21989248239,11.6840070176,-1.23552898763,0.315397550876,9.60486112017
4.263294,0.721552249743,-0.840881019714,11.1743251017,-0.912515459961,2.40291781171,11.1478108782
4.26496,0.898347833427,-0.699444552767,10.4848892959,-0.635646721959,2.99286918977,10.7847638763
4.266626,1.18122076732,0.43204718281,10.230048338,-0.404922773625,0.814587178465,9.69562287064
4.268292,1.57017105143,1.77569361881,9.72036642209,-0.543357142626,-1.45445658331,8.78800536593
4.269958,1.74696663511,3.0110527598,9.79317812435,-0.404922773625,-2.72739013366,8.7426244907
4.271624,1.99669039706,4.56685389622,9.79317812435,-0.358777983958,-2.59124750795,9.15105236782
4.27329,1.85304398532,3.2939256937,11.0287016972,-0.358777983958,-1.68136095948,9.55948024493
4.274956,1.46409370122,2.69503065397,11.6111953153,-0.681791511626,0.0884931746987,9.55948024493
4.276622,1.32265723427,1.56353891839,11.4291660597,-0.681791511626,1.08687242988,10.5124786249
4.278288,1.18122076732,1.28066598449,11.247136804,-0.727936301293,1.90372818412,10.9662873772
4.279954,1.14586165058,1.70497538534,11.0651075483,-0.912515459961,1.81296643364,10.6486212506
4.28162,1.35801635101,3.64751686106,10.7033244027,-0.958660249627,0.905348928936,10.5124786249
4.283286,1.35801635101,3.64751686106,10.9922958461,-0.681791511626,0.315397550876,10.1040507478
4.284952,1.21657988406,3.85967156148,10.6669185515,-0.681791511626,-0.410696452891,10.1948124982
4.286618,1.03978430037,2.3414394866,10.4484834448,-1.09709461863,-1.22755220713,9.78638462111
4.288284,0.933706950163,-0.133698684978,10.9581653606,-1.14323940829,-1.04602870619,9.6502419954
4.28995,0.756911366479,-0.487289852346,10.9922958461,-1.4201081463,0.633063677524,9.06029061734
4.291616,0.686193133006,-0.133698684978,10.4484834448,-1.37396335663,2.40291781171,9.55948024493
4.293282,0.792270483216,0.467406299547,10.4848892959,-1.09709461863,3.53743969259,10.6486212506
4.294948,0.86298871669,-0.275135151925,10.9922958461,-0.543357142626,2.81134568882,11.3747152544
4.296614,0.898347833427,-0.699444552767,10.8853536583,-0.958660249627,1.22301505558,10.0132889973
4.29828,1.14586165058,-0.944748425129,10.6305127004,-1.05094982896,-0.138411201478,9.55948024493
4.299946,1.39337546774,0.43204718281,9.93880152889,-0.77408109096,-0.410696452891,9.6502419954
4.301612,1.21657988406,0.750279233442,10.4120775936,-0.727936301293,0.542301927053,9.69562287064
4.303278,1.18122076732,0.0430968987057,10.9217595095,-0.820225880627,1.35915768129,10.1948124982
4.304944,1.14586165058,-1.19226224229,11.0287016972,-0.681791511626,2.22139431076,10.2855742487
4.30661,1.18122076732,-1.54585340965,10.5941068493,-0.589501932292,2.85672656406,10.1948124982
4.308276,1.32265723427,-0.381212502136,10.4120775936,-0.727936301293,2.76596481359,10.5578595001
4.309942,1.57017105143,0.467406299547,10.6305127004,-0.497212352959,1.94910905935,10.9662873772
4.311608,1.57017105143,1.88177096902,10.521295147,-0.543357142626,1.08687242988,10.6486212506
4.313274,1.39337546774,2.83425717612,11.0287016972,-0.681791511626,0.315397550876,10.2855742487
4.31494,1.42873458448,3.61215774433,10.7397302538,-0.866370670294,0.224635800405,10.0132889973
4.316606,1.21657988406,2.51823507028,11.1379192506,-0.912515459961,0.814587178465,10.0586698725
4.318272,0.898347833427,1.45746156818,10.6305127004,-1.18938419796,2.22139431076,9.55948024493
4.319938,0.898347833427,0.891715700389,10.1208307846,-0.912515459961,2.85672656406,9.87714637158
4.321604,1.03978430037,1.42210245144,10.0116132312,-0.497212352959,1.90372818412,10.4670977496
4.32327,1.18122076732,2.44751683681,10.4120775936,-0.727936301293,0.587682802288,9.6502419954
4.324936,1.14586165058,2.55359418702,10.6305127004,-1.18938419796,-0.637600829068,9.01490974211
4.326602,1.35801635101,2.23536213639,10.8489478072,-0.866370670294,-1.18217133189,9.42333761923
4.328268,1.35801635101,1.95248920249,10.7397302538,-0.681791511626,-1.04602870619,9.69562287064
4.329934,1.35801635101,1.81105273555,10.7397302538,-0.635646721959,-0.773743454774,9.96790812205
4.3316,1.39337546774,1.20994775102,11.0651075483,-0.543357142626,-0.682981704304,10.2855742487
4.333266,1.21657988406,1.28066598449,10.9217595095,-0.77408109096,-0.00226857577218,9.69562287064
4.334932,1.21657988406,1.20994775102,10.8853536583,-0.681791511626,0.723825427995,9.69562287064
4.336598,1.28729811753,1.52817980165,10.3392658914,-0.589501932292,1.04149155464,10.149431623
4.338264,1.39337546774,1.74033450207,10.4484834448,-0.635646721959,0.996110679407,9.96790812205
4.33993,1.28729811753,3.25856657696,10.3392658914,-0.727936301293,0.496921051817,9.96790812205
4.341596,1.14586165058,3.71823509454,10.9922958461,-0.958660249627,-0.229172951949,10.0586698725
4.343262,1.00442518364,3.25856657696,11.5747894642,-1.09709461863,-0.501458203362,9.96790812205
4.344928,0.756911366479,2.44751683681,11.5019777619,-1.46625293596,-0.31993470242,9.83176549635
4.346594,0.367961082375,0.573483649758,11.6840070176,-1.60468730496,0.76920630323,9.96790812205
4.34826,0.367961082375,-0.593367202557,11.5019777619,-1.46625293596,2.58444131265,10.1040507478
4.349926,0.438679315848,-0.628726319293,11.1015133995,-1.37396335663,3.35591619165,10.5578595001
4.351592,0.544756666059,0.0430968987057,11.0651075483,-1.2816737773,3.038250065,10.4670977496
4.353258,0.827629599953,1.13922951755,10.9581653606,-1.23552898763,1.67682380794,10.1040507478
4.354924,0.86298871669,2.12928478618,10.8853536583,-1.09709461863,0.451540176582,9.92252724682
4.35659,1.00442518364,1.70497538534,11.2835426551,-1.18938419796,-0.365315577656,9.92252724682
4.358256,1.07514341711,0.962433933862,11.2107309529,-1.23552898763,-0.138411201478,9.96790812205
4.359922,1.11050253385,0.502765416284,11.0651075483,-1.14323940829,0.859968053701,10.0132889973
4.361588,1.18122076732,0.714920116705,11.1015133995,-0.866370670294,1.85834730888,10.3763359992
4.363254,1.07514341711,1.28066598449,11.1379192506,-0.77408109096,2.266775186,10.6032403753
4.36492,1.18122076732,1.10387040081,11.538383613,-0.866370670294,1.94910905935,10.4217168744
4.366586,1.14586165058,1.10387040081,11.1015133995,-0.866370670294,1.54068118223,10.2401933735
4.368252,1.28729811753,0.891715700389,10.8489478072,-0.681791511626,0.950729804172,10.3309551239
4.369918,1.32265723427,1.28066598449,10.8125419561,-0.77408109096,0.360778426111,10.1948124982
4.371584,1.28729811753,1.56353891839,11.1015133995,-0.820225880627,-0.00226857577218,10.3763359992
4.37325,1.18122076732,1.49282068491,11.538383613,-0.912515459961,0.133874049934,10.2401933735
4.374916,1.00442518364,0.856356583652,11.7568187198,-1.00480503929,0.905348928936,10.1948124982
4.376582,0.933706950163,0.573483649758,11.6476011664,-1.18938419796,1.72220468317,10.5578595001
4.378248,0.756911366479,-0.345853385399,11.6111953153,-1.2816737773,2.22139431076,10.7847638763
4.379914,0.756911366479,-0.345853385399,11.538383613,-1.23552898763,2.266775186,10.6940021258
4.38158,0.933706950163,0.644201883231,11.2107309529,-1.14323940829,1.44991943176,10.5578595001
4.383246,1.07514341711,1.45746156818,11.247136804,-1.09709461863,0.315397550876,10.149431623
4.384912,1.14586165058,1.98784831923,11.0651075483,-1.00480503929,-0.31993470242,9.83176549635
4.386578,1.32265723427,2.30608036986,11.0651075483,-0.820225880627,0.0884931746987,9.96790812205
4.388244,1.39337546774,1.6696162686,11.0287016972,-0.77408109096,0.859968053701,10.0586698725
4.38991,1.46409370122,0.927074817126,11.0651075483,-0.635646721959,1.40453855653,10.4670977496
4.391576,1.49945281795,1.13922951755,10.9581653606,-0.543357142626,1.44991943176,10.4670977496
4.393242,1.53481193469,1.74033450207,10.7033244027,-0.543357142626,0.678444552759,10.3763359992
4.394908,1.71160751837,2.69503065397,10.7397302538,-0.497212352959,0.0431122994632,10.3309551239
4.396574,1.74696663511,3.15248922675,11.2835426551,-0.358777983958,-0.00226857577218,10.3763359992
4.39824,1.85304398532,3.18784834348,11.2835426551,-0.266488404624,0.133874049934,10.5124786249
4.399906,1.78232575185,2.69503065397,11.0651075483,-0.312633194291,-0.0476494510076,10.6940021258
4.401572,1.6408892849,2.48287595354,10.7397302538,-0.451067563292,-0.274553827185,10.4217168744
4.403238,1.49945281795,2.23536213639,10.7397302538,-0.589501932292,-0.274553827185,10.0586698725
4.404904,1.32265723427,1.88177096902,11.0651075483,-0.77408109096,-0.138411201478,10.1040507478
4.40657,1.11050253385,1.49282068491,11.2107309529,-0.866370670294,0.451540176582,10.2401933735
4.408236,1.11050253385,1.56353891839,10.8853536583,-0.912515459961,0.76920630323,10.4217168744
4.409902,1.11050253385,1.06851128407,10.8853536583,-0.866370670294,0.633063677524,10.3763359992
4.411568,1.21657988406,0.820997466915,10.9217595095,-0.866370670294,0.224635800405,10.3309551239
4.413234,1.25193900079,1.06851128407,10.9922958461,-0.820225880627,-0.138411201478,10.3763359992
4.4149,1.21657988406,1.10387040081,10.9217595095,-1.00480503929,0.0884931746987,10.149431623
4.416566,1.21657988406,1.35138421797,10.9217595095,-0.866370670294,1.04149155464,10.1948124982
4.418232,1.18122076732,0.891715700389,10.9922958461,-0.77408109096,1.99448993459,10.6032403753
4.419898,1.14586165058,0.290610715863,11.0651075483,-0.727936301293,2.62982218788,10.920906502
4.421564,1.21657988406,-0.0629804515047,10.9581653606,-0.589501932292,2.53906043741,11.1024300029
4.42323,1.25193900079,0.184533365653,10.7033244027,-0.727936301293,1.76758555841,10.6940021258
4.424896,1.35801635101,0.785638350178,10.8853536583,-0.727936301293,1.40453855653,10.3309551239
4.426562,1.39337546774,1.06851128407,11.0287016972,-0.681791511626,1.495300307,10.5578595001
4.428228,1.39337546774,1.06851128407,11.0287016972,-0.681791511626,1.58606205747,10.7393830011
4.429894,1.35801635101,0.714920116705,10.8853536583,-0.727936301293,1.35915768129,10.6032403753
4.43156,1.21657988406,0.255251599126,10.7033244027,-0.820225880627,1.08687242988,10.3309551239
4.433226,1.14586165058,0.21989248239,10.7397302538,-0.866370670294,0.996110679407,10.0132889973
4.434892,1.21657988406,0.644201883231,10.7033244027,-0.866370670294,1.08687242988,10.1040507478
4.436558,1.21657988406,1.20994775102,10.6669185515,-0.820225880627,1.04149155464,10.0586698725
4.438224,1.21657988406,1.74033450207,10.5577009981,-0.866370670294,0.996110679407,9.87714637158
4.43989,1.18122076732,1.63425715186,10.4484834448,-0.77408109096,0.905348928936,9.87714637158
4.441556,1.21657988406,1.84641185228,10.4484834448,-0.77408109096,0.723825427995,9.92252724682
4.443222,1.21657988406,1.98784831923,10.4848892959,-0.727936301293,0.406159301347,9.92252724682
4.444888,1.28729811753,2.0585665527,10.6305127004,-0.820225880627,-0.00226857577218,9.83176549635
4.446554,1.18122076732,1.98784831923,10.8125419561,-0.820225880627,0.17925492517,9.74100374588
4.44822,1.14586165058,1.63425715186,10.8853536583,-0.727936301293,0.587682802288,9.92252724682
4.449886,1.21657988406,1.49282068491,10.9217595095,-0.77408109096,0.723825427995,10.0586698725
4.451552,1.32265723427,1.3867433347,10.9217595095,-0.681791511626,0.542301927053,10.1948124982
4.453218,1.46409370122,1.3867433347,10.9922958461,-0.635646721959,-0.00226857577218,9.96790812205
4.454884,1.49945281795,1.59889803512,10.9922958461,-0.635646721959,-0.410696452891,9.83176549635
4.45655,1.49945281795,2.0585665527,10.8125419561,-0.635646721959,-0.410696452891,9.87714637158
4.458216,1.46409370122,2.0585665527,10.9581653606,-0.681791511626,0.0884931746987,9.87714637158
4.459882,1.42873458448,1.74033450207,10.9217595095,-0.681791511626,0.950729804172,9.74100374588
4.461548,1.46409370122,1.74033450207,10.6669185515,-0.589501932292,1.58606205747,9.96790812205
4.463214,1.35801635101,1.56353891839,10.5941068493,-0.543357142626,1.67682380794,10.0586698725
4.46488,1.28729811753,1.59889803512,10.5577009981,-0.681791511626,1.44991943176,9.78638462111
4.466546,1.21657988406,1.77569361881,10.4848892959,-0.820225880627,0.950729804172,9.60486112017
4.468212,1.21657988406,1.74033450207,10.4848892959,-0.820225880627,0.814587178465,9.5140993697
4.469878,1.11050253385,1.56353891839,10.5577009981,-0.820225880627,0.723825427995,9.60486112017
4.471544,1.18122076732,1.35138421797,10.5577009981,-0.866370670294,0.633063677524,9.74100374588
4.47321,1.11050253385,0.997793050599,10.7397302538,-0.958660249627,0.587682802288,9.69562287064
4.474876,1.14586165058,0.891715700389,10.7761361049,-0.866370670294,0.76920630323,9.78638462111
4.476542,1.11050253385,0.927074817126,10.8125419561,-0.912515459961,0.859968053701,9.83176549635
4.478208,1.11050253385,0.891715700389,10.7397302538,-0.866370670294,0.996110679407,10.0132889973
4.479874,1.21657988406,1.06851128407,10.7761361049,-0.820225880627,1.04149155464,10.1040507478
4.48154,1.28729811753,1.35138421797,10.7033244027,-0.727936301293,0.996110679407,10.149431623
4.483206,1.35801635101,1.31602510123,10.7761361049,-0.681791511626,0.905348928936,10.1040507478
4.484872,1.35801635101,1.06851128407,10.7033244027,-0.589501932292,0.905348928936,10.0586698725
4.486538,1.35801635101,0.927074817126,10.5941068493,-0.635646721959,0.859968053701,10.0132889973
4.488204,1.28729811753,0.785638350178,10.5941068493,-0.589501932292,1.04149155464,10.1040507478
4.48987,1.21657988406,0.750279233442,10.7033244027,-0.77408109096,1.26839593082,9.96790812205
4.491536,1.07514341711,0.538124533021,10.8489478072,-0.820225880627,1.58606205747,10.1040507478
4.493202,1.11050253385,0.149174248916,10.8125419561,-0.866370670294,1.54068118223,10.1948124982
4.494868,1.11050253385,0.149174248916,10.7397302538,-0.958660249627,1.17763418035,10.1040507478
4.496534,1.11050253385,0.502765416284,10.6305127004,-0.912515459961,0.905348928936,9.92252724682
4.4982,1.11050253385,0.891715700389,10.7397302538,-0.958660249627,1.13225330511,9.92252724682
4.499866,1.03978430037,1.03315216734,10.8853536583,-0.958660249627,1.54068118223,10.0586698725
4.501532,1.07514341711,1.06851128407,10.8125419561,-0.866370670294,1.94910905935,10.3309551239
4.503198,1.07514341711,0.927074817126,10.7397302538,-1.00480503929,1.76758555841,10.1040507478
4.504864,1.07514341711,0.891715700389,10.7033244027,-0.958660249627,1.495300307,10.1040507478
4.50653,1.11050253385,1.10387040081,10.8125419561,-0.77408109096,1.17763418035,10.2401933735
4.508196,1.07514341711,1.31602510123,10.9217595095,-0.820225880627,0.723825427995,10.1948124982
4.509862,1.25193900079,1.70497538534,10.9922958461,-0.866370670294,0.406159301347,10.1948124982
4.511528,1.28729811753,1.6696162686,10.8853536583,-0.727936301293,0.224635800405,10.2855742487
4.513194,1.32265723427,1.49282068491,10.8489478072,-0.635646721959,0.0884931746987,10.1948124982
4.51486,1.35801635101,1.70497538534,10.8125419561,-0.727936301293,-0.274553827185,10.0586698725
4.516526,1.35801635101,1.77569361881,10.7397302538,-0.681791511626,-0.637600829068,10.0132889973
4.518192,1.39337546774,2.12928478618,10.8125419561,-0.681791511626,-0.592219953833,9.87714637158
4.519858,1.35801635101,2.23536213639,10.8125419561,-0.635646721959,-0.229172951949,10.0132889973
4.521524,1.35801635101,2.09392566944,10.8125419561,-0.635646721959,0.0431122994632,10.149431623
4.52319,1.39337546774,2.02320743597,10.7761361049,-0.635646721959,0.133874049934,10.1040507478
4.524856,1.35801635101,2.02320743597,10.7033244027,-0.635646721959,-0.0476494510076,10.149431623
4.526522,1.32265723427,2.30608036986,10.8125419561,-0.681791511626,-0.274553827185,10.1948124982
4.528188,1.28729811753,2.12928478618,11.0287016972,-0.820225880627,-0.274553827185,10.149431623
4.529854,1.21657988406,1.84641185228,11.0651075483,-0.912515459961,0.0431122994632,10.1948124982
4.53152,1.11050253385,1.28066598449,11.1015133995,-1.00480503929,0.542301927053,10.1948124982
4.533186,0.9690660669,0.856356583652,10.9581653606,-1.00480503929,0.996110679407,10.2855742487
4.534852,1.03978430037,0.927074817126,10.9922958461,-1.00480503929,1.08687242988,10.4217168744
4.536518,1.03978430037,1.03315216734,11.0651075483,-1.00480503929,1.04149155464,10.3763359992
4.538184,1.07514341711,1.17458863428,11.0651075483,-1.05094982896,0.950729804172,10.2401933735
4.53985,1.11050253385,1.17458863428,11.0651075483,-1.00480503929,1.04149155464,10.3763359992
4.541516,1.07514341711,0.927074817126,10.9581653606,-0.958660249627,1.26839593082,10.4217168744
4.543182,1.11050253385,0.820997466915,11.0287016972,-0.958660249627,1.495300307,10.4217168744
4.544848,1.18122076732,0.785638350178,11.0287016972,-0.866370670294,1.44991943176,10.5124786249
4.546514,1.21657988406,0.750279233442,11.1015133995,-0.866370670294,1.35915768129,10.4670977496
4.54818,1.14586165058,0.608842766494,11.0651075483,-0.866370670294,1.22301505558,10.2855742487
4.549846,1.11050253385,0.608842766494,10.9581653606,-0.866370670294,1.08687242988,10.3763359992
4.551512,1.11050253385,0.502765416284,10.9581653606,-0.866370670294,0.950729804172,10.3309551239
4.553178,1.11050253385,0.608842766494,10.9922958461,-0.912515459961,0.814587178465,10.2401933735
4.554844,1.03978430037,0.644201883231,11.0651075483,-0.912515459961,0.633063677524,10.2855742487
4.55651,1.07514341711,0.714920116705,11.0651075483,-0.958660249627,0.451540176582,10.2855742487
4.558176,1.03978430037,0.891715700389,11.1015133995,-1.05094982896,0.451540176582,10.2401933735
4.559842,0.933706950163,1.06851128407,11.1379192506,-1.14323940829,0.633063677524,10.1948124982
4.561508,0.933706950163,1.10387040081,11.2107309529,-1.18938419796,0.905348928936,10.2401933735
4.563174,0.827629599953,1.03315216734,11.3199485063,-1.14323940829,1.17763418035,10.3309551239
4.56484,0.933706950163,1.28066598449,11.1743251017,-1.05094982896,1.35915768129,10.4217168744
4.566506,0.898347833427,1.31602510123,11.1379192506,-1.14323940829,1.13225330511,10.2401933735
4.568172,0.933706950163,1.3867433347,11.1379192506,-1.09709461863,0.996110679407,10.2401933735
4.569838,0.9690660669,1.52817980165,11.1743251017,-1.09709461863,0.678444552759,10.1948124982
4.571504,0.933706950163,1.31602510123,11.2107309529,-1.09709461863,0.633063677524,10.0586698725
4.57317,1.03978430037,1.31602510123,11.1743251017,-1.00480503929,0.723825427995,10.0586698725
4.574836,1.07514341711,1.17458863428,11.1743251017,-1.05094982896,0.678444552759,10.149431623
4.576502,1.07514341711,1.03315216734,11.1743251017,-1.00480503929,0.678444552759,10.1040507478
4.578168,1.07514341711,1.20994775102,11.1743251017,-1.05094982896,0.496921051817,10.0132889973
4.579834,0.9690660669,1.42210245144,10.9922958461,-1.05094982896,0.315397550876,9.96790812205
4.5815,1.03978430037,1.59889803512,11.0287016972,-1.05094982896,0.315397550876,9.92252724682
4.583166,1.07514341711,1.63425715186,10.9922958461,-1.00480503929,0.360778426111,9.96790812205
4.584832,1.18122076732,1.70497538534,10.9581653606,-0.958660249627,0.360778426111,9.96790812205
4.586498,1.07514341711,1.6696162686,10.9217595095,-0.958660249627,0.315397550876,9.83176549635
4.588164,1.07514341711,1.77569361881,10.8853536583,-0.912515459961,0.451540176582,9.78638462111
4.58983,1.11050253385,1.95248920249,11.0287016972,-0.866370670294,0.587682802288,9.92252724682
4.591496,1.07514341711,2.02320743597,11.0651075483,-0.912515459961,0.451540176582,9.96790812205
4.593162,1.03978430037,2.02320743597,11.1015133995,-0.958660249627,0.17925492517,9.96790812205
4.594828,1.03978430037,1.77569361881,10.9922958461,-1.00480503929,-0.00226857577218,9.92252724682
4.596494,1.00442518364,1.56353891839,10.9217595095,-1.05094982896,0.133874049934,9.87714637158
4.59816,1.00442518364,1.49282068491,10.8489478072,-1.05094982896,0.224635800405,10.0132889973
4.599826,1.03978430037,1.6696162686,10.8489478072,-1.05094982896,0.315397550876,10.0132889973
4.601492,1.03978430037,1.56353891839,10.8125419561,-1.00480503929,0.587682802288,9.87714637158
4.603158,1.11050253385,1.59889803512,10.7761361049,-0.912515459961,0.950729804172,9.92252724682
4.604824,1.14586165058,1.45746156818,10.7033244027,-0.866370670294,1.13225330511,10.0586698725
4.60649,1.25193900079,1.20994775102,10.5941068493,-0.820225880627,1.13225330511,10.1040507478
4.608156,1.21657988406,1.17458863428,10.5577009981,-0.820225880627,1.04149155464,10.0132889973
4.609822,1.14586165058,1.13922951755,10.4120775936,-0.820225880627,1.04149155464,9.96790812205
4.611488,1.21657988406,1.17458863428,10.521295147,-0.820225880627,1.31377680606,9.96790812205
4.613154,1.18122076732,1.03315216734,10.5577009981,-0.77408109096,1.67682380794,10.1040507478
4.61482,1.18122076732,0.714920116705,10.5577009981,-0.820225880627,1.85834730888,10.149431623
4.616486,1.11050253385,0.21989248239,10.5941068493,-0.820225880627,1.72220468317,10.0586698725
4.618152,1.07514341711,0.0430968987057,10.4120775936,-0.866370670294,1.58606205747,10.0132889973
4.619818,1.11050253385,0.290610715863,10.521295147,-0.77408109096,1.40453855653,10.1948124982
4.621484,1.11050253385,0.502765416284,10.6305127004,-0.912515459961,1.17763418035,10.1040507478
4.62315,1.21657988406,0.714920116705,10.7033244027,-0.77408109096,1.22301505558,10.2855742487
4.624816,1.18122076732,0.608842766494,10.7397302538,-0.820225880627,1.26839593082,10.1948124982
4.626482,1.11050253385,0.573483649758,10.5577009981,-0.77408109096,1.35915768129,10.1948124982
4.628148,1.18122076732,0.785638350178,10.6305127004,-0.820225880627,1.26839593082,10.1948124982
4.629814,1.21657988406,1.13922951755,10.6305127004,-0.820225880627,1.17763418035,10.149431623
4.63148,1.32265723427,1.31602510123,10.6305127004,-0.77408109096,1.04149155464,10.0586698725
4.633146,1.28729811753,1.49282068491,10.5941068493,-0.77408109096,0.996110679407,10.0132889973
4.634812,1.28729811753,1.59889803512,10.4120775936,-0.681791511626,0.723825427995,10.149431623
4.636478,1.32265723427,1.77569361881,10.4120775936,-0.681791511626,0.496921051817,10.0586698725
4.638144,1.35801635101,1.77569361881,10.5577009981,-0.681791511626,0.315397550876,9.87714637158
4.63981,1.35801635101,1.91713008576,10.7033244027,-0.681791511626,0.17925492517,9.96790812205
4.641476,1.35801635101,1.81105273555,10.6669185515,-0.635646721959,0.315397550876,9.96790812205
4.643142,1.35801635101,1.77569361881,10.6669185515,-0.681791511626,0.406159301347,10.0132889973
4.644808,1.32265723427,1.91713008576,10.7033244027,-0.681791511626,0.360778426111,10.1040507478
4.646474,1.32265723427,1.77569361881,10.7761361049,-0.77408109096,0.315397550876,10.0132889973
4.64814,1.18122076732,1.6696162686,10.8853536583,-0.77408109096,0.315397550876,10.0132889973
4.649806,1.28729811753,1.74033450207,10.7033244027,-0.77408109096,0.224635800405,10.0132889973
4.651472,1.25193900079,1.6696162686,10.7397302538,-0.820225880627,0.406159301347,9.92252724682
4.653138,1.21657988406,1.6696162686,10.7761361049,-0.820225880627,0.678444552759,9.96790812205
4.654804,1.18122076732,1.59889803512,10.8489478072,-0.820225880627,0.76920630323,10.0132889973
4.65647,1.07514341711,1.24530686776,10.7761361049,-0.912515459961,0.76920630323,9.96790812205
4.658136,1.07514341711,1.17458863428,10.8489478072,-0.912515459961,0.633063677524,9.96790812205
4.659802,1.07514341711,1.10387040081,10.7761361049,-0.820225880627,0.633063677524,10.0132889973
4.661468,1.07514341711,1.03315216734,10.8489478072,-1.00480503929,0.542301927053,9.92252724682
4.663134,1.07514341711,1.20994775102,10.8853536583,-0.912515459961,0.678444552759,10.0586698725
4.6648,1.07514341711,1.28066598449,10.8125419561,-0.866370670294,0.723825427995,10.1040507478
4.666466,1.14586165058,1.31602510123,10.8853536583,-0.958660249627,0.814587178465,10.0132889973
4.668132,1.18122076732,1.31602510123,10.8489478072,-0.912515459961,0.996110679407,10.1040507478
4.669798,1.28729811753,1.31602510123,10.9217595095,-0.912515459961,1.08687242988,10.1948124982
4.671464,1.21657988406,1.20994775102,10.9217595095,-0.866370670294,1.08687242988,10.2401933735
4.67313,1.18122076732,1.17458863428,10.8853536583,-0.820225880627,0.950729804172,10.2855742487
4.674796,1.18122076732,1.28066598449,10.8853536583,-0.820225880627,0.814587178465,10.2855742487
4.676462,1.21657988406,1.20994775102,11.0287016972,-0.866370670294,0.76920630323,10.2401933735
4.678128,1.21657988406,1.10387040081,11.1379192506,-0.866370670294,0.859968053701,10.2855742487
4.679794,1.18122076732,0.891715700389,11.0287016972,-0.866370670294,0.905348928936,10.3309551239
4.68146,1.11050253385,0.644201883231,10.9922958461,-0.912515459961,0.950729804172,10.2401933735
4.683126,1.07514341711,0.714920116705,10.9217595095,-0.866370670294,1.08687242988,10.2855742487
4.684792,1.07514341711,0.750279233442,11.0287016972,-0.958660249627,0.996110679407,10.2401933735
4.686458,0.9690660669,0.714920116705,11.1743251017,-0.958660249627,1.08687242988,10.2855742487
4.688124,1.07514341711,0.785638350178,10.9922958461,-1.00480503929,1.08687242988,10.1948124982
4.68979,1.03978430037,0.785638350178,10.9217595095,-0.958660249627,1.22301505558,10.2401933735
4.691456,1.07514341711,0.644201883231,10.9922958461,-0.958660249627,1.31377680606,10.2401933735
4.693122,1.11050253385,0.785638350178,11.0287016972,-0.912515459961,1.22301505558,10.3309551239
4.694788,1.07514341711,0.714920116705,10.9922958461,-0.958660249627,0.996110679407,10.2855742487
4.696454,1.18122076732,0.785638350178,11.1015133995,-0.912515459961,0.950729804172,10.2401933735
4.69812,1.18122076732,0.927074817126,11.0651075483,-0.866370670294,0.814587178465,10.3763359992
4.699786,1.32265723427,0.891715700389,11.2107309529,-0.866370670294,0.723825427995,10.3763359992
4.701452,1.25193900079,0.927074817126,11.1743251017,-0.727936301293,0.723825427995,10.4217168744
4.703118,1.21657988406,1.10387040081,11.0651075483,-0.820225880627,0.406159301347,10.3309551239
4.704784,1.28729811753,1.35138421797,11.1743251017,-0.820225880627,0.27001667564,10.2855742487
4.70645,1.28729811753,1.63425715186,11.1015133995,-0.820225880627,0.406159301347,10.3309551239
4.708116,1.35801635101,1.91713008576,11.1743251017,-0.820225880627,0.496921051817,10.4217168744
4.709782,1.28729811753,1.98784831923,11.1379192506,-0.820225880627,0.542301927053,10.3763359992
4.711448,1.21657988406,1.98784831923,10.9922958461,-0.820225880627,0.542301927053,10.3763359992
4.713114,1.21657988406,1.91713008576,11.0287016972,-0.866370670294,0.360778426111,10.2855742487
4.71478,1.25193900079,1.91713008576,11.0287016972,-0.820225880627,0.360778426111,10.2401933735
4.716446,1.32265723427,2.02320743597,11.0287016972,-0.77408109096,0.360778426111,10.2855742487
4.718112,1.21657988406,1.84641185228,11.0287016972,-0.727936301293,0.360778426111,10.3763359992
4.719778,1.18122076732,1.6696162686,10.9922958461,-0.866370670294,0.133874049934,10.1948124982
4.721444,1.11050253385,1.42210245144,10.9581653606,-0.912515459961,0.133874049934,10.1040507478
4.72311,1.18122076732,1.28066598449,10.9922958461,-0.912515459961,0.27001667564,10.149431623
4.724776,1.03978430037,1.20994775102,10.8489478072,-0.958660249627,0.406159301347,10.149431623
4.726442,1.07514341711,1.17458863428,11.0287016972,-0.912515459961,0.633063677524,10.1948124982
4.728108,1.07514341711,1.17458863428,10.9217595095,-1.00480503929,0.76920630323,10.149431623
4.729774,1.11050253385,1.20994775102,10.8853536583,-0.958660249627,0.996110679407,10.1948124982
4.73144,1.14586165058,1.13922951755,10.8853536583,-0.958660249627,1.17763418035,10.1948124982
4.733106,1.07514341711,1.03315216734,10.7761361049,-0.912515459961,1.26839593082,10.2855742487
4.734772,1.14586165058,1.10387040081,10.8853536583,-0.912515459961,1.17763418035,10.3309551239
4.736438,1.11050253385,1.03315216734,10.8853536583,-0.912515459961,1.17763418035,10.2855742487
4.738104,1.18122076732,1.06851128407,10.9217595095,-0.912515459961,1.22301505558,10.3309551239
4.73977,1.14586165058,0.962433933862,10.9581653606,-0.912515459961,1.26839593082,10.3309551239
4.741436,1.03978430037,0.644201883231,10.8853536583,-0.912515459961,1.22301505558,10.3763359992
4.743102,1.07514341711,0.785638350178,10.9217595095,-0.958660249627,1.13225330511,10.3309551239
4.744768,1.07514341711,0.962433933862,10.8853536583,-1.00480503929,0.996110679407,10.2401933735
4.746434,1.07514341711,1.10387040081,10.8853536583,-1.05094982896,0.996110679407,10.1948124982
4.7481,1.07514341711,1.28066598449,10.9581653606,-0.912515459961,1.13225330511,10.3309551239
4.749766,1.00442518364,1.24530686776,10.8853536583,-1.00480503929,1.08687242988,10.2401933735
4.751432,1.03978430037,1.31602510123,10.8489478072,-1.00480503929,1.04149155464,10.1948124982
4.753098,1.03978430037,1.28066598449,10.8489478072,-0.912515459961,0.950729804172,10.1948124982
4.754764,1.18122076732,1.42210245144,10.8853536583,-1.00480503929,0.859968053701,10.0586698725
4.75643,1.11050253385,1.45746156818,10.9217595095,-0.958660249627,0.814587178465,10.1040507478
4.758096,1.07514341711,1.3867433347,10.8125419561,-0.958660249627,0.76920630323,10.0586698725
4.759762,1.07514341711,1.45746156818,10.8125419561,-0.958660249627,0.678444552759,10.0132889973
4.761428,1.07514341711,1.42210245144,10.8125419561,-0.958660249627,0.496921051817,10.0132889973
4.763094,1.07514341711,1.42210245144,10.9922958461,-0.958660249627,0.496921051817,9.96790812205
4.76476,1.07514341711,1.49282068491,10.8853536583,-0.958660249627,0.587682802288,9.96790812205
4.766426,1.07514341711,1.42210245144,10.8853536583,-0.958660249627,0.76920630323,10.0132889973
4.768092,1.07514341711,1.45746156818,10.8853536583,-0.958660249627,0.76920630323,9.96790812205
4.769758,1.11050253385,1.49282068491,10.9581653606,-0.958660249627,0.723825427995,9.96790812205
4.771424,1.00442518364,1.45746156818,10.8125419561,-1.00480503929,0.678444552759,9.92252724682
4.77309,1.07514341711,1.63425715186,10.9217595095,-1.00480503929,0.76920630323,9.96790812205
4.774756,1.03978430037,1.59889803512,10.9217595095,-1.00480503929,0.76920630323,9.96790812205
4.776422,1.07514341711,1.63425715186,10.8853536583,-0.912515459961,0.905348928936,10.0586698725
4.778088,1.07514341711,1.59889803512,10.9217595095,-1.05094982896,0.76920630323,9.87714637158
4.779754,0.9690660669,1.49282068491,10.8125419561,-1.05094982896,0.814587178465,9.87714637158
4.78142,1.00442518364,1.59889803512,10.8489478072,-1.00480503929,0.950729804172,9.87714637158
4.783086,1.03978430037,1.6696162686,10.8853536583,-1.00480503929,0.950729804172,9.92252724682
4.784752,1.07514341711,1.63425715186,10.8853536583,-1.00480503929,0.76920630323,9.87714637158
4.786418,1.03978430037,1.63425715186,10.8489478072,-1.00480503929,0.633063677524,9.83176549635
4.788084,0.9690660669,1.56353891839,10.7397302538,-1.00480503929,0.587682802288,9.83176549635
4.78975,1.03978430037,1.63425715186,10.8125419561,-1.00480503929,0.678444552759,9.83176549635
4.791416,1.03978430037,1.74033450207,10.8125419561,-1.05094982896,0.723825427995,9.92252724682
4.793082,1.07514341711,1.63425715186,10.8853536583,-1.00480503929,0.76920630323,9.92252724682
4.794748,1.03978430037,1.45746156818,10.8853536583,-0.958660249627,1.04149155464,9.96790812205
4.796414,1.00442518364,1.31602510123,10.7397302538,-1.00480503929,0.996110679407,9.96790812205
4.79808,1.03978430037,1.20994775102,10.8125419561,-1.00480503929,0.905348928936,10.0132889973
4.799746,1.07514341711,1.20994775102,10.8489478072,-1.00480503929,0.814587178465,9.96790812205
4.801412,1.00442518364,1.20994775102,10.9217595095,-0.958660249627,0.905348928936,9.96790812205
4.803078,1.07514341711,1.24530686776,10.8125419561,-0.958660249627,0.950729804172,9.96790812205
4.804744,1.03978430037,1.10387040081,10.8489478072,-0.912515459961,1.13225330511,10.0586698725
4.80641,1.03978430037,0.997793050599,10.8125419561,-1.05094982896,1.17763418035,9.96790812205
4.808076,1.03978430037,0.856356583652,10.8853536583,-1.00480503929,1.26839593082,10.0132889973
4.809742,0.898347833427,0.856356583652,10.9581653606,-1.09709461863,1.26839593082,10.0132889973
4.811408,0.933706950163,0.891715700389,10.8853536583,-1.09709461863,1.26839593082,10.1040507478
4.813074,0.9690660669,0.962433933862,10.8853536583,-1.05094982896,1.17763418035,10.149431623
4.81474,1.00442518364,0.997793050599,10.9217595095,-1.05094982896,1.17763418035,10.1948124982
4.816406,1.07514341711,0.962433933862,10.9922958461,-1.00480503929,1.13225330511,10.1948124982
4.818072,1.03978430037,0.927074817126,10.8853536583,-0.912515459961,0.996110679407,10.2855742487
4.819738,1.14586165058,1.03315216734,10.9581653606,-0.912515459961,0.814587178465,10.1948124982
4.821404,1.18122076732,1.20994775102,10.9581653606,-0.866370670294,0.814587178465,10.1948124982
4.82307,1.28729811753,1.35138421797,10.9217595095,-0.820225880627,0.76920630323,10.2401933735
4.824736,1.25193900079,1.28066598449,10.9217595095,-0.77408109096,0.723825427995,10.2401933735
4.826402,1.21657988406,1.31602510123,10.7761361049,-0.681791511626,0.587682802288,10.2855742487
4.828068,1.21657988406,1.45746156818,10.7761361049,-0.681791511626,0.360778426111,10.2855742487
4.829734,1.32265723427,1.52817980165,10.8853536583,-0.820225880627,0.17925492517,10.0586698725
4.8314,1.35801635101,1.77569361881,10.8853536583,-0.77408109096,0.224635800405,10.149431623
4.833066,1.32265723427,1.63425715186,10.8853536583,-0.77408109096,0.27001667564,10.1948124982
4.834732,1.28729811753,1.49282068491,10.8125419561,-0.77408109096,0.315397550876,10.1948124982
4.836398,1.28729811753,1.49282068491,10.8489478072,-0.681791511626,0.451540176582,10.3309551239
4.838064,1.32265723427,1.49282068491,10.8853536583,-0.727936301293,0.360778426111,10.2855742487
4.83973,1.21657988406,1.35138421797,10.8853536583,-0.77408109096,0.315397550876,10.1948124982
4.841396,1.32265723427,1.45746156818,10.8489478072,-0.727936301293,0.360778426111,10.2401933735
4.843062,1.32265723427,1.35138421797,10.7761361049,-0.77408109096,0.451540176582,10.1948124982
4.844728,1.32265723427,1.31602510123,10.7761361049,-0.727936301293,0.587682802288,10.1948124982
4.846394,1.32265723427,1.20994775102,10.8489478072,-0.77408109096,0.678444552759,10.1948124982
4.84806,1.25193900079,1.10387040081,10.7397302538,-0.77408109096,0.76920630323,10.2401933735
4.849726,1.28729811753,1.06851128407,10.8489478072,-0.77408109096,0.76920630323,10.2855742487
4.851392,1.28729811753,0.891715700389,10.8853536583,-0.77408109096,0.76920630323,10.2401933735
4.853058,1.28729811753,0.891715700389,10.8489478072,-0.681791511626,0.905348928936,10.3763359992
4.854724,1.28729811753,0.820997466915,10.8853536583,-0.77408109096,0.76920630323,10.2855742487
4.85639,1.21657988406,0.891715700389,10.7761361049,-0.77408109096,0.76920630323,10.2855742487
4.858056,1.28729811753,0.962433933862,10.8853536583,-0.77408109096,0.76920630323,10.2855742487
4.859722,1.28729811753,0.997793050599,10.8853536583,-0.77408109096,0.859968053701,10.2401933735
4.861388,1.39337546774,1.03315216734,10.8853536583,-0.77408109096,0.905348928936,10.2855742487
4.863054,1.32265723427,0.927074817126,10.7761361049,-0.727936301293,0.950729804172,10.3309551239
4.86472,1.28729811753,0.856356583652,10.8125419561,-0.727936301293,0.814587178465,10.2855742487
4.866386,1.28729811753,0.820997466915,10.8489478072,-0.77408109096,0.723825427995,10.2401933735
4.868052,1.28729811753,0.820997466915,10.8853536583,-0.77408109096,0.678444552759,10.2401933735
4.869718,1.18122076732,0.785638350178,10.8125419561,-0.77408109096,0.633063677524,10.2401933735
4.871384,1.21657988406,0.891715700389,10.9217595095,-0.77408109096,0.587682802288,10.2401933735
4.87305,1.21657988406,0.785638350178,10.9217595095,-0.820225880627,0.633063677524,10.1948124982
4.874716,1.18122076732,0.856356583652,10.9217595095,-0.866370670294,0.633063677524,10.1948124982
4.876382,1.21657988406,0.962433933862,10.9922958461,-0.866370670294,0.678444552759,10.1948124982
4.878048,1.14586165058,0.785638350178,10.8853536583,-0.866370670294,0.76920630323,10.1948124982
4.879714,1.18122076732,0.856356583652,10.9922958461,-0.820225880627,0.814587178465,10.2401933735
4.88138,1.18122076732,0.927074817126,10.9217595095,-0.866370670294,0.723825427995,10.149431623
4.883046,1.28729811753,0.927074817126,10.9581653606,-0.866370670294,0.723825427995,10.149431623
4.884712,1.21657988406,1.03315216734,10.9581653606,-0.820225880627,0.76920630323,10.149431623
4.886378,1.18122076732,0.997793050599,10.9217595095,-0.866370670294,0.723825427995,10.149431623
4.888044,1.18122076732,0.962433933862,10.9922958461,-0.820225880627,0.723825427995,10.1040507478
4.88971,1.21657988406,0.927074817126,10.9922958461,-0.820225880627,0.633063677524,10.1040507478
4.891376,1.32265723427,0.962433933862,10.9922958461,-0.820225880627,0.587682802288,10.1040507478
4.893042,1.18122076732,0.997793050599,10.9922958461,-0.820225880627,0.406159301347,10.0586698725
4.894708,1.18122076732,1.03315216734,10.9217595095,-0.820225880627,0.406159301347,10.0586698725
4.896374,1.18122076732,1.17458863428,10.9217595095,-0.77408109096,0.451540176582,10.1040507478
4.89804,1.18122076732,1.28066598449,10.9217595095,-0.77408109096,0.633063677524,10.149431623
4.899706,1.28729811753,1.45746156818,10.9217595095,-0.77408109096,0.633063677524,10.149431623
4.901372,1.21657988406,1.45746156818,10.8853536583,-0.820225880627,0.496921051817,10.0132889973
4.903038,1.18122076732,1.35138421797,10.8853536583,-0.727936301293,0.496921051817,10.0586698725
4.904704,1.21657988406,1.3867433347,10.8125419561,-0.820225880627,0.406159301347,9.92252724682
4.90637,1.25193900079,1.45746156818,10.7761361049,-0.77408109096,0.406159301347,9.96790812205
4.908036,1.14586165058,1.45746156818,10.8489478072,-0.820225880627,0.315397550876,9.96790812205
4.909702,1.21657988406,1.45746156818,10.7761361049,-0.820225880627,0.315397550876,9.87714637158
4.911368,1.21657988406,1.49282068491,10.7033244027,-0.820225880627,0.451540176582,9.87714637158
4.913034,1.18122076732,1.35138421797,10.6669185515,-0.820225880627,0.496921051817,9.92252724682
4.9147,1.21657988406,1.35138421797,10.7033244027,-0.820225880627,0.587682802288,9.92252724682
4.916366,1.14586165058,1.17458863428,10.6305127004,-0.866370670294,0.678444552759,9.92252724682
4.918032,1.18122076732,1.17458863428,10.7033244027,-0.866370670294,0.814587178465,9.92252724682
4.919698,1.18122076732,1.10387040081,10.6669185515,-0.866370670294,0.905348928936,9.96790812205
4.921364,1.28729811753,1.20994775102,10.6669185515,-0.820225880627,0.905348928936,10.0132889973
4.92303,1.25193900079,1.13922951755,10.6669185515,-0.820225880627,0.996110679407,9.96790812205
4.924696,1.18122076732,1.03315216734,10.5941068493,-0.820225880627,1.04149155464,9.96790812205
4.926362,1.18122076732,0.927074817126,10.6669185515,-0.820225880627,1.17763418035,9.96790812205
4.928028,1.21657988406,0.997793050599,10.6305127004,-0.820225880627,1.26839593082,10.0586698725
4.929694,1.25193900079,0.997793050599,10.7397302538,-0.820225880627,1.13225330511,10.0586698725
4.93136,1.14586165058,0.927074817126,10.6669185515,-0.866370670294,1.04149155464,9.96790812205
4.933026,1.18122076732,0.891715700389,10.6305127004,-0.820225880627,1.04149155464,10.0586698725
4.934692,1.14586165058,0.927074817126,10.6305127004,-0.77408109096,1.17763418035,10.149431623
4.936358,1.18122076732,1.03315216734,10.6669185515,-0.866370670294,1.04149155464,10.0586698725
4.938024,1.11050253385,1.20994775102,10.7761361049,-0.820225880627,1.04149155464,10.0586698725
4.93969,1.18122076732,1.20994775102,10.7033244027,-0.820225880627,0.996110679407,10.0586698725
4.941356,1.18122076732,1.28066598449,10.7033244027,-0.820225880627,0.950729804172,10.0586698725
4.943022,1.21657988406,1.35138421797,10.6305127004,-0.820225880627,0.859968053701,10.0586698725
4.944688,1.25193900079,1.45746156818,10.7033244027,-0.820225880627,0.723825427995,10.0132889973
4.946354,1.11050253385,1.3867433347,10.7397302538,-0.820225880627,0.678444552759,10.0132889973
4.94802,1.21657988406,1.49282068491,10.7033244027,-0.77408109096,0.723825427995,10.0586698725
4.949686,1.21657988406,1.49282068491,10.7033244027,-0.727936301293,0.76920630323,10.149431623
4.951352,1.18122076732,1.59889803512,10.6669185515,-0.727936301293,0.723825427995,10.1040507478
4.953018,1.21657988406,1.63425715186,10.7397302538,-0.820225880627,0.587682802288,10.0132889973
4.954684,1.14586165058,1.56353891839,10.7033244027,-0.820225880627,0.542301927053,10.0132889973
4.95635,1.21657988406,1.59889803512,10.7761361049,-0.866370670294,0.587682802288,10.0132889973
4.958016,1.18122076732,1.63425715186,10.7397302538,-0.866370670294,0.587682802288,10.0132889973
4.959682,1.25193900079,1.70497538534,10.7761361049,-0.77408109096,0.723825427995,10.1040507478
4.961348,1.18122076732,1.70497538534,10.8853536583,-0.820225880627,0.76920630323,10.0586698725
4.963014,1.14586165058,1.63425715186,10.8489478072,-0.820225880627,0.859968053701,10.0586698725
4.96468,1.14586165058,1.59889803512,10.9217595095,-0.820225880627,0.905348928936,10.149431623
4.966346,1.18122076732,1.56353891839,10.9217595095,-0.912515459961,0.76920630323,10.0586698725
4.968012,1.18122076732,1.63425715186,10.9922958461,-0.912515459961,0.723825427995,10.0586698725
4.969678,1.14586165058,1.49282068491,10.9581653606,-0.912515459961,0.678444552759,10.0586698725
4.971344,1.07514341711,1.42210245144,10.8853536583,-0.912515459961,0.76920630323,10.1040507478
4.97301,1.11050253385,1.45746156818,10.9217595095,-0.820225880627,0.814587178465,10.1948124982
4.974676,1.14586165058,1.45746156818,10.9581653606,-0.912515459961,0.814587178465,10.0586698725
4.976342,1.21657988406,1.49282068491,11.0287016972,-0.912515459961,0.814587178465,10.0132889973
4.978008,1.18122076732,1.56353891839,10.9581653606,-0.912515459961,0.905348928936,10.0586698725
4.979674,1.14586165058,1.49282068491,10.9217595095,-0.866370670294,0.950729804172,10.1040507478
4.98134,1.14586165058,1.45746156818,10.9217595095,-0.866370670294,0.905348928936,10.1040507478
4.983006,1.18122076732,1.45746156818,10.9922958461,-0.866370670294,0.814587178465,10.1040507478
4.984672,1.14586165058,1.49282068491,11.1015133995,-0.912515459961,0.814587178465,10.1040507478
4.986338,1.14586165058,1.42210245144,10.9922958461,-0.958660249627,0.905348928936,10.149431623
4.988004,1.11050253385,1.35138421797,11.0287016972,-0.912515459961,0.996110679407,10.1948124982
4.98967,1.11050253385,1.20994775102,11.0651075483,-0.912515459961,1.08687242988,10.1948124982
4.991336,1.14586165058,1.20994775102,11.1015133995,-0.912515459961,1.13225330511,10.2401933735
4.993002,1.07514341711,1.06851128407,11.0287016972,-0.912515459961,1.13225330511,10.2855742487
4.994668,1.11050253385,1.06851128407,11.1015133995,-0.866370670294,1.08687242988,10.3309551239
4.996334,1.11050253385,1.13922951755,11.1015133995,-0.958660249627,0.996110679407,10.1948124982
4.998,1.18122076732,1.17458863428,11.1015133995,-0.958660249627,0.996110679407,10.1948124982
4.999666,1.14586165058,1.20994775102,11.1743251017,-0.958660249627,1.13225330511,10.2401933735
5.001332,1.07514341711,1.10387040081,11.1379192506,-0.958660249627,1.22301505558,10.2855742487
5.002998,1.07514341711,1.10387040081,11.2107309529,-0.866370670294,1.40453855653,10.4217168744
5.004664,1.11050253385,1.06851128407,11.247136804,-0.958660249627,1.26839593082,10.3309551239
5.00633,1.18122076732,1.20994775102,11.3199485063,-0.958660249627,1.13225330511,10.3309551239
5.007996,1.14586165058,1.13922951755,11.2835426551,-0.958660249627,0.996110679407,10.3309551239
5.009662,1.14586165058,1.10387040081,11.247136804,-0.912515459961,0.996110679407,10.3763359992
5.011328,1.18122076732,1.24530686776,11.2107309529,-0.820225880627,0.905348928936,10.4217168744
5.012994,1.25193900079,1.28066598449,11.2835426551,-0.912515459961,0.76920630323,10.3309551239
5.01466,1.18122076732,1.42210245144,11.3563543574,-0.866370670294,0.723825427995,10.3309551239
5.016326,1.25193900079,1.3867433347,11.2107309529,-0.820225880627,0.678444552759,10.3309551239
5.017992,1.21657988406,1.45746156818,11.2107309529,-0.820225880627,0.678444552759,10.3309551239
5.019658,1.21657988406,1.59889803512,11.1743251017,-0.820225880627,0.678444552759,10.3763359992
5.021324,1.25193900079,1.59889803512,11.1743251017,-0.727936301293,0.723825427995,10.4217168744
5.02299,1.14586165058,1.59889803512,11.2107309529,-0.866370670294,0.542301927053,10.3309551239
5.024656,1.21657988406,1.6696162686,11.1743251017,-0.866370670294,0.542301927053,10.3309551239
5.026322,1.21657988406,1.70497538534,11.1015133995,-0.866370670294,0.496921051817,10.3309551239
5.027988,1.25193900079,1.70497538534,11.1743251017,-0.866370670294,0.542301927053,10.3309551239
5.029654,1.28729811753,1.63425715186,11.1743251017,-0.820225880627,0.587682802288,10.3309551239
5.03132,1.35801635101,1.59889803512,11.1743251017,-0.820225880627,0.633063677524,10.3309551239
5.032986,1.28729811753,1.45746156818,11.1015133995,-0.820225880627,0.587682802288,10.3309551239
5.034652,1.21657988406,1.35138421797,10.9922958461,-0.77408109096,0.542301927053,10.3309551239
5.036318,1.21657988406,1.3867433347,11.0651075483,-0.820225880627,0.633063677524,10.2855742487
5.037984,1.28729811753,1.45746156818,11.0287016972,-0.727936301293,0.905348928936,10.3763359992
5.03965,1.18122076732,1.49282068491,11.1015133995,-0.77408109096,0.905348928936,10.3309551239
5.041316,1.28729811753,1.35138421797,10.9922958461,-0.77408109096,0.905348928936,10.3309551239
5.042982,1.28729811753,1.20994775102,10.9922958461,-0.77408109096,0.950729804172,10.3309551239
5.044648,1.28729811753,1.20994775102,10.9217595095,-0.77408109096,0.996110679407,10.3309551239
5.046314,1.28729811753,1.28066598449,10.9922958461,-0.77408109096,0.996110679407,10.3763359992
5.04798,1.21657988406,1.17458863428,11.0287016972,-0.77408109096,0.950729804172,10.3763359992
5.049646,1.28729811753,1.20994775102,10.9581653606,-0.77408109096,0.950729804172,10.3309551239
5.051312,1.28729811753,1.17458863428,10.8853536583,-0.681791511626,0.996110679407,10.3763359992
5.052978,1.32265723427,1.17458863428,10.7761361049,-0.77408109096,0.905348928936,10.2855742487
5.054644,1.35801635101,1.24530686776,10.8489478072,-0.727936301293,0.996110679407,10.2855742487
5.05631,1.25193900079,1.20994775102,10.7397302538,-0.727936301293,1.04149155464,10.2855742487
5.057976,1.32265723427,1.24530686776,10.8125419561,-0.727936301293,0.950729804172,10.2855742487
5.059642,1.28729811753,1.20994775102,10.7397302538,-0.727936301293,0.905348928936,10.2855742487
5.061308,1.35801635101,1.24530686776,10.7761361049,-0.727936301293,0.859968053701,10.2401933735
5.062974,1.32265723427,1.28066598449,10.7761361049,-0.77408109096,0.814587178465,10.2401933735
5.06464,1.25193900079,1.20994775102,10.7033244027,-0.727936301293,0.859968053701,10.2401933735
5.066306,1.32265723427,1.20994775102,10.7761361049,-0.727936301293,0.905348928936,10.2401933735
5.067972,1.35801635101,1.24530686776,10.7397302538,-0.727936301293,0.905348928936,10.1948124982
5.069638,1.35801635101,1.20994775102,10.7397302538,-0.727936301293,0.859968053701,10.149431623
5.071304,1.35801635101,1.24530686776,10.7397302538,-0.727936301293,0.814587178465,10.149431623
5.07297,1.32265723427,1.20994775102,10.7033244027,-0.727936301293,0.76920630323,10.1040507478
5.074636,1.28729811753,1.24530686776,10.7033244027,-0.727936301293,0.814587178465,10.149431623
5.076302,1.32265723427,1.28066598449,10.7397302538,-0.681791511626,0.905348928936,10.1040507478
5.077968,1.35801635101,1.35138421797,10.8489478072,-0.727936301293,0.905348928936,10.1040507478
5.079634,1.32265723427,1.28066598449,10.8125419561,-0.727936301293,0.814587178465,10.1040507478
5.0813,1.28729811753,1.20994775102,10.8125419561,-0.635646721959,0.905348928936,10.1948124982
5.082966,1.25193900079,1.20994775102,10.7761361049,-0.727936301293,0.678444552759,10.0586698725
5.084632,1.32265723427,1.24530686776,10.8125419561,-0.77408109096,0.678444552759,10.0132889973
5.086298,1.18122076732,1.31602510123,10.8125419561,-0.77408109096,0.678444552759,9.96790812205
5.087964,1.25193900079,1.42210245144,10.7397302538,-0.77408109096,0.678444552759,10.0132889973
5.08963,1.21657988406,1.3867433347,10.7033244027,-0.820225880627,0.633063677524,9.92252724682
5.091296,1.21657988406,1.45746156818,10.6669185515,-0.77408109096,0.678444552759,9.87714637158
5.092962,1.25193900079,1.45746156818,10.7397302538,-0.727936301293,0.723825427995,9.96790812205
5.094628,1.18122076732,1.3867433347,10.6305127004,-0.820225880627,0.678444552759,9.87714637158
5.096294,1.25193900079,1.49282068491,10.7033244027,-0.820225880627,0.723825427995,9.83176549635
5.09796,1.21657988406,1.49282068491,10.6669185515,-0.77408109096,0.633063677524,9.87714637158
5.099626,1.32265723427,1.45746156818,10.7033244027,-0.820225880627,0.542301927053,9.87714637158
5.101292,1.28729811753,1.42210245144,10.7033244027,-0.77408109096,0.587682802288,9.87714637158
5.102958,1.21657988406,1.35138421797,10.6669185515,-0.77408109096,0.633063677524,9.87714637158
5.104624,1.18122076732,1.24530686776,10.7033244027,-0.820225880627,0.633063677524,9.83176549635
5.10629,1.21657988406,1.28066598449,10.6669185515,-0.820225880627,0.678444552759,9.87714637158
5.107956,1.25193900079,1.35138421797,10.7397302538,-0.866370670294,0.678444552759,9.87714637158
5.109622,1.18122076732,1.20994775102,10.7033244027,-0.866370670294,0.814587178465,9.83176549635
5.111288,1.11050253385,1.06851128407,10.5941068493,-0.912515459961,0.905348928936,9.83176549635
5.112954,1.11050253385,1.10387040081,10.6305127004,-0.912515459961,0.950729804172,9.87714637158
5.11462,1.14586165058,1.06851128407,10.7033244027,-0.912515459961,0.996110679407,9.87714637158
5.116286,1.21657988406,1.10387040081,10.7033244027,-0.866370670294,0.950729804172,9.87714637158
5.117952,1.14586165058,1.03315216734,10.7397302538,-0.820225880627,1.04149155464,9.96790812205
5.119618,1.11050253385,0.962433933862,10.7033244027,-0.866370670294,0.996110679407,9.92252724682
5.121284,1.11050253385,0.927074817126,10.7033244027,-0.866370670294,0.950729804172,9.96790812205
5.12295,1.14586165058,0.891715700389,10.7397302538,-0.866370670294,0.905348928936,9.92252724682
5.124616,1.07514341711,0.997793050599,10.8125419561,-0.912515459961,0.905348928936,9.92252724682
5.126282,1.14586165058,0.962433933862,10.7397302538,-0.912515459961,0.950729804172,9.96790812205
5.127948,1.11050253385,1.03315216734,10.7033244027,-0.866370670294,0.905348928936,9.96790812205
5.129614,1.14586165058,1.06851128407,10.7397302538,-0.866370670294,0.814587178465,10.0132889973
5.13128,1.18122076732,1.17458863428,10.7397302538,-0.866370670294,0.76920630323,10.0132889973
5.132946,1.11050253385,1.06851128407,10.7397302538,-0.866370670294,0.76920630323,10.0132889973
5.134612,1.18122076732,1.24530686776,10.7397302538,-0.77408109096,0.814587178465,10.1040507478
5.136278,1.18122076732,1.24530686776,10.7397302538,-0.727936301293,0.723825427995,10.149431623
5.137944,1.21657988406,1.24530686776,10.7761361049,-0.820225880627,0.587682802288,10.0586698725
5.13961,1.21657988406,1.28066598449,10.7761361049,-0.820225880627,0.496921051817,10.0132889973
5.141276,1.14586165058,1.24530686776,10.7033244027,-0.820225880627,0.451540176582,10.0132889973
5.142942,1.18122076732,1.31602510123,10.7761361049,-0.820225880627,0.451540176582,10.0586698725
5.144608,1.18122076732,1.31602510123,10.7761361049,-0.820225880627,0.451540176582,10.0132889973
5.146274,1.21657988406,1.35138421797,10.7761361049,-0.866370670294,0.451540176582,10.0586698725
5.14794,1.18122076732,1.31602510123,10.8489478072,-0.866370670294,0.451540176582,10.0586698725
5.149606,1.14586165058,1.20994775102,10.7761361049,-0.866370670294,0.496921051817,10.0586698725
5.151272,1.18122076732,1.31602510123,10.8489478072,-0.866370670294,0.496921051817,10.149431623
5.152938,1.18122076732,1.31602510123,10.8853536583,-0.820225880627,0.587682802288,10.1948124982
5.154604,1.21657988406,1.42210245144,10.9581653606,-0.866370670294,0.587682802288,10.1040507478
5.15627,1.18122076732,1.31602510123,10.9217595095,-0.866370670294,0.587682802288,10.149431623
5.157936,1.11050253385,1.20994775102,10.8489478072,-0.866370670294,0.587682802288,10.1040507478
5.159602,1.18122076732,1.20994775102,10.8853536583,-0.866370670294,0.633063677524,10.149431623
5.161268,1.21657988406,1.24530686776,10.9217595095,-0.866370670294,0.587682802288,10.1948124982
5.162934,1.07514341711,1.13922951755,10.9217595095,-0.912515459961,0.542301927053,10.149431623
5.1646,1.14586165058,1.24530686776,10.9217595095,-0.912515459961,0.587682802288,10.149431623
5.166266,1.14586165058,1.20994775102,10.9217595095,-0.912515459961,0.633063677524,10.1948124982
5.167932,1.14586165058,1.20994775102,10.8853536583,-0.958660249627,0.678444552759,10.1948124982
5.169598,1.14586165058,1.28066598449,10.9581653606,-0.912515459961,0.678444552759,10.1948124982
5.171264,1.07514341711,1.20994775102,10.8489478072,-0.958660249627,0.678444552759,10.2401933735
5.17293,1.11050253385,1.28066598449,10.9217595095,-0.958660249627,0.678444552759,10.1948124982
5.174596,1.11050253385,1.24530686776,10.9217595095,-0.958660249627,0.723825427995,10.2401933735
5.176262,1.18122076732,1.28066598449,10.9217595095,-0.912515459961,0.678444552759,10.2401933735
5.177928,1.14586165058,1.20994775102,10.9581653606,-0.958660249627,0.633063677524,10.2401933735
5.179594,1.07514341711,1.10387040081,10.8853536583,-0.912515459961,0.633063677524,10.2401933735
5.18126,1.11050253385,1.17458863428,10.9581653606,-0.866370670294,0.76920630323,10.3309551239
5.182926,1.07514341711,1.17458863428,10.9922958461,-1.00480503929,0.723825427995,10.2401933735
5.184592,1.18122076732,1.20994775102,11.0287016972,-0.958660249627,0.76920630323,10.2401933735
5.186258,1.07514341711,1.10387040081,11.0287016972,-0.958660249627,0.723825427995,10.2401933735
5.187924,1.03978430037,1.10387040081,10.9922958461,-1.00480503929,0.723825427995,10.1948124982
5.18959,1.07514341711,1.17458863428,11.0287016972,-1.00480503929,0.76920630323,10.2401933735
5.191256,1.03978430037,1.20994775102,11.0287016972,-1.00480503929,0.859968053701,10.2401933735
5.192922,1.07514341711,1.28066598449,11.1379192506,-1.00480503929,0.859968053701,10.1948124982
5.194588,1.07514341711,1.13922951755,11.0651075483,-1.00480503929,0.814587178465,10.2401933735
5.196254,1.07514341711,1.06851128407,11.0287016972,-1.00480503929,0.76920630323,10.1948124982
5.19792,1.07514341711,1.17458863428,11.0287016972,-1.00480503929,0.814587178465,10.1948124982
5.199586,1.07514341711,1.28066598449,11.1015133995,-1.00480503929,0.814587178465,10.2401933735
5.201252,1.00442518364,1.20994775102,11.0651075483,-0.958660249627,0.814587178465,10.2401933735
5.202918,1.11050253385,1.31602510123,11.0651075483,-0.958660249627,0.723825427995,10.1948124982
5.204584,1.07514341711,1.35138421797,11.0287016972,-0.958660249627,0.678444552759,10.149431623
5.20625,1.07514341711,1.3867433347,11.0287016972,-0.958660249627,0.678444552759,10.149431623
5.207916,1.11050253385,1.42210245144,11.0651075483,-0.958660249627,0.723825427995,10.149431623
5.209582,1.00442518364,1.3867433347,10.9922958461,-0.958660249627,0.723825427995,10.149431623
5.211248,1.07514341711,1.42210245144,11.0287016972,-0.912515459961,0.76920630323,10.149431623
5.212914,1.07514341711,1.45746156818,10.9922958461,-0.958660249627,0.633063677524,10.0586698725
5.21458,1.18122076732,1.52817980165,11.0287016972,-0.958660249627,0.678444552759,10.1040507478
5.216246,1.11050253385,1.49282068491,11.0287016972,-0.958660249627,0.678444552759,10.149431623
5.217912,1.07514341711,1.42210245144,10.9217595095,-0.958660249627,0.587682802288,10.149431623
5.219578,1.11050253385,1.49282068491,10.9922958461,-0.958660249627,0.587682802288,10.1040507478
5.221244,1.14586165058,1.45746156818,10.9922958461,-0.958660249627,0.678444552759,10.0586698725
5.22291,1.18122076732,1.52817980165,11.0651075483,-0.958660249627,0.76920630323,10.1040507478
5.224576,1.11050253385,1.42210245144,10.9922958461,-0.912515459961,0.814587178465,10.1040507478
5.226242,1.11050253385,1.35138421797,10.8853536583,-0.958660249627,0.814587178465,10.0586698725
5.227908,1.11050253385,1.42210245144,10.8853536583,-0.958660249627,0.905348928936,10.0586698725
5.229574,1.14586165058,1.3867433347,10.8853536583,-0.958660249627,0.950729804172,10.0586698725
5.23124,1.00442518364,1.31602510123,10.9217595095,-0.912515459961,1.04149155464,10.1040507478
5.232906,1.11050253385,1.28066598449,10.8853536583,-0.912515459961,1.04149155464,10.1040507478
5.234572,1.07514341711,1.28066598449,10.8125419561,-0.912515459961,0.950729804172,10.1040507478
5.236238,1.11050253385,1.28066598449,10.8489478072,-0.958660249627,0.950729804172,10.0586698725
5.237904,1.14586165058,1.31602510123,10.8853536583,-0.912515459961,1.04149155464,10.1040507478
5.23957,1.18122076732,1.45746156818,10.9581653606,-0.912515459961,1.13225330511,10.149431623
5.241236,1.18122076732,1.31602510123,10.8853536583,-0.912515459961,1.17763418035,10.1040507478
5.242902,1.11050253385,1.28066598449,10.7761361049,-0.912515459961,1.08687242988,10.1040507478
5.244568,1.11050253385,1.24530686776,10.7761361049,-0.912515459961,1.04149155464,10.1040507478
5.246234,1.14586165058,1.31602510123,10.7761361049,-0.912515459961,0.996110679407,10.1040507478
5.2479,1.18122076732,1.49282068491,10.8853536583,-0.866370670294,1.04149155464,10.1040507478
5.249566,1.18122076732,1.3867433347,10.8125419561,-0.866370670294,0.996110679407,10.1040507478
5.251232,1.14586165058,1.31602510123,10.7397302538,-0.866370670294,0.996110679407,10.1040507478
5.252898,1.14586165058,1.35138421797,10.7397302538,-0.866370670294,0.950729804172,10.1040507478
5.254564,1.21657988406,1.42210245144,10.7761361049,-0.866370670294,0.905348928936,10.1040507478
5.25623,1.14586165058,1.35138421797,10.8125419561,-0.820225880627,0.950729804172,10.1040507478
5.257896,1.21657988406,1.45746156818,10.7761361049,-0.820225880627,0.905348928936,10.1040507478
5.259562,1.21657988406,1.42210245144,10.7397302538,-0.77408109096,0.905348928936,10.149431623
5.261228,1.21657988406,1.45746156818,10.7033244027,-0.820225880627,0.814587178465,10.0586698725
5.262894,1.25193900079,1.45746156818,10.7397302538,-0.820225880627,0.814587178465,10.1040507478
5.26456,1.18122076732,1.3867433347,10.6669185515,-0.820225880627,0.814587178465,10.1040507478
5.266226,1.21657988406,1.49282068491,10.7761361049,-0.820225880627,0.905348928936,10.1040507478
5.267892,1.21657988406,1.49282068491,10.7761361049,-0.77408109096,0.996110679407,10.149431623
5.269558,1.21657988406,1.42210245144,10.7761361049,-0.77408109096,0.950729804172,10.1948124982
5.271224,1.25193900079,1.45746156818,10.8125419561,-0.727936301293,0.950729804172,10.2401933735
5.27289,1.18122076732,1.35138421797,10.7397302538,-0.820225880627,0.814587178465,10.1040507478
5.274556,1.18122076732,1.45746156818,10.8125419561,-0.820225880627,0.76920630323,10.149431623
5.276222,1.21657988406,1.45746156818,10.8125419561,-0.820225880627,0.76920630323,10.149431623
5.277888,1.32265723427,1.49282068491,10.7761361049,-0.77408109096,0.859968053701,10.1948124982
5.279554,1.25193900079,1.45746156818,10.7761361049,-0.820225880627,0.814587178465,10.149431623
5.28122,1.18122076732,1.35138421797,10.7397302538,-0.820225880627,0.814587178465,10.149431623
5.282886,1.21657988406,1.49282068491,10.7761361049,-0.77408109096,0.859968053701,10.149431623
5.284552,1.25193900079,1.49282068491,10.8125419561,-0.681791511626,0.950729804172,10.1948124982
5.286218,1.32265723427,1.59889803512,10.8853536583,-0.77408109096,0.859968053701,10.149431623
5.287884,1.28729811753,1.45746156818,10.8125419561,-0.820225880627,0.76920630323,10.1040507478
5.28955,1.21657988406,1.3867433347,10.7397302538,-0.820225880627,0.76920630323,10.149431623
5.291216,1.18122076732,1.35138421797,10.8125419561,-0.820225880627,0.723825427995,10.149431623
5.292882,1.21657988406,1.3867433347,10.8489478072,-0.820225880627,0.723825427995,10.149431623
5.294548,1.11050253385,1.28066598449,10.8853536583,-0.866370670294,0.814587178465,10.149431623
5.296214,1.18122076732,1.31602510123,10.8853536583,-0.866370670294,0.859968053701,10.149431623
5.29788,1.14586165058,1.28066598449,10.8853536583,-0.866370670294,0.905348928936,10.149431623
5.299546,1.25193900079,1.28066598449,10.8853536583,-0.820225880627,0.950729804172,10.2855742487
5.301212,1.18122076732,1.28066598449,10.9217595095,-0.866370670294,0.905348928936,10.1948124982
5.302878,1.14586165058,1.20994775102,10.8853536583,-0.866370670294,0.950729804172,10.1948124982
5.304544,1.14586165058,1.28066598449,10.9217595095,-0.866370670294,0.996110679407,10.2401933735
5.30621,1.18122076732,1.28066598449,10.9581653606,-0.912515459961,0.950729804172,10.2401933735
5.307876,1.21657988406,1.28066598449,11.0651075483,-0.866370670294,0.996110679407,10.2401933735
5.309542,1.14586165058,1.10387040081,10.9922958461,-0.912515459961,0.950729804172,10.1948124982
5.311208,1.11050253385,1.06851128407,10.9581653606,-0.958660249627,0.950729804172,10.1948124982
5.312874,1.11050253385,1.06851128407,10.9217595095,-0.912515459961,0.950729804172,10.2401933735
5.31454,1.14586165058,1.10387040081,10.9922958461,-0.958660249627,0.814587178465,10.1948124982
5.316206,1.03978430037,1.10387040081,11.0651075483,-0.912515459961,0.905348928936,10.2401933735
5.317872,1.14586165058,1.17458863428,11.0287016972,-0.866370670294,0.905348928936,10.2855742487
5.319538,1.11050253385,1.17458863428,10.9922958461,-0.958660249627,0.76920630323,10.2401933735
5.321204,1.11050253385,1.17458863428,11.0287016972,-0.958660249627,0.723825427995,10.1948124982
5.32287,1.14586165058,1.20994775102,11.0651075483,-0.912515459961,0.76920630323,10.2401933735
5.324536,1.11050253385,1.20994775102,10.9581653606,-0.912515459961,0.76920630323,10.2401933735
5.326202,1.14586165058,1.28066598449,11.0651075483,-0.912515459961,0.76920630323,10.2401933735
5.327868,1.11050253385,1.28066598449,11.0287016972,-0.912515459961,0.678444552759,10.1948124982
5.329534,1.14586165058,1.31602510123,10.9922958461,-0.866370670294,0.633063677524,10.2401933735
5.3312,1.14586165058,1.35138421797,11.0651075483,-0.912515459961,0.587682802288,10.2401933735
5.332866,1.14586165058,1.45746156818,11.1379192506,-0.958660249627,0.542301927053,10.1948124982
5.334532,1.07514341711,1.3867433347,11.0651075483,-0.958660249627,0.587682802288,10.1948124982
5.336198,1.11050253385,1.31602510123,11.0287016972,-0.958660249627,0.542301927053,10.1948124982
5.337864,1.11050253385,1.31602510123,11.0287016972,-0.958660249627,0.587682802288,10.1948124982
5.33953,1.18122076732,1.35138421797,11.0651075483,-0.958660249627,0.633063677524,10.1948124982
5.341196,1.07514341711,1.31602510123,10.9217595095,-0.912515459961,0.633063677524,10.1948124982
5.342862,1.11050253385,1.35138421797,11.0651075483,-0.958660249627,0.633063677524,10.1948124982
5.344528,1.14586165058,1.31602510123,11.0287016972,-0.958660249627,0.633063677524,10.1948124982
5.346194,1.14586165058,1.35138421797,10.9922958461,-0.912515459961,0.633063677524,10.1948124982
5.34786,1.14586165058,1.24530686776,11.0287016972,-0.912515459961,0.678444552759,10.1948124982
5.349526,1.07514341711,1.17458863428,10.9581653606,-0.912515459961,0.723825427995,10.2401933735
5.351192,1.11050253385,1.20994775102,10.9922958461,-0.912515459961,0.723825427995,10.1948124982
5.352858,1.11050253385,1.17458863428,10.9922958461,-0.820225880627,0.814587178465,10.2855742487
5.354524,1.18122076732,1.28066598449,11.0651075483,-0.958660249627,0.723825427995,10.1948124982
5.35619,1.11050253385,1.20994775102,10.9581653606,-0.820225880627,0.859968053701,10.2855742487
5.357856,1.07514341711,1.17458863428,10.8853536583,-0.958660249627,0.723825427995,10.1948124982
5.359522,1.11050253385,1.20994775102,10.8853536583,-0.958660249627,0.723825427995,10.149431623
5.361188,1.11050253385,1.28066598449,10.8489478072,-0.912515459961,0.76920630323,10.149431623
5.362854,1.18122076732,1.35138421797,10.9217595095,-0.912515459961,0.814587178465,10.149431623
5.36452,1.14586165058,1.24530686776,10.8853536583,-0.912515459961,0.814587178465,10.1948124982
5.366186,1.11050253385,1.17458863428,10.8125419561,-0.912515459961,0.814587178465,10.149431623
5.367852,1.07514341711,1.20994775102,10.8125419561,-0.912515459961,0.76920630323,10.149431623
5.369518,1.14586165058,1.24530686776,10.8853536583,-0.958660249627,0.723825427995,10.1040507478
5.371184,1.03978430037,1.17458863428,10.9217595095,-0.912515459961,0.76920630323,10.1948124982
5.37285,1.11050253385,1.17458863428,10.8853536583,-0.912515459961,0.76920630323,10.149431623
5.374516,1.11050253385,1.17458863428,10.8125419561,-0.912515459961,0.76920630323,10.1948124982
5.376182,1.11050253385,1.17458863428,10.7761361049,-0.958660249627,0.723825427995,10.1040507478
5.377848,1.11050253385,1.28066598449,10.8125419561,-0.958660249627,0.723825427995,10.1040507478
5.379514,1.03978430037,1.17458863428,10.7397302538,-0.958660249627,0.814587178465,10.1040507478
5.38118,1.07514341711,1.24530686776,10.8125419561,-0.912515459961,0.814587178465,10.1040507478
5.382846,1.11050253385,1.28066598449,10.8125419561,-0.958660249627,0.814587178465,10.1040507478
5.384512,1.18122076732,1.35138421797,10.8489478072,-0.958660249627,0.814587178465,10.0586698725
5.386178,1.11050253385,1.35138421797,10.8125419561,-0.866370670294,0.905348928936,10.1948124982
5.387844,1.07514341711,1.28066598449,10.7761361049,-0.958660249627,0.723825427995,10.0586698725
5.38951,1.07514341711,1.31602510123,10.8489478072,-0.912515459961,0.723825427995,10.0586698725
5.391176,1.07514341711,1.35138421797,10.8125419561,-0.958660249627,0.723825427995,10.0586698725
5.392842,1.03978430037,1.35138421797,10.9217595095,-0.958660249627,0.723825427995,10.0132889973
5.394508,1.07514341711,1.35138421797,10.8489478072,-0.958660249627,0.723825427995,10.0132889973
5.396174,1.07514341711,1.3867433347,10.7761361049,-0.958660249627,0.723825427995,9.96790812205
5.39784,1.03978430037,1.42210245144,10.7761361049,-0.958660249627,0.723825427995,9.96790812205
5.399506,1.11050253385,1.49282068491,10.8125419561,-0.958660249627,0.723825427995,9.96790812205
5.401172,1.03978430037,1.42210245144,10.7397302538,-0.958660249627,0.678444552759,9.92252724682
5.402838,1.07514341711,1.52817980165,10.8125419561,-0.912515459961,0.723825427995,10.0132889973
5.404504,1.07514341711,1.56353891839,10.7761361049,-0.866370670294,0.814587178465,10.0132889973
5.40617,1.07514341711,1.52817980165,10.7761361049,-0.958660249627,0.723825427995,9.96790812205
5.407836,1.11050253385,1.49282068491,10.8489478072,-0.958660249627,0.723825427995,9.96790812205
5.409502,1.03978430037,1.42210245144,10.7397302538,-0.958660249627,0.723825427995,9.92252724682
5.411168,1.07514341711,1.42210245144,10.8489478072,-0.958660249627,0.723825427995,9.96790812205
5.412834,1.11050253385,1.3867433347,10.8125419561,-0.958660249627,0.723825427995,9.96790812205
5.4145,1.18122076732,1.42210245144,10.8125419561,-0.958660249627,0.76920630323,9.96790812205
5.416166,1.07514341711,1.3867433347,10.8125419561,-0.958660249627,0.76920630323,9.92252724682
5.417832,1.03978430037,1.35138421797,10.7397302538,-0.958660249627,0.76920630323,9.92252724682
5.419498,1.07514341711,1.3867433347,10.8125419561,-0.958660249627,0.859968053701,9.96790812205
5.421164,1.03978430037,1.35138421797,10.7761361049,-0.958660249627,0.950729804172,9.96790812205
5.42283,1.11050253385,1.31602510123,10.8125419561,-0.958660249627,0.950729804172,9.96790812205
5.424496,1.07514341711,1.31602510123,10.8489478072,-0.912515459961,1.04149155464,10.0586698725
5.426162,1.03978430037,1.20994775102,10.7761361049,-0.958660249627,0.950729804172,9.96790812205
5.427828,1.07514341711,1.20994775102,10.8125419561,-0.958660249627,0.950729804172,9.96790812205
5.429494,1.07514341711,1.20994775102,10.8125419561,-0.958660249627,0.905348928936,10.0132889973
5.43116,1.18122076732,1.31602510123,10.8853536583,-0.820225880627,1.04149155464,10.1040507478
5.432826,1.11050253385,1.28066598449,10.8489478072,-0.958660249627,0.859968053701,10.0132889973
5.434492,1.11050253385,1.28066598449,10.8125419561,-0.912515459961,0.905348928936,10.0132889973
5.436158,1.11050253385,1.24530686776,10.8125419561,-0.912515459961,0.905348928936,10.0132889973
5.437824,1.14586165058,1.20994775102,10.8125419561,-0.912515459961,0.905348928936,10.0586698725
5.43949,1.03978430037,1.31602510123,10.9217595095,-0.912515459961,0.905348928936,10.0586698725
5.441156,1.14586165058,1.31602510123,10.8125419561,-0.866370670294,0.905348928936,10.0586698725
5.442822,1.11050253385,1.31602510123,10.8125419561,-0.866370670294,0.905348928936,10.0586698725
5.444488,1.18122076732,1.35138421797,10.8489478072,-0.866370670294,0.905348928936,10.1040507478
5.446154,1.18122076732,1.35138421797,10.8489478072,-0.866370670294,0.814587178465,10.0586698725
5.44782,1.11050253385,1.31602510123,10.7761361049,-0.866370670294,0.76920630323,10.1040507478
5.449486,1.18122076732,1.31602510123,10.8125419561,-0.866370670294,0.723825427995,10.1040507478
5.451152,1.21657988406,1.31602510123,10.8853536583,-0.866370670294,0.723825427995,10.1040507478
5.452818,1.28729811753,1.3867433347,10.9217595095,-0.866370670294,0.76920630323,10.1040507478
5.454484,1.25193900079,1.35138421797,10.8853536583,-0.820225880627,0.76920630323,10.149431623
5.45615,1.21657988406,1.28066598449,10.8489478072,-0.820225880627,0.76920630323,10.149431623
5.457816,1.18122076732,1.35138421797,10.8853536583,-0.820225880627,0.723825427995,10.149431623
5.459482,1.25193900079,1.3867433347,10.8853536583,-0.820225880627,0.723825427995,10.149431623
5.461148,1.14586165058,1.28066598449,10.9217595095,-0.820225880627,0.678444552759,10.1948124982
5.462814,1.25193900079,1.28066598449,10.9217595095,-0.820225880627,0.678444552759,10.1948124982
5.46448,1.21657988406,1.28066598449,10.8853536583,-0.820225880627,0.678444552759,10.1948124982
5.466146,1.25193900079,1.28066598449,10.8853536583,-0.820225880627,0.723825427995,10.1948124982
5.467812,1.28729811753,1.24530686776,10.9581653606,-0.820225880627,0.723825427995,10.2401933735
5.469478,1.18122076732,1.17458863428,10.8489478072,-0.820225880627,0.723825427995,10.2401933735
5.471144,1.21657988406,1.28066598449,10.9217595095,-0.77408109096,0.723825427995,10.2401933735
5.47281,1.28729811753,1.24530686776,10.9217595095,-0.820225880627,0.678444552759,10.2401933735
5.474476,1.35801635101,1.31602510123,10.9217595095,-0.77408109096,0.678444552759,10.2401933735
5.476142,1.32265723427,1.28066598449,10.9217595095,-0.77408109096,0.633063677524,10.2855742487
5.477808,1.28729811753,1.24530686776,10.8489478072,-0.820225880627,0.587682802288,10.1948124982
5.479474,1.21657988406,1.31602510123,10.8853536583,-0.77408109096,0.723825427995,10.2401933735
5.48114,1.28729811753,1.28066598449,10.8853536583,-0.77408109096,0.723825427995,10.2401933735
5.482806,1.28729811753,1.35138421797,10.9922958461,-0.77408109096,0.76920630323,10.2401933735
5.484472,1.28729811753,1.20994775102,10.9217595095,-0.77408109096,0.76920630323,10.2855742487
5.486138,1.25193900079,1.17458863428,10.8853536583,-0.820225880627,0.723825427995,10.2401933735
5.487804,1.21657988406,1.17458863428,10.8853536583,-0.77408109096,0.723825427995,10.2401933735
5.48947,1.32265723427,1.20994775102,10.9217595095,-0.820225880627,0.678444552759,10.2855742487
5.491136,1.18122076732,1.13922951755,10.9581653606,-0.77408109096,0.723825427995,10.2855742487
5.492802,1.28729811753,1.17458863428,10.9581653606,-0.820225880627,0.723825427995,10.2401933735
5.494468,1.25193900079,1.17458863428,10.8853536583,-0.77408109096,0.76920630323,10.2855742487
5.496134,1.32265723427,1.10387040081,10.8853536583,-0.681791511626,0.905348928936,10.3763359992
5.4978,1.32265723427,1.10387040081,10.9217595095,-0.681791511626,0.905348928936,10.3763359992
5.499466,1.21657988406,1.10387040081,11.0287016972,-0.77408109096,0.859968053701,10.2855742487
5.501132,1.25193900079,1.10387040081,10.9581653606,-0.77408109096,0.814587178465,10.2401933735
5.502798,1.21657988406,1.10387040081,10.9217595095,-0.77408109096,0.814587178465,10.2855742487
5.504464,1.25193900079,1.10387040081,10.9217595095,-0.820225880627,0.76920630323,10.2401933735
5.50613,1.25193900079,1.17458863428,10.9217595095,-0.820225880627,0.76920630323,10.2401933735
5.507796,1.18122076732,1.06851128407,11.0287016972,-0.820225880627,0.76920630323,10.2401933735
5.509462,1.21657988406,1.13922951755,10.9922958461,-0.820225880627,0.76920630323,10.2401933735
5.511128,1.25193900079,1.10387040081,10.9581653606,-0.820225880627,0.76920630323,10.1948124982
5.512794,1.21657988406,1.13922951755,10.8853536583,-0.820225880627,0.723825427995,10.1948124982
5.51446,1.21657988406,1.20994775102,10.9581653606,-0.77408109096,0.723825427995,10.1948124982
5.516126,1.18122076732,1.13922951755,10.8489478072,-0.77408109096,0.76920630323,10.2401933735
5.517792,1.21657988406,1.28066598449,10.9217595095,-0.77408109096,0.76920630323,10.2401933735
5.519458,1.21657988406,1.31602510123,10.9217595095,-0.820225880627,0.678444552759,10.149431623
5.521124,1.32265723427,1.3867433347,10.9217595095,-0.820225880627,0.678444552759,10.149431623
5.52279,1.25193900079,1.31602510123,10.9581653606,-0.77408109096,0.723825427995,10.149431623
5.524456,1.18122076732,1.24530686776,10.8853536583,-0.820225880627,0.678444552759,10.1040507478
5.526122,1.18122076732,1.28066598449,10.8853536583,-0.866370670294,0.678444552759,10.1040507478
5.527788,1.21657988406,1.35138421797,10.8853536583,-0.866370670294,0.678444552759,10.1040507478
5.529454,1.32265723427,1.3867433347,10.9217595095,-0.866370670294,0.633063677524,10.1040507478
5.53112,1.21657988406,1.31602510123,10.9217595095,-0.820225880627,0.678444552759,10.0586698725
5.532786,1.14586165058,1.24530686776,10.8125419561,-0.820225880627,0.678444552759,10.0586698725
5.534452,1.18122076732,1.31602510123,10.8853536583,-0.820225880627,0.76920630323,10.1040507478
5.536118,1.18122076732,1.28066598449,10.8489478072,-0.820225880627,0.723825427995,10.0586698725
5.537784,1.18122076732,1.24530686776,10.8489478072,-0.866370670294,0.723825427995,10.0586698725
5.53945,1.18122076732,1.28066598449,10.8853536583,-0.866370670294,0.814587178465,10.0586698725
5.541116,1.11050253385,1.20994775102,10.8489478072,-0.820225880627,0.76920630323,10.0586698725
5.542782,1.18122076732,1.28066598449,10.8853536583,-0.77408109096,0.905348928936,10.1040507478
5.544448,1.18122076732,1.28066598449,10.8489478072,-0.866370670294,0.814587178465,10.0132889973
5.546114,1.18122076732,1.28066598449,10.8125419561,-0.866370670294,0.814587178465,10.0132889973
5.54778,1.18122076732,1.28066598449,10.8125419561,-0.77408109096,0.950729804172,10.149431623
5.549446,1.11050253385,1.13922951755,10.7397302538,-0.866370670294,0.814587178465,10.0586698725
5.551112,1.18122076732,1.28066598449,10.8125419561,-0.866370670294,0.859968053701,10.0132889973
5.552778,1.18122076732,1.24530686776,10.8125419561,-0.866370670294,0.859968053701,10.0132889973
5.554444,1.21657988406,1.35138421797,10.7761361049,-0.77408109096,0.950729804172,10.149431623
5.55611,1.18122076732,1.35138421797,10.7761361049,-0.820225880627,0.905348928936,10.0586698725
5.557776,1.14586165058,1.28066598449,10.7033244027,-0.866370670294,0.814587178465,10.0132889973
5.559442,1.18122076732,1.31602510123,10.7397302538,-0.820225880627,0.76920630323,10.0132889973
5.561108,1.21657988406,1.31602510123,10.7397302538,-0.820225880627,0.814587178465,10.0132889973
5.562774,1.32265723427,1.35138421797,10.8125419561,-0.866370670294,0.814587178465,9.96790812205
5.56444,1.18122076732,1.31602510123,10.7397302538,-0.820225880627,0.814587178465,10.0586698725
5.566106,1.14586165058,1.28066598449,10.7397302538,-0.866370670294,0.76920630323,10.0132889973
5.567772,1.18122076732,1.31602510123,10.7397302538,-0.866370670294,0.814587178465,10.0132889973
5.569438,1.18122076732,1.35138421797,10.7397302538,-0.77408109096,0.905348928936,10.1040507478
5.571104,1.11050253385,1.42210245144,10.8489478072,-0.866370670294,0.76920630323,10.0132889973
5.57277,1.18122076732,1.3867433347,10.7761361049,-0.866370670294,0.814587178465,10.0132889973
5.574436,1.18122076732,1.35138421797,10.7397302538,-0.866370670294,0.814587178465,10.0132889973
5.576102,1.18122076732,1.35138421797,10.7397302538,-0.866370670294,0.859968053701,10.0586698725
5.577768,1.18122076732,1.3867433347,10.7761361049,-0.866370670294,0.814587178465,10.0586698725
5.579434,1.14586165058,1.28066598449,10.7033244027,-0.866370670294,0.814587178465,10.0132889973
5.5811,1.18122076732,1.35138421797,10.7761361049,-0.820225880627,0.859968053701,10.0586698725
5.582766,1.18122076732,1.3867433347,10.7761361049,-0.77408109096,0.905348928936,10.1040507478
5.584432,1.21657988406,1.42210245144,10.7761361049,-0.727936301293,0.950729804172,10.149431623
5.586098,1.25193900079,1.42210245144,10.8125419561,-0.866370670294,0.814587178465,10.0586698725
5.587764,1.18122076732,1.3867433347,10.7761361049,-0.820225880627,0.76920630323,10.0586698725
5.58943,1.18122076732,1.3867433347,10.7761361049,-0.820225880627,0.76920630323,10.0586698725
5.591096,1.18122076732,1.45746156818,10.8489478072,-0.820225880627,0.814587178465,10.0586698725
5.592762,1.21657988406,1.56353891839,10.8853536583,-0.866370670294,0.76920630323,10.0586698725
5.594428,1.21657988406,1.45746156818,10.8489478072,-0.866370670294,0.76920630323,10.0586698725
5.596094,1.18122076732,1.45746156818,10.7761361049,-0.820225880627,0.814587178465,10.0586698725
5.59776,1.18122076732,1.42210245144,10.8125419561,-0.866370670294,0.76920630323,10.0132889973
5.599426,1.21657988406,1.45746156818,10.8853536583,-0.866370670294,0.814587178465,10.1040507478
5.601092,1.25193900079,1.56353891839,10.9581653606,-0.866370670294,0.76920630323,10.1040507478
5.602758,1.18122076732,1.42210245144,10.8853536583,-0.77408109096,0.859968053701,10.149431623
5.604424,1.18122076732,1.3867433347,10.8853536583,-0.866370670294,0.76920630323,10.1040507478
5.60609,1.18122076732,1.35138421797,10.8853536583,-0.866370670294,0.814587178465,10.149431623
5.607756,1.21657988406,1.3867433347,10.9581653606,-0.866370670294,0.859968053701,10.149431623
5.609422,1.11050253385,1.28066598449,10.8853536583,-0.866370670294,0.859968053701,10.149431623
5.611088,1.18122076732,1.31602510123,10.9581653606,-0.866370670294,0.950729804172,10.1948124982
5.612754,1.14586165058,1.31602510123,10.9581653606,-0.866370670294,0.950729804172,10.1948124982
5.61442,1.18122076732,1.28066598449,10.9581653606,-0.912515459961,0.859968053701,10.149431623
5.616086,1.18122076732,1.35138421797,10.9922958461,-0.912515459961,0.905348928936,10.149431623
5.617752,1.14586165058,1.20994775102,10.9217595095,-0.820225880627,0.996110679407,10.2401933735
5.619418,1.18122076732,1.28066598449,10.9922958461,-0.820225880627,1.04149155464,10.2855742487
5.621084,1.18122076732,1.28066598449,11.0287016972,-0.820225880627,1.04149155464,10.2855742487
5.62275,1.28729811753,1.31602510123,11.0651075483,-0.820225880627,1.04149155464,10.2401933735
5.624416,1.18122076732,1.28066598449,11.0651075483,-0.866370670294,0.905348928936,10.2401933735
5.626082,1.18122076732,1.20994775102,10.9922958461,-0.912515459961,0.905348928936,10.1948124982
5.627748,1.14586165058,1.31602510123,11.0651075483,-0.866370670294,0.905348928936,10.2401933735
5.629414,1.18122076732,1.28066598449,11.0651075483,-0.866370670294,0.859968053701,10.2401933735
5.63108,1.28729811753,1.42210245144,11.1015133995,-0.866370670294,0.814587178465,10.2401933735
5.632746,1.18122076732,1.3867433347,11.1015133995,-0.866370670294,0.859968053701,10.2401933735
5.634412,1.18122076732,1.28066598449,11.0651075483,-0.866370670294,0.814587178465,10.2401933735
5.636078,1.14586165058,1.31602510123,11.0651075483,-0.866370670294,0.814587178465,10.2401933735
5.637744,1.21657988406,1.3867433347,11.1379192506,-0.866370670294,0.814587178465,10.2401933735
5.63941,1.14586165058,1.31602510123,11.1379192506,-0.866370670294,0.814587178465,10.2401933735
5.641076,1.21657988406,1.3867433347,11.1015133995,-0.866370670294,0.76920630323,10.2855742487
5.642742,1.21657988406,1.3867433347,11.0651075483,-0.866370670294,0.723825427995,10.2401933735
5.644408,1.21657988406,1.3867433347,11.0651075483,-0.866370670294,0.723825427995,10.2401933735
5.646074,1.21657988406,1.3867433347,11.1379192506,-0.866370670294,0.76920630323,10.2855742487
5.64774,1.18122076732,1.31602510123,11.0287016972,-0.866370670294,0.723825427995,10.2401933735
5.649406,1.21657988406,1.3867433347,11.1015133995,-0.866370670294,0.76920630323,10.2401933735
5.651072,1.21657988406,1.35138421797,11.0651075483,-0.820225880627,0.814587178465,10.3309551239
5.652738,1.28729811753,1.35138421797,11.0651075483,-0.820225880627,0.814587178465,10.2855742487
5.654404,1.25193900079,1.35138421797,11.1015133995,-0.820225880627,0.814587178465,10.2855742487
5.65607,1.18122076732,1.28066598449,10.9922958461,-0.820225880627,0.814587178465,10.2855742487
5.657736,1.21657988406,1.35138421797,11.0651075483,-0.820225880627,0.814587178465,10.3309551239
5.659402,1.28729811753,1.31602510123,11.0651075483,-0.820225880627,0.76920630323,10.2855742487
5.661068,1.35801635101,1.3867433347,11.0651075483,-0.820225880627,0.76920630323,10.3309551239
5.662734,1.28729811753,1.31602510123,11.0651075483,-0.681791511626,0.950729804172,10.4217168744
5.6644,1.21657988406,1.28066598449,10.9922958461,-0.820225880627,0.814587178465,10.2855742487
5.666066,1.21657988406,1.24530686776,10.9922958461,-0.820225880627,0.814587178465,10.3309551239
5.667732,1.28729811753,1.28066598449,11.0287016972,-0.77408109096,0.859968053701,10.3309551239
5.669398,1.18122076732,1.3867433347,11.0651075483,-0.820225880627,0.76920630323,10.2855742487
5.671064,1.28729811753,1.31602510123,10.9922958461,-0.77408109096,0.814587178465,10.2855742487
5.67273,1.25193900079,1.28066598449,10.8853536583,-0.77408109096,0.814587178465,10.2855742487
5.674396,1.25193900079,1.28066598449,10.9217595095,-0.77408109096,0.76920630323,10.2855742487
5.676062,1.32265723427,1.28066598449,10.9581653606,-0.77408109096,0.814587178465,10.2855742487
5.677728,1.21657988406,1.20994775102,10.9217595095,-0.77408109096,0.814587178465,10.2855742487
5.679394,1.28729811753,1.31602510123,10.8853536583,-0.77408109096,0.814587178465,10.2401933735
5.68106,1.28729811753,1.24530686776,10.8489478072,-0.77408109096,0.814587178465,10.2401933735
5.682726,1.25193900079,1.28066598449,10.8853536583,-0.681791511626,0.950729804172,10.3309551239
5.684392,1.32265723427,1.24530686776,10.8853536583,-0.77408109096,0.814587178465,10.2401933735
5.686058,1.18122076732,1.20994775102,10.8489478072,-0.77408109096,0.814587178465,10.2401933735
5.687724,1.28729811753,1.31602510123,10.8853536583,-0.77408109096,0.859968053701,10.1948124982
5.68939,1.28729811753,1.24530686776,10.8125419561,-0.77408109096,0.859968053701,10.2401933735
5.691056,1.28729811753,1.24530686776,10.8125419561,-0.77408109096,0.859968053701,10.1948124982
5.692722,1.32265723427,1.24530686776,10.8489478072,-0.727936301293,0.905348928936,10.2401933735
5.694388,1.21657988406,1.20994775102,10.8853536583,-0.77408109096,0.814587178465,10.1948124982
5.696054,1.25193900079,1.28066598449,10.7761361049,-0.77408109096,0.814587178465,10.1948124982
5.69772,1.28729811753,1.28066598449,10.8125419561,-0.820225880627,0.814587178465,10.1040507478
5.699386,1.28729811753,1.28066598449,10.7761361049,-0.77408109096,0.814587178465,10.149431623
5.701052,1.28729811753,1.31602510123,10.8125419561,-0.77408109096,0.76920630323,10.149431623
5.702718,1.21657988406,1.24530686776,10.7033244027,-0.727936301293,0.814587178465,10.149431623
5.704384,1.25193900079,1.28066598449,10.7761361049,-0.820225880627,0.76920630323,10.0586698725
5.70605,1.28729811753,1.35138421797,10.7397302538,-0.77408109096,0.76920630323,10.0586698725
5.707716,1.35801635101,1.3867433347,10.7397302538,-0.77408109096,0.723825427995,10.0586698725
5.709382,1.28729811753,1.35138421797,10.7761361049,-0.77408109096,0.723825427995,10.0586698725
5.711048,1.21657988406,1.31602510123,10.7033244027,-0.820225880627,0.678444552759,10.0132889973
5.712714,1.21657988406,1.35138421797,10.7397302538,-0.77408109096,0.723825427995,10.0132889973
5.71438,1.21657988406,1.31602510123,10.7397302538,-0.77408109096,0.723825427995,10.0132889973
5.716046,1.28729811753,1.45746156818,10.8125419561,-0.727936301293,0.76920630323,10.0586698725
5.717712,1.21657988406,1.35138421797,10.7761361049,-0.820225880627,0.678444552759,9.96790812205
5.719378,1.18122076732,1.31602510123,10.7397302538,-0.820225880627,0.678444552759,9.96790812205
5.721044,1.18122076732,1.31602510123,10.7397302538,-0.820225880627,0.723825427995,9.96790812205
5.72271,1.21657988406,1.31602510123,10.7397302538,-0.820225880627,0.76920630323,9.96790812205
5.724376,1.11050253385,1.20994775102,10.7033244027,-0.820225880627,0.76920630323,9.96790812205
5.726042,1.18122076732,1.20994775102,10.7033244027,-0.866370670294,0.76920630323,9.92252724682
5.727708,1.18122076732,1.28066598449,10.7033244027,-0.866370670294,0.76920630323,9.92252724682
5.729374,1.18122076732,1.20994775102,10.7033244027,-0.77408109096,0.905348928936,9.96790812205
5.73104,1.18122076732,1.20994775102,10.7397302538,-0.866370670294,0.76920630323,9.92252724682
5.732706,1.11050253385,1.17458863428,10.6305127004,-0.866370670294,0.814587178465,9.92252724682
5.734372,1.18122076732,1.13922951755,10.7397302538,-0.77408109096,0.905348928936,10.0132889973
5.736038,1.18122076732,1.17458863428,10.7397302538,-0.866370670294,0.76920630323,9.92252724682
5.737704,1.25193900079,1.28066598449,10.7397302538,-0.866370670294,0.814587178465,9.92252724682
5.73937,1.18122076732,1.17458863428,10.7397302538,-0.866370670294,0.814587178465,9.92252724682
5.741036,1.11050253385,1.13922951755,10.7033244027,-0.912515459961,0.76920630323,9.92252724682
5.742702,1.11050253385,1.10387040081,10.7033244027,-0.866370670294,0.76920630323,9.92252724682
5.744368,1.11050253385,1.10387040081,10.7397302538,-0.912515459961,0.76920630323,9.92252724682
5.746034,1.07514341711,1.13922951755,10.8125419561,-0.866370670294,0.76920630323,9.96790812205
5.7477,1.11050253385,1.20994775102,10.7397302538,-0.820225880627,0.814587178465,10.0132889973
5.749366,1.07514341711,1.13922951755,10.7033244027,-0.912515459961,0.723825427995,9.92252724682
5.751032,1.14586165058,1.20994775102,10.7397302538,-0.866370670294,0.76920630323,9.96790812205
5.752698,1.14586165058,1.20994775102,10.7397302538,-0.866370670294,0.814587178465,9.96790812205
5.754364,1.07514341711,1.17458863428,10.7033244027,-0.820225880627,0.76920630323,10.0132889973
5.75603,1.14586165058,1.13922951755,10.7761361049,-0.912515459961,0.678444552759,9.92252724682
5.757696,1.11050253385,1.13922951755,10.7397302538,-0.912515459961,0.678444552759,9.96790812205
5.759362,1.11050253385,1.13922951755,10.7397302538,-0.912515459961,0.678444552759,9.96790812205
5.761028,1.11050253385,1.17458863428,10.7761361049,-0.912515459961,0.678444552759,9.96790812205
5.762694,1.03978430037,1.17458863428,10.7033244027,-0.912515459961,0.678444552759,9.96790812205
5.76436,1.11050253385,1.17458863428,10.7761361049,-0.820225880627,0.76920630323,10.0586698725
5.766026,1.11050253385,1.17458863428,10.7761361049,-0.820225880627,0.76920630323,10.1040507478
5.767692,1.14586165058,1.20994775102,10.7761361049,-0.912515459961,0.633063677524,9.96790812205
5.769358,1.11050253385,1.24530686776,10.8125419561,-0.912515459961,0.633063677524,10.0132889973
5.771024,1.07514341711,1.13922951755,10.7761361049,-0.912515459961,0.633063677524,10.0132889973
5.77269,1.11050253385,1.17458863428,10.8489478072,-0.912515459961,0.633063677524,10.0132889973
5.774356,1.11050253385,1.17458863428,10.8125419561,-0.912515459961,0.587682802288,10.0586698725
5.776022,1.21657988406,1.31602510123,10.9217595095,-0.912515459961,0.633063677524,10.0586698725
5.777688,1.14586165058,1.20994775102,10.8853536583,-0.912515459961,0.587682802288,10.0586698725
5.779354,1.11050253385,1.20994775102,10.8125419561,-0.912515459961,0.587682802288,10.0586698725
5.78102,1.11050253385,1.20994775102,10.8853536583,-0.912515459961,0.633063677524,10.1040507478
5.782686,1.14586165058,1.28066598449,10.8853536583,-0.912515459961,0.587682802288,10.1040507478
5.784352,1.21657988406,1.35138421797,10.9581653606,-0.912515459961,0.633063677524,10.1040507478
5.786018,1.11050253385,1.28066598449,10.8853536583,-0.912515459961,0.633063677524,10.1040507478
5.787684,1.07514341711,1.28066598449,10.8853536583,-0.912515459961,0.633063677524,10.149431623
5.78935,1.11050253385,1.20994775102,10.8853536583,-0.820225880627,0.678444552759,10.2401933735
5.791016,1.11050253385,1.31602510123,10.8853536583,-0.912515459961,0.633063677524,10.149431623
5.792682,1.07514341711,1.17458863428,10.8853536583,-0.912515459961,0.633063677524,10.1948124982
5.794348,1.11050253385,1.28066598449,10.8853536583,-0.912515459961,0.633063677524,10.1948124982
5.796014,1.11050253385,1.20994775102,10.8853536583,-0.820225880627,0.76920630323,10.2855742487
5.79768,1.18122076732,1.20994775102,10.8853536583,-0.912515459961,0.633063677524,10.2401933735
5.799346,1.14586165058,1.20994775102,10.9217595095,-0.912515459961,0.633063677524,10.1948124982
5.801012,1.07514341711,1.17458863428,10.8853536583,-0.912515459961,0.678444552759,10.1948124982
5.802678,1.14586165058,1.20994775102,10.9581653606,-0.912515459961,0.723825427995,10.1948124982
5.804344,1.11050253385,1.20994775102,10.9217595095,-0.958660249627,0.723825427995,10.1948124982
5.80601,1.14586165058,1.20994775102,10.9217595095,-0.912515459961,0.76920630323,10.2855742487
5.807676,1.14586165058,1.20994775102,10.9922958461,-0.958660249627,0.723825427995,10.2401933735
5.809342,1.07514341711,1.13922951755,10.9217595095,-0.958660249627,0.723825427995,10.1948124982
5.811008,1.07514341711,1.17458863428,10.9922958461,-0.958660249627,0.723825427995,10.1948124982
5.812674,1.11050253385,1.20994775102,10.9922958461,-0.912515459961,0.76920630323,10.2401933735
5.81434,1.07514341711,1.13922951755,11.0287016972,-0.912515459961,0.723825427995,10.2401933735
5.816006,1.11050253385,1.20994775102,10.9922958461,-0.958660249627,0.723825427995,10.2401933735
5.817672,1.11050253385,1.13922951755,10.9581653606,-0.958660249627,0.723825427995,10.2401933735
5.819338,1.11050253385,1.20994775102,10.9922958461,-0.958660249627,0.723825427995,10.2401933735
5.821004,1.11050253385,1.28066598449,11.0287016972,-0.958660249627,0.723825427995,10.1948124982
5.82267,1.07514341711,1.24530686776,10.9217595095,-0.912515459961,0.723825427995,10.1948124982
5.824336,1.07514341711,1.35138421797,10.9922958461,-0.820225880627,0.859968053701,10.2855742487
5.826002,1.14586165058,1.31602510123,11.0287016972,-0.912515459961,0.723825427995,10.1948124982
5.827668,1.18122076732,1.31602510123,10.9922958461,-0.958660249627,0.723825427995,10.1948124982
5.829334,1.14586165058,1.35138421797,11.0287016972,-0.958660249627,0.723825427995,10.1948124982
5.831,1.11050253385,1.28066598449,10.9581653606,-0.958660249627,0.723825427995,10.1948124982
5.832666,1.11050253385,1.35138421797,11.0287016972,-0.912515459961,0.723825427995,10.2401933735
5.834332,1.18122076732,1.35138421797,11.0287016972,-0.912515459961,0.678444552759,10.1948124982
5.835998,1.18122076732,1.3867433347,11.0287016972,-0.958660249627,0.76920630323,10.1948124982
5.837664,1.14586165058,1.3867433347,11.0287016972,-0.958660249627,0.76920630323,10.1948124982
5.83933,1.07514341711,1.28066598449,10.9217595095,-0.912515459961,0.76920630323,10.149431623
5.840996,1.11050253385,1.31602510123,10.9922958461,-0.912515459961,0.76920630323,10.1948124982
5.842662,1.14586165058,1.31602510123,11.0287016972,-0.912515459961,0.814587178465,10.149431623
5.844328,1.21657988406,1.42210245144,11.0651075483,-0.912515459961,0.814587178465,10.149431623
5.845994,1.11050253385,1.35138421797,10.9922958461,-0.912515459961,0.905348928936,10.1948124982
5.84766,1.11050253385,1.28066598449,10.9922958461,-0.958660249627,0.814587178465,10.149431623
5.849326,1.11050253385,1.35138421797,10.9581653606,-0.958660249627,0.859968053701,10.149431623
5.850992,1.14586165058,1.35138421797,11.0287016972,-0.912515459961,0.859968053701,10.149431623
5.852658,1.07514341711,1.3867433347,11.0651075483,-0.912515459961,0.950729804172,10.149431623
5.854324,1.14586165058,1.3867433347,10.9922958461,-0.912515459961,0.950729804172,10.149431623
5.85599,1.14586165058,1.35138421797,10.9581653606,-0.820225880627,1.04149155464,10.2401933735
5.857656,1.14586165058,1.35138421797,10.9581653606,-0.912515459961,0.950729804172,10.149431623
5.859322,1.18122076732,1.42210245144,10.9922958461,-0.912515459961,0.950729804172,10.149431623
5.860988,1.11050253385,1.31602510123,10.8853536583,-0.866370670294,0.950729804172,10.1948124982
5.862654,1.11050253385,1.3867433347,10.8853536583,-0.912515459961,0.950729804172,10.149431623
5.86432,1.18122076732,1.35138421797,10.9217595095,-0.912515459961,0.950729804172,10.149431623
5.865986,1.21657988406,1.45746156818,10.9922958461,-0.912515459961,0.950729804172,10.149431623
5.867652,1.21657988406,1.42210245144,10.9217595095,-0.866370670294,0.996110679407,10.149431623
5.869318,1.18122076732,1.31602510123,10.8489478072,-0.820225880627,0.996110679407,10.1948124982
5.870984,1.14586165058,1.35138421797,10.8489478072,-0.912515459961,0.905348928936,10.1040507478
5.87265,1.18122076732,1.35138421797,10.8853536583,-0.866370670294,0.950729804172,10.149431623
5.874316,1.11050253385,1.31602510123,10.8853536583,-0.866370670294,0.996110679407,10.149431623
5.875982,1.18122076732,1.3867433347,10.8853536583,-0.866370670294,0.996110679407,10.149431623
5.877648,1.18122076732,1.3867433347,10.8489478072,-0.820225880627,0.996110679407,10.1948124982
5.879314,1.21657988406,1.3867433347,10.8125419561,-0.866370670294,0.950729804172,10.149431623
5.88098,1.18122076732,1.3867433347,10.8489478072,-0.866370670294,0.996110679407,10.149431623
5.882646,1.18122076732,1.3867433347,10.7761361049,-0.820225880627,0.996110679407,10.149431623
5.884312,1.21657988406,1.3867433347,10.8489478072,-0.727936301293,1.04149155464,10.2401933735
5.885978,1.21657988406,1.45746156818,10.8125419561,-0.77408109096,1.04149155464,10.2401933735
5.887644,1.32265723427,1.49282068491,10.8489478072,-0.77408109096,1.04149155464,10.2401933735
5.88931,1.21657988406,1.45746156818,10.8853536583,-0.866370670294,0.905348928936,10.149431623
5.890976,1.18122076732,1.3867433347,10.7761361049,-0.866370670294,0.905348928936,10.149431623
5.892642,1.18122076732,1.45746156818,10.8125419561,-0.820225880627,0.950729804172,10.149431623
5.894308,1.21657988406,1.49282068491,10.8125419561,-0.820225880627,0.905348928936,10.149431623
5.895974,1.25193900079,1.56353891839,10.8853536583,-0.820225880627,0.905348928936,10.149431623
5.89764,1.21657988406,1.49282068491,10.8489478072,-0.866370670294,0.950729804172,10.149431623
5.899306,1.18122076732,1.45746156818,10.7761361049,-0.820225880627,0.905348928936,10.149431623
5.900972,1.18122076732,1.45746156818,10.8125419561,-0.77408109096,0.905348928936,10.1948124982
5.902638,1.21657988406,1.49282068491,10.8125419561,-0.820225880627,0.859968053701,10.149431623
5.904304,1.14586165058,1.56353891839,10.9217595095,-0.866370670294,0.814587178465,10.149431623
5.90597,1.21657988406,1.45746156818,10.8489478072,-0.866370670294,0.859968053701,10.149431623
5.907636,1.18122076732,1.45746156818,10.8125419561,-0.820225880627,0.814587178465,10.149431623
5.909302,1.18122076732,1.42210245144,10.8125419561,-0.820225880627,0.814587178465,10.149431623
5.910968,1.21657988406,1.42210245144,10.8853536583,-0.866370670294,0.814587178465,10.149431623
5.912634,1.14586165058,1.45746156818,10.9581653606,-0.820225880627,0.905348928936,10.2401933735
5.9143,1.18122076732,1.3867433347,10.8853536583,-0.866370670294,0.859968053701,10.1948124982
5.915966,1.18122076732,1.35138421797,10.8489478072,-0.866370670294,0.859968053701,10.149431623
5.917632,1.18122076732,1.35138421797,10.8853536583,-0.820225880627,0.905348928936,10.1948124982
5.919298,1.18122076732,1.35138421797,10.8853536583,-0.866370670294,0.859968053701,10.149431623
5.920964,1.11050253385,1.24530686776,10.8125419561,-0.866370670294,0.859968053701,10.149431623
5.92263,1.18122076732,1.35138421797,10.8853536583,-0.866370670294,0.905348928936,10.1948124982
5.924296,1.14586165058,1.24530686776,10.8853536583,-0.866370670294,0.859968053701,10.1948124982
5.925962,1.14586165058,1.24530686776,10.8853536583,-0.77408109096,0.950729804172,10.2401933735
5.927628,1.18122076732,1.28066598449,10.9217595095,-0.912515459961,0.859968053701,10.149431623
5.929294,1.07514341711,1.10387040081,10.9922958461,-0.912515459961,0.814587178465,10.1948124982
5.93096,1.14586165058,1.20994775102,10.9581653606,-0.912515459961,0.814587178465,10.1948124982
5.932626,1.11050253385,1.20994775102,10.9217595095,-0.866370670294,0.859968053701,10.2401933735
5.934292,1.14586165058,1.20994775102,10.9217595095,-0.958660249627,0.76920630323,10.149431623
5.935958,1.14586165058,1.28066598449,10.9581653606,-0.912515459961,0.814587178465,10.149431623
5.937624,1.11050253385,1.20994775102,10.8853536583,-0.958660249627,0.76920630323,10.149431623
5.93929,1.11050253385,1.20994775102,10.9581653606,-0.912515459961,0.76920630323,10.149431623
5.940956,1.11050253385,1.20994775102,10.9217595095,-0.866370670294,0.814587178465,10.2401933735
5.942622,1.21657988406,1.28066598449,10.9922958461,-0.958660249627,0.723825427995,10.149431623
5.944288,1.11050253385,1.31602510123,10.9922958461,-0.912515459961,0.76920630323,10.149431623
5.945954,1.07514341711,1.20994775102,10.9217595095,-0.912515459961,0.723825427995,10.1948124982
5.94762,1.11050253385,1.24530686776,10.9922958461,-0.866370670294,0.76920630323,10.2401933735
5.949286,1.11050253385,1.20994775102,10.9581653606,-0.958660249627,0.678444552759,10.149431623
5.950952,1.21657988406,1.31602510123,11.0287016972,-0.958660249627,0.678444552759,10.149431623
5.952618,1.11050253385,1.20994775102,10.9922958461,-0.958660249627,0.678444552759,10.149431623
5.954284,1.07514341711,1.10387040081,10.9581653606,-0.866370670294,0.76920630323,10.2401933735
5.95595,1.11050253385,1.17458863428,10.9922958461,-1.00480503929,0.678444552759,10.1040507478
5.957616,1.11050253385,1.17458863428,10.9581653606,-0.958660249627,0.678444552759,10.1040507478
5.959282,1.18122076732,1.28066598449,11.0651075483,-0.958660249627,0.678444552759,10.149431623
5.960948,1.07514341711,1.20994775102,10.9922958461,-0.958660249627,0.678444552759,10.149431623
5.962614,1.11050253385,1.17458863428,10.9217595095,-0.912515459961,0.723825427995,10.1948124982
5.96428,1.07514341711,1.17458863428,10.9217595095,-0.958660249627,0.633063677524,10.1040507478
5.965946,1.11050253385,1.20994775102,10.9922958461,-0.958660249627,0.678444552759,10.149431623
5.967612,1.07514341711,1.13922951755,10.8853536583,-0.958660249627,0.678444552759,10.149431623
5.969278,1.07514341711,1.20994775102,10.9922958461,-0.958660249627,0.633063677524,10.149431623
5.970944,1.11050253385,1.17458863428,10.9581653606,-0.958660249627,0.633063677524,10.1040507478
5.97261,1.18122076732,1.20994775102,10.9922958461,-0.958660249627,0.633063677524,10.1040507478
5.974276,1.11050253385,1.20994775102,10.9581653606,-0.958660249627,0.678444552759,10.149431623
5.975942,1.07514341711,1.17458863428,10.8489478072,-0.912515459961,0.633063677524,10.149431623
5.977608,1.07514341711,1.17458863428,10.9217595095,-0.958660249627,0.633063677524,10.149431623
5.979274,1.11050253385,1.13922951755,10.9217595095,-0.912515459961,0.678444552759,10.149431623
5.98094,1.21657988406,1.20994775102,10.9581653606,-0.958660249627,0.587682802288,10.1040507478
5.982606,1.11050253385,1.17458863428,10.9217595095,-0.958660249627,0.587682802288,10.1040507478
5.984272,1.07514341711,1.10387040081,10.8853536583,-0.958660249627,0.633063677524,10.149431623
5.985938,1.07514341711,1.10387040081,10.8853536583,-0.958660249627,0.633063677524,10.149431623
5.987604,1.14586165058,1.10387040081,10.9217595095,-0.866370670294,0.678444552759,10.149431623
5.98927,1.03978430037,1.10387040081,10.9581653606,-0.958660249627,0.633063677524,10.1040507478
5.990936,1.07514341711,1.17458863428,10.8853536583,-0.958660249627,0.678444552759,10.1040507478
5.992602,1.11050253385,1.10387040081,10.8489478072,-0.958660249627,0.678444552759,10.1040507478
5.994268,1.07514341711,1.06851128407,10.8125419561,-0.958660249627,0.633063677524,10.1040507478
5.995934,1.07514341711,1.13922951755,10.8489478072,-0.912515459961,0.678444552759,10.1040507478
5.9976,1.07514341711,1.06851128407,10.7761361049,-0.912515459961,0.723825427995,10.1040507478
5.999266,1.11050253385,1.10387040081,10.8489478072,-0.820225880627,0.814587178465,10.1948124982
6.000932,1.11050253385,1.17458863428,10.8125419561,-0.912515459961,0.723825427995,10.149431623
6.002598,1.14586165058,1.10387040081,10.7761361049,-0.866370670294,0.723825427995,10.149431623
6.004264,1.11050253385,1.10387040081,10.8125419561,-0.866370670294,0.723825427995,10.1040507478
6.00593,1.07514341711,1.06851128407,10.7397302538,-0.820225880627,0.76920630323,10.149431623
6.007596,1.07514341711,1.20994775102,10.8125419561,-0.912515459961,0.678444552759,10.0586698725
6.009262,1.14586165058,1.20994775102,10.8125419561,-0.912515459961,0.678444552759,10.0586698725
6.010928,1.18122076732,1.20994775102,10.7761361049,-0.958660249627,0.633063677524,10.0132889973
6.012594,1.11050253385,1.20994775102,10.8125419561,-0.912515459961,0.678444552759,10.0132889973
6.01426,1.07514341711,1.17458863428,10.7397302538,-0.958660249627,0.633063677524,10.0132889973
6.015926,1.11050253385,1.20994775102,10.7761361049,-0.912515459961,0.678444552759,10.0132889973
6.017592,1.14586165058,1.20994775102,10.7397302538,-0.912515459961,0.633063677524,10.0132889973
6.019258,1.21657988406,1.31602510123,10.7761361049,-0.912515459961,0.633063677524,10.0132889973
6.020924,1.11050253385,1.28066598449,10.7761361049,-0.912515459961,0.678444552759,10.0132889973
6.02259,1.07514341711,1.20994775102,10.7397302538,-0.912515459961,0.678444552759,10.0132889973
6.024256,1.07514341711,1.20994775102,10.7397302538,-0.912515459961,0.678444552759,9.96790812205
6.025922,1.14586165058,1.24530686776,10.7761361049,-0.912515459961,0.678444552759,9.96790812205
6.027588,1.21657988406,1.3867433347,10.7761361049,-0.912515459961,0.678444552759,9.96790812205
6.029254,1.14586165058,1.31602510123,10.7761361049,-0.866370670294,0.723825427995,10.0132889973
6.03092,1.11050253385,1.24530686776,10.7397302538,-0.912515459961,0.723825427995,9.96790812205
6.032586,1.07514341711,1.28066598449,10.7397302538,-0.912515459961,0.723825427995,9.96790812205
6.034252,1.14586165058,1.28066598449,10.7761361049,-0.912515459961,0.723825427995,9.96790812205
6.035918,1.11050253385,1.35138421797,10.8489478072,-0.912515459961,0.76920630323,9.96790812205
6.037584,1.11050253385,1.28066598449,10.7761361049,-0.912515459961,0.76920630323,9.96790812205
6.03925,1.11050253385,1.20994775102,10.7397302538,-0.912515459961,0.76920630323,10.0132889973
6.040916,1.11050253385,1.20994775102,10.7397302538,-0.912515459961,0.76920630323,9.96790812205
6.042582,1.11050253385,1.24530686776,10.8125419561,-0.912515459961,0.76920630323,9.96790812205
6.044248,1.07514341711,1.17458863428,10.8489478072,-0.912515459961,0.814587178465,9.96790812205
6.045914,1.18122076732,1.20994775102,10.8125419561,-0.912515459961,0.814587178465,10.0132889973
6.04758,1.11050253385,1.20994775102,10.7397302538,-0.912515459961,0.76920630323,10.0132889973
6.049246,1.11050253385,1.20994775102,10.7761361049,-0.820225880627,0.905348928936,10.0586698725
6.050912,1.14586165058,1.28066598449,10.7761361049,-0.912515459961,0.814587178465,9.96790812205
6.052578,1.11050253385,1.31602510123,10.8853536583,-0.866370670294,0.814587178465,10.0132889973
6.054244,1.11050253385,1.20994775102,10.8489478072,-0.912515459961,0.814587178465,10.0132889973
6.05591,1.11050253385,1.20994775102,10.7761361049,-0.866370670294,0.859968053701,10.0586698725
6.057576,1.11050253385,1.17458863428,10.7761361049,-0.912515459961,0.814587178465,10.0132889973
6.059242,1.18122076732,1.24530686776,10.8489478072,-0.866370670294,0.814587178465,10.0132889973
6.060908,1.11050253385,1.20994775102,10.7397302538,-0.866370670294,0.814587178465,10.0132889973
6.062574,1.14586165058,1.28066598449,10.8489478072,-0.820225880627,0.859968053701,10.0586698725
6.06424,1.18122076732,1.20994775102,10.7761361049,-0.866370670294,0.814587178465,10.0586698725
6.065906,1.18122076732,1.28066598449,10.8125419561,-0.866370670294,0.814587178465,10.0586698725
6.067572,1.18122076732,1.24530686776,10.8489478072,-0.866370670294,0.814587178465,10.0586698725
6.069238,1.14586165058,1.20994775102,10.7761361049,-0.866370670294,0.814587178465,10.0586698725
6.070904,1.18122076732,1.24530686776,10.8489478072,-0.866370670294,0.814587178465,10.1040507478
6.07257,1.18122076732,1.28066598449,10.8125419561,-0.866370670294,0.814587178465,10.1040507478
6.074236,1.28729811753,1.31602510123,10.8853536583,-0.866370670294,0.76920630323,10.1040507478
6.075902,1.21657988406,1.31602510123,10.8853536583,-0.866370670294,0.76920630323,10.1040507478
6.077568,1.18122076732,1.24530686776,10.8125419561,-0.866370670294,0.76920630323,10.149431623
6.079234,1.21657988406,1.31602510123,10.8853536583,-0.820225880627,0.76920630323,10.149431623
6.0809,1.25193900079,1.35138421797,10.8853536583,-0.820225880627,0.814587178465,10.149431623
6.082566,1.32265723427,1.35138421797,10.8853536583,-0.866370670294,0.76920630323,10.149431623
6.084232,1.21657988406,1.31602510123,10.9217595095,-0.820225880627,0.814587178465,10.149431623
6.085898,1.18122076732,1.28066598449,10.8489478072,-0.820225880627,0.814587178465,10.1948124982
6.087564,1.21657988406,1.31602510123,10.8853536583,-0.820225880627,0.76920630323,10.1948124982
6.08923,1.28729811753,1.35138421797,10.9217595095,-0.820225880627,0.814587178465,10.1948124982
6.090896,1.35801635101,1.42210245144,10.9217595095,-0.820225880627,0.76920630323,10.1948124982
6.092562,1.25193900079,1.3867433347,10.9217595095,-0.681791511626,0.905348928936,10.2855742487
6.094228,1.25193900079,1.28066598449,10.8853536583,-0.820225880627,0.76920630323,10.1948124982
6.095894,1.25193900079,1.31602510123,10.8853536583,-0.820225880627,0.76920630323,10.1948124982
6.09756,1.28729811753,1.28066598449,10.9217595095,-0.77408109096,0.76920630323,10.2401933735
6.099226,1.25193900079,1.3867433347,11.0651075483,-0.77408109096,0.76920630323,10.2401933735
6.100892,1.28729811753,1.35138421797,10.9581653606,-0.77408109096,0.814587178465,10.2855742487
6.102558,1.25193900079,1.31602510123,10.8853536583,-0.820225880627,0.76920630323,10.2401933735
6.104224,1.28729811753,1.31602510123,10.8853536583,-0.820225880627,0.814587178465,10.2855742487
6.10589,1.28729811753,1.31602510123,10.9922958461,-0.77408109096,0.76920630323,10.2855742487
6.107556,1.21657988406,1.24530686776,10.8853536583,-0.77408109096,0.814587178465,10.2855742487
6.109222,1.28729811753,1.24530686776,10.9922958461,-0.77408109096,0.814587178465,10.2855742487
6.110888,1.28729811753,1.28066598449,10.9581653606,-0.77408109096,0.814587178465,10.2855742487
6.112554,1.35801635101,1.28066598449,10.9581653606,-0.77408109096,0.814587178465,10.2855742487
6.11422,1.28729811753,1.28066598449,10.9922958461,-0.727936301293,0.859968053701,10.3309551239
6.115886,1.18122076732,1.24530686776,10.8853536583,-0.727936301293,0.905348928936,10.3763359992
6.117552,1.28729811753,1.20994775102,10.9581653606,-0.727936301293,0.905348928936,10.4217168744
6.119218,1.28729811753,1.31602510123,10.9922958461,-0.820225880627,0.814587178465,10.2855742487
6.120884,1.28729811753,1.35138421797,11.0651075483,-0.820225880627,0.814587178465,10.2855742487
6.12255,1.28729811753,1.28066598449,10.9922958461,-0.77408109096,0.814587178465,10.2855742487
6.124216,1.25193900079,1.24530686776,10.9581653606,-0.820225880627,0.814587178465,10.2855742487
6.125882,1.28729811753,1.20994775102,10.9922958461,-0.77408109096,0.905348928936,10.3309551239
6.127548,1.28729811753,1.28066598449,11.0287016972,-0.820225880627,0.814587178465,10.2855742487
6.129214,1.18122076732,1.20994775102,10.9922958461,-0.820225880627,0.76920630323,10.2855742487
6.13088,1.21657988406,1.28066598449,10.9922958461,-0.820225880627,0.76920630323,10.2855742487
6.132546,1.25193900079,1.28066598449,10.9922958461,-0.820225880627,0.76920630323,10.2401933735
6.134212,1.28729811753,1.31602510123,10.9922958461,-0.820225880627,0.76920630323,10.2401933735
6.135878,1.25193900079,1.31602510123,11.0287016972,-0.820225880627,0.76920630323,10.2401933735
6.137544,1.18122076732,1.28066598449,10.9217595095,-0.866370670294,0.76920630323,10.2401933735
6.13921,1.21657988406,1.35138421797,10.9922958461,-0.866370670294,0.76920630323,10.1948124982
6.140876,1.21657988406,1.31602510123,10.9922958461,-0.77408109096,0.814587178465,10.2855742487
6.142542,1.32265723427,1.3867433347,10.9922958461,-0.77408109096,0.814587178465,10.2855742487
6.144208,1.21657988406,1.35138421797,10.9922958461,-0.77408109096,0.814587178465,10.2401933735
6.145874,1.18122076732,1.31602510123,10.9217595095,-0.77408109096,0.814587178465,10.2401933735
6.14754,1.18122076732,1.31602510123,10.9922958461,-0.866370670294,0.723825427995,10.149431623
6.149206,1.18122076732,1.35138421797,10.9922958461,-0.866370670294,0.76920630323,10.149431623
6.150872,1.28729811753,1.45746156818,11.0651075483,-0.866370670294,0.76920630323,10.149431623
6.152538,1.21657988406,1.28066598449,11.0287016972,-0.866370670294,0.76920630323,10.149431623
6.154204,1.18122076732,1.31602510123,10.9217595095,-0.77408109096,0.905348928936,10.1948124982
6.15587,1.18122076732,1.28066598449,10.9217595095,-0.866370670294,0.814587178465,10.149431623
6.157536,1.18122076732,1.35138421797,10.9922958461,-0.866370670294,0.814587178465,10.149431623
6.159202,1.14586165058,1.28066598449,10.8853536583,-0.866370670294,0.814587178465,10.1040507478
6.160868,1.18122076732,1.31602510123,10.9217595095,-0.820225880627,0.859968053701,10.1948124982
6.162534,1.14586165058,1.31602510123,10.9217595095,-0.866370670294,0.814587178465,10.1040507478
6.1642,1.21657988406,1.31602510123,10.9217595095,-0.866370670294,0.814587178465,10.1040507478
6.165866,1.21657988406,1.31602510123,10.9217595095,-0.866370670294,0.814587178465,10.1040507478
6.167532,1.14586165058,1.20994775102,10.8853536583,-0.820225880627,0.814587178465,10.149431623
6.169198,1.18122076732,1.31602510123,10.9217595095,-0.912515459961,0.814587178465,10.0586698725
6.170864,1.18122076732,1.31602510123,10.8853536583,-0.866370670294,0.814587178465,10.0586698725
6.17253,1.28729811753,1.3867433347,10.8853536583,-0.866370670294,0.814587178465,10.0586698725
6.174196,1.18122076732,1.31602510123,10.8853536583,-0.912515459961,0.814587178465,10.0586698725
6.175862,1.14586165058,1.24530686776,10.8125419561,-0.866370670294,0.814587178465,10.0132889973
6.177528,1.18122076732,1.31602510123,10.8125419561,-0.77408109096,0.859968053701,10.149431623
6.179194,1.18122076732,1.31602510123,10.8489478072,-0.77408109096,0.905348928936,10.149431623
6.18086,1.18122076732,1.3867433347,10.9217595095,-0.866370670294,0.859968053701,10.0586698725
6.182526,1.18122076732,1.31602510123,10.8489478072,-0.866370670294,0.814587178465,10.0586698725
6.184192,1.14586165058,1.28066598449,10.8125419561,-0.866370670294,0.814587178465,10.0132889973
6.185858,1.18122076732,1.28066598449,10.8125419561,-0.866370670294,0.814587178465,10.0586698725
6.187524,1.18122076732,1.31602510123,10.8125419561,-0.912515459961,0.814587178465,10.0132889973
6.18919,1.07514341711,1.20994775102,10.7397302538,-0.866370670294,0.76920630323,10.0132889973
6.190856,1.18122076732,1.31602510123,10.8125419561,-0.866370670294,0.814587178465,10.0132889973
6.192522,1.18122076732,1.35138421797,10.7761361049,-0.866370670294,0.814587178465,10.0132889973
6.194188,1.18122076732,1.31602510123,10.7761361049,-0.866370670294,0.814587178465,10.0586698725
6.195854,1.21657988406,1.31602510123,10.8125419561,-0.866370670294,0.814587178465,10.0132889973
6.19752,1.14586165058,1.28066598449,10.7397302538,-0.820225880627,0.814587178465,10.0132889973
6.199186,1.18122076732,1.35138421797,10.7761361049,-0.866370670294,0.814587178465,10.0132889973
6.200852,1.18122076732,1.31602510123,10.7761361049,-0.866370670294,0.814587178465,10.0132889973
6.202518,1.32265723427,1.3867433347,10.7761361049,-0.866370670294,0.814587178465,10.0586698725
6.204184,1.18122076732,1.35138421797,10.7761361049,-0.820225880627,0.814587178465,10.0132889973
6.20585,1.18122076732,1.31602510123,10.7397302538,-0.820225880627,0.859968053701,10.0586698725
6.207516,1.21657988406,1.31602510123,10.7397302538,-0.820225880627,0.76920630323,10.0132889973
6.209182,1.21657988406,1.31602510123,10.7761361049,-0.820225880627,0.76920630323,10.0132889973
6.210848,1.28729811753,1.49282068491,10.8489478072,-0.820225880627,0.723825427995,10.0132889973
6.212514,1.21657988406,1.42210245144,10.7761361049,-0.820225880627,0.76920630323,10.0132889973
6.21418,1.18122076732,1.31602510123,10.7397302538,-0.820225880627,0.76920630323,10.0132889973
6.215846,1.18122076732,1.35138421797,10.7397302538,-0.820225880627,0.76920630323,10.0132889973
6.217512,1.21657988406,1.35138421797,10.7761361049,-0.820225880627,0.723825427995,10.0132889973
6.219178,1.18122076732,1.31602510123,10.7397302538,-0.820225880627,0.723825427995,10.0132889973
6.220844,1.21657988406,1.3867433347,10.7761361049,-0.866370670294,0.76920630323,10.0132889973
6.22251,1.18122076732,1.35138421797,10.7761361049,-0.820225880627,0.76920630323,10.0586698725
6.224176,1.18122076732,1.35138421797,10.7761361049,-0.820225880627,0.76920630323,10.0586698725
6.225842,1.25193900079,1.31602510123,10.8125419561,-0.820225880627,0.76920630323,10.0586698725
6.227508,1.18122076732,1.28066598449,10.7397302538,-0.77408109096,0.814587178465,10.1040507478
6.229174,1.21657988406,1.28066598449,10.8125419561,-0.866370670294,0.76920630323,10.0586698725
6.23084,1.21657988406,1.31602510123,10.8125419561,-0.866370670294,0.814587178465,10.0586698725
6.232506,1.28729811753,1.35138421797,10.8125419561,-0.866370670294,0.814587178465,10.0586698725
6.234172,1.21657988406,1.28066598449,10.8853536583,-0.866370670294,0.76920630323,10.0586698725
6.235838,1.18122076732,1.20994775102,10.7761361049,-0.866370670294,0.76920630323,10.0586698725
6.237504,1.18122076732,1.20994775102,10.8125419561,-0.820225880627,0.76920630323,10.1040507478
6.23917,1.21657988406,1.20994775102,10.8489478072,-0.866370670294,0.76920630323,10.1040507478
6.240836,1.32265723427,1.31602510123,10.8853536583,-0.820225880627,0.859968053701,10.149431623
6.242502,1.21657988406,1.20994775102,10.9217595095,-0.866370670294,0.814587178465,10.1040507478
6.244168,1.14586165058,1.13922951755,10.8125419561,-0.77408109096,0.905348928936,10.1948124982
6.245834,1.21657988406,1.20994775102,10.9217595095,-0.866370670294,0.814587178465,10.149431623
6.2475,1.21657988406,1.20994775102,10.9217595095,-0.866370670294,0.76920630323,10.149431623
6.249166,1.32265723427,1.28066598449,10.9581653606,-0.820225880627,0.76920630323,10.149431623
6.250832,1.25193900079,1.20994775102,10.9581653606,-0.866370670294,0.723825427995,10.149431623
6.252498,1.18122076732,1.20994775102,10.8853536583,-0.820225880627,0.814587178465,10.149431623
6.254164,1.18122076732,1.20994775102,10.9217595095,-0.866370670294,0.76920630323,10.149431623
6.25583,1.21657988406,1.28066598449,10.9922958461,-0.866370670294,0.723825427995,10.149431623
6.257496,1.32265723427,1.35138421797,10.9922958461,-0.77408109096,0.859968053701,10.2401933735
6.259162,1.25193900079,1.31602510123,10.9922958461,-0.820225880627,0.76920630323,10.149431623
6.260828,1.18122076732,1.20994775102,10.9217595095,-0.820225880627,0.76920630323,10.149431623
6.262494,1.18122076732,1.28066598449,10.9922958461,-0.77408109096,0.814587178465,10.1948124982
6.26416,1.21657988406,1.28066598449,10.9922958461,-0.866370670294,0.723825427995,10.149431623
6.265826,1.32265723427,1.35138421797,11.0651075483,-0.820225880627,0.76920630323,10.1948124982
6.267492,1.21657988406,1.28066598449,11.0287016972,-0.866370670294,0.76920630323,10.1948124982
6.269158,1.21657988406,1.17458863428,10.9922958461,-0.77408109096,0.76920630323,10.2401933735
6.270824,1.21657988406,1.20994775102,10.9922958461,-0.866370670294,0.723825427995,10.1948124982
6.27249,1.21657988406,1.28066598449,11.0287016972,-0.820225880627,0.723825427995,10.1948124982
6.274156,1.18122076732,1.17458863428,11.0651075483,-0.866370670294,0.76920630323,10.2401933735
6.275822,1.21657988406,1.20994775102,11.0287016972,-0.820225880627,0.723825427995,10.1948124982
6.277488,1.25193900079,1.28066598449,11.0287016972,-0.820225880627,0.76920630323,10.2401933735
6.279154,1.21657988406,1.17458863428,10.9922958461,-0.820225880627,0.723825427995,10.2401933735
6.28082,1.21657988406,1.28066598449,11.0287016972,-0.820225880627,0.723825427995,10.2401933735
6.282486,1.18122076732,1.20994775102,10.9217595095,-0.820225880627,0.723825427995,10.2401933735
6.284152,1.21657988406,1.31602510123,10.9922958461,-0.820225880627,0.76920630323,10.2401933735
6.285818,1.32265723427,1.28066598449,10.9581653606,-0.820225880627,0.76920630323,10.2401933735
6.287484,1.35801635101,1.31602510123,10.9922958461,-0.820225880627,0.723825427995,10.2401933735
6.28915,1.28729811753,1.20994775102,10.9922958461,-0.820225880627,0.76920630323,10.2401933735
6.290816,1.21657988406,1.20994775102,10.9217595095,-0.820225880627,0.723825427995,10.2401933735
6.292482,1.21657988406,1.17458863428,10.9217595095,-0.820225880627,0.76920630323,10.1948124982
6.294148,1.28729811753,1.20994775102,10.9581653606,-0.820225880627,0.723825427995,10.2401933735
6.295814,1.18122076732,1.17458863428,10.9922958461,-0.77408109096,0.76920630323,10.2401933735
6.29748,1.25193900079,1.28066598449,10.9581653606,-0.77408109096,0.814587178465,10.2855742487
6.299146,1.21657988406,1.20994775102,10.9217595095,-0.820225880627,0.76920630323,10.1948124982
6.300812,1.21657988406,1.20994775102,10.9217595095,-0.820225880627,0.76920630323,10.2401933735
6.302478,1.25193900079,1.24530686776,10.9217595095,-0.820225880627,0.76920630323,10.2401933735
6.304144,1.18122076732,1.20994775102,10.8853536583,-0.727936301293,0.905348928936,10.3309551239
6.30581,1.25193900079,1.24530686776,10.8853536583,-0.820225880627,0.723825427995,10.1948124982
6.307476,1.25193900079,1.17458863428,10.8853536583,-0.820225880627,0.76920630323,10.1948124982
6.309142,1.32265723427,1.24530686776,10.8853536583,-0.820225880627,0.76920630323,10.1948124982
6.310808,1.25193900079,1.28066598449,10.8853536583,-0.820225880627,0.76920630323,10.1948124982
6.312474,1.21657988406,1.17458863428,10.8125419561,-0.77408109096,0.814587178465,10.1948124982
6.31414,1.25193900079,1.20994775102,10.8853536583,-0.77408109096,0.76920630323,10.1948124982
6.315806,1.25193900079,1.24530686776,10.8853536583,-0.820225880627,0.76920630323,10.1948124982
6.317472,1.35801635101,1.35138421797,10.8853536583,-0.820225880627,0.76920630323,10.1948124982
6.319138,1.25193900079,1.28066598449,10.8489478072,-0.820225880627,0.76920630323,10.149431623
6.320804,1.18122076732,1.20994775102,10.7761361049,-0.820225880627,0.76920630323,10.149431623
6.32247,1.25193900079,1.28066598449,10.8125419561,-0.77408109096,0.814587178465,10.149431623
6.324136,1.25193900079,1.31602510123,10.8489478072,-0.727936301293,0.814587178465,10.2401933735
6.325802,1.18122076732,1.35138421797,10.9217595095,-0.820225880627,0.76920630323,10.1040507478
6.327468,1.25193900079,1.31602510123,10.8489478072,-0.820225880627,0.76920630323,10.1040507478
6.329134,1.21657988406,1.20994775102,10.7761361049,-0.820225880627,0.723825427995,10.1040507478
6.3308,1.18122076732,1.28066598449,10.7761361049,-0.820225880627,0.723825427995,10.1040507478
6.332466,1.25193900079,1.31602510123,10.8125419561,-0.727936301293,0.814587178465,10.149431623
6.334132,1.18122076732,1.28066598449,10.7397302538,-0.820225880627,0.723825427995,10.0586698725
6.335798,1.21657988406,1.31602510123,10.7761361049,-0.820225880627,0.723825427995,10.0586698725
6.337464,1.21657988406,1.35138421797,10.7761361049,-0.820225880627,0.76920630323,10.0586698725
6.33913,1.32265723427,1.42210245144,10.8489478072,-0.820225880627,0.814587178465,10.0586698725
6.340796,1.18122076732,1.31602510123,10.7761361049,-0.820225880627,0.814587178465,10.0586698725
6.342462,1.18122076732,1.28066598449,10.7397302538,-0.866370670294,0.76920630323,10.0586698725
6.344128,1.18122076732,1.31602510123,10.7761361049,-0.820225880627,0.814587178465,10.0586698725
6.345794,1.18122076732,1.28066598449,10.7761361049,-0.77408109096,0.905348928936,10.1040507478
6.34746,1.21657988406,1.42210245144,10.8853536583,-0.866370670294,0.814587178465,10.0132889973
6.349126,1.18122076732,1.28066598449,10.7761361049,-0.866370670294,0.814587178465,10.0132889973
6.350792,1.11050253385,1.24530686776,10.7761361049,-0.77408109096,0.905348928936,10.1040507478
6.352458,1.14586165058,1.28066598449,10.7761361049,-0.866370670294,0.814587178465,10.0132889973
6.354124,1.18122076732,1.31602510123,10.7761361049,-0.912515459961,0.814587178465,10.0132889973
6.35579,1.07514341711,1.31602510123,10.8853536583,-0.912515459961,0.814587178465,9.96790812205
6.357456,1.11050253385,1.31602510123,10.7761361049,-0.912515459961,0.814587178465,10.0132889973
6.359122,1.11050253385,1.31602510123,10.7761361049,-0.820225880627,0.859968053701,10.0586698725
6.360788,1.14586165058,1.28066598449,10.7397302538,-0.912515459961,0.814587178465,9.96790812205
6.362454,1.14586165058,1.31602510123,10.8125419561,-0.866370670294,0.859968053701,9.96790812205
6.36412,1.07514341711,1.20994775102,10.7033244027,-0.912515459961,0.814587178465,9.96790812205
6.365786,1.11050253385,1.24530686776,10.7761361049,-0.912515459961,0.76920630323,9.96790812205
6.367452,1.11050253385,1.28066598449,10.7761361049,-0.866370670294,0.814587178465,9.96790812205
6.369118,1.18122076732,1.24530686776,10.7761361049,-0.912515459961,0.76920630323,9.96790812205
6.370784,1.11050253385,1.28066598449,10.8125419561,-0.912515459961,0.76920630323,9.92252724682
6.37245,1.07514341711,1.20994775102,10.7397302538,-0.912515459961,0.814587178465,9.96790812205
6.374116,1.11050253385,1.28066598449,10.8125419561,-0.912515459961,0.76920630323,9.96790812205
6.375782,1.14586165058,1.24530686776,10.8125419561,-0.912515459961,0.76920630323,9.96790812205
6.377448,1.18122076732,1.35138421797,10.8853536583,-0.912515459961,0.76920630323,9.96790812205
6.379114,1.07514341711,1.28066598449,10.8125419561,-0.866370670294,0.814587178465,10.0132889973
6.38078,1.11050253385,1.20994775102,10.7761361049,-0.912515459961,0.76920630323,9.96790812205
6.382446,1.07514341711,1.24530686776,10.7761361049,-0.912515459961,0.76920630323,10.0132889973
6.384112,1.14586165058,1.28066598449,10.8489478072,-0.912515459961,0.76920630323,10.0132889973
6.385778,1.03978430037,1.20994775102,10.7397302538,-0.912515459961,0.723825427995,10.0132889973
6.387444,1.11050253385,1.28066598449,10.8489478072,-0.912515459961,0.76920630323,10.0132889973
6.38911,1.07514341711,1.20994775102,10.8125419561,-0.866370670294,0.814587178465,10.0586698725
6.390776,1.11050253385,1.28066598449,10.8125419561,-0.912515459961,0.723825427995,10.0132889973
6.392442,1.14586165058,1.31602510123,10.8489478072,-0.958660249627,0.723825427995,10.0132889973
6.394108,1.07514341711,1.13922951755,10.7761361049,-0.820225880627,0.814587178465,10.149431623
6.395774,1.11050253385,1.24530686776,10.8125419561,-0.958660249627,0.678444552759,10.0132889973
6.39744,1.11050253385,1.24530686776,10.8489478072,-0.958660249627,0.678444552759,10.0586698725
6.399106,1.18122076732,1.35138421797,10.8489478072,-0.912515459961,0.76920630323,10.1040507478
6.400772,1.11050253385,1.31602510123,10.8853536583,-0.912515459961,0.723825427995,10.0586698725
6.402438,1.07514341711,1.20994775102,10.8125419561,-0.912515459961,0.678444552759,10.0586698725
6.404104,1.11050253385,1.28066598449,10.8853536583,-0.820225880627,0.723825427995,10.149431623
6.40577,1.14586165058,1.31602510123,10.8853536583,-0.912515459961,0.678444552759,10.0586698725
6.407436,1.18122076732,1.3867433347,10.9922958461,-0.912515459961,0.678444552759,10.1040507478
6.409102,1.11050253385,1.28066598449,10.8853536583,-0.912515459961,0.678444552759,10.1040507478
6.410768,1.07514341711,1.28066598449,10.8489478072,-0.912515459961,0.678444552759,10.1040507478
6.412434,1.11050253385,1.28066598449,10.8853536583,-0.912515459961,0.723825427995,10.1040507478
6.4141,1.11050253385,1.28066598449,10.9217595095,-0.912515459961,0.678444552759,10.149431623
6.415766,1.07514341711,1.17458863428,10.9581653606,-0.866370670294,0.76920630323,10.1948124982
6.417432,1.11050253385,1.24530686776,10.9217595095,-0.912515459961,0.678444552759,10.149431623
6.419098,1.11050253385,1.20994775102,10.8489478072,-0.912515459961,0.678444552759,10.149431623
6.420764,1.14586165058,1.20994775102,10.8853536583,-0.866370670294,0.723825427995,10.1948124982
6.42243,1.14586165058,1.24530686776,10.9217595095,-0.912515459961,0.723825427995,10.149431623
6.424096,1.07514341711,1.17458863428,10.8489478072,-0.912515459961,0.723825427995,10.1948124982
6.425762,1.14586165058,1.24530686776,10.9581653606,-0.866370670294,0.76920630323,10.2855742487
6.427428,1.11050253385,1.20994775102,10.9217595095,-0.912515459961,0.76920630323,10.1948124982
6.429094,1.14586165058,1.20994775102,10.8853536583,-0.866370670294,0.76920630323,10.1948124982
6.43076,1.14586165058,1.20994775102,10.9581653606,-0.912515459961,0.723825427995,10.1948124982
6.432426,1.11050253385,1.20994775102,10.8853536583,-0.912515459961,0.76920630323,10.1948124982
6.434092,1.18122076732,1.20994775102,10.9581653606,-0.820225880627,0.859968053701,10.2855742487
6.435758,1.14586165058,1.28066598449,10.9217595095,-0.912515459961,0.723825427995,10.1948124982
6.437424,1.25193900079,1.31602510123,10.9922958461,-0.912515459961,0.723825427995,10.1948124982
6.43909,1.18122076732,1.20994775102,10.9922958461,-0.912515459961,0.723825427995,10.1948124982
6.440756,1.11050253385,1.20994775102,10.9217595095,-0.912515459961,0.723825427995,10.2401933735
6.442422,1.11050253385,1.20994775102,10.9217595095,-0.912515459961,0.723825427995,10.2401933735
6.444088,1.18122076732,1.24530686776,10.9581653606,-0.912515459961,0.723825427995,10.1948124982
6.445754,1.14586165058,1.3867433347,11.0651075483,-0.912515459961,0.76920630323,10.2401933735
6.44742,1.14586165058,1.28066598449,10.9922958461,-0.912515459961,0.76920630323,10.2401933735
6.449086,1.11050253385,1.13922951755,10.9217595095,-0.958660249627,0.723825427995,10.1948124982
6.450752,1.18122076732,1.24530686776,10.9922958461,-0.912515459961,0.723825427995,10.1948124982
6.452418,1.14586165058,1.28066598449,10.9922958461,-0.912515459961,0.76920630323,10.149431623
6.454084,1.25193900079,1.3867433347,11.0287016972,-0.912515459961,0.76920630323,10.1948124982
6.45575,1.18122076732,1.31602510123,11.0287016972,-0.912515459961,0.76920630323,10.1948124982
6.457416,1.11050253385,1.28066598449,10.9581653606,-0.912515459961,0.76920630323,10.1948124982
6.459082,1.11050253385,1.31602510123,10.9922958461,-0.912515459961,0.76920630323,10.1948124982
6.460748,1.18122076732,1.35138421797,10.9922958461,-0.912515459961,0.814587178465,10.1948124982
6.462414,1.18122076732,1.42210245144,11.0651075483,-0.912515459961,0.814587178465,10.1948124982
6.46408,1.11050253385,1.35138421797,10.9922958461,-0.912515459961,0.814587178465,10.1948124982
6.465746,1.11050253385,1.31602510123,10.9581653606,-0.866370670294,0.859968053701,10.1948124982
6.467412,1.14586165058,1.31602510123,10.9581653606,-0.866370670294,0.905348928936,10.2401933735
6.469078,1.18122076732,1.31602510123,10.9922958461,-0.912515459961,0.76920630323,10.1948124982
6.470744,1.21657988406,1.45746156818,11.0287016972,-0.912515459961,0.814587178465,10.1948124982
6.47241,1.18122076732,1.35138421797,10.9581653606,-0.912515459961,0.859968053701,10.1948124982
6.474076,1.11050253385,1.28066598449,10.9217595095,-0.820225880627,0.905348928936,10.2855742487
6.475742,1.14586165058,1.35138421797,10.9217595095,-0.912515459961,0.814587178465,10.149431623
6.477408,1.18122076732,1.42210245144,10.9581653606,-0.912515459961,0.859968053701,10.1948124982
6.479074,1.28729811753,1.45746156818,10.9922958461,-0.912515459961,0.859968053701,10.149431623
6.48074,1.18122076732,1.3867433347,10.9581653606,-0.866370670294,0.905348928936,10.1948124982
6.482406,1.14586165058,1.31602510123,10.8853536583,-0.912515459961,0.859968053701,10.149431623
6.484072,1.11050253385,1.35138421797,10.8853536583,-0.958660249627,0.859968053701,10.149431623
6.485738,1.18122076732,1.3867433347,10.9217595095,-0.912515459961,0.905348928936,10.149431623
6.487404,1.18122076732,1.45746156818,11.0287016972,-0.912515459961,0.905348928936,10.149431623
6.48907,1.18122076732,1.3867433347,10.9217595095,-0.912515459961,0.905348928936,10.149431623
6.490736,1.18122076732,1.35138421797,10.8489478072,-0.866370670294,0.905348928936,10.149431623
6.492402,1.18122076732,1.35138421797,10.8853536583,-0.912515459961,0.905348928936,10.149431623
6.494068,1.18122076732,1.3867433347,10.8853536583,-0.866370670294,0.905348928936,10.149431623
6.495734,1.11050253385,1.31602510123,10.8125419561,-0.866370670294,0.950729804172,10.149431623
6.4974,1.18122076732,1.35138421797,10.8853536583,-0.866370670294,0.996110679407,10.1948124982
6.499066,1.18122076732,1.35138421797,10.8489478072,-0.866370670294,0.905348928936,10.149431623
6.500732,1.21657988406,1.3867433347,10.8125419561,-0.866370670294,0.950729804172,10.149431623
6.502398,1.18122076732,1.3867433347,10.8853536583,-0.820225880627,0.996110679407,10.1948124982
6.504064,1.14586165058,1.35138421797,10.8125419561,-0.912515459961,0.905348928936,10.1040507478
6.50573,1.18122076732,1.35138421797,10.8489478072,-0.866370670294,0.950729804172,10.149431623
6.507396,1.18122076732,1.3867433347,10.8489478072,-0.866370670294,0.905348928936,10.149431623
6.509062,1.25193900079,1.45746156818,10.9217595095,-0.866370670294,0.859968053701,10.1040507478
6.510728,1.18122076732,1.42210245144,10.8853536583,-0.866370670294,0.905348928936,10.149431623
6.512394,1.18122076732,1.35138421797,10.8125419561,-0.820225880627,0.905348928936,10.149431623
6.51406,1.18122076732,1.3867433347,10.8125419561,-0.866370670294,0.905348928936,10.149431623
6.515726,1.18122076732,1.42210245144,10.8125419561,-0.866370670294,0.859968053701,10.149431623
6.517392,1.11050253385,1.35138421797,10.7761361049,-0.866370670294,0.905348928936,10.149431623
6.519058,1.18122076732,1.45746156818,10.8125419561,-0.866370670294,0.905348928936,10.149431623
6.520724,1.18122076732,1.35138421797,10.8125419561,-0.866370670294,0.905348928936,10.149431623
6.52239,1.21657988406,1.3867433347,10.8125419561,-0.866370670294,0.905348928936,10.149431623
6.524056,1.21657988406,1.45746156818,10.8489478072,-0.866370670294,0.859968053701,10.149431623
6.525722,1.11050253385,1.35138421797,10.7397302538,-0.866370670294,0.859968053701,10.149431623
6.527388,1.18122076732,1.42210245144,10.8125419561,-0.866370670294,0.859968053701,10.149431623
6.529054,1.18122076732,1.3867433347,10.8125419561,-0.866370670294,0.859968053701,10.149431623
6.53072,1.21657988406,1.3867433347,10.7761361049,-0.912515459961,0.814587178465,10.1040507478
6.532386,1.18122076732,1.3867433347,10.8125419561,-0.866370670294,0.859968053701,10.149431623
6.534052,1.11050253385,1.31602510123,10.7761361049,-0.77408109096,0.905348928936,10.1948124982
6.535718,1.18122076732,1.35138421797,10.8125419561,-0.912515459961,0.814587178465,10.1040507478
6.537384,1.18122076732,1.35138421797,10.8489478072,-0.866370670294,0.814587178465,10.1040507478
6.53905,1.25193900079,1.45746156818,10.8853536583,-0.866370670294,0.814587178465,10.149431623
6.540716,1.18122076732,1.35138421797,10.8853536583,-0.866370670294,0.814587178465,10.149431623
6.542382,1.14586165058,1.35138421797,10.8125419561,-0.912515459961,0.859968053701,10.149431623
6.544048,1.11050253385,1.31602510123,10.8125419561,-0.820225880627,0.905348928936,10.2401933735
6.545714,1.18122076732,1.35138421797,10.8853536583,-0.912515459961,0.814587178465,10.1040507478
6.54738,1.07514341711,1.28066598449,10.8853536583,-0.912515459961,0.814587178465,10.149431623
6.549046,1.18122076732,1.31602510123,10.8853536583,-0.912515459961,0.814587178465,10.149431623
6.550712,1.11050253385,1.31602510123,10.8853536583,-0.912515459961,0.814587178465,10.149431623
6.552378,1.21657988406,1.35138421797,10.8853536583,-0.912515459961,0.76920630323,10.149431623
6.554044,1.14586165058,1.31602510123,10.9217595095,-0.820225880627,0.905348928936,10.2401933735
6.55571,1.07514341711,1.28066598449,10.8125419561,-0.912515459961,0.76920630323,10.149431623
6.557376,1.11050253385,1.31602510123,10.8853536583,-0.912515459961,0.814587178465,10.149431623
6.559042,1.11050253385,1.28066598449,10.9217595095,-0.912515459961,0.814587178465,10.149431623
6.560708,1.21657988406,1.3867433347,10.9922958461,-0.912515459961,0.76920630323,10.149431623
6.562374,1.11050253385,1.31602510123,10.9217595095,-0.958660249627,0.76920630323,10.1040507478
6.56404,1.07514341711,1.28066598449,10.8853536583,-0.958660249627,0.723825427995,10.149431623
6.565706,1.11050253385,1.24530686776,10.8853536583,-0.912515459961,0.76920630323,10.149431623
6.567372,1.11050253385,1.28066598449,10.9217595095,-0.958660249627,0.723825427995,10.1040507478
6.569038,1.07514341711,1.31602510123,11.0287016972,-0.958660249627,0.723825427995,10.149431623
6.570704,1.11050253385,1.28066598449,10.9922958461,-0.958660249627,0.723825427995,10.1040507478
6.57237,1.11050253385,1.24530686776,10.9217595095,-0.958660249627,0.723825427995,10.149431623
6.574036,1.11050253385,1.24530686776,10.9217595095,-0.958660249627,0.678444552759,10.1040507478
6.575702,1.11050253385,1.28066598449,10.9581653606,-0.958660249627,0.678444552759,10.1040507478
6.577368,1.03978430037,1.17458863428,10.8853536583,-0.958660249627,0.678444552759,10.1040507478
6.579034,1.11050253385,1.20994775102,10.9581653606,-0.958660249627,0.723825427995,10.149431623
6.5807,1.07514341711,1.24530686776,10.9217595095,-0.958660249627,0.723825427995,10.1040507478
6.582366,1.21657988406,1.31602510123,10.9922958461,-0.958660249627,0.678444552759,10.1040507478
6.584032,1.07514341711,1.28066598449,10.9581653606,-0.958660249627,0.678444552759,10.1040507478
6.585698,1.07514341711,1.20994775102,10.9217595095,-0.958660249627,0.678444552759,10.1040507478
6.587364,1.07514341711,1.20994775102,10.9217595095,-0.958660249627,0.678444552759,10.149431623
6.58903,1.11050253385,1.20994775102,10.9581653606,-1.00480503929,0.633063677524,10.0586698725
6.590696,1.03978430037,1.20994775102,11.0287016972,-0.958660249627,0.678444552759,10.1040507478
6.592362,1.11050253385,1.28066598449,10.9217595095,-0.866370670294,0.76920630323,10.1948124982
6.594028,1.11050253385,1.20994775102,10.9217595095,-0.958660249627,0.678444552759,10.1040507478
6.595694,1.11050253385,1.17458863428,10.8853536583,-0.958660249627,0.678444552759,10.1040507478
6.59736,1.11050253385,1.13922951755,10.9217595095,-0.958660249627,0.587682802288,10.1040507478
6.599026,1.07514341711,1.13922951755,10.8853536583,-0.958660249627,0.587682802288,10.1040507478
6.600692,1.07514341711,1.20994775102,10.9217595095,-0.958660249627,0.633063677524,10.1040507478
6.602358,1.11050253385,1.20994775102,10.8853536583,-0.958660249627,0.633063677524,10.1040507478
6.604024,1.21657988406,1.31602510123,10.9581653606,-0.958660249627,0.633063677524,10.1040507478
6.60569,1.11050253385,1.24530686776,10.8853536583,-0.958660249627,0.678444552759,10.0586698725
6.607356,1.11050253385,1.13922951755,10.8125419561,-0.958660249627,0.678444552759,10.1040507478
6.609022,1.11050253385,1.17458863428,10.8853536583,-0.912515459961,0.723825427995,10.149431623
6.610688,1.11050253385,1.20994775102,10.8853536583,-0.958660249627,0.678444552759,10.1040507478
6.612354,1.21657988406,1.28066598449,10.9217595095,-0.912515459961,0.678444552759,10.1040507478
6.61402,1.11050253385,1.20994775102,10.8853536583,-0.866370670294,0.723825427995,10.149431623
6.615686,1.11050253385,1.13922951755,10.8125419561,-0.820225880627,0.76920630323,10.1948124982
6.617352,1.11050253385,1.13922951755,10.8489478072,-0.912515459961,0.633063677524,10.1040507478
6.619018,1.18122076732,1.13922951755,10.8853536583,-0.912515459961,0.678444552759,10.1040507478
6.620684,1.18122076732,1.28066598449,10.8853536583,-0.912515459961,0.678444552759,10.0586698725
6.62235,1.18122076732,1.20994775102,10.8489478072,-0.958660249627,0.678444552759,10.0586698725
6.624016,1.11050253385,1.13922951755,10.7761361049,-0.912515459961,0.678444552759,10.1040507478
6.625682,1.11050253385,1.20994775102,10.8125419561,-0.866370670294,0.723825427995,10.1040507478
6.627348,1.18122076732,1.20994775102,10.8125419561,-0.866370670294,0.678444552759,10.1040507478
6.629014,1.11050253385,1.28066598449,10.8853536583,-0.912515459961,0.633063677524,10.0586698725
6.63068,1.18122076732,1.24530686776,10.8125419561,-0.866370670294,0.723825427995,10.0586698725
6.632346,1.14586165058,1.20994775102,10.7761361049,-0.866370670294,0.678444552759,10.0586698725
6.634012,1.11050253385,1.20994775102,10.7397302538,-0.912515459961,0.633063677524,10.0132889973
6.635678,1.18122076732,1.28066598449,10.8125419561,-0.866370670294,0.678444552759,10.0586698725
6.637344,1.07514341711,1.20994775102,10.8489478072,-0.866370670294,0.723825427995,10.1040507478
6.63901,1.14586165058,1.28066598449,10.7761361049,-0.866370670294,0.678444552759,10.0586698725
6.640676,1.14586165058,1.28066598449,10.7397302538,-0.866370670294,0.723825427995,10.0132889973
6.642342,1.14586165058,1.24530686776,10.7397302538,-0.912515459961,0.678444552759,10.0586698725
6.644008,1.18122076732,1.28066598449,10.7761361049,-0.866370670294,0.76920630323,10.1040507478
6.645674,1.07514341711,1.20994775102,10.7761361049,-0.912515459961,0.678444552759,10.0132889973
6.64734,1.18122076732,1.28066598449,10.7761361049,-0.866370670294,0.723825427995,10.0586698725
6.649006,1.18122076732,1.24530686776,10.7761361049,-0.866370670294,0.723825427995,10.0132889973
6.650672,1.18122076732,1.20994775102,10.7761361049,-0.866370670294,0.678444552759,10.0132889973
6.652338,1.18122076732,1.31602510123,10.8125419561,-0.866370670294,0.723825427995,10.0132889973
6.654004,1.07514341711,1.10387040081,10.7033244027,-0.866370670294,0.678444552759,10.0132889973
6.65567,1.18122076732,1.20994775102,10.7761361049,-0.866370670294,0.723825427995,10.0132889973
6.657336,1.14586165058,1.20994775102,10.7397302538,-0.866370670294,0.723825427995,10.0132889973
6.659002,1.18122076732,1.31602510123,10.7397302538,-0.866370670294,0.723825427995,10.0132889973
6.660668,1.18122076732,1.31602510123,10.7761361049,-0.866370670294,0.76920630323,10.0132889973
6.662334,1.11050253385,1.24530686776,10.7033244027,-0.866370670294,0.76920630323,10.0132889973
6.664,1.18122076732,1.20994775102,10.7761361049,-0.866370670294,0.76920630323,10.0132889973
6.665666,1.18122076732,1.20994775102,10.7761361049,-0.866370670294,0.76920630323,10.0132889973
6.667332,1.25193900079,1.28066598449,10.7761361049,-0.820225880627,0.76920630323,10.0132889973
6.668998,1.18122076732,1.20994775102,10.7761361049,-0.866370670294,0.76920630323,10.0132889973
6.670664,1.14586165058,1.13922951755,10.7033244027,-0.77408109096,0.859968053701,10.0586698725
6.67233,1.18122076732,1.31602510123,10.7761361049,-0.866370670294,0.814587178465,10.0132889973
6.673996,1.18122076732,1.31602510123,10.7761361049,-0.866370670294,0.76920630323,10.0132889973
6.675662,1.28729811753,1.42210245144,10.8853536583,-0.820225880627,0.814587178465,10.0586698725
6.677328,1.21657988406,1.31602510123,10.8125419561,-0.820225880627,0.814587178465,10.0586698725
6.678994,1.18122076732,1.28066598449,10.7397302538,-0.866370670294,0.76920630323,10.0132889973
6.68066,1.18122076732,1.28066598449,10.7761361049,-0.77408109096,0.905348928936,10.1040507478
6.682326,1.21657988406,1.31602510123,10.8125419561,-0.866370670294,0.814587178465,10.0132889973
6.683992,1.11050253385,1.31602510123,10.9217595095,-0.866370670294,0.814587178465,10.0132889973
6.685658,1.21657988406,1.31602510123,10.8125419561,-0.820225880627,0.859968053701,10.0586698725
6.687324,1.18122076732,1.31602510123,10.8125419561,-0.820225880627,0.814587178465,10.0586698725
6.68899,1.21657988406,1.31602510123,10.8125419561,-0.866370670294,0.859968053701,10.0586698725
6.690656,1.21657988406,1.31602510123,10.8853536583,-0.820225880627,0.859968053701,10.0586698725
6.692322,1.14586165058,1.20994775102,10.7761361049,-0.866370670294,0.814587178465,10.0586698725
6.693988,1.21657988406,1.31602510123,10.8489478072,-0.820225880627,0.76920630323,10.1040507478
6.695654,1.21657988406,1.31602510123,10.8125419561,-0.820225880627,0.859968053701,10.1040507478
6.69732,1.25193900079,1.31602510123,10.8489478072,-0.820225880627,0.859968053701,10.1040507478
6.698986,1.21657988406,1.3867433347,10.8853536583,-0.727936301293,0.950729804172,10.2401933735
6.700652,1.18122076732,1.31602510123,10.8125419561,-0.866370670294,0.814587178465,10.1040507478
6.702318,1.21657988406,1.35138421797,10.8853536583,-0.820225880627,0.859968053701,10.149431623
6.703984,1.21657988406,1.35138421797,10.8853536583,-0.820225880627,0.814587178465,10.149431623
6.70565,1.35801635101,1.3867433347,10.8853536583,-0.820225880627,0.859968053701,10.149431623
6.707316,1.25193900079,1.35138421797,10.8853536583,-0.820225880627,0.859968053701,10.149431623
6.708982,1.21657988406,1.31602510123,10.8489478072,-0.820225880627,0.859968053701,10.1948124982
6.710648,1.21657988406,1.3867433347,10.9217595095,-0.77408109096,0.859968053701,10.1948124982
6.712314,1.25193900079,1.35138421797,10.9217595095,-0.820225880627,0.814587178465,10.149431623
6.71398,1.28729811753,1.45746156818,11.0287016972,-0.77408109096,0.859968053701,10.1948124982
6.715646,1.25193900079,1.35138421797,10.9217595095,-0.820225880627,0.814587178465,10.1948124982
6.717312,1.21657988406,1.35138421797,10.9217595095,-0.820225880627,0.814587178465,10.1948124982
6.718978,1.21657988406,1.3867433347,10.9217595095,-0.77408109096,0.859968053701,10.2401933735
6.720644,1.28729811753,1.35138421797,10.9581653606,-0.77408109096,0.814587178465,10.2401933735
6.72231,1.18122076732,1.31602510123,11.0287016972,-0.727936301293,0.950729804172,10.3309551239
6.723976,1.25193900079,1.35138421797,10.9581653606,-0.820225880627,0.814587178465,10.2401933735
6.725642,1.28729811753,1.35138421797,10.9581653606,-0.820225880627,0.905348928936,10.2855742487
6.727308,1.28729811753,1.31602510123,10.9217595095,-0.820225880627,0.859968053701,10.2855742487
6.728974,1.28729811753,1.35138421797,10.9922958461,-0.820225880627,0.814587178465,10.2401933735
6.73064,1.21657988406,1.31602510123,10.9217595095,-0.77408109096,0.859968053701,10.2855742487
6.732306,1.21657988406,1.35138421797,10.9581653606,-0.77408109096,0.859968053701,10.2855742487
6.733972,1.28729811753,1.35138421797,10.9922958461,-0.820225880627,0.814587178465,10.2855742487
6.735638,1.35801635101,1.3867433347,10.9922958461,-0.820225880627,0.814587178465,10.2855742487
6.737304,1.28729811753,1.31602510123,11.0287016972,-0.727936301293,0.950729804172,10.3763359992
6.73897,1.21657988406,1.20994775102,10.9217595095,-0.820225880627,0.814587178465,10.2855742487
6.740636,1.21657988406,1.24530686776,10.9922958461,-0.820225880627,0.814587178465,10.2855742487
6.742302,1.21657988406,1.24530686776,10.9922958461,-0.820225880627,0.814587178465,10.2855742487
6.743968,1.28729811753,1.28066598449,10.9922958461,-0.820225880627,0.814587178465,10.2855742487
6.745634,1.28729811753,1.31602510123,11.0287016972,-0.820225880627,0.76920630323,10.2855742487
6.7473,1.21657988406,1.31602510123,10.9217595095,-0.820225880627,0.814587178465,10.2855742487
6.748966,1.21657988406,1.35138421797,11.0287016972,-0.820225880627,0.814587178465,10.2855742487
6.750632,1.25193900079,1.35138421797,11.0287016972,-0.820225880627,0.859968053701,10.2855742487
6.752298,1.32265723427,1.45746156818,11.1015133995,-0.727936301293,0.950729804172,10.3763359992
6.753964,1.28729811753,1.35138421797,11.0651075483,-0.866370670294,0.76920630323,10.2855742487
6.75563,1.18122076732,1.31602510123,10.9922958461,-0.866370670294,0.859968053701,10.2855742487
6.757296,1.21657988406,1.31602510123,10.9922958461,-0.866370670294,0.814587178465,10.2855742487
6.758962,1.25193900079,1.35138421797,11.0287016972,-0.820225880627,0.814587178465,10.2855742487
6.760628,1.18122076732,1.35138421797,11.1379192506,-0.77408109096,0.859968053701,10.2855742487
6.762294,1.21657988406,1.35138421797,11.0287016972,-0.820225880627,0.814587178465,10.2855742487
6.76396,1.18122076732,1.35138421797,10.9922958461,-0.820225880627,0.814587178465,10.2401933735
6.765626,1.21657988406,1.35138421797,11.0287016972,-0.866370670294,0.859968053701,10.2401933735
6.767292,1.25193900079,1.3867433347,11.0287016972,-0.77408109096,0.950729804172,10.2855742487
6.768958,1.18122076732,1.31602510123,10.9581653606,-0.820225880627,0.859968053701,10.2401933735
6.770624,1.21657988406,1.35138421797,10.9922958461,-0.866370670294,0.76920630323,10.1948124982
6.77229,1.18122076732,1.35138421797,10.9922958461,-0.866370670294,0.76920630323,10.1948124982
6.773956,1.25193900079,1.35138421797,11.0287016972,-0.866370670294,0.76920630323,10.1948124982
6.775622,1.18122076732,1.35138421797,11.0287016972,-0.866370670294,0.76920630323,10.1948124982
6.777288,1.18122076732,1.31602510123,10.9581653606,-0.866370670294,0.814587178465,10.1948124982
6.778954,1.14586165058,1.31602510123,10.9922958461,-0.912515459961,0.814587178465,10.149431623
6.78062,1.18122076732,1.35138421797,10.9922958461,-0.77408109096,0.950729804172,10.2401933735
6.782286,1.28729811753,1.42210245144,11.0287016972,-0.912515459961,0.76920630323,10.1040507478
6.783952,1.21657988406,1.35138421797,10.9922958461,-0.866370670294,0.814587178465,10.149431623
6.785618,1.14586165058,1.31602510123,10.9217595095,-0.866370670294,0.814587178465,10.1040507478
6.787284,1.18122076732,1.31602510123,10.9581653606,-0.912515459961,0.76920630323,10.1040507478
6.78895,1.18122076732,1.35138421797,10.9581653606,-0.866370670294,0.814587178465,10.1040507478
6.790616,1.07514341711,1.3867433347,11.0651075483,-0.866370670294,0.814587178465,10.1040507478
6.792282,1.18122076732,1.31602510123,10.9581653606,-0.912515459961,0.76920630323,10.1040507478
6.793948,1.18122076732,1.31602510123,10.9217595095,-0.866370670294,0.814587178465,10.1040507478
6.795614,1.18122076732,1.31602510123,10.8853536583,-0.912515459961,0.76920630323,10.1040507478
6.79728,1.21657988406,1.35138421797,10.9217595095,-0.866370670294,0.814587178465,10.1040507478
6.798946,1.14586165058,1.28066598449,10.8489478072,-0.77408109096,0.950729804172,10.1948124982
6.800612,1.18122076732,1.31602510123,10.8853536583,-0.866370670294,0.814587178465,10.0586698725
6.802278,1.18122076732,1.31602510123,10.8853536583,-0.866370670294,0.814587178465,10.0586698725
6.803944,1.21657988406,1.42210245144,10.9581653606,-0.866370670294,0.76920630323,10.0586698725
6.80561,1.18122076732,1.31602510123,10.8853536583,-0.866370670294,0.859968053701,10.0586698725
6.807276,1.14586165058,1.31602510123,10.8125419561,-0.77408109096,0.950729804172,10.149431623
6.808942,1.18122076732,1.24530686776,10.8125419561,-0.866370670294,0.814587178465,10.0586698725
6.810608,1.21657988406,1.31602510123,10.8853536583,-0.866370670294,0.814587178465,10.0586698725
6.812274,1.11050253385,1.35138421797,10.9217595095,-0.866370670294,0.76920630323,10.0132889973
6.81394,1.18122076732,1.31602510123,10.8489478072,-0.866370670294,0.76920630323,10.0132889973
6.815606,1.18122076732,1.28066598449,10.7761361049,-0.866370670294,0.76920630323,10.0132889973
6.817272,1.14586165058,1.28066598449,10.7761361049,-0.866370670294,0.76920630323,10.0132889973
6.818938,1.18122076732,1.31602510123,10.8125419561,-0.820225880627,0.76920630323,10.0132889973
6.820604,1.11050253385,1.28066598449,10.8489478072,-0.866370670294,0.76920630323,10.0132889973
6.82227,1.21657988406,1.31602510123,10.8125419561,-0.77408109096,0.859968053701,10.1040507478
6.823936,1.18122076732,1.31602510123,10.7761361049,-0.866370670294,0.76920630323,10.0132889973
6.825602,1.21657988406,1.31602510123,10.7397302538,-0.820225880627,0.76920630323,10.0132889973
6.827268,1.18122076732,1.31602510123,10.8125419561,-0.820225880627,0.76920630323,10.0132889973
6.828934,1.18122076732,1.28066598449,10.7033244027,-0.77408109096,0.814587178465,10.1040507478
6.8306,1.18122076732,1.31602510123,10.7397302538,-0.866370670294,0.76920630323,10.0132889973
6.832266,1.21657988406,1.31602510123,10.7761361049,-0.77408109096,0.76920630323,10.0586698725
6.833932,1.18122076732,1.3867433347,10.8489478072,-0.820225880627,0.723825427995,10.0132889973
6.835598,1.21657988406,1.31602510123,10.7761361049,-0.820225880627,0.76920630323,10.0132889973
6.837264,1.18122076732,1.28066598449,10.7397302538,-0.820225880627,0.76920630323,10.0132889973
6.83893,1.18122076732,1.31602510123,10.7397302538,-0.820225880627,0.76920630323,10.0132889973
6.840596,1.21657988406,1.31602510123,10.7397302538,-0.820225880627,0.76920630323,10.0132889973
6.842262,1.18122076732,1.24530686776,10.7033244027,-0.820225880627,0.76920630323,10.0132889973
6.843928,1.21657988406,1.28066598449,10.7397302538,-0.820225880627,0.723825427995,10.0132889973
6.845594,1.18122076732,1.31602510123,10.7397302538,-0.820225880627,0.76920630323,10.0132889973
6.84726,1.25193900079,1.28066598449,10.7397302538,-0.820225880627,0.76920630323,10.0132889973
6.848926,1.21657988406,1.28066598449,10.7761361049,-0.820225880627,0.76920630323,10.0586698725
6.850592,1.18122076732,1.24530686776,10.7033244027,-0.820225880627,0.76920630323,10.0132889973
6.852258,1.21657988406,1.28066598449,10.7397302538,-0.820225880627,0.723825427995,10.0132889973
6.853924,1.18122076732,1.20994775102,10.7761361049,-0.77408109096,0.76920630323,10.0586698725
6.85559,1.32265723427,1.31602510123,10.8125419561,-0.820225880627,0.76920630323,10.0586698725
6.857256,1.25193900079,1.28066598449,10.7761361049,-0.820225880627,0.723825427995,10.0586698725
6.858922,1.18122076732,1.20994775102,10.7397302538,-0.866370670294,0.76920630323,10.0586698725
6.860588,1.21657988406,1.20994775102,10.7761361049,-0.820225880627,0.76920630323,10.0586698725
6.862254,1.21657988406,1.20994775102,10.7761361049,-0.820225880627,0.76920630323,10.0586698725
6.86392,1.14586165058,1.17458863428,10.8489478072,-0.820225880627,0.723825427995,10.0586698725
6.865586,1.21657988406,1.24530686776,10.8125419561,-0.820225880627,0.723825427995,10.0586698725
6.867252,1.21657988406,1.20994775102,10.8125419561,-0.820225880627,0.723825427995,10.0586698725
6.868918,1.21657988406,1.20994775102,10.8125419561,-0.820225880627,0.76920630323,10.1040507478
6.870584,1.25193900079,1.20994775102,10.8489478072,-0.727936301293,0.859968053701,10.1948124982
6.87225,1.18122076732,1.17458863428,10.7397302538,-0.77408109096,0.723825427995,10.149431623
6.873916,1.21657988406,1.20994775102,10.8489478072,-0.820225880627,0.723825427995,10.0586698725
6.875582,1.21657988406,1.20994775102,10.8489478072,-0.820225880627,0.723825427995,10.1040507478
6.877248,1.35801635101,1.31602510123,10.8853536583,-0.820225880627,0.723825427995,10.1040507478
6.878914,1.25193900079,1.20994775102,10.8853536583,-0.820225880627,0.723825427995,10.1040507478
6.88058,1.18122076732,1.20994775102,10.8125419561,-0.727936301293,0.859968053701,10.1948124982
6.882246,1.18122076732,1.20994775102,10.8489478072,-0.820225880627,0.723825427995,10.1040507478
6.883912,1.21657988406,1.20994775102,10.8853536583,-0.820225880627,0.678444552759,10.1040507478
6.885578,1.14586165058,1.28066598449,10.9922958461,-0.820225880627,0.76920630323,10.149431623
6.887244,1.21657988406,1.20994775102,10.9217595095,-0.866370670294,0.723825427995,10.1040507478
6.88891,1.21657988406,1.20994775102,10.8853536583,-0.820225880627,0.723825427995,10.149431623
6.890576,1.21657988406,1.20994775102,10.8853536583,-0.820225880627,0.723825427995,10.149431623
6.892242,1.28729811753,1.24530686776,10.9217595095,-0.820225880627,0.723825427995,10.149431623
6.893908,1.14586165058,1.17458863428,10.9922958461,-0.820225880627,0.723825427995,10.1948124982
6.895574,1.21657988406,1.28066598449,10.9581653606,-0.820225880627,0.723825427995,10.149431623
6.89724,1.21657988406,1.20994775102,10.9217595095,-0.820225880627,0.723825427995,10.149431623
6.898906,1.25193900079,1.20994775102,10.8853536583,-0.820225880627,0.678444552759,10.1948124982
6.900572,1.25193900079,1.24530686776,10.9581653606,-0.727936301293,0.814587178465,10.2401933735
6.902238,1.18122076732,1.10387040081,10.8489478072,-0.866370670294,0.678444552759,10.149431623
6.903904,1.21657988406,1.13922951755,10.9217595095,-0.820225880627,0.678444552759,10.149431623
6.90557,1.21657988406,1.13922951755,10.9217595095,-0.820225880627,0.723825427995,10.1948124982
6.907236,1.32265723427,1.28066598449,10.9581653606,-0.820225880627,0.723825427995,10.1948124982
6.908902,1.25193900079,1.24530686776,10.9581653606,-0.820225880627,0.723825427995,10.1948124982
6.910568,1.18122076732,1.20994775102,10.9217595095,-0.727936301293,0.814587178465,10.2401933735
6.912234,1.21657988406,1.20994775102,10.9217595095,-0.820225880627,0.723825427995,10.1948124982
6.9139,1.25193900079,1.24530686776,10.9217595095,-0.820225880627,0.723825427995,10.1948124982
6.915566,1.18122076732,1.20994775102,11.0287016972,-0.820225880627,0.723825427995,10.1948124982
6.917232,1.21657988406,1.20994775102,10.9217595095,-0.820225880627,0.723825427995,10.1948124982
6.918898,1.21657988406,1.24530686776,10.8853536583,-0.820225880627,0.723825427995,10.1948124982
6.920564,1.25193900079,1.28066598449,10.8853536583,-0.820225880627,0.76920630323,10.1948124982
6.92223,1.25193900079,1.20994775102,10.9217595095,-0.77408109096,0.76920630323,10.2401933735
6.923896,1.18122076732,1.17458863428,10.8125419561,-0.727936301293,0.814587178465,10.2855742487
6.925562,1.21657988406,1.17458863428,10.8853536583,-0.820225880627,0.76920630323,10.1948124982
6.927228,1.21657988406,1.20994775102,10.9217595095,-0.820225880627,0.76920630323,10.1948124982
6.928894,1.25193900079,1.17458863428,10.8853536583,-0.77408109096,0.814587178465,10.2401933735
6.93056,1.25193900079,1.20994775102,10.9217595095,-0.77408109096,0.76920630323,10.1948124982
6.932226,1.14586165058,1.10387040081,10.8489478072,-0.820225880627,0.76920630323,10.1948124982
6.933892,1.21657988406,1.28066598449,10.9217595095,-0.820225880627,0.76920630323,10.1948124982
6.935558,1.21657988406,1.24530686776,10.8853536583,-0.727936301293,0.859968053701,10.2855742487
6.937224,1.32265723427,1.3867433347,10.9217595095,-0.820225880627,0.76920630323,10.149431623
6.93889,1.25193900079,1.31602510123,10.9217595095,-0.820225880627,0.76920630323,10.149431623
6.940556,1.18122076732,1.28066598449,10.8489478072,-0.820225880627,0.76920630323,10.1948124982
6.942222,1.18122076732,1.28066598449,10.8853536583,-0.820225880627,0.814587178465,10.1948124982
6.943888,1.21657988406,1.35138421797,10.9217595095,-0.866370670294,0.76920630323,10.1948124982
6.945554,1.11050253385,1.28066598449,10.9581653606,-0.866370670294,0.76920630323,10.149431623
6.94722,1.21657988406,1.31602510123,10.8853536583,-0.820225880627,0.76920630323,10.149431623
6.948886,1.18122076732,1.20994775102,10.8125419561,-0.77408109096,0.814587178465,10.1948124982
6.950552,1.18122076732,1.31602510123,10.8489478072,-0.727936301293,0.905348928936,10.2401933735
6.952218,1.25193900079,1.28066598449,10.8853536583,-0.77408109096,0.905348928936,10.2401933735
6.953884,1.14586165058,1.20994775102,10.7761361049,-0.866370670294,0.814587178465,10.149431623
6.95555,1.18122076732,1.24530686776,10.8853536583,-0.866370670294,0.76920630323,10.1040507478
6.957216,1.18122076732,1.28066598449,10.8489478072,-0.866370670294,0.814587178465,10.1040507478
6.958882,1.25193900079,1.28066598449,10.8125419561,-0.866370670294,0.76920630323,10.1040507478
6.960548,1.21657988406,1.31602510123,10.8853536583,-0.912515459961,0.76920630323,10.0586698725
6.962214,1.11050253385,1.20994775102,10.8125419561,-0.77408109096,0.905348928936,10.149431623
6.96388,1.18122076732,1.31602510123,10.8853536583,-0.866370670294,0.814587178465,10.1040507478
6.965546,1.14586165058,1.28066598449,10.8489478072,-0.866370670294,0.76920630323,10.0586698725
6.967212,1.28729811753,1.3867433347,10.8853536583,-0.912515459961,0.814587178465,10.0586698725
6.968878,1.18122076732,1.35138421797,10.8853536583,-0.912515459961,0.814587178465,10.0586698725
6.970544,1.11050253385,1.35138421797,10.8125419561,-0.866370670294,0.859968053701,10.1040507478
6.97221,1.11050253385,1.35138421797,10.8489478072,-0.912515459961,0.814587178465,10.0586698725
6.973876,1.14586165058,1.3867433347,10.8489478072,-0.912515459961,0.814587178465,10.0586698725
6.975542,1.21657988406,1.49282068491,10.9217595095,-0.912515459961,0.76920630323,10.0586698725
6.977208,1.18122076732,1.35138421797,10.8853536583,-0.912515459961,0.814587178465,10.0586698725
6.978874,1.11050253385,1.31602510123,10.8489478072,-0.958660249627,0.76920630323,10.0132889973
6.98054,1.11050253385,1.31602510123,10.8489478072,-0.912515459961,0.814587178465,10.0132889973
6.982206,1.14586165058,1.35138421797,10.8489478072,-0.866370670294,0.905348928936,10.1040507478
6.983872,1.07514341711,1.31602510123,10.8489478072,-0.866370670294,0.859968053701,10.0586698725
6.985538,1.14586165058,1.3867433347,10.8489478072,-0.912515459961,0.859968053701,10.0586698725
6.987204,1.11050253385,1.31602510123,10.8489478072,-0.912515459961,0.814587178465,10.0586698725
6.98887,1.11050253385,1.28066598449,10.8125419561,-0.912515459961,0.814587178465,10.0132889973
6.990536,1.14586165058,1.35138421797,10.8489478072,-0.912515459961,0.814587178465,10.0586698725
6.992202,1.03978430037,1.20994775102,10.9217595095,-0.912515459961,0.76920630323,10.0586698725
6.993868,1.11050253385,1.31602510123,10.8853536583,-0.912515459961,0.814587178465,10.0132889973
6.995534,1.11050253385,1.20994775102,10.8853536583,-0.912515459961,0.814587178465,10.0132889973
6.9972,1.11050253385,1.20994775102,10.8125419561,-0.912515459961,0.814587178465,10.0586698725
6.998866,1.11050253385,1.35138421797,10.8853536583,-0.958660249627,0.814587178465,10.0132889973
7.000532,1.07514341711,1.20994775102,10.9581653606,-0.958660249627,0.76920630323,10.0586698725
7.002198,1.11050253385,1.28066598449,10.8853536583,-0.866370670294,0.859968053701,10.1040507478
7.003864,1.11050253385,1.28066598449,10.8489478072,-0.958660249627,0.76920630323,10.0586698725
7.00553,1.11050253385,1.28066598449,10.8125419561,-0.958660249627,0.76920630323,10.0586698725
7.007196,1.11050253385,1.31602510123,10.8853536583,-0.958660249627,0.76920630323,10.0586698725
7.008862,1.07514341711,1.24530686776,10.8125419561,-0.958660249627,0.76920630323,10.0586698725
7.010528,1.11050253385,1.24530686776,10.8853536583,-0.912515459961,0.76920630323,10.0586698725
7.012194,1.11050253385,1.31602510123,10.8853536583,-0.866370670294,0.814587178465,10.149431623
7.01386,1.21657988406,1.3867433347,10.9581653606,-0.958660249627,0.76920630323,10.0586698725
7.015526,1.11050253385,1.28066598449,10.8853536583,-0.958660249627,0.76920630323,10.0586698725
7.017192,1.11050253385,1.20994775102,10.8489478072,-0.912515459961,0.76920630323,10.0586698725
7.018858,1.07514341711,1.31602510123,10.8489478072,-0.866370670294,0.814587178465,10.149431623
7.020524,1.11050253385,1.28066598449,10.8853536583,-0.958660249627,0.723825427995,10.1040507478
7.02219,1.07514341711,1.20994775102,10.8853536583,-0.912515459961,0.76920630323,10.1040507478
7.023856,1.11050253385,1.31602510123,10.8853536583,-0.912515459961,0.76920630323,10.1040507478
7.025522,1.11050253385,1.24530686776,10.8853536583,-0.912515459961,0.723825427995,10.1040507478
7.027188,1.21657988406,1.31602510123,10.8853536583,-0.912515459961,0.76920630323,10.1040507478
7.028854,1.14586165058,1.24530686776,10.9217595095,-0.912515459961,0.76920630323,10.1040507478
7.03052,1.11050253385,1.20994775102,10.8489478072,-0.912515459961,0.76920630323,10.1040507478
7.032186,1.11050253385,1.28066598449,10.8853536583,-0.912515459961,0.76920630323,10.149431623
7.033852,1.18122076732,1.31602510123,10.9217595095,-0.912515459961,0.76920630323,10.149431623
7.035518,1.03978430037,1.31602510123,10.9922958461,-0.866370670294,0.814587178465,10.149431623
7.037184,1.18122076732,1.28066598449,10.9217595095,-0.912515459961,0.76920630323,10.149431623
7.03885,1.14586165058,1.31602510123,10.9217595095,-0.912515459961,0.814587178465,10.1948124982
7.040516,1.18122076732,1.28066598449,10.8853536583,-0.912515459961,0.76920630323,10.149431623
7.042182,1.18122076732,1.31602510123,10.9217595095,-0.912515459961,0.76920630323,10.1948124982
7.043848,1.07514341711,1.24530686776,10.8125419561,-0.866370670294,0.76920630323,10.1948124982
7.045514,1.14586165058,1.28066598449,10.9217595095,-0.912515459961,0.76920630323,10.1948124982
7.04718,1.14586165058,1.28066598449,10.9217595095,-0.912515459961,0.76920630323,10.1948124982
7.048846,1.28729811753,1.31602510123,10.9217595095,-0.912515459961,0.76920630323,10.1948124982
7.050512,1.18122076732,1.24530686776,10.9217595095,-0.912515459961,0.723825427995,10.1948124982
7.052178,1.11050253385,1.20994775102,10.8853536583,-0.912515459961,0.723825427995,10.1948124982
7.053844,1.14586165058,1.24530686776,10.9217595095,-0.866370670294,0.723825427995,10.1948124982
7.05551,1.18122076732,1.20994775102,10.9217595095,-0.912515459961,0.723825427995,10.1948124982
7.057176,1.18122076732,1.3867433347,11.0287016972,-0.912515459961,0.76920630323,10.1948124982
7.058842,1.18122076732,1.31602510123,10.9217595095,-0.77408109096,0.859968053701,10.2855742487
7.060508,1.18122076732,1.28066598449,10.8853536583,-0.912515459961,0.723825427995,10.1948124982
7.062174,1.18122076732,1.28066598449,10.9217595095,-0.866370670294,0.76920630323,10.2401933735
7.06384,1.18122076732,1.28066598449,10.9217595095,-0.866370670294,0.76920630323,10.2401933735
7.065506,1.18122076732,1.3867433347,11.0651075483,-0.866370670294,0.76920630323,10.1948124982
7.067172,1.18122076732,1.31602510123,10.9581653606,-0.866370670294,0.76920630323,10.1948124982
7.068838,1.14586165058,1.20994775102,10.9217595095,-0.912515459961,0.76920630323,10.1948124982
7.070504,1.14586165058,1.31602510123,10.8853536583,-0.820225880627,0.814587178465,10.2401933735
7.07217,1.18122076732,1.31602510123,10.9581653606,-0.912515459961,0.76920630323,10.1948124982
7.073836,1.07514341711,1.20994775102,11.0287016972,-0.912515459961,0.723825427995,10.1948124982
7.075502,1.18122076732,1.28066598449,10.9581653606,-0.912515459961,0.723825427995,10.1948124982
7.077168,1.18122076732,1.20994775102,10.9581653606,-0.866370670294,0.76920630323,10.1948124982
7.078834,1.18122076732,1.28066598449,10.9217595095,-0.77408109096,0.859968053701,10.3309551239
7.0805,1.18122076732,1.28066598449,10.9581653606,-0.866370670294,0.723825427995,10.1948124982
7.082166,1.11050253385,1.20994775102,10.8853536583,-0.912515459961,0.76920630323,10.1948124982
7.083832,1.14586165058,1.28066598449,10.9217595095,-0.866370670294,0.76920630323,10.149431623
7.085498,1.18122076732,1.31602510123,10.9217595095,-0.866370670294,0.814587178465,10.1948124982
7.087164,1.28729811753,1.3867433347,10.9922958461,-0.866370670294,0.814587178465,10.1948124982
7.08883,1.21657988406,1.31602510123,10.9581653606,-0.912515459961,0.76920630323,10.1948124982
7.090496,1.14586165058,1.24530686776,10.8853536583,-0.912515459961,0.76920630323,10.149431623
7.092162,1.14586165058,1.31602510123,10.8853536583,-0.912515459961,0.76920630323,10.149431623
7.093828,1.18122076732,1.28066598449,10.9217595095,-0.866370670294,0.814587178465,10.1948124982
7.095494,1.28729811753,1.42210245144,10.9922958461,-0.866370670294,0.814587178465,10.149431623
7.09716,1.18122076732,1.31602510123,10.8853536583,-0.866370670294,0.814587178465,10.149431623
7.098826,1.14586165058,1.20994775102,10.8853536583,-0.912515459961,0.814587178465,10.149431623
7.100492,1.18122076732,1.28066598449,10.9217595095,-0.912515459961,0.76920630323,10.149431623
7.102158,1.18122076732,1.35138421797,10.9217595095,-0.912515459961,0.76920630323,10.1040507478
7.103824,1.07514341711,1.20994775102,10.9581653606,-0.820225880627,0.905348928936,10.1948124982
7.10549,1.18122076732,1.31602510123,10.8853536583,-0.820225880627,0.905348928936,10.1948124982
7.107156,1.18122076732,1.31602510123,10.9217595095,-0.912515459961,0.814587178465,10.1040507478
7.108822,1.21657988406,1.31602510123,10.8853536583,-0.912515459961,0.814587178465,10.149431623
7.110488,1.18122076732,1.31602510123,10.8853536583,-0.912515459961,0.814587178465,10.149431623
7.112154,1.11050253385,1.28066598449,10.8125419561,-0.820225880627,0.950729804172,10.1948124982
7.11382,1.14586165058,1.28066598449,10.8489478072,-0.820225880627,0.905348928936,10.1948124982
7.115486,1.18122076732,1.35138421797,10.8853536583,-0.866370670294,0.859968053701,10.149431623
7.117152,1.11050253385,1.35138421797,10.9922958461,-0.912515459961,0.814587178465,10.1040507478
7.118818,1.18122076732,1.31602510123,10.8853536583,-0.866370670294,0.814587178465,10.1040507478
7.120484,1.18122076732,1.31602510123,10.8125419561,-0.866370670294,0.814587178465,10.1040507478
7.12215,1.18122076732,1.31602510123,10.8125419561,-0.912515459961,0.814587178465,10.1040507478
7.123816,1.18122076732,1.35138421797,10.8489478072,-0.866370670294,0.814587178465,10.1040507478
7.125482,1.11050253385,1.28066598449,10.7761361049,-0.866370670294,0.859968053701,10.1040507478
7.127148,1.14586165058,1.35138421797,10.8489478072,-0.820225880627,0.950729804172,10.149431623
7.128814,1.18122076732,1.35138421797,10.8125419561,-0.866370670294,0.859968053701,10.1040507478
7.13048,1.14586165058,1.3867433347,10.8125419561,-0.866370670294,0.859968053701,10.1040507478
7.132146,1.18122076732,1.3867433347,10.8853536583,-0.866370670294,0.814587178465,10.1040507478
7.133812,1.11050253385,1.24530686776,10.7397302538,-0.912515459961,0.814587178465,10.1040507478
7.135478,1.14586165058,1.35138421797,10.8125419561,-0.866370670294,0.76920630323,10.1040507478
7.137144,1.18122076732,1.35138421797,10.8125419561,-0.866370670294,0.814587178465,10.1040507478
7.13881,1.21657988406,1.3867433347,10.8125419561,-0.912515459961,0.814587178465,10.0586698725
7.140476,1.18122076732,1.42210245144,10.8489478072,-0.912515459961,0.814587178465,10.1040507478
7.142142,1.11050253385,1.31602510123,10.7397302538,-0.820225880627,0.950729804172,10.1948124982
7.143808,1.11050253385,1.31602510123,10.7761361049,-0.866370670294,0.814587178465,10.1040507478
7.145474,1.18122076732,1.35138421797,10.8489478072,-0.912515459961,0.814587178465,10.1040507478
7.14714,1.21657988406,1.45746156818,10.8853536583,-0.912515459961,0.814587178465,10.1040507478
7.148806,1.18122076732,1.35138421797,10.8853536583,-0.912515459961,0.814587178465,10.1040507478
7.150472,1.18122076732,1.35138421797,10.8125419561,-0.912515459961,0.814587178465,10.1040507478
7.152138,1.11050253385,1.35138421797,10.8125419561,-0.912515459961,0.859968053701,10.1040507478
7.153804,1.18122076732,1.31602510123,10.8853536583,-0.820225880627,0.950729804172,10.1948124982
7.15547,1.07514341711,1.31602510123,10.8125419561,-0.912515459961,0.814587178465,10.1040507478
7.157136,1.11050253385,1.35138421797,10.8125419561,-0.912515459961,0.814587178465,10.1040507478
7.158802,1.11050253385,1.31602510123,10.7761361049,-0.912515459961,0.814587178465,10.1040507478
7.160468,1.11050253385,1.35138421797,10.7761361049,-0.866370670294,0.859968053701,10.149431623
7.162134,1.18122076732,1.35138421797,10.8853536583,-0.912515459961,0.76920630323,10.0586698725
7.1638,1.07514341711,1.28066598449,10.7761361049,-0.866370670294,0.814587178465,10.1040507478
7.165466,1.11050253385,1.35138421797,10.8489478072,-0.912515459961,0.814587178465,10.1040507478
7.167132,1.14586165058,1.31602510123,10.8125419561,-0.912515459961,0.814587178465,10.1040507478
7.168798,1.18122076732,1.31602510123,10.8125419561,-0.912515459961,0.814587178465,10.1040507478
7.170464,1.18122076732,1.31602510123,10.8853536583,-0.912515459961,0.814587178465,10.1040507478
7.17213,1.07514341711,1.28066598449,10.7761361049,-0.912515459961,0.76920630323,10.1040507478
7.173796,1.11050253385,1.28066598449,10.8853536583,-0.912515459961,0.814587178465,10.1040507478
7.175462,1.14586165058,1.31602510123,10.8853536583,-0.958660249627,0.76920630323,10.0586698725
7.177128,1.21657988406,1.3867433347,10.9217595095,-0.866370670294,0.814587178465,10.149431623
7.178794,1.14586165058,1.35138421797,10.9217595095,-0.820225880627,0.905348928936,10.1948124982
7.18046,1.07514341711,1.31602510123,10.8489478072,-0.958660249627,0.76920630323,10.1040507478
7.182126,1.11050253385,1.28066598449,10.8853536583,-0.958660249627,0.76920630323,10.1040507478
7.183792,1.14586165058,1.31602510123,10.8853536583,-0.912515459961,0.76920630323,10.149431623
7.185458,1.07514341711,1.24530686776,10.9581653606,-0.866370670294,0.814587178465,10.149431623
7.187124,1.14586165058,1.28066598449,10.9217595095,-0.958660249627,0.76920630323,10.1040507478
7.18879,1.07514341711,1.24530686776,10.8853536583,-0.958660249627,0.76920630323,10.1040507478
7.190456,1.11050253385,1.28066598449,10.8853536583,-0.958660249627,0.723825427995,10.1040507478
7.192122,1.14586165058,1.31602510123,10.9217595095,-0.958660249627,0.76920630323,10.1040507478
7.193788,1.07514341711,1.20994775102,10.8853536583,-0.958660249627,0.76920630323,10.1040507478
7.195454,1.11050253385,1.28066598449,10.9217595095,-0.958660249627,0.723825427995,10.149431623
7.19712,1.11050253385,1.28066598449,10.9217595095,-0.912515459961,0.76920630323,10.1948124982
7.198786,1.18122076732,1.35138421797,11.0287016972,-1.00480503929,0.723825427995,10.0586698725
7.200452,1.07514341711,1.31602510123,10.9217595095,-0.958660249627,0.723825427995,10.1040507478
7.202118,1.07514341711,1.28066598449,10.8853536583,-0.958660249627,0.678444552759,10.1040507478
7.203784,1.07514341711,1.20994775102,10.9217595095,-0.958660249627,0.723825427995,10.1040507478
7.20545,1.07514341711,1.31602510123,10.9581653606,-0.958660249627,0.678444552759,10.1040507478
7.207116,1.03978430037,1.24530686776,11.0287016972,-0.958660249627,0.723825427995,10.1040507478
7.208782,1.11050253385,1.28066598449,10.9922958461,-0.866370670294,0.814587178465,10.1948124982
7.210448,1.07514341711,1.28066598449,10.9217595095,-0.958660249627,0.678444552759,10.1040507478
7.212114,1.11050253385,1.24530686776,10.9217595095,-0.912515459961,0.723825427995,10.149431623
7.21378,1.14586165058,1.28066598449,10.9581653606,-0.958660249627,0.678444552759,10.1040507478
7.215446,1.03978430037,1.10387040081,10.8853536583,-0.958660249627,0.633063677524,10.1040507478
7.217112,1.07514341711,1.24530686776,10.9217595095,-0.958660249627,0.678444552759,10.1040507478
7.218778,1.11050253385,1.24530686776,10.9217595095,-0.912515459961,0.678444552759,10.1040507478
7.220444,1.18122076732,1.31602510123,10.9581653606,-0.912515459961,0.723825427995,10.1948124982
7.22211,1.14586165058,1.28066598449,10.9581653606,-0.958660249627,0.723825427995,10.149431623
7.223776,1.07514341711,1.17458863428,10.8853536583,-0.958660249627,0.723825427995,10.149431623
7.225442,1.07514341711,1.24530686776,10.9217595095,-0.958660249627,0.678444552759,10.149431623
7.227108,1.11050253385,1.20994775102,10.8853536583,-0.958660249627,0.678444552759,10.1040507478
7.228774,1.18122076732,1.24530686776,10.9217595095,-0.912515459961,0.723825427995,10.149431623
7.23044,1.11050253385,1.24530686776,10.9217595095,-0.820225880627,0.814587178465,10.2401933735
7.232106,1.11050253385,1.17458863428,10.8853536583,-0.958660249627,0.678444552759,10.1040507478
7.233772,1.14586165058,1.20994775102,10.8853536583,-0.912515459961,0.678444552759,10.1040507478
7.235438,1.14586165058,1.20994775102,10.8853536583,-0.912515459961,0.723825427995,10.1040507478
7.237104,1.14586165058,1.35138421797,11.0287016972,-0.866370670294,0.76920630323,10.1948124982
7.23877,1.14586165058,1.24530686776,10.8853536583,-0.912515459961,0.723825427995,10.1040507478
7.240436,1.11050253385,1.20994775102,10.8853536583,-0.912515459961,0.723825427995,10.149431623
7.242102,1.14586165058,1.20994775102,10.8489478072,-0.912515459961,0.723825427995,10.1040507478
7.243768,1.18122076732,1.24530686776,10.8853536583,-0.866370670294,0.723825427995,10.1040507478
7.245434,1.07514341711,1.17458863428,10.7761361049,-0.820225880627,0.76920630323,10.149431623
7.2471,1.14586165058,1.20994775102,10.8489478072,-0.820225880627,0.76920630323,10.1948124982
7.248766,1.18122076732,1.20994775102,10.8489478072,-0.820225880627,0.76920630323,10.1948124982
7.250432,1.28729811753,1.20994775102,10.8489478072,-0.866370670294,0.678444552759,10.1040507478
7.252098,1.18122076732,1.24530686776,10.8853536583,-0.866370670294,0.678444552759,10.1040507478
7.253764,1.18122076732,1.20994775102,10.7761361049,-0.866370670294,0.723825427995,10.1040507478
7.25543,1.14586165058,1.28066598449,10.7761361049,-0.820225880627,0.76920630323,10.149431623
7.257096,1.18122076732,1.28066598449,10.8489478072,-0.820225880627,0.76920630323,10.1040507478
7.258762,1.28729811753,1.3867433347,10.8853536583,-0.866370670294,0.76920630323,10.1040507478
7.260428,1.21657988406,1.28066598449,10.8125419561,-0.866370670294,0.723825427995,10.1040507478
7.262094,1.18122076732,1.24530686776,10.7761361049,-0.866370670294,0.723825427995,10.1040507478
7.26376,1.18122076732,1.28066598449,10.7761361049,-0.866370670294,0.723825427995,10.1040507478
7.265426,1.21657988406,1.28066598449,10.8125419561,-0.866370670294,0.723825427995,10.1040507478
7.267092,1.11050253385,1.28066598449,10.8853536583,-0.820225880627,0.723825427995,10.1040507478
7.268758,1.21657988406,1.20994775102,10.8125419561,-0.820225880627,0.723825427995,10.1040507478
7.270424,1.18122076732,1.28066598449,10.7761361049,-0.866370670294,0.723825427995,10.0586698725
7.27209,1.18122076732,1.17458863428,10.7761361049,-0.820225880627,0.723825427995,10.0586698725
7.273756,1.21657988406,1.28066598449,10.8125419561,-0.866370670294,0.723825427995,10.0586698725
7.275422,1.14586165058,1.20994775102,10.7397302538,-0.820225880627,0.723825427995,10.0586698725
7.277088,1.21657988406,1.28066598449,10.8125419561,-0.820225880627,0.76920630323,10.1040507478
7.278754,1.21657988406,1.31602510123,10.7761361049,-0.866370670294,0.76920630323,10.0586698725
7.28042,1.28729811753,1.35138421797,10.7761361049,-0.820225880627,0.76920630323,10.0586698725
7.282086,1.25193900079,1.31602510123,10.8125419561,-0.727936301293,0.905348928936,10.149431623
7.283752,1.18122076732,1.28066598449,10.7397302538,-0.820225880627,0.76920630323,10.0586698725
7.285418,1.21657988406,1.31602510123,10.7761361049,-0.820225880627,0.76920630323,10.0586698725
7.287084,1.21657988406,1.31602510123,10.7761361049,-0.866370670294,0.814587178465,10.0586698725
7.28875,1.18122076732,1.3867433347,10.8853536583,-0.77408109096,0.814587178465,10.1040507478
7.290416,1.21657988406,1.31602510123,10.7761361049,-0.820225880627,0.814587178465,10.0586698725
7.292082,1.18122076732,1.28066598449,10.7761361049,-0.820225880627,0.814587178465,10.0586698725
7.293748,1.21657988406,1.28066598449,10.7761361049,-0.820225880627,0.814587178465,10.0586698725
7.295414,1.21657988406,1.31602510123,10.8489478072,-0.820225880627,0.859968053701,10.0586698725
7.29708,1.18122076732,1.20994775102,10.7397302538,-0.727936301293,0.905348928936,10.149431623
7.298746,1.21657988406,1.20994775102,10.8125419561,-0.820225880627,0.814587178465,10.0586698725
7.300412,1.21657988406,1.20994775102,10.8125419561,-0.820225880627,0.814587178465,10.0586698725
7.302078,1.25193900079,1.20994775102,10.7761361049,-0.820225880627,0.814587178465,10.0586698725
7.303744,1.21657988406,1.24530686776,10.8489478072,-0.820225880627,0.814587178465,10.0586698725
7.30541,1.18122076732,1.17458863428,10.7761361049,-0.820225880627,0.814587178465,10.1040507478
7.307076,1.21657988406,1.28066598449,10.8489478072,-0.820225880627,0.814587178465,10.0586698725
7.308742,1.21657988406,1.31602510123,10.8125419561,-0.820225880627,0.859968053701,10.0586698725
7.310408,1.32265723427,1.3867433347,10.8489478072,-0.820225880627,0.859968053701,10.1040507478
7.312074,1.28729811753,1.35138421797,10.8489478072,-0.727936301293,0.950729804172,10.1948124982
7.31374,1.21657988406,1.28066598449,10.7761361049,-0.820225880627,0.814587178465,10.0586698725
7.315406,1.21657988406,1.31602510123,10.8125419561,-0.820225880627,0.859968053701,10.1040507478
7.317072,1.21657988406,1.35138421797,10.8853536583,-0.820225880627,0.859968053701,10.1040507478
7.318738,1.28729811753,1.45746156818,10.9581653606,-0.727936301293,0.996110679407,10.1948124982
7.320404,1.25193900079,1.35138421797,10.8489478072,-0.820225880627,0.859968053701,10.1040507478
7.32207,1.18122076732,1.35138421797,10.8125419561,-0.820225880627,0.859968053701,10.1040507478
7.323736,1.18122076732,1.35138421797,10.8489478072,-0.820225880627,0.859968053701,10.1040507478
7.325402,1.21657988406,1.3867433347,10.8853536583,-0.820225880627,0.859968053701,10.1040507478
7.327068,1.18122076732,1.42210245144,10.9922958461,-0.820225880627,0.859968053701,10.149431623
7.328734,1.21657988406,1.35138421797,10.8853536583,-0.727936301293,0.950729804172,10.1948124982
7.3304,1.25193900079,1.35138421797,10.8853536583,-0.820225880627,0.814587178465,10.1040507478
7.332066,1.21657988406,1.35138421797,10.8853536583,-0.820225880627,0.859968053701,10.149431623
7.333732,1.25193900079,1.3867433347,10.9217595095,-0.820225880627,0.859968053701,10.149431623
7.335398,1.18122076732,1.28066598449,10.8489478072,-0.681791511626,0.950729804172,10.2855742487
7.337064,1.21657988406,1.35138421797,10.9217595095,-0.820225880627,0.859968053701,10.1948124982
7.33873,1.25193900079,1.35138421797,10.8853536583,-0.681791511626,0.950729804172,10.2855742487
7.340396,1.35801635101,1.45746156818,10.9922958461,-0.820225880627,0.859968053701,10.1948124982
7.342062,1.21657988406,1.35138421797,10.9217595095,-0.77408109096,0.905348928936,10.1948124982
7.343728,1.21657988406,1.28066598449,10.8853536583,-0.820225880627,0.859968053701,10.1948124982
7.345394,1.21657988406,1.35138421797,10.9217595095,-0.820225880627,0.859968053701,10.1948124982
7.34706,1.21657988406,1.35138421797,10.9217595095,-0.820225880627,0.859968053701,10.1948124982
7.348726,1.18122076732,1.3867433347,11.0651075483,-0.820225880627,0.859968053701,10.2401933735
7.350392,1.21657988406,1.35138421797,10.9581653606,-0.820225880627,0.859968053701,10.2401933735
7.352058,1.21657988406,1.35138421797,10.9217595095,-0.820225880627,0.814587178465,10.2401933735
7.353724,1.21657988406,1.3867433347,10.9217595095,-0.820225880627,0.814587178465,10.2401933735
7.35539,1.28729811753,1.35138421797,10.9922958461,-0.77408109096,0.905348928936,10.2401933735
7.357056,1.18122076732,1.28066598449,10.9581653606,-0.727936301293,0.950729804172,10.3309551239
7.358722,1.21657988406,1.35138421797,10.9922958461,-0.77408109096,0.950729804172,10.3309551239
7.360388,1.25193900079,1.31602510123,10.9581653606,-0.866370670294,0.814587178465,10.2401933735
7.362054,1.21657988406,1.31602510123,10.9922958461,-0.820225880627,0.814587178465,10.2401933735
7.36372,1.25193900079,1.35138421797,10.9922958461,-0.77408109096,0.859968053701,10.2855742487
7.365386,1.18122076732,1.31602510123,10.9217595095,-0.727936301293,0.905348928936,10.3309551239
7.367052,1.21657988406,1.35138421797,10.9922958461,-0.820225880627,0.859968053701,10.2401933735
7.368718,1.21657988406,1.28066598449,10.9922958461,-0.820225880627,0.76920630323,10.2401933735
7.370384,1.35801635101,1.3867433347,11.0287016972,-0.866370670294,0.814587178465,10.2401933735
7.37205,1.21657988406,1.35138421797,10.9922958461,-0.866370670294,0.814587178465,10.2401933735
7.373716,1.18122076732,1.28066598449,10.9217595095,-0.820225880627,0.814587178465,10.2855742487
7.375382,1.21657988406,1.31602510123,10.9922958461,-0.77408109096,0.905348928936,10.3309551239
7.377048,1.21657988406,1.3867433347,11.0287016972,-0.77408109096,0.905348928936,10.2855742487
7.378714,1.32265723427,1.31602510123,11.0651075483,-0.866370670294,0.76920630323,10.2401933735
7.38038,1.21657988406,1.28066598449,11.0287016972,-0.866370670294,0.76920630323,10.2401933735
7.382046,1.18122076732,1.20994775102,10.9581653606,-0.866370670294,0.76920630323,10.1948124982
7.383712,1.21657988406,1.31602510123,10.9922958461,-0.866370670294,0.76920630323,10.2401933735
7.385378,1.25193900079,1.35138421797,11.0287016972,-0.866370670294,0.76920630323,10.1948124982
7.387044,1.14586165058,1.28066598449,11.0287016972,-0.866370670294,0.76920630323,10.1948124982
7.38871,1.21657988406,1.35138421797,11.0287016972,-0.866370670294,0.76920630323,10.1948124982
7.390376,1.21657988406,1.31602510123,10.9581653606,-0.866370670294,0.76920630323,10.1948124982
7.392042,1.18122076732,1.28066598449,10.9922958461,-0.866370670294,0.723825427995,10.1948124982
7.393708,1.18122076732,1.35138421797,11.0287016972,-0.820225880627,0.814587178465,10.2401933735
7.395374,1.14586165058,1.28066598449,10.9922958461,-0.866370670294,0.76920630323,10.1948124982
7.39704,1.18122076732,1.24530686776,11.0287016972,-0.912515459961,0.76920630323,10.1948124982
7.398706,1.18122076732,1.31602510123,10.9922958461,-0.866370670294,0.723825427995,10.149431623
7.400372,1.28729811753,1.3867433347,10.9922958461,-0.866370670294,0.814587178465,10.1948124982
7.402038,1.21657988406,1.35138421797,10.9922958461,-0.866370670294,0.814587178465,10.149431623
7.403704,1.11050253385,1.31602510123,10.9581653606,-0.912515459961,0.76920630323,10.149431623
7.40537,1.18122076732,1.31602510123,10.9581653606,-0.866370670294,0.76920630323,10.149431623
7.407036,1.14586165058,1.35138421797,10.9581653606,-0.912515459961,0.76920630323,10.1040507478
7.408702,1.25193900079,1.35138421797,10.9581653606,-0.866370670294,0.76920630323,10.1040507478
7.410368,1.18122076732,1.35138421797,10.9922958461,-0.912515459961,0.814587178465,10.149431623
7.412034,1.14586165058,1.24530686776,10.8853536583,-0.912515459961,0.76920630323,10.1040507478
7.4137,1.18122076732,1.28066598449,10.9217595095,-0.866370670294,0.76920630323,10.1040507478
7.415366,1.18122076732,1.31602510123,10.9217595095,-0.866370670294,0.814587178465,10.1040507478
7.417032,1.28729811753,1.3867433347,10.9581653606,-0.866370670294,0.814587178465,10.149431623
7.418698,1.18122076732,1.31602510123,10.9581653606,-0.912515459961,0.76920630323,10.1040507478
7.420364,1.14586165058,1.20994775102,10.8853536583,-0.866370670294,0.76920630323,10.1040507478
7.42203,1.18122076732,1.28066598449,10.9217595095,-0.77408109096,0.905348928936,10.1948124982
7.423696,1.18122076732,1.31602510123,10.9217595095,-0.866370670294,0.859968053701,10.1040507478
7.425362,1.18122076732,1.42210245144,10.9922958461,-0.912515459961,0.814587178465,10.1040507478
7.427028,1.18122076732,1.31602510123,10.8853536583,-0.820225880627,0.814587178465,10.1040507478
7.428694,1.18122076732,1.28066598449,10.8489478072,-0.77408109096,0.905348928936,10.149431623
7.43036,1.14586165058,1.28066598449,10.8125419561,-0.77408109096,0.905348928936,10.149431623
7.432026,1.18122076732,1.31602510123,10.8489478072,-0.820225880627,0.814587178465,10.1040507478
7.433692,1.07514341711,1.28066598449,10.9217595095,-0.820225880627,0.814587178465,10.0586698725
7.435358,1.18122076732,1.28066598449,10.8853536583,-0.866370670294,0.723825427995,10.0132889973
7.437024,1.18122076732,1.24530686776,10.8125419561,-0.866370670294,0.723825427995,10.0586698725
7.43869,1.21657988406,1.20994775102,10.8125419561,-0.866370670294,0.723825427995,10.0586698725
7.440356,1.21657988406,1.31602510123,10.8489478072,-0.866370670294,0.76920630323,10.0586698725
7.442022,1.14586165058,1.20994775102,10.7397302538,-0.866370670294,0.723825427995,10.0586698725
7.443688,1.18122076732,1.20994775102,10.8125419561,-0.820225880627,0.76920630323,10.0132889973
7.445354,1.18122076732,1.20994775102,10.7761361049,-0.866370670294,0.76920630323,10.0132889973
7.44702,1.25193900079,1.31602510123,10.8125419561,-0.866370670294,0.723825427995,10.0132889973
7.448686,1.21657988406,1.31602510123,10.7761361049,-0.77408109096,0.814587178465,10.1040507478
7.450352,1.11050253385,1.20994775102,10.7033244027,-0.866370670294,0.723825427995,10.0132889973
7.452018,1.18122076732,1.28066598449,10.7761361049,-0.866370670294,0.723825427995,10.0132889973
7.453684,1.21657988406,1.31602510123,10.7761361049,-0.866370670294,0.76920630323,10.0132889973
7.45535,1.32265723427,1.3867433347,10.7761361049,-0.820225880627,0.76920630323,10.0586698725
7.457016,1.25193900079,1.28066598449,10.8125419561,-0.727936301293,0.814587178465,10.1040507478
7.458682,1.18122076732,1.24530686776,10.7033244027,-0.77408109096,0.814587178465,10.0586698725
7.460348,1.18122076732,1.28066598449,10.7397302538,-0.820225880627,0.76920630323,10.0586698725
7.462014,1.21657988406,1.31602510123,10.7397302538,-0.820225880627,0.723825427995,10.0132889973
7.46368,1.28729811753,1.35138421797,10.8125419561,-0.820225880627,0.76920630323,10.0132889973
7.465346,1.21657988406,1.28066598449,10.7761361049,-0.820225880627,0.723825427995,10.0132889973
7.467012,1.21657988406,1.24530686776,10.7397302538,-0.820225880627,0.723825427995,10.0132889973
7.468678,1.18122076732,1.24530686776,10.7397302538,-0.77408109096,0.814587178465,10.1040507478
7.470344,1.25193900079,1.28066598449,10.7761361049,-0.820225880627,0.76920630323,10.0586698725
7.47201,1.14586165058,1.24530686776,10.8489478072,-0.820225880627,0.76920630323,10.0586698725
7.473676,1.25193900079,1.28066598449,10.7761361049,-0.727936301293,0.814587178465,10.1040507478
7.475342,1.18122076732,1.20994775102,10.7033244027,-0.727936301293,0.859968053701,10.149431623
7.477008,1.21657988406,1.20994775102,10.7761361049,-0.727936301293,0.76920630323,10.1040507478
7.478674,1.25193900079,1.20994775102,10.7761361049,-0.727936301293,0.76920630323,10.1040507478
7.48034,1.18122076732,1.28066598449,10.8853536583,-0.77408109096,0.723825427995,10.0586698725
7.482006,1.25193900079,1.20994775102,10.7761361049,-0.820225880627,0.723825427995,10.0586698725
7.483672,1.21657988406,1.13922951755,10.7397302538,-0.820225880627,0.723825427995,10.0586698725
7.485338,1.21657988406,1.20994775102,10.7397302538,-0.727936301293,0.814587178465,10.149431623
7.487004,1.25193900079,1.20994775102,10.7761361049,-0.820225880627,0.723825427995,10.0132889973
7.48867,1.21657988406,1.28066598449,10.8489478072,-0.820225880627,0.723825427995,10.1040507478
7.490336,1.25193900079,1.20994775102,10.7761361049,-0.820225880627,0.723825427995,10.0586698725
7.492002,1.21657988406,1.13922951755,10.7761361049,-0.820225880627,0.723825427995,10.0586698725
7.493668,1.21657988406,1.17458863428,10.7761361049,-0.820225880627,0.678444552759,10.0586698725
7.495334,1.21657988406,1.13922951755,10.7761361049,-0.820225880627,0.633063677524,10.0586698725
7.497,1.18122076732,1.03315216734,10.7397302538,-0.77408109096,0.723825427995,10.1040507478
7.498666,1.21657988406,1.20994775102,10.8125419561,-0.77408109096,0.723825427995,10.149431623
7.500332,1.21657988406,1.06851128407,10.7761361049,-0.820225880627,0.678444552759,10.0586698725
7.501998,1.21657988406,1.10387040081,10.7761361049,-0.820225880627,0.723825427995,10.1040507478
7.503664,1.21657988406,1.20994775102,10.8853536583,-0.820225880627,0.723825427995,10.1040507478
7.50533,1.18122076732,1.13922951755,10.7397302538,-0.820225880627,0.723825427995,10.1040507478
7.506996,1.21657988406,1.20994775102,10.8125419561,-0.727936301293,0.76920630323,10.1948124982
7.508662,1.21657988406,1.20994775102,10.8489478072,-0.820225880627,0.723825427995,10.1040507478
7.510328,1.25193900079,1.20994775102,10.8489478072,-0.820225880627,0.723825427995,10.1040507478
7.511994,1.21657988406,1.24530686776,10.8853536583,-0.820225880627,0.723825427995,10.1040507478
7.51366,1.21657988406,1.20994775102,10.7761361049,-0.820225880627,0.76920630323,10.149431623
7.515326,1.21657988406,1.20994775102,10.8489478072,-0.727936301293,0.814587178465,10.1948124982
7.516992,1.25193900079,1.20994775102,10.8853536583,-0.820225880627,0.678444552759,10.1040507478
7.518658,1.28729811753,1.28066598449,10.9581653606,-0.820225880627,0.678444552759,10.149431623
7.520324,1.21657988406,1.17458863428,10.9217595095,-0.820225880627,0.723825427995,10.1040507478
7.52199,1.18122076732,1.10387040081,10.8489478072,-0.820225880627,0.678444552759,10.149431623
7.523656,1.18122076732,1.13922951755,10.8853536583,-0.77408109096,0.76920630323,10.2401933735
7.525322,1.21657988406,1.13922951755,10.8853536583,-0.866370670294,0.723825427995,10.149431623
7.526988,1.32265723427,1.35138421797,10.9922958461,-0.866370670294,0.723825427995,10.149431623
7.528654,1.21657988406,1.28066598449,10.9217595095,-0.820225880627,0.723825427995,10.149431623
7.53032,1.21657988406,1.10387040081,10.8853536583,-0.727936301293,0.76920630323,10.2401933735
7.531986,1.21657988406,1.20994775102,10.8853536583,-0.820225880627,0.76920630323,10.149431623
7.533652,1.21657988406,1.17458863428,10.9217595095,-0.866370670294,0.723825427995,10.149431623
7.535318,1.14586165058,1.17458863428,10.9922958461,-0.866370670294,0.723825427995,10.149431623
7.536984,1.21657988406,1.17458863428,10.9217595095,-0.866370670294,0.76920630323,10.1948124982
7.53865,1.18122076732,1.17458863428,10.8853536583,-0.866370670294,0.723825427995,10.149431623
7.540316,1.18122076732,1.17458863428,10.8853536583,-0.820225880627,0.723825427995,10.1948124982
7.541982,1.21657988406,1.24530686776,10.9217595095,-0.866370670294,0.723825427995,10.149431623
7.543648,1.18122076732,1.31602510123,11.0287016972,-0.727936301293,0.859968053701,10.2401933735
7.545314,1.21657988406,1.24530686776,10.9217595095,-0.866370670294,0.76920630323,10.1948124982
7.54698,1.18122076732,1.20994775102,10.8853536583,-0.866370670294,0.76920630323,10.149431623
7.548646,1.21657988406,1.20994775102,10.9217595095,-0.866370670294,0.723825427995,10.1948124982
7.550312,1.18122076732,1.28066598449,10.9217595095,-0.866370670294,0.76920630323,10.1948124982
7.551978,1.32265723427,1.28066598449,10.9217595095,-0.866370670294,0.723825427995,10.1948124982
7.553644,1.21657988406,1.31602510123,10.9217595095,-0.820225880627,0.76920630323,10.1948124982
7.55531,1.18122076732,1.28066598449,10.8853536583,-0.866370670294,0.76920630323,10.1948124982
7.556976,1.18122076732,1.28066598449,10.9217595095,-0.77408109096,0.814587178465,10.2855742487
7.558642,1.21657988406,1.28066598449,10.8853536583,-0.866370670294,0.76920630323,10.149431623
7.560308,1.11050253385,1.35138421797,11.0287016972,-0.866370670294,0.76920630323,10.1948124982
7.561974,1.18122076732,1.31602510123,10.9217595095,-0.866370670294,0.814587178465,10.149431623
7.56364,1.18122076732,1.31602510123,10.8853536583,-0.866370670294,0.814587178465,10.1948124982
7.565306,1.18122076732,1.31602510123,10.8853536583,-0.866370670294,0.814587178465,10.149431623
7.566972,1.18122076732,1.35138421797,10.9217595095,-0.77408109096,0.905348928936,10.2401933735
7.568638,1.07514341711,1.28066598449,10.9581653606,-0.912515459961,0.76920630323,10.149431623
7.570304,1.18122076732,1.35138421797,10.8853536583,-0.866370670294,0.814587178465,10.149431623
7.57197,1.18122076732,1.31602510123,10.9217595095,-0.866370670294,0.814587178465,10.149431623
7.573636,1.21657988406,1.35138421797,10.8853536583,-0.912515459961,0.76920630323,10.149431623
7.575302,1.18122076732,1.35138421797,10.9217595095,-0.866370670294,0.76920630323,10.149431623
7.576968,1.11050253385,1.31602510123,10.8125419561,-0.912515459961,0.814587178465,10.149431623
7.578634,1.18122076732,1.31602510123,10.8853536583,-0.866370670294,0.814587178465,10.149431623
7.5803,1.18122076732,1.35138421797,10.9217595095,-0.820225880627,0.905348928936,10.2401933735
7.581966,1.25193900079,1.3867433347,10.9217595095,-0.912515459961,0.814587178465,10.1040507478
7.583632,1.18122076732,1.31602510123,10.8853536583,-0.912515459961,0.814587178465,10.149431623
7.585298,1.14586165058,1.28066598449,10.8489478072,-0.866370670294,0.814587178465,10.149431623
7.586964,1.11050253385,1.35138421797,10.8853536583,-0.866370670294,0.814587178465,10.149431623
7.58863,1.18122076732,1.3867433347,10.9217595095,-0.912515459961,0.859968053701,10.149431623
7.590296,1.07514341711,1.31602510123,10.8489478072,-0.912515459961,0.859968053701,10.1040507478
7.591962,1.14586165058,1.35138421797,10.8853536583,-0.912515459961,0.814587178465,10.1040507478
7.593628,1.11050253385,1.3867433347,10.8853536583,-0.912515459961,0.859968053701,10.1040507478
7.595294,1.18122076732,1.3867433347,10.8853536583,-0.912515459961,0.814587178465,10.1040507478
7.59696,1.14586165058,1.3867433347,10.9217595095,-0.912515459961,0.76920630323,10.1040507478
7.598626,1.07514341711,1.35138421797,10.8125419561,-0.912515459961,0.814587178465,10.1040507478
7.600292,1.11050253385,1.3867433347,10.8853536583,-0.912515459961,0.859968053701,10.1040507478
7.601958,1.11050253385,1.3867433347,10.8853536583,-0.958660249627,0.859968053701,10.1040507478
7.603624,1.21657988406,1.3867433347,10.9217595095,-0.912515459961,0.859968053701,10.1040507478
7.60529,1.14586165058,1.28066598449,10.9217595095,-0.912515459961,0.859968053701,10.1040507478
7.606956,1.07514341711,1.35138421797,10.8125419561,-0.912515459961,0.814587178465,10.149431623
7.608622,1.11050253385,1.3867433347,10.8853536583,-0.866370670294,0.950729804172,10.149431623
7.610288,1.11050253385,1.3867433347,10.8853536583,-0.958660249627,0.859968053701,10.0586698725
7.611954,1.14586165058,1.35138421797,10.8853536583,-0.958660249627,0.814587178465,10.0586698725
7.61362,1.11050253385,1.35138421797,10.9217595095,-0.912515459961,0.859968053701,10.1040507478
7.615286,1.07514341711,1.31602510123,10.8853536583,-0.958660249627,0.859968053701,10.1040507478
7.616952,1.11050253385,1.35138421797,10.8853536583,-0.958660249627,0.76920630323,10.0586698725
7.618618,1.14586165058,1.3867433347,10.9217595095,-0.958660249627,0.859968053701,10.0586698725
7.620284,1.18122076732,1.45746156818,10.9581653606,-0.912515459961,0.859968053701,10.1040507478
7.62195,1.11050253385,1.3867433347,10.9217595095,-0.958660249627,0.859968053701,10.0586698725
7.623616,1.07514341711,1.31602510123,10.8489478072,-0.958660249627,0.814587178465,10.0586698725
7.625282,1.07514341711,1.35138421797,10.8853536583,-0.820225880627,0.950729804172,10.1948124982
7.626948,1.11050253385,1.3867433347,10.9217595095,-0.958660249627,0.814587178465,10.0586698725
7.628614,1.07514341711,1.31602510123,10.8853536583,-0.958660249627,0.859968053701,10.0586698725
7.63028,1.11050253385,1.35138421797,10.9217595095,-0.958660249627,0.859968053701,10.1040507478
7.631946,1.07514341711,1.35138421797,10.8853536583,-0.958660249627,0.814587178465,10.0586698725
7.633612,1.11050253385,1.3867433347,10.8853536583,-0.912515459961,0.814587178465,10.1040507478
7.635278,1.18122076732,1.3867433347,10.9581653606,-0.958660249627,0.76920630323,10.1040507478
7.636944,1.03978430037,1.28066598449,10.8853536583,-0.958660249627,0.814587178465,10.1040507478
7.63861,1.14586165058,1.3867433347,10.9217595095,-0.958660249627,0.814587178465,10.1040507478
7.640276,1.14586165058,1.35138421797,10.9217595095,-0.912515459961,0.814587178465,10.1040507478
7.641942,1.18122076732,1.35138421797,10.8853536583,-0.958660249627,0.814587178465,10.1040507478
7.643608,1.11050253385,1.35138421797,10.9217595095,-0.912515459961,0.814587178465,10.1040507478
7.645274,1.03978430037,1.31602510123,10.8489478072,-0.912515459961,0.814587178465,10.1040507478
7.64694,1.14586165058,1.35138421797,10.9217595095,-0.958660249627,0.814587178465,10.1040507478
7.648606,1.14586165058,1.31602510123,10.8853536583,-0.912515459961,0.814587178465,10.1040507478
7.650272,1.18122076732,1.35138421797,10.8853536583,-0.958660249627,0.76920630323,10.1040507478
7.651938,1.18122076732,1.31602510123,10.9217595095,-0.958660249627,0.76920630323,10.1040507478
7.653604,1.07514341711,1.28066598449,10.8489478072,-0.912515459961,0.76920630323,10.149431623
7.65527,1.14586165058,1.31602510123,10.9217595095,-0.912515459961,0.814587178465,10.149431623
7.656936,1.18122076732,1.31602510123,10.9217595095,-0.912515459961,0.814587178465,10.1948124982
7.658602,1.25193900079,1.42210245144,10.9217595095,-0.912515459961,0.76920630323,10.149431623
7.660268,1.18122076732,1.35138421797,10.9217595095,-0.912515459961,0.76920630323,10.149431623
7.661934,1.11050253385,1.31602510123,10.8853536583,-0.912515459961,0.76920630323,10.149431623
7.6636,1.14586165058,1.28066598449,10.8853536583,-0.866370670294,0.814587178465,10.1948124982
7.665266,1.21657988406,1.35138421797,10.9217595095,-0.866370670294,0.814587178465,10.1948124982
7.666932,1.07514341711,1.31602510123,11.0287016972,-0.912515459961,0.76920630323,10.149431623
7.668598,1.18122076732,1.31602510123,10.9217595095,-0.866370670294,0.76920630323,10.1948124982
7.670264,1.14586165058,1.31602510123,10.8853536583,-0.912515459961,0.76920630323,10.1948124982
7.67193,1.18122076732,1.24530686776,10.8853536583,-0.77408109096,0.859968053701,10.2855742487
7.673596,1.18122076732,1.31602510123,10.9217595095,-0.866370670294,0.76920630323,10.1948124982
7.675262,1.11050253385,1.20994775102,10.9922958461,-0.866370670294,0.76920630323,10.1948124982
7.676928,1.18122076732,1.24530686776,10.9217595095,-0.866370670294,0.723825427995,10.1948124982
7.678594,1.18122076732,1.28066598449,10.8853536583,-0.866370670294,0.76920630323,10.1948124982
7.68026,1.18122076732,1.24530686776,10.8853536583,-0.866370670294,0.723825427995,10.1948124982
7.681926,1.21657988406,1.31602510123,10.9217595095,-0.912515459961,0.723825427995,10.1948124982
7.683592,1.14586165058,1.20994775102,10.8125419561,-0.820225880627,0.814587178465,10.2855742487
7.685258,1.18122076732,1.28066598449,10.9217595095,-0.866370670294,0.723825427995,10.1948124982
7.686924,1.21657988406,1.24530686776,10.9217595095,-0.866370670294,0.76920630323,10.1948124982
7.68859,1.28729811753,1.28066598449,10.9217595095,-0.912515459961,0.723825427995,10.1948124982
7.690256,1.18122076732,1.24530686776,10.9217595095,-0.866370670294,0.723825427995,10.1948124982
7.691922,1.14586165058,1.20994775102,10.8489478072,-0.866370670294,0.76920630323,10.1948124982
7.693588,1.18122076732,1.28066598449,10.9217595095,-0.866370670294,0.723825427995,10.1948124982
7.695254,1.18122076732,1.24530686776,10.8853536583,-0.866370670294,0.76920630323,10.1948124982
7.69692,1.32265723427,1.31602510123,10.9217595095,-0.866370670294,0.76920630323,10.1948124982
7.698586,1.18122076732,1.28066598449,10.9217595095,-0.866370670294,0.723825427995,10.1948124982
7.700252,1.18122076732,1.20994775102,10.8853536583,-0.866370670294,0.76920630323,10.1948124982
7.701918,1.18122076732,1.28066598449,10.8853536583,-0.866370670294,0.723825427995,10.1948124982
7.703584,1.21657988406,1.20994775102,10.9217595095,-0.866370670294,0.723825427995,10.149431623
7.70525,1.18122076732,1.35138421797,10.9922958461,-0.866370670294,0.76920630323,10.1948124982
7.706916,1.18122076732,1.28066598449,10.8853536583,-0.866370670294,0.76920630323,10.149431623
7.708582,1.18122076732,1.20994775102,10.8853536583,-0.912515459961,0.76920630323,10.149431623
7.710248,1.18122076732,1.20994775102,10.8489478072,-0.820225880627,0.76920630323,10.1948124982
7.711914,1.21657988406,1.20994775102,10.8853536583,-0.77408109096,0.814587178465,10.2401933735
7.71358,1.11050253385,1.24530686776,10.9922958461,-0.866370670294,0.723825427995,10.1948124982
7.715246,1.18122076732,1.28066598449,10.8853536583,-0.866370670294,0.76920630323,10.149431623
7.716912,1.18122076732,1.20994775102,10.8489478072,-0.866370670294,0.76920630323,10.1948124982
7.718578,1.14586165058,1.20994775102,10.8853536583,-0.820225880627,0.814587178465,10.1948124982
7.720244,1.18122076732,1.20994775102,10.8853536583,-0.866370670294,0.723825427995,10.149431623
7.72191,1.21657988406,1.28066598449,10.9581653606,-0.866370670294,0.76920630323,10.149431623
7.723576,1.18122076732,1.17458863428,10.8853536583,-0.77408109096,0.814587178465,10.2401933735
7.725242,1.14586165058,1.13922951755,10.8125419561,-0.912515459961,0.723825427995,10.1040507478
7.726908,1.11050253385,1.28066598449,10.8125419561,-0.866370670294,0.76920630323,10.149431623
7.728574,1.18122076732,1.28066598449,10.8853536583,-0.912515459961,0.76920630323,10.149431623
7.73024,1.07514341711,1.24530686776,10.8853536583,-0.866370670294,0.76920630323,10.1040507478
7.731906,1.18122076732,1.31602510123,10.8853536583,-0.866370670294,0.76920630323,10.1040507478
7.733572,1.18122076732,1.24530686776,10.8489478072,-0.77408109096,0.859968053701,10.1948124982
7.735238,1.14586165058,1.24530686776,10.7761361049,-0.912515459961,0.76920630323,10.1040507478
7.736904,1.18122076732,1.20994775102,10.8489478072,-0.820225880627,0.859968053701,10.1948124982
7.73857,1.07514341711,1.20994775102,10.8853536583,-0.866370670294,0.76920630323,10.1040507478
7.740236,1.18122076732,1.31602510123,10.8489478072,-0.912515459961,0.76920630323,10.1040507478
7.741902,1.14586165058,1.20994775102,10.7761361049,-0.912515459961,0.76920630323,10.0586698725
7.743568,1.11050253385,1.28066598449,10.7761361049,-0.820225880627,0.859968053701,10.149431623
7.745234,1.18122076732,1.31602510123,10.8125419561,-0.866370670294,0.76920630323,10.1040507478
7.7469,1.07514341711,1.20994775102,10.7397302538,-0.912515459961,0.76920630323,10.0586698725
7.748566,1.14586165058,1.28066598449,10.8125419561,-0.912515459961,0.76920630323,10.0586698725
7.750232,1.14586165058,1.28066598449,10.8125419561,-0.912515459961,0.76920630323,10.0586698725
7.751898,1.14586165058,1.28066598449,10.8125419561,-0.912515459961,0.76920630323,10.0586698725
7.753564,1.18122076732,1.31602510123,10.8125419561,-0.912515459961,0.76920630323,10.0586698725
7.75523,1.07514341711,1.28066598449,10.7033244027,-0.912515459961,0.76920630323,10.0586698725
7.756896,1.14586165058,1.31602510123,10.8125419561,-0.912515459961,0.76920630323,10.0586698725
7.758562,1.11050253385,1.31602510123,10.8125419561,-0.912515459961,0.76920630323,10.0586698725
7.760228,1.18122076732,1.35138421797,10.7761361049,-0.912515459961,0.76920630323,10.0586698725
7.761894,1.18122076732,1.35138421797,10.8125419561,-0.912515459961,0.76920630323,10.0586698725
7.76356,1.07514341711,1.31602510123,10.7397302538,-0.912515459961,0.76920630323,10.0586698725
7.765226,1.14586165058,1.31602510123,10.8125419561,-0.912515459961,0.76920630323,10.0586698725
7.766892,1.14586165058,1.35138421797,10.8125419561,-0.912515459961,0.76920630323,10.0586698725
7.768558,1.21657988406,1.42210245144,10.8853536583,-0.912515459961,0.814587178465,10.0586698725
7.770224,1.14586165058,1.31602510123,10.8125419561,-0.912515459961,0.76920630323,10.0586698725
7.77189,1.11050253385,1.28066598449,10.7761361049,-0.912515459961,0.76920630323,10.0586698725
7.773556,1.11050253385,1.28066598449,10.7761361049,-0.820225880627,0.814587178465,10.1040507478
7.775222,1.14586165058,1.35138421797,10.8125419561,-0.912515459961,0.723825427995,10.0586698725
7.776888,1.03978430037,1.28066598449,10.8853536583,-0.912515459961,0.76920630323,10.0586698725
7.778554,1.11050253385,1.35138421797,10.8489478072,-0.912515459961,0.76920630323,10.0586698725
7.78022,1.11050253385,1.20994775102,10.7761361049,-0.912515459961,0.814587178465,10.0586698725
7.781886,1.14586165058,1.31602510123,10.8125419561,-0.912515459961,0.723825427995,10.0586698725
7.783552,1.18122076732,1.28066598449,10.8489478072,-0.912515459961,0.76920630323,10.0586698725
7.785218,1.07514341711,1.28066598449,10.7761361049,-0.912515459961,0.76920630323,10.1040507478
7.786884,1.11050253385,1.31602510123,10.8489478072,-0.912515459961,0.814587178465,10.0586698725
7.78855,1.11050253385,1.31602510123,10.8489478072,-0.866370670294,0.814587178465,10.1040507478
7.790216,1.21657988406,1.42210245144,10.8853536583,-0.820225880627,0.905348928936,10.149431623
7.791882,1.11050253385,1.35138421797,10.8853536583,-0.912515459961,0.76920630323,10.0586698725
7.793548,1.11050253385,1.31602510123,10.7761361049,-0.912515459961,0.76920630323,10.1040507478
7.795214,1.07514341711,1.31602510123,10.8489478072,-0.912515459961,0.76920630323,10.1040507478
7.79688,1.14586165058,1.31602510123,10.8853536583,-0.958660249627,0.814587178465,10.1040507478
7.798546,1.07514341711,1.35138421797,10.9581653606,-0.958660249627,0.76920630323,10.1040507478
7.800212,1.11050253385,1.31602510123,10.8489478072,-0.912515459961,0.76920630323,10.1040507478
7.801878,1.11050253385,1.24530686776,10.8125419561,-0.912515459961,0.76920630323,10.1040507478
7.803544,1.11050253385,1.31602510123,10.8853536583,-0.912515459961,0.76920630323,10.1040507478
7.80521,1.14586165058,1.35138421797,10.9217595095,-0.912515459961,0.814587178465,10.1040507478
7.806876,1.07514341711,1.28066598449,10.8489478072,-0.866370670294,0.814587178465,10.149431623
7.808542,1.11050253385,1.28066598449,10.8853536583,-0.958660249627,0.76920630323,10.1040507478
7.810208,1.14586165058,1.35138421797,10.9217595095,-0.958660249627,0.76920630323,10.1040507478
7.811874,1.07514341711,1.35138421797,11.0287016972,-0.866370670294,0.814587178465,10.1948124982
7.81354,1.14586165058,1.31602510123,10.9217595095,-0.958660249627,0.76920630323,10.149431623
7.815206,1.07514341711,1.24530686776,10.8853536583,-0.912515459961,0.76920630323,10.149431623
7.816872,1.11050253385,1.31602510123,10.9217595095,-0.958660249627,0.76920630323,10.1040507478
7.818538,1.11050253385,1.31602510123,10.9217595095,-0.866370670294,0.814587178465,10.1948124982
7.820204,1.03978430037,1.20994775102,10.8853536583,-0.958660249627,0.723825427995,10.149431623
7.82187,1.11050253385,1.31602510123,10.9217595095,-0.958660249627,0.76920630323,10.1040507478
7.823536,1.11050253385,1.31602510123,10.9581653606,-0.912515459961,0.76920630323,10.149431623
7.825202,1.18122076732,1.31602510123,10.9581653606,-0.958660249627,0.76920630323,10.149431623
7.826868,1.14586165058,1.31602510123,10.9922958461,-0.958660249627,0.76920630323,10.149431623
7.828534,1.11050253385,1.24530686776,10.8853536583,-0.958660249627,0.76920630323,10.1040507478
7.8302,1.14586165058,1.31602510123,10.9581653606,-0.866370670294,0.859968053701,10.1948124982
7.831866,1.11050253385,1.31602510123,10.9581653606,-0.958660249627,0.723825427995,10.149431623
7.833532,1.21657988406,1.35138421797,10.9922958461,-0.912515459961,0.76920630323,10.1948124982
7.835198,1.14586165058,1.31602510123,10.9922958461,-0.912515459961,0.76920630323,10.149431623
7.836864,1.11050253385,1.20994775102,10.9217595095,-0.958660249627,0.723825427995,10.149431623
7.83853,1.18122076732,1.28066598449,10.9581653606,-0.958660249627,0.76920630323,10.149431623
7.840196,1.14586165058,1.31602510123,10.9581653606,-0.912515459961,0.76920630323,10.149431623
7.841862,1.21657988406,1.3867433347,11.0287016972,-0.866370670294,0.814587178465,10.1948124982
7.843528,1.18122076732,1.31602510123,10.9922958461,-0.912515459961,0.76920630323,10.149431623
7.845194,1.11050253385,1.28066598449,10.9217595095,-0.912515459961,0.76920630323,10.149431623
7.84686,1.14586165058,1.24530686776,10.9581653606,-0.912515459961,0.76920630323,10.149431623
7.848526,1.18122076732,1.31602510123,10.9922958461,-0.912515459961,0.76920630323,10.149431623
7.850192,1.07514341711,1.20994775102,10.9922958461,-0.912515459961,0.723825427995,10.149431623
7.851858,1.18122076732,1.28066598449,10.9581653606,-0.820225880627,0.859968053701,10.2855742487
7.853524,1.14586165058,1.28066598449,10.9217595095,-0.912515459961,0.76920630323,10.149431623
7.85519,1.18122076732,1.28066598449,10.9217595095,-0.866370670294,0.76920630323,10.1948124982
7.856856,1.18122076732,1.24530686776,10.9217595095,-0.912515459961,0.76920630323,10.1948124982
7.858522,1.11050253385,1.20994775102,10.8489478072,-0.866370670294,0.814587178465,10.1948124982
7.860188,1.18122076732,1.20994775102,10.9217595095,-0.866370670294,0.723825427995,10.1948124982
7.861854,1.14586165058,1.20994775102,10.9217595095,-0.912515459961,0.723825427995,10.149431623
7.86352,1.25193900079,1.31602510123,10.9217595095,-0.866370670294,0.723825427995,10.149431623
7.865186,1.18122076732,1.31602510123,10.9217595095,-0.866370670294,0.723825427995,10.149431623
7.866852,1.14586165058,1.20994775102,10.8489478072,-0.820225880627,0.76920630323,10.1948124982
7.868518,1.18122076732,1.28066598449,10.8853536583,-0.820225880627,0.76920630323,10.1948124982
7.870184,1.21657988406,1.31602510123,10.8853536583,-0.866370670294,0.76920630323,10.149431623
7.87185,1.32265723427,1.35138421797,10.9217595095,-0.77408109096,0.859968053701,10.2401933735
7.873516,1.21657988406,1.31602510123,10.9217595095,-0.866370670294,0.76920630323,10.149431623
7.875182,1.18122076732,1.28066598449,10.8853536583,-0.866370670294,0.76920630323,10.1948124982
7.876848,1.18122076732,1.28066598449,10.8853536583,-0.866370670294,0.76920630323,10.149431623
7.878514,1.21657988406,1.31602510123,10.8853536583,-0.820225880627,0.76920630323,10.149431623
7.88018,1.21657988406,1.3867433347,10.9922958461,-0.727936301293,0.905348928936,10.2855742487
7.881846,1.21657988406,1.35138421797,10.8853536583,-0.820225880627,0.76920630323,10.149431623
7.883512,1.21657988406,1.31602510123,10.8125419561,-0.820225880627,0.76920630323,10.1948124982
7.885178,1.21657988406,1.28066598449,10.8489478072,-0.820225880627,0.814587178465,10.149431623
7.886844,1.25193900079,1.31602510123,10.8853536583,-0.820225880627,0.76920630323,10.149431623
7.88851,1.18122076732,1.24530686776,10.8125419561,-0.820225880627,0.814587178465,10.149431623
7.890176,1.21657988406,1.31602510123,10.8489478072,-0.820225880627,0.814587178465,10.149431623
7.891842,1.25193900079,1.28066598449,10.8489478072,-0.866370670294,0.76920630323,10.1040507478
7.893508,1.21657988406,1.28066598449,10.8125419561,-0.820225880627,0.814587178465,10.149431623
7.895174,1.21657988406,1.31602510123,10.8489478072,-0.820225880627,0.76920630323,10.1040507478
7.89684,1.18122076732,1.20994775102,10.7761361049,-0.820225880627,0.814587178465,10.1040507478
7.898506,1.25193900079,1.31602510123,10.8489478072,-0.820225880627,0.814587178465,10.1040507478
7.900172,1.21657988406,1.31602510123,10.8125419561,-0.820225880627,0.814587178465,10.1040507478
7.901838,1.25193900079,1.28066598449,10.7761361049,-0.820225880627,0.814587178465,10.1040507478
7.903504,1.25193900079,1.31602510123,10.8853536583,-0.77408109096,0.76920630323,10.1040507478
7.90517,1.18122076732,1.24530686776,10.7761361049,-0.820225880627,0.814587178465,10.1040507478
7.906836,1.21657988406,1.28066598449,10.8125419561,-0.820225880627,0.814587178465,10.149431623
7.908502,1.25193900079,1.31602510123,10.8125419561,-0.77408109096,0.814587178465,10.1040507478
7.910168,1.32265723427,1.3867433347,10.8489478072,-0.820225880627,0.814587178465,10.1040507478
7.911834,1.21657988406,1.28066598449,10.8489478072,-0.820225880627,0.814587178465,10.1040507478
7.9135,1.18122076732,1.31602510123,10.7761361049,-0.820225880627,0.859968053701,10.1040507478
7.915166,1.21657988406,1.28066598449,10.8125419561,-0.77408109096,0.859968053701,10.149431623
7.916832,1.21657988406,1.31602510123,10.8125419561,-0.820225880627,0.814587178465,10.1040507478
7.918498,1.35801635101,1.35138421797,10.8489478072,-0.77408109096,0.859968053701,10.1040507478
7.920164,1.28729811753,1.31602510123,10.8489478072,-0.820225880627,0.859968053701,10.1040507478
7.92183,1.21657988406,1.28066598449,10.7761361049,-0.77408109096,0.905348928936,10.149431623
7.923496,1.21657988406,1.31602510123,10.8125419561,-0.820225880627,0.814587178465,10.0586698725
7.925162,1.25193900079,1.31602510123,10.8125419561,-0.820225880627,0.859968053701,10.1040507478
7.926828,1.18122076732,1.35138421797,10.8853536583,-0.820225880627,0.859968053701,10.1040507478
7.928494,1.25193900079,1.35138421797,10.8489478072,-0.820225880627,0.814587178465,10.0586698725
7.93016,1.21657988406,1.28066598449,10.7761361049,-0.820225880627,0.859968053701,10.1040507478
7.931826,1.21657988406,1.28066598449,10.8125419561,-0.820225880627,0.814587178465,10.1040507478
7.933492,1.28729811753,1.31602510123,10.8853536583,-0.727936301293,0.905348928936,10.149431623
7.935158,1.18122076732,1.24530686776,10.7761361049,-0.820225880627,0.814587178465,10.1040507478
7.936824,1.21657988406,1.31602510123,10.8853536583,-0.820225880627,0.814587178465,10.1040507478
7.93849,1.21657988406,1.31602510123,10.8125419561,-0.820225880627,0.814587178465,10.1040507478
7.940156,1.28729811753,1.31602510123,10.8489478072,-0.727936301293,0.905348928936,10.149431623
7.941822,1.25193900079,1.31602510123,10.8853536583,-0.820225880627,0.814587178465,10.1040507478
7.943488,1.18122076732,1.31602510123,10.8125419561,-0.820225880627,0.859968053701,10.1040507478
7.945154,1.18122076732,1.24530686776,10.8489478072,-0.820225880627,0.814587178465,10.1040507478
7.94682,1.25193900079,1.31602510123,10.8489478072,-0.820225880627,0.814587178465,10.1040507478
7.948486,1.32265723427,1.35138421797,10.9217595095,-0.820225880627,0.814587178465,10.1040507478
7.950152,1.25193900079,1.31602510123,10.8853536583,-0.820225880627,0.814587178465,10.1040507478
7.951818,1.21657988406,1.28066598449,10.8125419561,-0.820225880627,0.814587178465,10.1040507478
7.953484,1.18122076732,1.20994775102,10.8489478072,-0.820225880627,0.814587178465,10.149431623
7.95515,1.21657988406,1.24530686776,10.8853536583,-0.820225880627,0.814587178465,10.149431623
7.956816,1.18122076732,1.31602510123,10.9922958461,-0.820225880627,0.814587178465,10.1040507478
7.958482,1.21657988406,1.35138421797,10.9217595095,-0.820225880627,0.814587178465,10.149431623
7.960148,1.21657988406,1.31602510123,10.8489478072,-0.820225880627,0.814587178465,10.149431623
7.961814,1.21657988406,1.24530686776,10.8853536583,-0.727936301293,0.950729804172,10.2401933735
7.96348,1.21657988406,1.35138421797,10.8853536583,-0.820225880627,0.814587178465,10.149431623
7.965146,1.18122076732,1.24530686776,10.8125419561,-0.820225880627,0.814587178465,10.149431623
7.966812,1.21657988406,1.31602510123,10.9217595095,-0.77408109096,0.905348928936,10.2401933735
7.968478,1.21657988406,1.31602510123,10.9217595095,-0.820225880627,0.814587178465,10.149431623
7.970144,1.25193900079,1.31602510123,10.8853536583,-0.866370670294,0.814587178465,10.149431623
7.97181,1.21657988406,1.35138421797,10.9217595095,-0.866370670294,0.76920630323,10.149431623
7.973476,1.18122076732,1.20994775102,10.8853536583,-0.820225880627,0.76920630323,10.149431623
7.975142,1.18122076732,1.28066598449,10.9217595095,-0.820225880627,0.814587178465,10.1948124982
7.976808,1.21657988406,1.31602510123,10.9217595095,-0.77408109096,0.905348928936,10.2855742487
7.978474,1.18122076732,1.3867433347,11.0287016972,-0.866370670294,0.814587178465,10.149431623
7.98014,1.21657988406,1.31602510123,10.9217595095,-0.820225880627,0.814587178465,10.1948124982
7.981806,1.21657988406,1.28066598449,10.9217595095,-0.820225880627,0.814587178465,10.1948124982
7.983472,1.18122076732,1.28066598449,10.8853536583,-0.820225880627,0.76920630323,10.1948124982
7.985138,1.21657988406,1.31602510123,10.9217595095,-0.820225880627,0.814587178465,10.1948124982
7.986804,1.18122076732,1.24530686776,10.9217595095,-0.77408109096,0.859968053701,10.2401933735
7.98847,1.21657988406,1.31602510123,10.9581653606,-0.866370670294,0.814587178465,10.1948124982
7.990136,1.21657988406,1.31602510123,10.9217595095,-0.866370670294,0.76920630323,10.1948124982
7.991802,1.25193900079,1.31602510123,10.9581653606,-0.866370670294,0.76920630323,10.1948124982
7.993468,1.21657988406,1.31602510123,10.9581653606,-0.866370670294,0.76920630323,10.1948124982
7.995134,1.14586165058,1.28066598449,10.8853536583,-0.820225880627,0.814587178465,10.2401933735
7.9968,1.18122076732,1.28066598449,10.9581653606,-0.866370670294,0.76920630323,10.1948124982
7.998466,1.18122076732,1.24530686776,10.9581653606,-0.866370670294,0.76920630323,10.1948124982
8.000132,1.28729811753,1.31602510123,10.9217595095,-0.820225880627,0.814587178465,10.2401933735
8.001798,1.18122076732,1.31602510123,10.9922958461,-0.866370670294,0.76920630323,10.1948124982
8.003464,1.18122076732,1.20994775102,10.8853536583,-0.866370670294,0.76920630323,10.1948124982
8.00513,1.18122076732,1.28066598449,10.9581653606,-0.866370670294,0.76920630323,10.1948124982
8.006796,1.18122076732,1.31602510123,10.9581653606,-0.866370670294,0.76920630323,10.1948124982
8.008462,1.28729811753,1.35138421797,10.9922958461,-0.866370670294,0.76920630323,10.149431623
8.010128,1.21657988406,1.35138421797,10.9922958461,-0.866370670294,0.76920630323,10.1948124982
8.011794,1.14586165058,1.24530686776,10.9217595095,-0.820225880627,0.76920630323,10.1948124982
8.01346,1.14586165058,1.24530686776,10.9581653606,-0.866370670294,0.76920630323,10.149431623
8.015126,1.21657988406,1.28066598449,10.9581653606,-0.866370670294,0.723825427995,10.149431623
8.016792,1.32265723427,1.35138421797,10.9922958461,-0.77408109096,0.905348928936,10.2855742487
8.018458,1.18122076732,1.31602510123,10.9922958461,-0.866370670294,0.814587178465,10.1948124982
8.020124,1.18122076732,1.28066598449,10.9217595095,-0.866370670294,0.76920630323,10.1948124982
8.02179,1.21657988406,1.31602510123,10.9217595095,-0.77408109096,0.905348928936,10.2401933735
8.023456,1.18122076732,1.35138421797,10.9922958461,-0.912515459961,0.76920630323,10.149431623
8.025122,1.18122076732,1.3867433347,11.0651075483,-0.866370670294,0.814587178465,10.149431623
8.026788,1.18122076732,1.31602510123,10.9581653606,-0.866370670294,0.76920630323,10.149431623
8.028454,1.18122076732,1.31602510123,10.9217595095,-0.820225880627,0.814587178465,10.149431623
8.03012,1.18122076732,1.28066598449,10.9217595095,-0.912515459961,0.814587178465,10.149431623
8.031786,1.18122076732,1.31602510123,10.9581653606,-0.866370670294,0.814587178465,10.149431623
8.033452,1.11050253385,1.20994775102,10.9217595095,-0.77408109096,0.905348928936,10.2401933735
8.035118,1.18122076732,1.28066598449,10.9217595095,-0.866370670294,0.723825427995,10.1040507478
8.036784,1.18122076732,1.28066598449,10.9217595095,-0.866370670294,0.814587178465,10.149431623
8.03845,1.18122076732,1.31602510123,10.8853536583,-0.866370670294,0.814587178465,10.149431623
8.040116,1.18122076732,1.35138421797,10.9217595095,-0.866370670294,0.76920630323,10.1040507478
8.041782,1.11050253385,1.28066598449,10.8125419561,-0.866370670294,0.76920630323,10.1040507478
8.043448,1.18122076732,1.31602510123,10.8853536583,-0.866370670294,0.76920630323,10.1040507478
8.045114,1.18122076732,1.35138421797,10.8853536583,-0.866370670294,0.76920630323,10.1040507478
8.04678,1.28729811753,1.3867433347,10.9217595095,-0.866370670294,0.814587178465,10.1040507478
8.048446,1.18122076732,1.35138421797,10.9217595095,-0.866370670294,0.76920630323,10.1040507478
8.050112,1.18122076732,1.24530686776,10.8489478072,-0.866370670294,0.76920630323,10.0586698725
8.051778,1.14586165058,1.28066598449,10.8853536583,-0.866370670294,0.814587178465,10.1040507478
8.053444,1.18122076732,1.31602510123,10.8853536583,-0.866370670294,0.76920630323,10.0586698725
8.05511,1.28729811753,1.42210245144,10.9581653606,-0.866370670294,0.76920630323,10.0586698725
8.056776,1.21657988406,1.31602510123,10.8853536583,-0.866370670294,0.814587178465,10.1040507478
8.058442,1.18122076732,1.28066598449,10.8125419561,-0.866370670294,0.76920630323,10.0586698725
8.060108,1.18122076732,1.28066598449,10.8489478072,-0.866370670294,0.723825427995,10.0586698725
8.061774,1.18122076732,1.31602510123,10.8125419561,-0.820225880627,0.76920630323,10.0586698725
8.06344,1.28729811753,1.3867433347,10.8489478072,-0.866370670294,0.76920630323,10.0586698725
8.065106,1.18122076732,1.35138421797,10.8853536583,-0.820225880627,0.76920630323,10.0586698725
8.066772,1.18122076732,1.28066598449,10.7761361049,-0.77408109096,0.859968053701,10.1040507478
8.068438,1.18122076732,1.31602510123,10.8125419561,-0.866370670294,0.76920630323,10.0586698725
8.070104,1.21657988406,1.31602510123,10.8853536583,-0.820225880627,0.814587178465,10.1040507478
8.07177,1.14586165058,1.20994775102,10.7033244027,-0.820225880627,0.76920630323,10.1040507478
8.073436,1.18122076732,1.31602510123,10.8125419561,-0.820225880627,0.723825427995,10.0586698725
8.075102,1.18122076732,1.28066598449,10.7761361049,-0.727936301293,0.905348928936,10.1948124982
8.076768,1.21657988406,1.28066598449,10.7761361049,-0.820225880627,0.76920630323,10.0586698725
8.078434,1.21657988406,1.31602510123,10.8125419561,-0.820225880627,0.814587178465,10.0586698725
8.0801,1.18122076732,1.20994775102,10.7397302538,-0.820225880627,0.76920630323,10.0586698725
8.081766,1.21657988406,1.28066598449,10.7761361049,-0.77408109096,0.859968053701,10.1040507478
8.083432,1.21657988406,1.28066598449,10.7761361049,-0.820225880627,0.76920630323,10.0586698725
8.085098,1.32265723427,1.35138421797,10.7761361049,-0.820225880627,0.814587178465,10.0586698725
8.086764,1.21657988406,1.28066598449,10.7761361049,-0.866370670294,0.76920630323,10.0586698725
8.08843,1.18122076732,1.24530686776,10.7033244027,-0.820225880627,0.76920630323,10.0586698725
8.090096,1.18122076732,1.24530686776,10.7397302538,-0.820225880627,0.76920630323,10.0586698725
8.091762,1.18122076732,1.28066598449,10.7397302538,-0.820225880627,0.76920630323,10.0586698725
8.093428,1.25193900079,1.28066598449,10.7397302538,-0.681791511626,0.905348928936,10.149431623
8.095094,1.21657988406,1.31602510123,10.8125419561,-0.820225880627,0.76920630323,10.0586698725
8.09676,1.18122076732,1.20994775102,10.7033244027,-0.820225880627,0.76920630323,10.0586698725
8.098426,1.21657988406,1.31602510123,10.7761361049,-0.820225880627,0.723825427995,10.0586698725
8.100092,1.25193900079,1.28066598449,10.8125419561,-0.820225880627,0.76920630323,10.0586698725
8.101758,1.35801635101,1.35138421797,10.8125419561,-0.727936301293,0.905348928936,10.149431623
8.103424,1.21657988406,1.28066598449,10.7761361049,-0.727936301293,0.859968053701,10.149431623
8.10509,1.18122076732,1.20994775102,10.7397302538,-0.77408109096,0.814587178465,10.1040507478
8.106756,1.25193900079,1.24530686776,10.7397302538,-0.77408109096,0.814587178465,10.1040507478
8.108422,1.28729811753,1.28066598449,10.7761361049,-0.77408109096,0.814587178465,10.1040507478
8.110088,1.32265723427,1.35138421797,10.8853536583,-0.77408109096,0.76920630323,10.0586698725
8.111754,1.21657988406,1.28066598449,10.8125419561,-0.77408109096,0.814587178465,10.1040507478
8.11342,1.18122076732,1.20994775102,10.7397302538,-0.866370670294,0.723825427995,10.0586698725
8.115086,1.21657988406,1.24530686776,10.8125419561,-0.820225880627,0.723825427995,10.1040507478
8.116752,1.21657988406,1.28066598449,10.7761361049,-0.820225880627,0.76920630323,10.1040507478
8.118418,1.25193900079,1.35138421797,10.9217595095,-0.820225880627,0.76920630323,10.0586698725
8.120084,1.25193900079,1.28066598449,10.8489478072,-0.820225880627,0.723825427995,10.1040507478
8.12175,1.18122076732,1.20994775102,10.7761361049,-0.820225880627,0.76920630323,10.1040507478
8.123416,1.18122076732,1.24530686776,10.8125419561,-0.727936301293,0.859968053701,10.1948124982
8.125082,1.21657988406,1.28066598449,10.8125419561,-0.727936301293,0.814587178465,10.1948124982
8.126748,1.18122076732,1.17458863428,10.8853536583,-0.77408109096,0.76920630323,10.149431623
8.128414,1.21657988406,1.24530686776,10.8853536583,-0.820225880627,0.76920630323,10.149431623
8.13008,1.21657988406,1.24530686776,10.8125419561,-0.77408109096,0.76920630323,10.1948124982
8.131746,1.21657988406,1.24530686776,10.8125419561,-0.727936301293,0.859968053701,10.1948124982
8.133412,1.21657988406,1.28066598449,10.8853536583,-0.77408109096,0.76920630323,10.1948124982
8.135078,1.18122076732,1.17458863428,10.7761361049,-0.820225880627,0.723825427995,10.1040507478
8.136744,1.21657988406,1.20994775102,10.8489478072,-0.820225880627,0.723825427995,10.149431623
8.13841,1.21657988406,1.24530686776,10.8853536583,-0.820225880627,0.76920630323,10.149431623
8.140076,1.32265723427,1.35138421797,10.9581653606,-0.820225880627,0.76920630323,10.1040507478
8.141742,1.25193900079,1.28066598449,10.8853536583,-0.77408109096,0.814587178465,10.149431623
8.143408,1.18122076732,1.24530686776,10.8489478072,-0.820225880627,0.76920630323,10.149431623
8.145074,1.18122076732,1.24530686776,10.8853536583,-0.820225880627,0.76920630323,10.149431623
8.14674,1.21657988406,1.28066598449,10.9217595095,-0.820225880627,0.76920630323,10.149431623
8.148406,1.14586165058,1.35138421797,11.0287016972,-0.820225880627,0.76920630323,10.149431623
8.150072,1.18122076732,1.24530686776,10.9217595095,-0.866370670294,0.723825427995,10.149431623
8.151738,1.18122076732,1.20994775102,10.8853536583,-0.866370670294,0.723825427995,10.149431623
8.153404,1.18122076732,1.20994775102,10.9217595095,-0.866370670294,0.76920630323,10.1948124982
8.15507,1.21657988406,1.28066598449,10.9217595095,-0.866370670294,0.723825427995,10.149431623
8.156736,1.11050253385,1.24530686776,11.0287016972,-0.866370670294,0.76920630323,10.149431623
8.158402,1.18122076732,1.28066598449,10.9581653606,-0.866370670294,0.76920630323,10.1948124982
8.160068,1.14586165058,1.20994775102,10.8853536583,-0.866370670294,0.76920630323,10.1948124982
8.161734,1.21657988406,1.24530686776,10.8853536583,-0.866370670294,0.76920630323,10.1948124982
8.1634,1.21657988406,1.31602510123,10.9217595095,-0.77408109096,0.859968053701,10.2401933735
8.165066,1.11050253385,1.20994775102,10.8853536583,-0.912515459961,0.76920630323,10.149431623
8.166732,1.18122076732,1.31602510123,10.9217595095,-0.866370670294,0.76920630323,10.149431623
8.168398,1.18122076732,1.31602510123,10.9217595095,-0.866370670294,0.76920630323,10.1948124982
8.170064,1.25193900079,1.3867433347,11.0287016972,-0.866370670294,0.76920630323,10.149431623
8.17173,1.18122076732,1.31602510123,10.9581653606,-0.866370670294,0.76920630323,10.1948124982
8.173396,1.18122076732,1.28066598449,10.8853536583,-0.866370670294,0.76920630323,10.1948124982
8.175062,1.14586165058,1.24530686776,10.8853536583,-0.866370670294,0.723825427995,10.149431623
8.176728,1.18122076732,1.31602510123,10.9922958461,-0.77408109096,0.905348928936,10.2855742487
8.178394,1.11050253385,1.28066598449,10.8853536583,-0.912515459961,0.76920630323,10.149431623
8.18006,1.18122076732,1.31602510123,10.9581653606,-0.866370670294,0.76920630323,10.1948124982
8.181726,1.18122076732,1.31602510123,10.9217595095,-0.77408109096,0.905348928936,10.2855742487
8.183392,1.14586165058,1.31602510123,10.8853536583,-0.912515459961,0.76920630323,10.149431623
8.185058,1.18122076732,1.35138421797,10.9581653606,-0.866370670294,0.76920630323,10.1948124982
8.186724,1.11050253385,1.28066598449,10.9922958461,-0.77408109096,0.905348928936,10.2855742487
8.18839,1.18122076732,1.31602510123,10.9217595095,-0.912515459961,0.76920630323,10.149431623
8.190056,1.18122076732,1.35138421797,10.9217595095,-0.912515459961,0.814587178465,10.149431623
8.191722,1.18122076732,1.35138421797,10.9217595095,-0.912515459961,0.814587178465,10.149431623
8.193388,1.18122076732,1.35138421797,10.9217595095,-0.912515459961,0.814587178465,10.149431623
8.195054,1.18122076732,1.45746156818,11.0287016972,-0.912515459961,0.814587178465,10.149431623
8.19672,1.18122076732,1.3867433347,10.9217595095,-0.912515459961,0.814587178465,10.149431623
8.198386,1.11050253385,1.35138421797,10.8853536583,-0.912515459961,0.814587178465,10.149431623
8.200052,1.11050253385,1.35138421797,10.9217595095,-0.912515459961,0.814587178465,10.149431623
8.201718,1.18122076732,1.3867433347,10.9217595095,-0.912515459961,0.814587178465,10.1948124982
8.203384,1.07514341711,1.31602510123,10.9217595095,-0.912515459961,0.814587178465,10.149431623
8.20505,1.14586165058,1.42210245144,10.9217595095,-0.912515459961,0.814587178465,10.149431623
8.206716,1.14586165058,1.35138421797,10.8853536583,-0.866370670294,0.905348928936,10.1948124982
8.208382,1.14586165058,1.35138421797,10.8853536583,-0.958660249627,0.814587178465,10.149431623
8.210048,1.18122076732,1.42210245144,10.9217595095,-0.912515459961,0.814587178465,10.149431623
8.211714,1.07514341711,1.31602510123,10.8489478072,-0.912515459961,0.859968053701,10.149431623
8.21338,1.14586165058,1.3867433347,10.9217595095,-0.912515459961,0.814587178465,10.149431623
8.215046,1.14586165058,1.42210245144,10.8853536583,-0.912515459961,0.859968053701,10.1948124982
8.216712,1.21657988406,1.3867433347,10.9217595095,-0.912515459961,0.859968053701,10.149431623
8.218378,1.14586165058,1.42210245144,10.9217595095,-0.958660249627,0.814587178465,10.1040507478
8.220044,1.07514341711,1.35138421797,10.8853536583,-0.958660249627,0.859968053701,10.1040507478
8.22171,1.14586165058,1.3867433347,10.8853536583,-0.912515459961,0.859968053701,10.149431623
8.223376,1.11050253385,1.3867433347,10.9217595095,-0.912515459961,0.905348928936,10.149431623
8.225042,1.21657988406,1.45746156818,10.9217595095,-0.912515459961,0.859968053701,10.1040507478
8.226708,1.11050253385,1.45746156818,10.9217595095,-0.912515459961,0.859968053701,10.1040507478
8.228374,1.11050253385,1.3867433347,10.8489478072,-0.820225880627,0.996110679407,10.1948124982
8.23004,1.11050253385,1.3867433347,10.9217595095,-0.958660249627,0.859968053701,10.149431623
8.231706,1.11050253385,1.42210245144,10.9217595095,-0.958660249627,0.814587178465,10.1040507478
8.233372,1.18122076732,1.49282068491,11.0287016972,-0.912515459961,0.814587178465,10.1040507478
8.235038,1.11050253385,1.45746156818,10.9217595095,-0.958660249627,0.859968053701,10.1040507478
8.236704,1.14586165058,1.42210245144,10.8853536583,-0.912515459961,0.905348928936,10.1040507478
8.23837,1.11050253385,1.3867433347,10.8853536583,-0.958660249627,0.859968053701,10.1040507478
8.240036,1.11050253385,1.42210245144,10.9217595095,-0.912515459961,0.905348928936,10.1040507478
8.241702,1.07514341711,1.45746156818,11.0287016972,-0.958660249627,0.859968053701,10.1040507478
8.243368,1.11050253385,1.45746156818,10.8853536583,-0.958660249627,0.859968053701,10.1040507478
8.245034,1.11050253385,1.3867433347,10.8853536583,-0.912515459961,0.905348928936,10.1040507478
8.2467,1.11050253385,1.3867433347,10.8853536583,-0.912515459961,0.905348928936,10.149431623
8.248366,1.11050253385,1.3867433347,10.8853536583,-0.958660249627,0.859968053701,10.1040507478
8.250032,1.11050253385,1.49282068491,11.0287016972,-0.912515459961,0.859968053701,10.1040507478
8.251698,1.11050253385,1.3867433347,10.9217595095,-0.912515459961,0.905348928936,10.1040507478
8.253364,1.11050253385,1.35138421797,10.8853536583,-0.866370670294,0.950729804172,10.149431623
8.25503,1.11050253385,1.3867433347,10.8853536583,-0.912515459961,0.905348928936,10.149431623
8.256696,1.14586165058,1.42210245144,10.9217595095,-0.958660249627,0.814587178465,10.1040507478
8.258362,1.07514341711,1.45746156818,10.9922958461,-0.958660249627,0.859968053701,10.1040507478
8.260028,1.11050253385,1.3867433347,10.8853536583,-0.912515459961,0.814587178465,10.1040507478
8.261694,1.11050253385,1.35138421797,10.8853536583,-0.820225880627,0.950729804172,10.1948124982
8.26336,1.14586165058,1.35138421797,10.8853536583,-0.912515459961,0.859968053701,10.149431623
8.265026,1.18122076732,1.35138421797,10.9217595095,-0.820225880627,0.950729804172,10.1948124982
8.266692,1.07514341711,1.31602510123,10.8489478072,-0.958660249627,0.859968053701,10.1040507478
8.268358,1.14586165058,1.35138421797,10.8853536583,-0.912515459961,0.859968053701,10.149431623
8.270024,1.18122076732,1.31602510123,10.8853536583,-0.866370670294,0.905348928936,10.1948124982
8.27169,1.14586165058,1.31602510123,10.8853536583,-0.912515459961,0.76920630323,10.1040507478
8.273356,1.18122076732,1.35138421797,10.8853536583,-0.912515459961,0.814587178465,10.149431623
8.275022,1.11050253385,1.24530686776,10.8125419561,-0.912515459961,0.814587178465,10.149431623
8.276688,1.11050253385,1.31602510123,10.8853536583,-0.866370670294,0.814587178465,10.1948124982
8.278354,1.18122076732,1.35138421797,10.8853536583,-0.912515459961,0.814587178465,10.149431623
8.28002,1.25193900079,1.3867433347,10.8853536583,-0.912515459961,0.814587178465,10.149431623
8.281686,1.18122076732,1.35138421797,10.9217595095,-0.866370670294,0.859968053701,10.1948124982
8.283352,1.11050253385,1.31602510123,10.8125419561,-0.866370670294,0.814587178465,10.1948124982
8.285018,1.14586165058,1.28066598449,10.8853536583,-0.912515459961,0.76920630323,10.149431623
8.286684,1.18122076732,1.31602510123,10.9217595095,-0.912515459961,0.76920630323,10.149431623
8.28835,1.11050253385,1.3867433347,10.9922958461,-0.912515459961,0.76920630323,10.149431623
8.290016,1.18122076732,1.31602510123,10.8853536583,-0.866370670294,0.76920630323,10.149431623
8.291682,1.11050253385,1.28066598449,10.8125419561,-0.866370670294,0.814587178465,10.1948124982
8.293348,1.18122076732,1.28066598449,10.8853536583,-0.912515459961,0.814587178465,10.1948124982
8.295014,1.18122076732,1.31602510123,10.8853536583,-0.866370670294,0.76920630323,10.149431623
8.29668,1.11050253385,1.24530686776,10.8853536583,-0.866370670294,0.76920630323,10.1948124982
8.298346,1.18122076732,1.28066598449,10.8853536583,-0.912515459961,0.76920630323,10.1948124982
8.300012,1.18122076732,1.28066598449,10.8853536583,-0.866370670294,0.76920630323,10.1948124982
8.301678,1.21657988406,1.28066598449,10.8853536583,-0.912515459961,0.76920630323,10.149431623
8.303344,1.18122076732,1.31602510123,10.9217595095,-0.912515459961,0.76920630323,10.1948124982
8.30501,1.11050253385,1.20994775102,10.8125419561,-0.912515459961,0.723825427995,10.1948124982
8.306676,1.18122076732,1.28066598449,10.8853536583,-0.866370670294,0.76920630323,10.1948124982
8.308342,1.18122076732,1.28066598449,10.8853536583,-0.866370670294,0.76920630323,10.1948124982
8.310008,1.32265723427,1.35138421797,10.9217595095,-0.866370670294,0.723825427995,10.149431623
8.311674,1.18122076732,1.24530686776,10.8853536583,-0.912515459961,0.723825427995,10.1948124982
8.31334,1.14586165058,1.20994775102,10.8489478072,-0.866370670294,0.723825427995,10.1948124982
8.315006,1.18122076732,1.20994775102,10.8853536583,-0.866370670294,0.678444552759,10.1948124982
8.316672,1.18122076732,1.28066598449,10.8853536583,-0.866370670294,0.723825427995,10.1948124982
8.318338,1.11050253385,1.20994775102,10.9922958461,-0.866370670294,0.678444552759,10.1948124982
8.320004,1.18122076732,1.28066598449,10.8853536583,-0.820225880627,0.76920630323,10.1948124982
8.32167,1.18122076732,1.24530686776,10.8853536583,-0.866370670294,0.723825427995,10.149431623
8.323336,1.18122076732,1.20994775102,10.8853536583,-0.912515459961,0.723825427995,10.149431623
8.325002,1.18122076732,1.24530686776,10.8853536583,-0.866370670294,0.723825427995,10.149431623
8.326668,1.07514341711,1.17458863428,10.8853536583,-0.866370670294,0.723825427995,10.149431623
8.328334,1.18122076732,1.24530686776,10.8853536583,-0.866370670294,0.76920630323,10.1948124982
8.33,1.18122076732,1.20994775102,10.8853536583,-0.820225880627,0.76920630323,10.1948124982
8.331666,1.18122076732,1.20994775102,10.8125419561,-0.866370670294,0.723825427995,10.149431623
8.333332,1.18122076732,1.20994775102,10.8853536583,-0.866370670294,0.723825427995,10.149431623
8.334998,1.11050253385,1.10387040081,10.7761361049,-0.866370670294,0.723825427995,10.149431623
8.336664,1.18122076732,1.20994775102,10.8853536583,-0.912515459961,0.723825427995,10.1040507478
8.33833,1.18122076732,1.20994775102,10.8489478072,-0.77408109096,0.814587178465,10.1948124982
8.339996,1.18122076732,1.20994775102,10.8489478072,-0.866370670294,0.723825427995,10.1040507478
8.341662,1.18122076732,1.20994775102,10.8853536583,-0.866370670294,0.723825427995,10.1040507478
8.343328,1.11050253385,1.17458863428,10.7761361049,-0.866370670294,0.76920630323,10.149431623
8.344994,1.11050253385,1.20994775102,10.8853536583,-0.866370670294,0.723825427995,10.1040507478
8.34666,1.18122076732,1.24530686776,10.8489478072,-0.912515459961,0.723825427995,10.1040507478
8.348326,1.21657988406,1.28066598449,10.8489478072,-0.866370670294,0.723825427995,10.1040507478
8.349992,1.18122076732,1.20994775102,10.8489478072,-0.820225880627,0.76920630323,10.149431623
8.351658,1.11050253385,1.20994775102,10.7761361049,-0.866370670294,0.723825427995,10.0586698725
8.353324,1.11050253385,1.20994775102,10.8125419561,-0.912515459961,0.678444552759,10.0586698725
8.35499,1.14586165058,1.28066598449,10.8489478072,-0.912515459961,0.723825427995,10.0586698725
8.356656,1.18122076732,1.35138421797,10.9217595095,-0.866370670294,0.723825427995,10.1040507478
8.358322,1.14586165058,1.20994775102,10.8489478072,-0.912515459961,0.678444552759,10.0586698725
8.359988,1.11050253385,1.20994775102,10.7761361049,-0.912515459961,0.723825427995,10.0586698725
8.361654,1.14586165058,1.20994775102,10.8125419561,-0.912515459961,0.76920630323,10.0586698725
8.36332,1.18122076732,1.28066598449,10.8125419561,-0.866370670294,0.76920630323,10.1040507478
8.364986,1.07514341711,1.35138421797,10.9217595095,-0.912515459961,0.723825427995,10.0586698725
8.366652,1.11050253385,1.28066598449,10.8489478072,-0.912515459961,0.76920630323,10.0586698725
8.368318,1.07514341711,1.20994775102,10.7397302538,-0.912515459961,0.723825427995,10.0586698725
8.369984,1.11050253385,1.24530686776,10.8125419561,-0.912515459961,0.76920630323,10.0586698725
8.37165,1.11050253385,1.28066598449,10.7761361049,-0.866370670294,0.76920630323,10.0586698725
8.373316,1.18122076732,1.28066598449,10.7761361049,-0.912515459961,0.723825427995,10.0586698725
8.374982,1.14586165058,1.20994775102,10.8125419561,-0.912515459961,0.723825427995,10.0132889973
8.376648,1.07514341711,1.20994775102,10.7397302538,-0.866370670294,0.814587178465,10.0586698725
8.378314,1.11050253385,1.28066598449,10.8125419561,-0.912515459961,0.76920630323,10.0586698725
8.37998,1.11050253385,1.28066598449,10.8125419561,-0.912515459961,0.723825427995,10.0586698725
8.381646,1.14586165058,1.31602510123,10.7761361049,-0.912515459961,0.76920630323,10.0132889973
8.383312,1.11050253385,1.31602510123,10.8125419561,-0.912515459961,0.723825427995,10.0586698725
8.384978,1.07514341711,1.24530686776,10.7397302538,-0.912515459961,0.723825427995,10.0132889973
8.386644,1.11050253385,1.31602510123,10.8125419561,-0.912515459961,0.76920630323,10.0586698725
8.38831,1.18122076732,1.31602510123,10.8125419561,-0.820225880627,0.905348928936,10.149431623
8.389976,1.21657988406,1.3867433347,10.8125419561,-0.912515459961,0.76920630323,10.0586698725
8.391642,1.14586165058,1.28066598449,10.8125419561,-0.912515459961,0.76920630323,10.0586698725
8.393308,1.11050253385,1.28066598449,10.7761361049,-0.912515459961,0.723825427995,10.0132889973
8.394974,1.11050253385,1.28066598449,10.7761361049,-0.912515459961,0.76920630323,10.0586698725
8.39664,1.14586165058,1.31602510123,10.8125419561,-0.912515459961,0.76920630323,10.0586698725
8.398306,1.07514341711,1.28066598449,10.8853536583,-0.912515459961,0.76920630323,10.0586698725
8.399972,1.11050253385,1.35138421797,10.8125419561,-0.820225880627,0.905348928936,10.149431623
8.401638,1.07514341711,1.31602510123,10.7761361049,-0.958660249627,0.76920630323,10.0586698725
8.403304,1.18122076732,1.31602510123,10.7761361049,-0.912515459961,0.76920630323,10.0586698725
8.40497,1.11050253385,1.31602510123,10.8125419561,-0.912515459961,0.76920630323,10.0586698725
8.406636,1.07514341711,1.28066598449,10.7397302538,-0.912515459961,0.76920630323,10.0586698725
8.408302,1.14586165058,1.35138421797,10.8489478072,-0.912515459961,0.814587178465,10.1040507478
8.409968,1.11050253385,1.31602510123,10.8125419561,-0.820225880627,0.859968053701,10.149431623
8.411634,1.21657988406,1.35138421797,10.8489478072,-0.912515459961,0.76920630323,10.0586698725
8.4133,1.11050253385,1.35138421797,10.8125419561,-0.912515459961,0.76920630323,10.0586698725
8.414966,1.07514341711,1.20994775102,10.7761361049,-0.866370670294,0.814587178465,10.1040507478
8.416632,1.11050253385,1.31602510123,10.8489478072,-0.912515459961,0.76920630323,10.0586698725
8.418298,1.11050253385,1.31602510123,10.8853536583,-0.912515459961,0.76920630323,10.1040507478
8.419964,1.21657988406,1.42210245144,10.8853536583,-0.912515459961,0.76920630323,10.1040507478
8.42163,1.14586165058,1.35138421797,10.8853536583,-0.820225880627,0.859968053701,10.149431623
8.423296,1.11050253385,1.31602510123,10.8489478072,-0.912515459961,0.76920630323,10.1040507478
8.424962,1.11050253385,1.31602510123,10.8853536583,-0.912515459961,0.76920630323,10.1040507478
8.426628,1.18122076732,1.35138421797,10.8853536583,-0.912515459961,0.814587178465,10.1040507478
8.428294,1.03978430037,1.28066598449,10.9217595095,-0.912515459961,0.76920630323,10.1040507478
8.42996,1.18122076732,1.35138421797,10.9217595095,-0.912515459961,0.76920630323,10.1040507478
8.431626,1.14586165058,1.35138421797,10.8853536583,-0.912515459961,0.814587178465,10.1040507478
8.433292,1.18122076732,1.35138421797,10.8853536583,-0.912515459961,0.76920630323,10.1040507478
8.434958,1.14586165058,1.35138421797,10.9217595095,-0.912515459961,0.76920630323,10.1040507478
8.436624,1.07514341711,1.31602510123,10.8853536583,-0.912515459961,0.76920630323,10.149431623
8.43829,1.11050253385,1.35138421797,10.9217595095,-0.866370670294,0.814587178465,10.149431623
8.439956,1.11050253385,1.31602510123,10.9217595095,-0.820225880627,0.905348928936,10.2401933735
8.441622,1.18122076732,1.28066598449,10.9217595095,-0.912515459961,0.76920630323,10.1040507478
8.443288,1.14586165058,1.35138421797,10.9922958461,-0.912515459961,0.76920630323,10.149431623
8.444954,1.11050253385,1.28066598449,10.8853536583,-0.912515459961,0.76920630323,10.149431623
8.44662,1.14586165058,1.31602510123,10.9217595095,-0.912515459961,0.814587178465,10.149431623
8.448286,1.14586165058,1.31602510123,10.9581653606,-0.912515459961,0.76920630323,10.149431623
8.449952,1.25193900079,1.45746156818,10.9922958461,-0.912515459961,0.814587178465,10.149431623
8.451618,1.18122076732,1.35138421797,10.9922958461,-0.912515459961,0.814587178465,10.149431623
8.453284,1.11050253385,1.31602510123,10.9217595095,-0.820225880627,0.950729804172,10.2401933735
8.45495,1.14586165058,1.31602510123,10.9217595095,-0.912515459961,0.76920630323,10.1948124982
8.456616,1.18122076732,1.35138421797,10.9922958461,-0.912515459961,0.814587178465,10.149431623
8.458282,1.11050253385,1.28066598449,10.8853536583,-0.866370670294,0.814587178465,10.1948124982
8.459948,1.14586165058,1.35138421797,10.9922958461,-0.866370670294,0.814587178465,10.1948124982
8.461614,1.18122076732,1.31602510123,10.9922958461,-0.866370670294,0.814587178465,10.1948124982
8.46328,1.18122076732,1.35138421797,10.9581653606,-0.912515459961,0.814587178465,10.1948124982
8.464946,1.21657988406,1.35138421797,11.0287016972,-0.912515459961,0.814587178465,10.1948124982
8.466612,1.14586165058,1.31602510123,10.9581653606,-0.912515459961,0.814587178465,10.1948124982
8.468278,1.14586165058,1.35138421797,10.9922958461,-0.820225880627,0.905348928936,10.2855742487
8.469944,1.21657988406,1.35138421797,11.0287016972,-0.866370670294,0.814587178465,10.1948124982
8.47161,1.11050253385,1.28066598449,10.8853536583,-0.866370670294,0.814587178465,10.1948124982
8.473276,1.18122076732,1.28066598449,10.9922958461,-0.866370670294,0.814587178465,10.1948124982
8.474942,1.18122076732,1.31602510123,10.9922958461,-0.820225880627,0.859968053701,10.2401933735
8.476608,1.25193900079,1.35138421797,10.9922958461,-0.820225880627,0.859968053701,10.2401933735
8.478274,1.21657988406,1.31602510123,10.9922958461,-0.866370670294,0.76920630323,10.1948124982
8.47994,1.18122076732,1.31602510123,10.9217595095,-0.912515459961,0.814587178465,10.1948124982
8.481606,1.18122076732,1.28066598449,10.9922958461,-0.866370670294,0.76920630323,10.1948124982
8.483272,1.18122076732,1.35138421797,10.9581653606,-0.820225880627,0.814587178465,10.2401933735
8.484938,1.32265723427,1.45746156818,11.0287016972,-0.820225880627,0.814587178465,10.2401933735
8.486604,1.21657988406,1.35138421797,10.9581653606,-0.820225880627,0.814587178465,10.1948124982
8.48827,1.18122076732,1.31602510123,10.9581653606,-0.866370670294,0.814587178465,10.1948124982
8.489936,1.18122076732,1.28066598449,10.9217595095,-0.820225880627,0.859968053701,10.2401933735
8.491602,1.21657988406,1.35138421797,10.9581653606,-0.77408109096,0.905348928936,10.2855742487
8.493268,1.14586165058,1.31602510123,11.0287016972,-0.866370670294,0.814587178465,10.1948124982
8.494934,1.21657988406,1.31602510123,10.9581653606,-0.820225880627,0.814587178465,10.1948124982
8.4966,1.21657988406,1.31602510123,10.8853536583,-0.820225880627,0.814587178465,10.1948124982
8.498266,1.21657988406,1.31602510123,10.8853536583,-0.820225880627,0.859968053701,10.1948124982
8.499932,1.25193900079,1.31602510123,10.9217595095,-0.820225880627,0.859968053701,10.2401933735
8.501598,1.18122076732,1.31602510123,10.8489478072,-0.820225880627,0.814587178465,10.1948124982
8.503264,1.21657988406,1.31602510123,10.8853536583,-0.820225880627,0.814587178465,10.1948124982
8.50493,1.21657988406,1.35138421797,10.9217595095,-0.820225880627,0.814587178465,10.149431623
8.506596,1.35801635101,1.42210245144,10.9217595095,-0.77408109096,0.859968053701,10.2401933735
8.508262,1.25193900079,1.31602510123,10.8853536583,-0.77408109096,0.905348928936,10.2401933735
8.509928,1.18122076732,1.31602510123,10.8125419561,-0.820225880627,0.814587178465,10.1948124982
8.511594,1.21657988406,1.31602510123,10.8853536583,-0.77408109096,0.859968053701,10.1948124982
8.51326,1.25193900079,1.31602510123,10.8853536583,-0.820225880627,0.814587178465,10.1948124982
8.514926,1.35801635101,1.35138421797,10.9217595095,-0.77408109096,0.814587178465,10.149431623
8.516592,1.25193900079,1.31602510123,10.8853536583,-0.820225880627,0.76920630323,10.1948124982
8.518258,1.25193900079,1.31602510123,10.8125419561,-0.681791511626,0.950729804172,10.2855742487
8.519924,1.21657988406,1.35138421797,10.8489478072,-0.820225880627,0.814587178465,10.149431623
8.52159,1.28729811753,1.31602510123,10.8853536583,-0.820225880627,0.814587178465,10.149431623
8.523256,1.21657988406,1.42210245144,10.9581653606,-0.820225880627,0.814587178465,10.149431623
8.524922,1.25193900079,1.35138421797,10.8853536583,-0.820225880627,0.814587178465,10.1040507478
8.526588,1.21657988406,1.31602510123,10.8125419561,-0.820225880627,0.814587178465,10.149431623
8.528254,1.21657988406,1.28066598449,10.8125419561,-0.77408109096,0.814587178465,10.149431623
8.52992,1.25193900079,1.35138421797,10.8853536583,-0.681791511626,0.905348928936,10.2401933735
8.531586,1.14586165058,1.3867433347,10.9217595095,-0.820225880627,0.814587178465,10.1040507478
8.533252,1.28729811753,1.31602510123,10.8489478072,-0.77408109096,0.814587178465,10.149431623
8.534918,1.21657988406,1.28066598449,10.8125419561,-0.77408109096,0.859968053701,10.149431623
8.536584,1.21657988406,1.31602510123,10.8125419561,-0.820225880627,0.814587178465,10.1040507478
8.53825,1.25193900079,1.31602510123,10.8489478072,-0.820225880627,0.814587178465,10.1040507478
8.539916,1.18122076732,1.28066598449,10.7397302538,-0.820225880627,0.814587178465,10.1040507478
8.541582,1.21657988406,1.31602510123,10.8125419561,-0.820225880627,0.814587178465,10.1040507478
8.543248,1.21657988406,1.31602510123,10.8125419561,-0.820225880627,0.814587178465,10.1040507478
8.544914,1.25193900079,1.31602510123,10.8125419561,-0.820225880627,0.859968053701,10.1040507478
8.54658,1.21657988406,1.31602510123,10.8125419561,-0.77408109096,0.814587178465,10.1040507478
8.548246,1.18122076732,1.28066598449,10.7397302538,-0.77408109096,0.814587178465,10.1040507478
8.549912,1.25193900079,1.31602510123,10.8489478072,-0.820225880627,0.814587178465,10.0586698725
8.551578,1.21657988406,1.31602510123,10.8125419561,-0.820225880627,0.814587178465,10.1040507478
8.553244,1.25193900079,1.28066598449,10.7761361049,-0.820225880627,0.814587178465,10.0586698725
8.55491,1.21657988406,1.31602510123,10.8489478072,-0.820225880627,0.76920630323,10.0586698725
8.556576,1.18122076732,1.24530686776,10.7761361049,-0.820225880627,0.814587178465,10.1040507478
8.558242,1.21657988406,1.31602510123,10.8125419561,-0.820225880627,0.814587178465,10.0586698725
8.559908,1.21657988406,1.31602510123,10.8125419561,-0.820225880627,0.814587178465,10.1040507478
8.561574,1.32265723427,1.35138421797,10.8125419561,-0.820225880627,0.859968053701,10.1040507478
8.56324,1.21657988406,1.31602510123,10.8489478072,-0.820225880627,0.814587178465,10.0586698725
8.564906,1.18122076732,1.28066598449,10.7761361049,-0.820225880627,0.76920630323,10.0586698725
8.566572,1.18122076732,1.28066598449,10.8125419561,-0.820225880627,0.76920630323,10.0586698725
8.568238,1.21657988406,1.31602510123,10.8489478072,-0.820225880627,0.76920630323,10.0586698725
8.569904,1.28729811753,1.3867433347,10.9217595095,-0.77408109096,0.814587178465,10.1040507478
8.57157,1.21657988406,1.31602510123,10.8489478072,-0.820225880627,0.814587178465,10.1040507478
8.573236,1.18122076732,1.24530686776,10.8125419561,-0.820225880627,0.76920630323,10.0586698725
8.574902,1.21657988406,1.20994775102,10.8125419561,-0.820225880627,0.76920630323,10.1040507478
8.576568,1.21657988406,1.28066598449,10.8489478072,-0.820225880627,0.76920630323,10.0586698725
8.578234,1.14586165058,1.20994775102,10.7761361049,-0.866370670294,0.76920630323,10.0586698725
8.5799,1.18122076732,1.28066598449,10.8853536583,-0.866370670294,0.76920630323,10.0586698725
8.581566,1.21657988406,1.31602510123,10.8125419561,-0.866370670294,0.76920630323,10.1040507478
8.583232,1.32265723427,1.35138421797,10.8489478072,-0.77408109096,0.814587178465,10.1948124982
8.584898,1.21657988406,1.28066598449,10.8853536583,-0.866370670294,0.76920630323,10.0586698725
8.586564,1.18122076732,1.20994775102,10.8125419561,-0.866370670294,0.76920630323,10.1040507478
8.58823,1.18122076732,1.28066598449,10.8489478072,-0.820225880627,0.76920630323,10.1040507478
8.589896,1.21657988406,1.28066598449,10.8853536583,-0.820225880627,0.76920630323,10.1040507478
8.591562,1.18122076732,1.35138421797,10.9581653606,-0.820225880627,0.76920630323,10.1040507478
8.593228,1.21657988406,1.31602510123,10.8853536583,-0.820225880627,0.76920630323,10.149431623
8.594894,1.18122076732,1.28066598449,10.8489478072,-0.77408109096,0.859968053701,10.1948124982
8.59656,1.18122076732,1.28066598449,10.8489478072,-0.866370670294,0.723825427995,10.1040507478
8.598226,1.25193900079,1.28066598449,10.8853536583,-0.866370670294,0.76920630323,10.1040507478
8.599892,1.14586165058,1.20994775102,10.7761361049,-0.866370670294,0.76920630323,10.149431623
8.601558,1.21657988406,1.28066598449,10.8853536583,-0.866370670294,0.723825427995,10.1040507478
8.603224,1.18122076732,1.28066598449,10.8853536583,-0.866370670294,0.76920630323,10.1040507478
8.60489,1.21657988406,1.28066598449,10.8489478072,-0.820225880627,0.76920630323,10.149431623
8.606556,1.18122076732,1.31602510123,10.9217595095,-0.866370670294,0.76920630323,10.149431623
8.608222,1.14586165058,1.24530686776,10.8853536583,-0.820225880627,0.76920630323,10.1040507478
8.609888,1.18122076732,1.28066598449,10.8853536583,-0.77408109096,0.814587178465,10.1948124982
8.611554,1.18122076732,1.28066598449,10.8853536583,-0.866370670294,0.723825427995,10.1040507478
8.61322,1.32265723427,1.31602510123,10.9217595095,-0.866370670294,0.723825427995,10.149431623
8.614886,1.21657988406,1.24530686776,10.8853536583,-0.866370670294,0.723825427995,10.149431623
8.616552,1.14586165058,1.28066598449,10.8853536583,-0.866370670294,0.723825427995,10.149431623
8.618218,1.18122076732,1.28066598449,10.8853536583,-0.866370670294,0.723825427995,10.1040507478
8.619884,1.18122076732,1.31602510123,10.9217595095,-0.866370670294,0.723825427995,10.149431623
8.62155,1.11050253385,1.24530686776,10.9922958461,-0.820225880627,0.76920630323,10.149431623
8.623216,1.18122076732,1.31602510123,10.9217595095,-0.77408109096,0.814587178465,10.2401933735
8.624882,1.14586165058,1.24530686776,10.8853536583,-0.866370670294,0.723825427995,10.149431623
8.626548,1.18122076732,1.31602510123,10.8853536583,-0.866370670294,0.723825427995,10.149431623
8.628214,1.21657988406,1.28066598449,10.9217595095,-0.77408109096,0.814587178465,10.2401933735
8.62988,1.11050253385,1.20994775102,10.9217595095,-0.866370670294,0.723825427995,10.149431623
8.631546,1.18122076732,1.28066598449,10.9217595095,-0.820225880627,0.814587178465,10.1948124982
8.633212,1.18122076732,1.20994775102,10.8853536583,-0.866370670294,0.678444552759,10.149431623
8.634878,1.18122076732,1.28066598449,10.8853536583,-0.866370670294,0.723825427995,10.149431623
8.636544,1.18122076732,1.24530686776,10.9217595095,-0.866370670294,0.723825427995,10.149431623
8.63821,1.11050253385,1.24530686776,10.8125419561,-0.77408109096,0.814587178465,10.2401933735
8.639876,1.18122076732,1.28066598449,10.9217595095,-0.866370670294,0.723825427995,10.1040507478
8.641542,1.18122076732,1.28066598449,10.9217595095,-0.866370670294,0.76920630323,10.149431623
8.643208,1.25193900079,1.28066598449,10.8853536583,-0.866370670294,0.76920630323,10.149431623
8.644874,1.18122076732,1.31602510123,10.9217595095,-0.866370670294,0.76920630323,10.149431623
8.64654,1.18122076732,1.24530686776,10.8489478072,-0.866370670294,0.76920630323,10.149431623
8.648206,1.14586165058,1.28066598449,10.9217595095,-0.820225880627,0.814587178465,10.149431623
8.649872,1.21657988406,1.28066598449,10.8853536583,-0.77408109096,0.859968053701,10.2401933735
8.651538,1.28729811753,1.35138421797,10.9581653606,-0.866370670294,0.76920630323,10.149431623
8.653204,1.18122076732,1.31602510123,10.9581653606,-0.866370670294,0.76920630323,10.1040507478
8.65487,1.14586165058,1.20994775102,10.8853536583,-0.866370670294,0.76920630323,10.149431623
8.656536,1.18122076732,1.28066598449,10.8853536583,-0.866370670294,0.76920630323,10.1040507478
8.658202,1.21657988406,1.31602510123,10.8853536583,-0.866370670294,0.814587178465,10.149431623
8.659868,1.11050253385,1.35138421797,11.0287016972,-0.77408109096,0.859968053701,10.1948124982
8.661534,1.18122076732,1.28066598449,10.8853536583,-0.77408109096,0.905348928936,10.1948124982
8.6632,1.18122076732,1.28066598449,10.8853536583,-0.866370670294,0.76920630323,10.1040507478
8.664866,1.18122076732,1.24530686776,10.8853536583,-0.866370670294,0.723825427995,10.1040507478
8.666532,1.21657988406,1.31602510123,10.9217595095,-0.866370670294,0.723825427995,10.1040507478
8.668198,1.11050253385,1.24530686776,10.7761361049,-0.866370670294,0.76920630323,10.1040507478
8.669864,1.18122076732,1.28066598449,10.8853536583,-0.866370670294,0.76920630323,10.1040507478
8.67153,1.21657988406,1.28066598449,10.8489478072,-0.866370670294,0.76920630323,10.1040507478
8.673196,1.25193900079,1.28066598449,10.8853536583,-0.866370670294,0.76920630323,10.1040507478
8.674862,1.21657988406,1.31602510123,10.9217595095,-0.866370670294,0.814587178465,10.1040507478
8.676528,1.14586165058,1.28066598449,10.8125419561,-0.77408109096,0.905348928936,10.1948124982
8.678194,1.18122076732,1.28066598449,10.8489478072,-0.866370670294,0.814587178465,10.1040507478
8.67986,1.21657988406,1.31602510123,10.8489478072,-0.866370670294,0.814587178465,10.1040507478
8.681526,1.18122076732,1.3867433347,10.9581653606,-0.866370670294,0.814587178465,10.1040507478
8.683192,1.18122076732,1.31602510123,10.8853536583,-0.866370670294,0.814587178465,10.1040507478
8.684858,1.18122076732,1.28066598449,10.8125419561,-0.866370670294,0.814587178465,10.1040507478
8.686524,1.18122076732,1.31602510123,10.8489478072,-0.866370670294,0.814587178465,10.0586698725
8.68819,1.21657988406,1.31602510123,10.8853536583,-0.820225880627,0.76920630323,10.1040507478
8.689856,1.14586165058,1.20994775102,10.9217595095,-0.820225880627,0.76920630323,10.1040507478
8.691522,1.21657988406,1.31602510123,10.8489478072,-0.866370670294,0.814587178465,10.1040507478
8.693188,1.21657988406,1.31602510123,10.8125419561,-0.820225880627,0.814587178465,10.1040507478
8.694854,1.21657988406,1.31602510123,10.8125419561,-0.866370670294,0.814587178465,10.0586698725
8.69652,1.21657988406,1.35138421797,10.8853536583,-0.866370670294,0.76920630323,10.0586698725
8.698186,1.18122076732,1.24530686776,10.7397302538,-0.727936301293,0.905348928936,10.1948124982
8.699852,1.18122076732,1.31602510123,10.8125419561,-0.77408109096,0.859968053701,10.1040507478
8.701518,1.21657988406,1.35138421797,10.8125419561,-0.820225880627,0.814587178465,10.1040507478
8.703184,1.28729811753,1.31602510123,10.8125419561,-0.820225880627,0.814587178465,10.1040507478
8.70485,1.21657988406,1.31602510123,10.8125419561,-0.77408109096,0.859968053701,10.1040507478
8.706516,1.18122076732,1.31602510123,10.7397302538,-0.727936301293,0.950729804172,10.1948124982
8.708182,1.21657988406,1.31602510123,10.8125419561,-0.820225880627,0.814587178465,10.1040507478
8.709848,1.25193900079,1.31602510123,10.8125419561,-0.820225880627,0.814587178465,10.0586698725
8.711514,1.18122076732,1.35138421797,10.9217595095,-0.77408109096,0.859968053701,10.1040507478
8.71318,1.21657988406,1.31602510123,10.8489478072,-0.820225880627,0.76920630323,10.1040507478
8.714846,1.21657988406,1.28066598449,10.7761361049,-0.820225880627,0.814587178465,10.1040507478
8.716512,1.25193900079,1.28066598449,10.7761361049,-0.727936301293,0.859968053701,10.1948124982
8.718178,1.25193900079,1.31602510123,10.8125419561,-0.820225880627,0.814587178465,10.1040507478
8.719844,1.18122076732,1.28066598449,10.7397302538,-0.820225880627,0.814587178465,10.1040507478
8.72151,1.21657988406,1.31602510123,10.8125419561,-0.77408109096,0.859968053701,10.149431623
8.723176,1.21657988406,1.31602510123,10.7761361049,-0.820225880627,0.814587178465,10.1040507478
8.724842,1.35801635101,1.3867433347,10.8489478072,-0.820225880627,0.814587178465,10.1040507478
8.726508,1.21657988406,1.31602510123,10.8125419561,-0.820225880627,0.814587178465,10.1040507478
8.728174,1.18122076732,1.28066598449,10.7761361049,-0.820225880627,0.814587178465,10.1040507478
8.72984,1.18122076732,1.28066598449,10.7761361049,-0.820225880627,0.814587178465,10.1040507478
8.731506,1.25193900079,1.31602510123,10.8489478072,-0.820225880627,0.814587178465,10.1040507478
8.733172,1.18122076732,1.20994775102,10.7761361049,-0.820225880627,0.814587178465,10.1040507478
8.734838,1.21657988406,1.31602510123,10.8489478072,-0.820225880627,0.814587178465,10.1040507478
8.736504,1.21657988406,1.28066598449,10.8489478072,-0.820225880627,0.814587178465,10.149431623
8.73817,1.28729811753,1.31602510123,10.8125419561,-0.866370670294,0.76920630323,10.1040507478
8.739836,1.25193900079,1.31602510123,10.8853536583,-0.820225880627,0.814587178465,10.1040507478
8.741502,1.18122076732,1.28066598449,10.7761361049,-0.820225880627,0.814587178465,10.149431623
8.743168,1.18122076732,1.24530686776,10.8489478072,-0.820225880627,0.76920630323,10.149431623
8.744834,1.21657988406,1.28066598449,10.8489478072,-0.820225880627,0.814587178465,10.149431623
8.7465,1.28729811753,1.35138421797,10.9217595095,-0.820225880627,0.76920630323,10.149431623
8.748166,1.21657988406,1.35138421797,10.8853536583,-0.866370670294,0.76920630323,10.149431623
8.749832,1.18122076732,1.24530686776,10.8489478072,-0.866370670294,0.76920630323,10.1040507478
8.751498,1.18122076732,1.31602510123,10.8853536583,-0.77408109096,0.905348928936,10.2401933735
8.753164,1.21657988406,1.31602510123,10.9217595095,-0.77408109096,0.859968053701,10.1948124982
8.75483,1.11050253385,1.20994775102,10.9217595095,-0.820225880627,0.814587178465,10.1948124982
8.756496,1.21657988406,1.31602510123,10.9217595095,-0.820225880627,0.814587178465,10.149431623
8.758162,1.21657988406,1.28066598449,10.8853536583,-0.820225880627,0.814587178465,10.149431623
8.759828,1.28729811753,1.31602510123,10.8853536583,-0.866370670294,0.76920630323,10.149431623
8.761494,1.21657988406,1.31602510123,10.9217595095,-0.866370670294,0.76920630323,10.149431623
8.76316,1.14586165058,1.24530686776,10.8125419561,-0.866370670294,0.76920630323,10.149431623
8.764826,1.18122076732,1.28066598449,10.8853536583,-0.866370670294,0.76920630323,10.149431623
8.766492,1.18122076732,1.31602510123,10.9217595095,-0.866370670294,0.76920630323,10.149431623
8.768158,1.28729811753,1.3867433347,10.9922958461,-0.866370670294,0.76920630323,10.149431623
8.769824,1.18122076732,1.31602510123,10.9581653606,-0.866370670294,0.76920630323,10.149431623
8.77149,1.14586165058,1.28066598449,10.8489478072,-0.866370670294,0.76920630323,10.149431623
8.773156,1.18122076732,1.20994775102,10.9217595095,-0.866370670294,0.814587178465,10.1948124982
8.774822,1.18122076732,1.28066598449,10.9217595095,-0.912515459961,0.723825427995,10.149431623
8.776488,1.18122076732,1.42210245144,11.0287016972,-0.866370670294,0.76920630323,10.149431623
8.778154,1.18122076732,1.28066598449,10.9581653606,-0.866370670294,0.814587178465,10.1948124982
8.77982,1.18122076732,1.24530686776,10.8853536583,-0.912515459961,0.76920630323,10.149431623
8.781486,1.14586165058,1.24530686776,10.8853536583,-0.866370670294,0.76920630323,10.149431623
8.783152,1.18122076732,1.28066598449,10.9581653606,-0.866370670294,0.76920630323,10.149431623
8.784818,1.11050253385,1.20994775102,10.8853536583,-0.912515459961,0.76920630323,10.149431623
8.786484,1.18122076732,1.28066598449,10.9581653606,-0.820225880627,0.859968053701,10.2855742487
8.78815,1.18122076732,1.28066598449,10.9217595095,-0.912515459961,0.76920630323,10.149431623
8.789816,1.21657988406,1.31602510123,10.9581653606,-0.912515459961,0.76920630323,10.1948124982
8.791482,1.18122076732,1.31602510123,10.9217595095,-0.866370670294,0.76920630323,10.1948124982
8.793148,1.14586165058,1.28066598449,10.8853536583,-0.820225880627,0.859968053701,10.2855742487
8.794814,1.14586165058,1.28066598449,10.8853536583,-0.820225880627,0.859968053701,10.2401933735
8.79648,1.14586165058,1.28066598449,10.9217595095,-0.820225880627,0.859968053701,10.2401933735
8.798146,1.07514341711,1.20994775102,10.9922958461,-0.866370670294,0.76920630323,10.149431623
8.799812,1.11050253385,1.31602510123,10.9217595095,-0.912515459961,0.76920630323,10.1948124982
8.801478,1.14586165058,1.28066598449,10.8853536583,-0.912515459961,0.76920630323,10.149431623
8.803144,1.14586165058,1.31602510123,10.9217595095,-0.912515459961,0.76920630323,10.149431623
8.80481,1.14586165058,1.35138421797,10.9922958461,-0.912515459961,0.76920630323,10.149431623
8.806476,1.07514341711,1.24530686776,10.8853536583,-0.912515459961,0.76920630323,10.149431623
8.808142,1.11050253385,1.31602510123,10.9217595095,-0.912515459961,0.76920630323,10.149431623
8.809808,1.18122076732,1.31602510123,10.9217595095,-0.912515459961,0.76920630323,10.1948124982
8.811474,1.25193900079,1.3867433347,10.9217595095,-0.912515459961,0.76920630323,10.149431623
8.81314,1.18122076732,1.31602510123,10.9581653606,-0.912515459961,0.76920630323,10.149431623
8.814806,1.07514341711,1.28066598449,10.8489478072,-0.912515459961,0.76920630323,10.149431623
8.816472,1.11050253385,1.31602510123,10.9217595095,-0.912515459961,0.76920630323,10.149431623
8.818138,1.14586165058,1.31602510123,10.9217595095,-0.912515459961,0.76920630323,10.149431623
8.819804,1.25193900079,1.35138421797,10.9217595095,-0.912515459961,0.814587178465,10.149431623
8.82147,1.14586165058,1.35138421797,10.9217595095,-0.912515459961,0.76920630323,10.149431623
8.823136,1.07514341711,1.31602510123,10.8489478072,-0.912515459961,0.814587178465,10.149431623
8.824802,1.11050253385,1.35138421797,10.8853536583,-0.958660249627,0.76920630323,10.1040507478
8.826468,1.11050253385,1.35138421797,10.8853536583,-0.912515459961,0.814587178465,10.149431623
8.828134,1.18122076732,1.45746156818,10.9922958461,-0.912515459961,0.814587178465,10.149431623
8.8298,1.11050253385,1.35138421797,10.9217595095,-0.912515459961,0.76920630323,10.1040507478
8.831466,1.07514341711,1.35138421797,10.8853536583,-0.912515459961,0.76920630323,10.1040507478
8.833132,1.11050253385,1.31602510123,10.8853536583,-0.958660249627,0.76920630323,10.1040507478
8.834798,1.14586165058,1.31602510123,10.8853536583,-0.912515459961,0.76920630323,10.1040507478
8.836464,1.03978430037,1.28066598449,10.9922958461,-0.866370670294,0.814587178465,10.149431623
8.83813,1.14586165058,1.35138421797,10.9217595095,-0.866370670294,0.814587178465,10.149431623
8.839796,1.11050253385,1.35138421797,10.8489478072,-0.866370670294,0.859968053701,10.149431623
8.841462,1.11050253385,1.31602510123,10.8489478072,-0.912515459961,0.814587178465,10.1040507478
8.843128,1.11050253385,1.35138421797,10.8853536583,-0.912515459961,0.814587178465,10.1040507478
8.844794,1.03978430037,1.31602510123,10.9922958461,-0.958660249627,0.814587178465,10.1040507478
8.84646,1.11050253385,1.35138421797,10.8853536583,-0.912515459961,0.814587178465,10.1040507478
8.848126,1.11050253385,1.35138421797,10.8489478072,-0.958660249627,0.814587178465,10.1040507478
8.849792,1.18122076732,1.35138421797,10.8489478072,-0.912515459961,0.814587178465,10.1040507478
8.851458,1.14586165058,1.3867433347,10.8853536583,-0.912515459961,0.814587178465,10.1040507478
8.853124,1.07514341711,1.31602510123,10.8125419561,-0.958660249627,0.814587178465,10.1040507478
8.85479,1.07514341711,1.35138421797,10.8489478072,-0.958660249627,0.859968053701,10.1040507478
8.856456,1.11050253385,1.3867433347,10.8853536583,-0.958660249627,0.814587178465,10.1040507478
8.858122,1.18122076732,1.45746156818,10.9581653606,-0.958660249627,0.76920630323,10.0586698725
8.859788,1.11050253385,1.35138421797,10.9217595095,-0.866370670294,0.905348928936,10.149431623
8.861454,1.11050253385,1.31602510123,10.8125419561,-0.958660249627,0.76920630323,10.0586698725
8.86312,1.11050253385,1.31602510123,10.8489478072,-0.912515459961,0.814587178465,10.1040507478
8.864786,1.11050253385,1.31602510123,10.8853536583,-0.958660249627,0.814587178465,10.0586698725
8.866452,1.07514341711,1.45746156818,10.9922958461,-0.912515459961,0.859968053701,10.1040507478
8.868118,1.11050253385,1.3867433347,10.8853536583,-0.958660249627,0.814587178465,10.0586698725
8.869784,1.11050253385,1.31602510123,10.8125419561,-0.912515459961,0.814587178465,10.0586698725
8.87145,1.07514341711,1.31602510123,10.8489478072,-0.912515459961,0.76920630323,10.0586698725
8.873116,1.11050253385,1.35138421797,10.8853536583,-0.958660249627,0.76920630323,10.0586698725
8.874782,1.07514341711,1.35138421797,10.9922958461,-0.912515459961,0.76920630323,10.0586698725
8.876448,1.14586165058,1.35138421797,10.8489478072,-0.820225880627,0.905348928936,10.149431623
8.878114,1.11050253385,1.28066598449,10.8489478072,-0.958660249627,0.76920630323,10.0586698725
8.87978,1.07514341711,1.28066598449,10.8125419561,-0.912515459961,0.76920630323,10.0586698725
8.881446,1.14586165058,1.31602510123,10.8489478072,-0.912515459961,0.76920630323,10.1040507478
8.883112,1.07514341711,1.31602510123,10.9922958461,-0.912515459961,0.76920630323,10.1040507478
8.884778,1.14586165058,1.31602510123,10.8853536583,-0.820225880627,0.905348928936,10.1948124982
8.886444,1.11050253385,1.28066598449,10.8853536583,-0.912515459961,0.76920630323,10.1040507478
8.88811,1.14586165058,1.24530686776,10.8489478072,-0.912515459961,0.76920630323,10.1040507478
8.889776,1.14586165058,1.28066598449,10.8853536583,-0.866370670294,0.76920630323,10.1040507478
8.891442,1.07514341711,1.24530686776,10.8125419561,-0.912515459961,0.76920630323,10.1040507478
8.893108,1.18122076732,1.31602510123,10.8853536583,-0.912515459961,0.76920630323,10.1040507478
8.894774,1.18122076732,1.28066598449,10.8125419561,-0.912515459961,0.76920630323,10.1040507478
8.89644,1.18122076732,1.28066598449,10.8853536583,-0.958660249627,0.76920630323,10.1040507478
8.898106,1.18122076732,1.31602510123,10.8853536583,-0.912515459961,0.76920630323,10.1040507478
8.899772,1.11050253385,1.20994775102,10.8125419561,-0.912515459961,0.76920630323,10.1040507478
8.901438,1.18122076732,1.31602510123,10.9217595095,-0.912515459961,0.814587178465,10.149431623
8.903104,1.18122076732,1.31602510123,10.8853536583,-0.866370670294,0.814587178465,10.149431623
8.90477,1.25193900079,1.35138421797,10.8853536583,-0.912515459961,0.76920630323,10.1040507478
8.906436,1.18122076732,1.31602510123,10.9217595095,-0.866370670294,0.814587178465,10.149431623
8.908102,1.11050253385,1.24530686776,10.8125419561,-0.866370670294,0.814587178465,10.149431623
8.909768,1.14586165058,1.24530686776,10.8489478072,-0.912515459961,0.76920630323,10.1040507478
8.911434,1.18122076732,1.31602510123,10.8853536583,-0.866370670294,0.76920630323,10.149431623
8.9131,1.07514341711,1.35138421797,10.9922958461,-0.820225880627,0.859968053701,10.1948124982
8.914766,1.18122076732,1.31602510123,10.8853536583,-0.912515459961,0.76920630323,10.149431623
8.916432,1.18122076732,1.28066598449,10.8853536583,-0.866370670294,0.76920630323,10.149431623
8.918098,1.18122076732,1.20994775102,10.8489478072,-0.866370670294,0.76920630323,10.149431623
8.919764,1.18122076732,1.28066598449,10.9217595095,-0.866370670294,0.814587178465,10.1948124982
8.92143,1.11050253385,1.20994775102,10.8853536583,-0.912515459961,0.723825427995,10.149431623
8.923096,1.18122076732,1.28066598449,10.8853536583,-0.912515459961,0.76920630323,10.149431623
8.924762,1.18122076732,1.28066598449,10.8489478072,-0.912515459961,0.76920630323,10.149431623
8.926428,1.21657988406,1.20994775102,10.8489478072,-0.912515459961,0.723825427995,10.149431623
8.928094,1.18122076732,1.28066598449,10.8853536583,-0.866370670294,0.76920630323,10.149431623
8.92976,1.11050253385,1.20994775102,10.8125419561,-0.866370670294,0.723825427995,10.149431623
8.931426,1.18122076732,1.20994775102,10.8853536583,-0.866370670294,0.723825427995,10.149431623
8.933092,1.18122076732,1.20994775102,10.8853536583,-0.866370670294,0.723825427995,10.1948124982
8.934758,1.21657988406,1.20994775102,10.8489478072,-0.820225880627,0.76920630323,10.1948124982
8.936424,1.18122076732,1.28066598449,10.8853536583,-0.77408109096,0.814587178465,10.2401933735
8.93809,1.11050253385,1.17458863428,10.8125419561,-0.912515459961,0.723825427995,10.149431623
8.939756,1.18122076732,1.20994775102,10.8853536583,-0.866370670294,0.723825427995,10.149431623
8.941422,1.18122076732,1.24530686776,10.8853536583,-0.866370670294,0.723825427995,10.1948124982
8.943088,1.28729811753,1.28066598449,10.9217595095,-0.866370670294,0.723825427995,10.149431623
8.944754,1.18122076732,1.28066598449,10.8853536583,-0.866370670294,0.723825427995,10.149431623
8.94642,1.18122076732,1.20994775102,10.8853536583,-0.77408109096,0.814587178465,10.2401933735
8.948086,1.18122076732,1.20994775102,10.8489478072,-0.912515459961,0.678444552759,10.149431623
8.949752,1.18122076732,1.24530686776,10.8853536583,-0.866370670294,0.723825427995,10.149431623
8.951418,1.07514341711,1.28066598449,10.9922958461,-0.866370670294,0.76920630323,10.149431623
8.953084,1.14586165058,1.24530686776,10.8853536583,-0.912515459961,0.723825427995,10.149431623
8.95475,1.11050253385,1.20994775102,10.8489478072,-0.912515459961,0.723825427995,10.149431623
8.956416,1.14586165058,1.20994775102,10.8489478072,-0.820225880627,0.814587178465,10.1948124982
8.958082,1.18122076732,1.28066598449,10.8853536583,-0.912515459961,0.723825427995,10.149431623
8.959748,1.11050253385,1.28066598449,10.9922958461,-0.866370670294,0.723825427995,10.149431623
8.961414,1.18122076732,1.20994775102,10.8853536583,-0.820225880627,0.76920630323,10.2401933735
8.96308,1.14586165058,1.24530686776,10.8125419561,-0.912515459961,0.723825427995,10.1040507478
8.964746,1.11050253385,1.24530686776,10.8489478072,-0.912515459961,0.723825427995,10.1040507478
8.966412,1.18122076732,1.20994775102,10.8853536583,-0.912515459961,0.723825427995,10.1040507478
8.968078,1.07514341711,1.17458863428,10.7761361049,-0.958660249627,0.678444552759,10.1040507478
8.969744,1.18122076732,1.20994775102,10.8853536583,-0.912515459961,0.723825427995,10.1040507478
8.97141,1.14586165058,1.24530686776,10.8125419561,-0.866370670294,0.76920630323,10.149431623
8.973076,1.18122076732,1.20994775102,10.8489478072,-0.912515459961,0.678444552759,10.1040507478
8.974742,1.18122076732,1.20994775102,10.8853536583,-0.912515459961,0.678444552759,10.1040507478
8.976408,1.11050253385,1.17458863428,10.7761361049,-0.820225880627,0.76920630323,10.149431623
8.978074,1.11050253385,1.20994775102,10.8489478072,-0.866370670294,0.723825427995,10.1040507478
8.97974,1.14586165058,1.28066598449,10.8853536583,-0.912515459961,0.678444552759,10.0586698725
8.981406,1.21657988406,1.24530686776,10.8489478072,-0.912515459961,0.678444552759,10.0586698725
8.983072,1.14586165058,1.24530686776,10.8489478072,-0.912515459961,0.678444552759,10.0586698725
8.984738,1.11050253385,1.20994775102,10.7761361049,-0.912515459961,0.723825427995,10.1040507478
8.986404,1.11050253385,1.24530686776,10.8489478072,-0.912515459961,0.723825427995,10.0586698725
8.98807,1.14586165058,1.24530686776,10.8489478072,-0.912515459961,0.678444552759,10.0586698725
8.989736,1.07514341711,1.28066598449,10.9217595095,-0.912515459961,0.678444552759,10.0586698725
8.991402,1.14586165058,1.28066598449,10.8489478072,-0.912515459961,0.723825427995,10.0586698725
8.993068,1.11050253385,1.20994775102,10.7761361049,-0.912515459961,0.723825427995,10.0586698725
8.994734,1.11050253385,1.28066598449,10.8125419561,-0.912515459961,0.76920630323,10.0586698725
8.9964,1.14586165058,1.28066598449,10.8489478072,-0.866370670294,0.814587178465,10.1040507478
8.998066,1.03978430037,1.20994775102,10.8853536583,-0.866370670294,0.76920630323,10.1040507478
8.999732,1.14586165058,1.28066598449,10.8489478072,-0.912515459961,0.723825427995,10.0586698725
9.001398,1.11050253385,1.28066598449,10.8125419561,-0.912515459961,0.76920630323,10.0586698725
9.003064,1.18122076732,1.28066598449,10.8125419561,-0.912515459961,0.723825427995,10.0586698725
9.00473,1.14586165058,1.28066598449,10.8489478072,-0.912515459961,0.678444552759,10.0132889973
9.006396,1.07514341711,1.24530686776,10.7761361049,-0.912515459961,0.723825427995,10.0586698725
9.008062,1.11050253385,1.28066598449,10.8125419561,-0.912515459961,0.814587178465,10.1040507478
9.009728,1.18122076732,1.31602510123,10.8125419561,-0.820225880627,0.859968053701,10.1040507478
9.011394,1.25193900079,1.35138421797,10.8489478072,-0.820225880627,0.814587178465,10.149431623
9.01306,1.18122076732,1.31602510123,10.8125419561,-0.820225880627,0.814587178465,10.149431623
9.014726,1.07514341711,1.28066598449,10.7761361049,-0.866370670294,0.814587178465,10.1040507478
9.016392,1.11050253385,1.28066598449,10.8125419561,-0.912515459961,0.76920630323,10.0586698725
9.018058,1.11050253385,1.35138421797,10.8125419561,-0.912515459961,0.76920630323,10.0586698725
9.019724,1.25193900079,1.3867433347,10.8489478072,-0.912515459961,0.76920630323,10.0586698725
9.02139,1.14586165058,1.31602510123,10.8125419561,-0.912515459961,0.76920630323,10.0132889973
9.023056,1.07514341711,1.31602510123,10.7761361049,-0.866370670294,0.859968053701,10.1040507478
9.024722,1.11050253385,1.28066598449,10.8125419561,-0.912515459961,0.76920630323,10.0586698725
9.026388,1.11050253385,1.31602510123,10.8489478072,-0.912515459961,0.76920630323,10.0586698725
9.028054,1.25193900079,1.35138421797,10.8489478072,-0.912515459961,0.76920630323,10.0586698725
9.02972,1.14586165058,1.31602510123,10.8489478072,-0.912515459961,0.76920630323,10.0586698725
9.031386,1.11050253385,1.28066598449,10.7761361049,-0.912515459961,0.723825427995,10.0586698725
9.033052,1.11050253385,1.31602510123,10.8489478072,-0.912515459961,0.76920630323,10.0586698725
9.034718,1.18122076732,1.31602510123,10.8489478072,-0.866370670294,0.76920630323,10.1040507478
9.036384,1.18122076732,1.3867433347,10.9581653606,-0.820225880627,0.814587178465,10.149431623
9.03805,1.18122076732,1.31602510123,10.8853536583,-0.912515459961,0.723825427995,10.0586698725
9.039716,1.11050253385,1.28066598449,10.8125419561,-0.912515459961,0.76920630323,10.0586698725
9.041382,1.11050253385,1.31602510123,10.8489478072,-0.912515459961,0.76920630323,10.1040507478
9.043048,1.18122076732,1.31602510123,10.8853536583,-0.912515459961,0.76920630323,10.1040507478
9.044714,1.07514341711,1.31602510123,10.8125419561,-0.912515459961,0.814587178465,10.1040507478
9.04638,1.18122076732,1.31602510123,10.8853536583,-0.912515459961,0.814587178465,10.1040507478
9.048046,1.18122076732,1.31602510123,10.8853536583,-0.820225880627,0.859968053701,10.149431623
9.049712,1.18122076732,1.31602510123,10.8489478072,-0.820225880627,0.859968053701,10.1948124982
9.051378,1.18122076732,1.31602510123,10.8853536583,-0.912515459961,0.76920630323,10.1040507478
9.053044,1.11050253385,1.31602510123,10.8489478072,-0.912515459961,0.814587178465,10.1040507478
9.05471,1.14586165058,1.31602510123,10.8853536583,-0.912515459961,0.814587178465,10.149431623
9.056376,1.18122076732,1.31602510123,10.9217595095,-0.912515459961,0.76920630323,10.1040507478
9.058042,1.07514341711,1.35138421797,11.0287016972,-0.77408109096,0.905348928936,10.2401933735
9.059708,1.18122076732,1.35138421797,10.9217595095,-0.912515459961,0.814587178465,10.149431623
9.061374,1.14586165058,1.35138421797,10.8853536583,-0.912515459961,0.814587178465,10.149431623
9.06304,1.18122076732,1.31602510123,10.8853536583,-0.912515459961,0.76920630323,10.149431623
9.064706,1.18122076732,1.31602510123,10.9217595095,-0.866370670294,0.814587178465,10.149431623
9.066372,1.11050253385,1.28066598449,10.8853536583,-0.866370670294,0.814587178465,10.149431623
9.068038,1.18122076732,1.31602510123,10.9581653606,-0.866370670294,0.76920630323,10.149431623
9.069704,1.18122076732,1.31602510123,10.9217595095,-0.866370670294,0.814587178465,10.149431623
9.07137,1.21657988406,1.35138421797,10.9581653606,-0.912515459961,0.814587178465,10.149431623
9.073036,1.21657988406,1.35138421797,10.9922958461,-0.866370670294,0.814587178465,10.149431623
9.074702,1.11050253385,1.24530686776,10.8853536583,-0.866370670294,0.76920630323,10.149431623
9.076368,1.18122076732,1.35138421797,10.9581653606,-0.866370670294,0.814587178465,10.1948124982
9.078034,1.18122076732,1.31602510123,10.9581653606,-0.866370670294,0.76920630323,10.1948124982
9.0797,1.28729811753,1.35138421797,10.9922958461,-0.912515459961,0.76920630323,10.149431623
9.081366,1.18122076732,1.31602510123,10.9922958461,-0.866370670294,0.814587178465,10.1948124982
9.083032,1.18122076732,1.28066598449,10.9217595095,-0.866370670294,0.814587178465,10.1948124982
9.084698,1.18122076732,1.31602510123,10.9581653606,-0.727936301293,0.905348928936,10.3309551239
9.086364,1.18122076732,1.31602510123,10.9922958461,-0.866370670294,0.76920630323,10.1948124982
9.08803,1.25193900079,1.3867433347,11.0651075483,-0.912515459961,0.76920630323,10.1948124982
9.089696,1.18122076732,1.31602510123,10.9922958461,-0.866370670294,0.76920630323,10.1948124982
9.091362,1.18122076732,1.28066598449,10.9217595095,-0.866370670294,0.76920630323,10.1948124982
9.093028,1.18122076732,1.31602510123,10.9581653606,-0.866370670294,0.76920630323,10.1948124982
9.094694,1.18122076732,1.31602510123,10.9922958461,-0.866370670294,0.76920630323,10.1948124982
9.09636,1.21657988406,1.3867433347,11.0651075483,-0.820225880627,0.76920630323,10.2401933735
9.098026,1.21657988406,1.31602510123,10.9922958461,-0.820225880627,0.814587178465,10.2401933735
9.099692,1.18122076732,1.28066598449,10.9217595095,-0.77408109096,0.859968053701,10.2855742487
9.101358,1.21657988406,1.28066598449,10.9217595095,-0.866370670294,0.76920630323,10.2401933735
9.103024,1.21657988406,1.31602510123,10.9581653606,-0.866370670294,0.76920630323,10.2401933735
9.10469,1.18122076732,1.35138421797,11.0651075483,-0.820225880627,0.859968053701,10.2401933735
9.106356,1.25193900079,1.31602510123,10.9922958461,-0.866370670294,0.814587178465,10.1948124982
9.108022,1.18122076732,1.28066598449,10.9581653606,-0.866370670294,0.76920630323,10.2401933735
9.109688,1.18122076732,1.28066598449,10.9217595095,-0.820225880627,0.814587178465,10.2401933735
9.111354,1.25193900079,1.35138421797,10.9581653606,-0.820225880627,0.814587178465,10.2401933735
9.11302,1.18122076732,1.28066598449,11.0287016972,-0.77408109096,0.859968053701,10.2855742487
9.114686,1.21657988406,1.28066598449,10.9217595095,-0.866370670294,0.76920630323,10.1948124982
9.116352,1.21657988406,1.28066598449,10.9217595095,-0.866370670294,0.76920630323,10.1948124982
9.118018,1.21657988406,1.31602510123,10.9217595095,-0.820225880627,0.814587178465,10.2401933735
9.119684,1.25193900079,1.31602510123,10.9581653606,-0.820225880627,0.814587178465,10.1948124982
9.12135,1.18122076732,1.20994775102,10.8853536583,-0.820225880627,0.814587178465,10.1948124982
9.123016,1.25193900079,1.35138421797,10.9217595095,-0.77408109096,0.859968053701,10.2401933735
9.124682,1.21657988406,1.31602510123,10.8853536583,-0.820225880627,0.814587178465,10.1948124982
9.126348,1.25193900079,1.31602510123,10.8853536583,-0.820225880627,0.814587178465,10.1948124982
9.128014,1.25193900079,1.31602510123,10.9217595095,-0.820225880627,0.814587178465,10.1948124982
9.12968,1.18122076732,1.28066598449,10.8125419561,-0.820225880627,0.859968053701,10.1948124982
9.131346,1.25193900079,1.31602510123,10.9217595095,-0.820225880627,0.814587178465,10.149431623
9.133012,1.21657988406,1.31602510123,10.8853536583,-0.820225880627,0.814587178465,10.1948124982
9.134678,1.28729811753,1.35138421797,10.8853536583,-0.820225880627,0.814587178465,10.149431623
9.136344,1.28729811753,1.31602510123,10.9217595095,-0.727936301293,0.905348928936,10.2855742487
9.13801,1.21657988406,1.31602510123,10.8489478072,-0.77408109096,0.859968053701,10.1948124982
9.139676,1.21657988406,1.31602510123,10.8853536583,-0.820225880627,0.814587178465,10.149431623
9.141342,1.21657988406,1.35138421797,10.8853536583,-0.820225880627,0.859968053701,10.149431623
9.143008,1.32265723427,1.42210245144,10.9581653606,-0.820225880627,0.814587178465,10.149431623
9.144674,1.25193900079,1.35138421797,10.8489478072,-0.820225880627,0.814587178465,10.149431623
9.14634,1.21657988406,1.31602510123,10.8489478072,-0.820225880627,0.814587178465,10.1040507478
9.148006,1.21657988406,1.31602510123,10.8489478072,-0.820225880627,0.814587178465,10.1040507478
9.149672,1.25193900079,1.28066598449,10.8489478072,-0.820225880627,0.76920630323,10.1040507478
9.151338,1.18122076732,1.20994775102,10.8489478072,-0.820225880627,0.814587178465,10.1040507478
9.153004,1.21657988406,1.31602510123,10.8489478072,-0.820225880627,0.814587178465,10.1040507478
9.15467,1.21657988406,1.28066598449,10.8125419561,-0.820225880627,0.814587178465,10.1040507478
9.156336,1.25193900079,1.31602510123,10.8125419561,-0.820225880627,0.814587178465,10.1040507478
9.158002,1.21657988406,1.31602510123,10.8125419561,-0.820225880627,0.814587178465,10.1040507478
9.159668,1.18122076732,1.28066598449,10.8125419561,-0.820225880627,0.814587178465,10.1040507478
9.161334,1.21657988406,1.31602510123,10.8489478072,-0.820225880627,0.814587178465,10.1040507478
9.163,1.21657988406,1.20994775102,10.8125419561,-0.820225880627,0.76920630323,10.1040507478
9.164666,1.28729811753,1.31602510123,10.8125419561,-0.820225880627,0.76920630323,10.1040507478
9.166332,1.21657988406,1.31602510123,10.8489478072,-0.820225880627,0.814587178465,10.1040507478
9.167998,1.18122076732,1.24530686776,10.7761361049,-0.866370670294,0.723825427995,10.0586698725
9.169664,1.21657988406,1.31602510123,10.8125419561,-0.820225880627,0.814587178465,10.0586698725
9.17133,1.21657988406,1.28066598449,10.8853536583,-0.820225880627,0.723825427995,10.0586698725
9.172996,1.32265723427,1.31602510123,10.8489478072,-0.820225880627,0.723825427995,10.0586698725
9.174662,1.21657988406,1.31602510123,10.8489478072,-0.820225880627,0.76920630323,10.0586698725
9.176328,1.21657988406,1.24530686776,10.7761361049,-0.866370670294,0.76920630323,10.0586698725
9.177994,1.18122076732,1.24530686776,10.7761361049,-0.820225880627,0.76920630323,10.0586698725
9.17966,1.25193900079,1.31602510123,10.8489478072,-0.820225880627,0.76920630323,10.0586698725
9.181326,1.14586165058,1.20994775102,10.8853536583,-0.820225880627,0.76920630323,10.0586698725
9.182992,1.18122076732,1.24530686776,10.8489478072,-0.820225880627,0.76920630323,10.0586698725
9.184658,1.21657988406,1.28066598449,10.8125419561,-0.77408109096,0.814587178465,10.0586698725
9.186324,1.21657988406,1.31602510123,10.8125419561,-0.820225880627,0.814587178465,10.0586698725
9.18799,1.18122076732,1.28066598449,10.8489478072,-0.866370670294,0.76920630323,10.0586698725
9.189656,1.14586165058,1.20994775102,10.7761361049,-0.866370670294,0.76920630323,10.0586698725
9.191322,1.18122076732,1.28066598449,10.8125419561,-0.820225880627,0.76920630323,10.0586698725
9.192988,1.18122076732,1.28066598449,10.8125419561,-0.820225880627,0.76920630323,10.0586698725
9.194654,1.28729811753,1.31602510123,10.8489478072,-0.866370670294,0.76920630323,10.0132889973
9.19632,1.18122076732,1.28066598449,10.8489478072,-0.820225880627,0.723825427995,10.0586698725
9.197986,1.18122076732,1.20994775102,10.7761361049,-0.820225880627,0.76920630323,10.0586698725
9.199652,1.14586165058,1.28066598449,10.8125419561,-0.77408109096,0.814587178465,10.1040507478
9.201318,1.18122076732,1.28066598449,10.8489478072,-0.866370670294,0.76920630323,10.0586698725
9.202984,1.11050253385,1.35138421797,10.9217595095,-0.866370670294,0.723825427995,10.0132889973
9.20465,1.21657988406,1.31602510123,10.8853536583,-0.866370670294,0.76920630323,10.0586698725
9.206316,1.18122076732,1.20994775102,10.8125419561,-0.866370670294,0.723825427995,10.0586698725
9.207982,1.18122076732,1.24530686776,10.8125419561,-0.77408109096,0.814587178465,10.149431623
9.209648,1.21657988406,1.28066598449,10.8853536583,-0.866370670294,0.723825427995,10.0586698725
9.211314,1.11050253385,1.17458863428,10.8853536583,-0.866370670294,0.723825427995,10.0586698725
9.21298,1.21657988406,1.20994775102,10.8489478072,-0.866370670294,0.723825427995,10.0586698725
9.214646,1.18122076732,1.24530686776,10.8125419561,-0.866370670294,0.723825427995,10.0586698725
9.216312,1.14586165058,1.20994775102,10.8125419561,-0.77408109096,0.814587178465,10.149431623
9.217978,1.18122076732,1.28066598449,10.8853536583,-0.866370670294,0.723825427995,10.0586698725
9.219644,1.11050253385,1.17458863428,10.8853536583,-0.866370670294,0.723825427995,10.0586698725
9.22131,1.18122076732,1.20994775102,10.8489478072,-0.866370670294,0.678444552759,10.0586698725
9.222976,1.18122076732,1.20994775102,10.8853536583,-0.866370670294,0.723825427995,10.0586698725
9.224642,1.21657988406,1.24530686776,10.8489478072,-0.866370670294,0.723825427995,10.1040507478
9.226308,1.21657988406,1.20994775102,10.8853536583,-0.866370670294,0.678444552759,10.1040507478
9.227974,1.11050253385,1.17458863428,10.7761361049,-0.820225880627,0.76920630323,10.1040507478
9.22964,1.18122076732,1.24530686776,10.8853536583,-0.866370670294,0.678444552759,10.1040507478
9.231306,1.18122076732,1.20994775102,10.8853536583,-0.866370670294,0.723825427995,10.1040507478
9.232972,1.25193900079,1.31602510123,10.8853536583,-0.866370670294,0.678444552759,10.0586698725
9.234638,1.21657988406,1.20994775102,10.8853536583,-0.77408109096,0.76920630323,10.1948124982
9.236304,1.14586165058,1.20994775102,10.8125419561,-0.866370670294,0.723825427995,10.1040507478
9.23797,1.14586165058,1.20994775102,10.8853536583,-0.866370670294,0.723825427995,10.1040507478
9.239636,1.21657988406,1.28066598449,10.8853536583,-0.866370670294,0.723825427995,10.1040507478
9.241302,1.25193900079,1.35138421797,10.9217595095,-0.866370670294,0.678444552759,10.1040507478
9.242968,1.18122076732,1.20994775102,10.8853536583,-0.77408109096,0.76920630323,10.1948124982
9.244634,1.11050253385,1.20994775102,10.8125419561,-0.866370670294,0.723825427995,10.1040507478
9.2463,1.14586165058,1.20994775102,10.8853536583,-0.866370670294,0.678444552759,10.149431623
9.247966,1.18122076732,1.24530686776,10.8853536583,-0.866370670294,0.723825427995,10.149431623
9.249632,1.25193900079,1.35138421797,10.9581653606,-0.866370670294,0.678444552759,10.1040507478
9.251298,1.18122076732,1.20994775102,10.8853536583,-0.866370670294,0.678444552759,10.149431623
9.252964,1.18122076732,1.20994775102,10.8853536583,-0.866370670294,0.723825427995,10.1040507478
9.25463,1.18122076732,1.20994775102,10.8853536583,-0.820225880627,0.723825427995,10.1948124982
9.256296,1.18122076732,1.20994775102,10.9217595095,-0.866370670294,0.678444552759,10.1040507478
9.257962,1.11050253385,1.13922951755,10.9217595095,-0.912515459961,0.723825427995,10.1040507478
9.259628,1.18122076732,1.28066598449,10.9217595095,-0.866370670294,0.723825427995,10.1040507478
9.261294,1.14586165058,1.28066598449,10.8853536583,-0.866370670294,0.723825427995,10.1040507478
9.26296,1.18122076732,1.24530686776,10.8853536583,-0.866370670294,0.723825427995,10.149431623
9.264626,1.18122076732,1.28066598449,10.9217595095,-0.77408109096,0.814587178465,10.2401933735
9.266292,1.11050253385,1.17458863428,10.8125419561,-0.866370670294,0.678444552759,10.1040507478
9.267958,1.18122076732,1.28066598449,10.9217595095,-0.866370670294,0.76920630323,10.149431623
9.269624,1.21657988406,1.24530686776,10.8853536583,-0.866370670294,0.723825427995,10.149431623
9.27129,1.21657988406,1.20994775102,10.8853536583,-0.866370670294,0.723825427995,10.1040507478
9.272956,1.21657988406,1.28066598449,10.9217595095,-0.820225880627,0.723825427995,10.149431623
9.274622,1.11050253385,1.20994775102,10.8125419561,-0.866370670294,0.76920630323,10.149431623
9.276288,1.18122076732,1.28066598449,10.9217595095,-0.866370670294,0.723825427995,10.149431623
9.277954,1.21657988406,1.28066598449,10.8853536583,-0.866370670294,0.76920630323,10.149431623
9.27962,1.25193900079,1.28066598449,10.8853536583,-0.77408109096,0.859968053701,10.1948124982
9.281286,1.21657988406,1.28066598449,10.9217595095,-0.866370670294,0.723825427995,10.1040507478
9.282952,1.14586165058,1.20994775102,10.8125419561,-0.866370670294,0.76920630323,10.1040507478
9.284618,1.18122076732,1.24530686776,10.9217595095,-0.866370670294,0.76920630323,10.149431623
9.286284,1.18122076732,1.28066598449,10.8853536583,-0.866370670294,0.814587178465,10.149431623
9.28795,1.32265723427,1.35138421797,10.9581653606,-0.77408109096,0.859968053701,10.2401933735
9.289616,1.21657988406,1.31602510123,10.9217595095,-0.820225880627,0.814587178465,10.149431623
9.291282,1.18122076732,1.24530686776,10.8489478072,-0.866370670294,0.76920630323,10.1040507478
9.292948,1.21657988406,1.31602510123,10.8853536583,-0.820225880627,0.814587178465,10.149431623
9.294614,1.21657988406,1.31602510123,10.9217595095,-0.77408109096,0.859968053701,10.1948124982
9.29628,1.14586165058,1.35138421797,10.9922958461,-0.866370670294,0.76920630323,10.1040507478
9.297946,1.21657988406,1.31602510123,10.9217595095,-0.820225880627,0.76920630323,10.149431623
9.299612,1.18122076732,1.24530686776,10.8853536583,-0.820225880627,0.76920630323,10.149431623
9.301278,1.18122076732,1.31602510123,10.8489478072,-0.866370670294,0.814587178465,10.149431623
9.302944,1.21657988406,1.31602510123,10.8853536583,-0.77408109096,0.905348928936,10.1948124982
9.30461,1.18122076732,1.28066598449,10.9217595095,-0.866370670294,0.814587178465,10.1040507478
9.306276,1.21657988406,1.31602510123,10.8853536583,-0.866370670294,0.814587178465,10.1040507478
9.307942,1.21657988406,1.31602510123,10.8853536583,-0.866370670294,0.814587178465,10.1040507478
9.309608,1.18122076732,1.28066598449,10.8853536583,-0.866370670294,0.814587178465,10.1040507478
9.311274,1.21657988406,1.35138421797,10.8853536583,-0.866370670294,0.814587178465,10.149431623
9.31294,1.18122076732,1.28066598449,10.8125419561,-0.866370670294,0.814587178465,10.1040507478
9.314606,1.21657988406,1.35138421797,10.8489478072,-0.866370670294,0.76920630323,10.1040507478
9.316272,1.21657988406,1.31602510123,10.8853536583,-0.866370670294,0.814587178465,10.1040507478
9.317938,1.32265723427,1.31602510123,10.8489478072,-0.820225880627,0.814587178465,10.1040507478
9.319604,1.21657988406,1.31602510123,10.8853536583,-0.866370670294,0.814587178465,10.1040507478
9.32127,1.18122076732,1.24530686776,10.8489478072,-0.820225880627,0.814587178465,10.149431623
9.322936,1.21657988406,1.31602510123,10.8489478072,-0.820225880627,0.814587178465,10.149431623
9.324602,1.21657988406,1.28066598449,10.8489478072,-0.77408109096,0.859968053701,10.1948124982
9.326268,1.28729811753,1.3867433347,10.9217595095,-0.820225880627,0.76920630323,10.149431623
9.327934,1.21657988406,1.31602510123,10.8853536583,-0.820225880627,0.859968053701,10.149431623
9.3296,1.18122076732,1.24530686776,10.8125419561,-0.866370670294,0.76920630323,10.149431623
9.331266,1.21657988406,1.31602510123,10.8125419561,-0.866370670294,0.76920630323,10.1040507478
9.332932,1.21657988406,1.35138421797,10.8853536583,-0.820225880627,0.814587178465,10.149431623
9.334598,1.14586165058,1.24530686776,10.8853536583,-0.820225880627,0.814587178465,10.149431623
9.336264,1.25193900079,1.31602510123,10.8853536583,-0.820225880627,0.76920630323,10.149431623
9.33793,1.18122076732,1.28066598449,10.8489478072,-0.820225880627,0.859968053701,10.149431623
9.339596,1.25193900079,1.31602510123,10.8125419561,-0.866370670294,0.76920630323,10.1040507478
9.341262,1.21657988406,1.31602510123,10.8853536583,-0.866370670294,0.76920630323,10.1040507478
9.342928,1.18122076732,1.28066598449,10.8125419561,-0.866370670294,0.859968053701,10.149431623
9.344594,1.18122076732,1.31602510123,10.8125419561,-0.866370670294,0.76920630323,10.149431623
9.34626,1.21657988406,1.31602510123,10.8853536583,-0.866370670294,0.76920630323,10.149431623
9.347926,1.25193900079,1.3867433347,10.9217595095,-0.866370670294,0.814587178465,10.1040507478
9.349592,1.21657988406,1.28066598449,10.8853536583,-0.820225880627,0.814587178465,10.149431623
9.351258,1.18122076732,1.28066598449,10.8125419561,-0.866370670294,0.814587178465,10.1040507478
9.352924,1.18122076732,1.31602510123,10.8853536583,-0.77408109096,0.905348928936,10.1948124982
9.35459,1.21657988406,1.35138421797,10.8853536583,-0.866370670294,0.814587178465,10.149431623
9.356256,1.14586165058,1.3867433347,10.9922958461,-0.820225880627,0.814587178465,10.149431623
9.357922,1.21657988406,1.31602510123,10.8853536583,-0.727936301293,0.950729804172,10.2401933735
9.359588,1.18122076732,1.35138421797,10.8125419561,-0.866370670294,0.859968053701,10.149431623
9.361254,1.21657988406,1.35138421797,10.8853536583,-0.866370670294,0.814587178465,10.149431623
9.36292,1.21657988406,1.3867433347,10.9217595095,-0.820225880627,0.859968053701,10.1948124982
9.364586,1.11050253385,1.28066598449,10.8125419561,-0.866370670294,0.76920630323,10.149431623
9.366252,1.21657988406,1.31602510123,10.9217595095,-0.866370670294,0.76920630323,10.149431623
9.367918,1.18122076732,1.28066598449,10.8853536583,-0.866370670294,0.814587178465,10.149431623
9.369584,1.25193900079,1.35138421797,10.8853536583,-0.866370670294,0.814587178465,10.149431623
9.37125,1.21657988406,1.31602510123,10.9217595095,-0.820225880627,0.76920630323,10.1948124982
9.372916,1.14586165058,1.24530686776,10.8853536583,-0.866370670294,0.76920630323,10.149431623
9.374582,1.18122076732,1.28066598449,10.8853536583,-0.866370670294,0.76920630323,10.149431623
9.376248,1.18122076732,1.31602510123,10.9217595095,-0.866370670294,0.814587178465,10.1948124982
9.377914,1.28729811753,1.35138421797,10.9217595095,-0.912515459961,0.76920630323,10.149431623
9.37958,1.18122076732,1.31602510123,10.9217595095,-0.866370670294,0.814587178465,10.149431623
9.381246,1.14586165058,1.31602510123,10.8853536583,-0.77408109096,0.905348928936,10.2401933735
9.382912,1.18122076732,1.28066598449,10.8853536583,-0.912515459961,0.76920630323,10.149431623
9.384578,1.18122076732,1.35138421797,10.9217595095,-0.912515459961,0.76920630323,10.149431623
9.386244,1.11050253385,1.3867433347,11.0287016972,-0.912515459961,0.814587178465,10.149431623
9.38791,1.18122076732,1.28066598449,10.9217595095,-0.820225880627,0.814587178465,10.2401933735
9.389576,1.14586165058,1.28066598449,10.8853536583,-0.912515459961,0.76920630323,10.149431623
9.391242,1.11050253385,1.31602510123,10.9217595095,-0.912515459961,0.76920630323,10.149431623
9.392908,1.18122076732,1.31602510123,10.9581653606,-0.912515459961,0.76920630323,10.149431623
9.394574,1.07514341711,1.24530686776,11.0287016972,-0.912515459961,0.723825427995,10.149431623
9.39624,1.18122076732,1.31602510123,10.9581653606,-0.912515459961,0.76920630323,10.149431623
9.397906,1.11050253385,1.20994775102,10.9217595095,-0.912515459961,0.76920630323,10.149431623
9.399572,1.14586165058,1.28066598449,10.8853536583,-0.912515459961,0.814587178465,10.149431623
9.401238,1.18122076732,1.31602510123,10.9922958461,-0.912515459961,0.76920630323,10.149431623
9.402904,1.07514341711,1.20994775102,11.0287016972,-0.958660249627,0.723825427995,10.1040507478
9.40457,1.18122076732,1.31602510123,10.9581653606,-0.912515459961,0.76920630323,10.149431623
9.406236,1.18122076732,1.31602510123,10.9217595095,-0.912515459961,0.76920630323,10.149431623
9.407902,1.11050253385,1.20994775102,10.8853536583,-0.866370670294,0.76920630323,10.2401933735
9.409568,1.18122076732,1.31602510123,10.9922958461,-0.912515459961,0.76920630323,10.1948124982
9.411234,1.07514341711,1.20994775102,10.8853536583,-0.820225880627,0.859968053701,10.2401933735
9.4129,1.14586165058,1.24530686776,10.9581653606,-0.912515459961,0.723825427995,10.149431623
9.414566,1.14586165058,1.20994775102,10.9217595095,-0.912515459961,0.678444552759,10.149431623
9.416232,1.11050253385,1.24530686776,10.9217595095,-0.820225880627,0.814587178465,10.2401933735
9.417898,1.14586165058,1.31602510123,10.9922958461,-0.912515459961,0.723825427995,10.1040507478
9.419564,1.07514341711,1.24530686776,10.8489478072,-0.958660249627,0.76920630323,10.149431623
9.42123,1.11050253385,1.31602510123,10.9217595095,-0.912515459961,0.76920630323,10.1040507478
9.422896,1.11050253385,1.31602510123,10.9217595095,-0.912515459961,0.76920630323,10.149431623
9.424562,1.21657988406,1.31602510123,10.8853536583,-0.866370670294,0.76920630323,10.1948124982
9.426228,1.11050253385,1.24530686776,10.9581653606,-0.820225880627,0.76920630323,10.2401933735
9.427894,1.11050253385,1.20994775102,10.8489478072,-0.866370670294,0.814587178465,10.1948124982
9.42956,1.14586165058,1.28066598449,10.8853536583,-0.912515459961,0.76920630323,10.1040507478
9.431226,1.11050253385,1.28066598449,10.8853536583,-0.912515459961,0.76920630323,10.1040507478
9.432892,1.21657988406,1.31602510123,10.8853536583,-0.912515459961,0.723825427995,10.149431623
9.434558,1.14586165058,1.28066598449,10.9217595095,-0.912515459961,0.723825427995,10.149431623
9.436224,1.07514341711,1.17458863428,10.8489478072,-0.958660249627,0.633063677524,10.1040507478
9.43789,1.11050253385,1.24530686776,10.8853536583,-0.912515459961,0.678444552759,10.149431623
9.439556,1.14586165058,1.28066598449,10.8853536583,-0.912515459961,0.76920630323,10.1040507478
9.441222,1.18122076732,1.35138421797,10.9922958461,-0.912515459961,0.678444552759,10.1040507478
9.442888,1.11050253385,1.28066598449,10.8853536583,-0.866370670294,0.723825427995,10.149431623
9.444554,1.11050253385,1.24530686776,10.8489478072,-0.958660249627,0.678444552759,10.1040507478
9.44622,1.11050253385,1.24530686776,10.8853536583,-0.912515459961,0.723825427995,10.1040507478
9.447886,1.14586165058,1.28066598449,10.8853536583,-0.912515459961,0.723825427995,10.1040507478
9.449552,1.11050253385,1.31602510123,10.9581653606,-0.912515459961,0.678444552759,10.1040507478
9.451218,1.11050253385,1.28066598449,10.8853536583,-0.958660249627,0.678444552759,10.0586698725
9.452884,1.07514341711,1.24530686776,10.8125419561,-0.958660249627,0.678444552759,10.1040507478
9.45455,1.11050253385,1.28066598449,10.8489478072,-0.912515459961,0.678444552759,10.0586698725
9.456216,1.14586165058,1.24530686776,10.8853536583,-0.958660249627,0.678444552759,10.0586698725
9.457882,1.18122076732,1.35138421797,10.9581653606,-0.912515459961,0.678444552759,10.1040507478
9.459548,1.11050253385,1.28066598449,10.8853536583,-0.958660249627,0.678444552759,10.0586698725
9.461214,1.07514341711,1.24530686776,10.7761361049,-0.958660249627,0.678444552759,10.0586698725
9.46288,1.07514341711,1.28066598449,10.8489478072,-0.958660249627,0.723825427995,10.1040507478
9.464546,1.14586165058,1.28066598449,10.8489478072,-0.912515459961,0.723825427995,10.1040507478
9.466212,1.07514341711,1.31602510123,10.9217595095,-0.912515459961,0.723825427995,10.1040507478
9.467878,1.14586165058,1.24530686776,10.8489478072,-0.912515459961,0.723825427995,10.1040507478
9.469544,1.11050253385,1.28066598449,10.8125419561,-0.912515459961,0.76920630323,10.1040507478
9.47121,1.07514341711,1.24530686776,10.8125419561,-0.820225880627,0.859968053701,10.149431623
9.472876,1.14586165058,1.28066598449,10.8489478072,-0.866370670294,0.814587178465,10.149431623
9.474542,1.07514341711,1.31602510123,10.9217595095,-0.912515459961,0.723825427995,10.0586698725
9.476208,1.14586165058,1.31602510123,10.8489478072,-0.912515459961,0.723825427995,10.0586698725
9.477874,1.07514341711,1.28066598449,10.8125419561,-0.958660249627,0.76920630323,10.0586698725
9.47954,1.11050253385,1.28066598449,10.8125419561,-0.912515459961,0.76920630323,10.0586698725
9.481206,1.14586165058,1.31602510123,10.8489478072,-0.912515459961,0.76920630323,10.0586698725
9.482872,1.07514341711,1.35138421797,10.9217595095,-0.820225880627,0.905348928936,10.149431623
9.484538,1.14586165058,1.35138421797,10.8853536583,-0.912515459961,0.76920630323,10.0586698725
9.486204,1.11050253385,1.28066598449,10.7761361049,-0.912515459961,0.723825427995,10.0586698725
9.48787,1.14586165058,1.28066598449,10.8125419561,-0.958660249627,0.723825427995,10.0586698725
9.489536,1.14586165058,1.31602510123,10.8489478072,-0.912515459961,0.723825427995,10.0586698725
9.491202,1.07514341711,1.20994775102,10.8853536583,-0.958660249627,0.678444552759,10.0586698725
9.492868,1.14586165058,1.28066598449,10.8489478072,-0.866370670294,0.814587178465,10.1040507478
9.494534,1.11050253385,1.31602510123,10.8125419561,-0.912515459961,0.723825427995,10.1040507478
9.4962,1.14586165058,1.24530686776,10.8125419561,-0.820225880627,0.814587178465,10.1948124982
9.497866,1.14586165058,1.31602510123,10.8853536583,-0.866370670294,0.76920630323,10.1040507478
9.499532,1.07514341711,1.24530686776,10.7761361049,-0.912515459961,0.76920630323,10.0586698725
9.501198,1.14586165058,1.28066598449,10.8489478072,-0.912515459961,0.76920630323,10.0586698725
9.502864,1.11050253385,1.31602510123,10.8489478072,-0.912515459961,0.76920630323,10.1040507478
9.50453,1.14586165058,1.31602510123,10.8125419561,-0.866370670294,0.76920630323,10.1040507478
9.506196,1.18122076732,1.31602510123,10.8853536583,-0.866370670294,0.814587178465,10.1040507478
9.507862,1.11050253385,1.24530686776,10.7397302538,-0.912515459961,0.76920630323,10.1040507478
9.509528,1.18122076732,1.28066598449,10.8853536583,-0.912515459961,0.76920630323,10.1040507478
9.511194,1.18122076732,1.31602510123,10.8125419561,-0.820225880627,0.814587178465,10.149431623
9.51286,1.18122076732,1.31602510123,10.8125419561,-0.77408109096,0.905348928936,10.1948124982
9.514526,1.18122076732,1.35138421797,10.8853536583,-0.820225880627,0.905348928936,10.1948124982
9.516192,1.11050253385,1.24530686776,10.7397302538,-0.866370670294,0.76920630323,10.149431623
9.517858,1.18122076732,1.31602510123,10.8853536583,-0.866370670294,0.76920630323,10.1040507478
9.519524,1.14586165058,1.24530686776,10.8125419561,-0.866370670294,0.76920630323,10.1040507478
9.52119,1.18122076732,1.31602510123,10.8125419561,-0.866370670294,0.814587178465,10.1040507478
9.522856,1.18122076732,1.28066598449,10.8853536583,-0.866370670294,0.723825427995,10.149431623
9.524522,1.07514341711,1.20994775102,10.9217595095,-0.912515459961,0.76920630323,10.1040507478
9.526188,1.18122076732,1.20994775102,10.8853536583,-0.912515459961,0.723825427995,10.149431623
9.527854,1.21657988406,1.28066598449,10.8853536583,-0.866370670294,0.723825427995,10.149431623
9.52952,1.18122076732,1.28066598449,10.8489478072,-0.866370670294,0.76920630323,10.149431623
9.531186,1.18122076732,1.28066598449,10.8853536583,-0.912515459961,0.723825427995,10.149431623
9.532852,1.14586165058,1.20994775102,10.7761361049,-0.912515459961,0.678444552759,10.1040507478
9.534518,1.18122076732,1.28066598449,10.8489478072,-0.912515459961,0.723825427995,10.149431623
9.536184,1.18122076732,1.28066598449,10.8853536583,-0.866370670294,0.76920630323,10.149431623
9.53785,1.28729811753,1.35138421797,10.8853536583,-0.866370670294,0.76920630323,10.149431623
9.539516,1.18122076732,1.24530686776,10.8853536583,-0.820225880627,0.76920630323,10.1948124982
9.541182,1.14586165058,1.20994775102,10.8125419561,-0.912515459961,0.723825427995,10.1040507478
9.542848,1.18122076732,1.24530686776,10.8853536583,-0.866370670294,0.723825427995,10.149431623
9.544514,1.18122076732,1.31602510123,10.9217595095,-0.866370670294,0.76920630323,10.1948124982
9.54618,1.11050253385,1.20994775102,10.9217595095,-0.866370670294,0.76920630323,10.1948124982
9.547846,1.21657988406,1.28066598449,10.9217595095,-0.820225880627,0.859968053701,10.2401933735
9.549512,1.14586165058,1.24530686776,10.8853536583,-0.912515459961,0.723825427995,10.149431623
9.551178,1.21657988406,1.28066598449,10.8853536583,-0.912515459961,0.76920630323,10.149431623
9.552844,1.18122076732,1.31602510123,10.9217595095,-0.866370670294,0.814587178465,10.1948124982
9.55451,1.11050253385,1.24530686776,10.8125419561,-0.866370670294,0.814587178465,10.1948124982
9.556176,1.18122076732,1.28066598449,10.8853536583,-0.820225880627,0.814587178465,10.2401933735
9.557842,1.21657988406,1.28066598449,10.9217595095,-0.912515459961,0.723825427995,10.149431623
9.559508,1.11050253385,1.35138421797,11.0287016972,-0.866370670294,0.76920630323,10.1948124982
9.561174,1.18122076732,1.28066598449,10.9217595095,-0.866370670294,0.76920630323,10.1948124982
9.56284,1.14586165058,1.28066598449,10.8853536583,-0.912515459961,0.723825427995,10.149431623
9.564506,1.18122076732,1.28066598449,10.8853536583,-0.912515459961,0.76920630323,10.149431623
9.566172,1.18122076732,1.28066598449,10.9217595095,-0.866370670294,0.76920630323,10.149431623
9.567838,1.11050253385,1.28066598449,10.9922958461,-0.77408109096,0.859968053701,10.2855742487
9.569504,1.18122076732,1.31602510123,10.9217595095,-0.912515459961,0.76920630323,10.149431623
9.57117,1.14586165058,1.24530686776,10.8853536583,-0.912515459961,0.723825427995,10.149431623
9.572836,1.18122076732,1.28066598449,10.8853536583,-0.912515459961,0.723825427995,10.149431623
9.574502,1.18122076732,1.24530686776,10.9217595095,-0.866370670294,0.723825427995,10.149431623
9.576168,1.11050253385,1.17458863428,10.8125419561,-0.77408109096,0.859968053701,10.2855742487
9.577834,1.18122076732,1.28066598449,10.9217595095,-0.866370670294,0.76920630323,10.149431623
9.5795,1.18122076732,1.20994775102,10.9217595095,-0.866370670294,0.723825427995,10.1948124982
9.581166,1.18122076732,1.24530686776,10.9217595095,-0.912515459961,0.723825427995,10.149431623
9.582832,1.18122076732,1.31602510123,10.9217595095,-0.912515459961,0.678444552759,10.149431623
9.584498,1.11050253385,1.17458863428,10.8125419561,-0.912515459961,0.678444552759,10.149431623
9.586164,1.14586165058,1.20994775102,10.8853536583,-0.912515459961,0.678444552759,10.149431623
9.58783,1.14586165058,1.31602510123,10.8853536583,-0.912515459961,0.678444552759,10.149431623
9.589496,1.28729811753,1.31602510123,10.8853536583,-0.912515459961,0.723825427995,10.149431623
9.591162,1.18122076732,1.31602510123,10.9217595095,-0.912515459961,0.723825427995,10.149431623
9.592828,1.11050253385,1.28066598449,10.8489478072,-0.912515459961,0.76920630323,10.149431623
9.594494,1.11050253385,1.24530686776,10.8853536583,-0.912515459961,0.723825427995,10.149431623
9.59616,1.14586165058,1.31602510123,10.9217595095,-0.820225880627,0.859968053701,10.1948124982
9.597826,1.21657988406,1.3867433347,10.9922958461,-0.912515459961,0.678444552759,10.1040507478
9.599492,1.18122076732,1.31602510123,10.8853536583,-0.912515459961,0.76920630323,10.1040507478
9.601158,1.11050253385,1.31602510123,10.8853536583,-0.820225880627,0.859968053701,10.1948124982
9.602824,1.11050253385,1.28066598449,10.8853536583,-0.912515459961,0.723825427995,10.1040507478
9.60449,1.11050253385,1.31602510123,10.8853536583,-0.912515459961,0.723825427995,10.1040507478
9.606156,1.07514341711,1.24530686776,10.9217595095,-0.912515459961,0.76920630323,10.1040507478
9.607822,1.14586165058,1.28066598449,10.8489478072,-0.912515459961,0.76920630323,10.1040507478
9.609488,1.11050253385,1.31602510123,10.8489478072,-0.912515459961,0.814587178465,10.1040507478
9.611154,1.14586165058,1.31602510123,10.8853536583,-0.912515459961,0.814587178465,10.1040507478
9.61282,1.18122076732,1.31602510123,10.8853536583,-0.866370670294,0.859968053701,10.1948124982
9.614486,1.07514341711,1.24530686776,10.7761361049,-0.912515459961,0.76920630323,10.1040507478
9.616152,1.11050253385,1.31602510123,10.8853536583,-0.912515459961,0.723825427995,10.1040507478
9.617818,1.11050253385,1.31602510123,10.8489478072,-0.958660249627,0.723825427995,10.0586698725
9.619484,1.18122076732,1.31602510123,10.8489478072,-0.912515459961,0.723825427995,10.0586698725
9.62115,1.14586165058,1.35138421797,10.8853536583,-0.866370670294,0.814587178465,10.149431623
9.622816,1.07514341711,1.24530686776,10.8125419561,-0.912515459961,0.76920630323,10.1040507478
9.624482,1.14586165058,1.28066598449,10.8853536583,-0.866370670294,0.76920630323,10.1040507478
9.626148,1.14586165058,1.31602510123,10.8853536583,-0.912515459961,0.76920630323,10.0586698725
9.627814,1.18122076732,1.31602510123,10.8489478072,-0.866370670294,0.814587178465,10.149431623
9.62948,1.18122076732,1.31602510123,10.8489478072,-0.912515459961,0.76920630323,10.0586698725
9.631146,1.11050253385,1.31602510123,10.7761361049,-0.912515459961,0.76920630323,10.0586698725
9.632812,1.14586165058,1.31602510123,10.8489478072,-0.912515459961,0.76920630323,10.0586698725
9.634478,1.14586165058,1.31602510123,10.8489478072,-0.912515459961,0.723825427995,10.0586698725
9.636144,1.25193900079,1.35138421797,10.8853536583,-0.820225880627,0.814587178465,10.149431623
9.63781,1.18122076732,1.31602510123,10.8853536583,-0.912515459961,0.723825427995,10.0586698725
9.639476,1.07514341711,1.28066598449,10.7761361049,-0.912515459961,0.723825427995,10.0586698725
9.641142,1.11050253385,1.31602510123,10.8489478072,-0.912515459961,0.76920630323,10.0586698725
9.642808,1.14586165058,1.31602510123,10.8125419561,-0.912515459961,0.814587178465,10.0586698725
9.644474,1.18122076732,1.45746156818,10.9217595095,-0.912515459961,0.814587178465,10.0586698725
9.64614,1.18122076732,1.35138421797,10.8489478072,-0.912515459961,0.814587178465,10.0586698725
9.647806,1.11050253385,1.31602510123,10.8125419561,-0.912515459961,0.76920630323,10.0586698725
9.649472,1.11050253385,1.31602510123,10.8489478072,-0.77408109096,0.905348928936,10.1948124982
9.651138,1.18122076732,1.35138421797,10.8489478072,-0.912515459961,0.76920630323,10.0586698725
9.652804,1.21657988406,1.3867433347,10.8853536583,-0.912515459961,0.814587178465,10.0586698725
9.65447,1.18122076732,1.35138421797,10.8489478072,-0.866370670294,0.814587178465,10.1040507478
9.656136,1.18122076732,1.28066598449,10.8125419561,-0.866370670294,0.814587178465,10.1040507478
9.657802,1.18122076732,1.28066598449,10.8125419561,-0.912515459961,0.76920630323,10.1040507478
9.659468,1.18122076732,1.3867433347,10.8489478072,-0.866370670294,0.814587178465,10.1040507478
9.661134,1.11050253385,1.28066598449,10.8853536583,-0.866370670294,0.814587178465,10.0586698725
9.6628,1.18122076732,1.35138421797,10.8489478072,-0.912515459961,0.76920630323,10.0586698725
9.664466,1.14586165058,1.31602510123,10.8125419561,-0.912515459961,0.76920630323,10.0586698725
9.666132,1.18122076732,1.31602510123,10.8489478072,-0.912515459961,0.76920630323,10.0586698725
9.667798,1.18122076732,1.35138421797,10.8489478072,-0.912515459961,0.76920630323,10.1040507478
9.669464,1.07514341711,1.28066598449,10.8125419561,-0.866370670294,0.814587178465,10.1040507478
9.67113,1.18122076732,1.35138421797,10.8853536583,-0.820225880627,0.905348928936,10.1948124982
9.672796,1.18122076732,1.31602510123,10.8489478072,-0.866370670294,0.76920630323,10.1040507478
9.674462,1.18122076732,1.31602510123,10.8489478072,-0.866370670294,0.814587178465,10.1040507478
9.676128,1.21657988406,1.35138421797,10.8853536583,-0.866370670294,0.814587178465,10.1040507478
9.677794,1.14586165058,1.28066598449,10.8125419561,-0.866370670294,0.814587178465,10.1040507478
9.67946,1.18122076732,1.31602510123,10.8853536583,-0.866370670294,0.814587178465,10.149431623
9.681126,1.18122076732,1.31602510123,10.8125419561,-0.866370670294,0.814587178465,10.1040507478
9.682792,1.18122076732,1.31602510123,10.8489478072,-0.866370670294,0.76920630323,10.149431623
9.684458,1.21657988406,1.3867433347,10.9217595095,-0.866370670294,0.814587178465,10.1040507478
9.686124,1.11050253385,1.28066598449,10.8125419561,-0.866370670294,0.814587178465,10.149431623
9.68779,1.21657988406,1.35138421797,10.9217595095,-0.866370670294,0.814587178465,10.149431623
9.689456,1.18122076732,1.31602510123,10.8853536583,-0.77408109096,0.859968053701,10.2401933735
9.691122,1.25193900079,1.28066598449,10.8853536583,-0.866370670294,0.76920630323,10.149431623
9.692788,1.21657988406,1.31602510123,10.9217595095,-0.866370670294,0.76920630323,10.149431623
9.694454,1.18122076732,1.24530686776,10.8853536583,-0.866370670294,0.723825427995,10.149431623
9.69612,1.21657988406,1.28066598449,10.9217595095,-0.866370670294,0.76920630323,10.1948124982
9.697786,1.18122076732,1.31602510123,10.8853536583,-0.820225880627,0.76920630323,10.1948124982
9.699452,1.32265723427,1.35138421797,10.9217595095,-0.866370670294,0.76920630323,10.1948124982
9.701118,1.21657988406,1.31602510123,10.9581653606,-0.727936301293,0.859968053701,10.2855742487
9.702784,1.18122076732,1.28066598449,10.8853536583,-0.866370670294,0.76920630323,10.149431623
9.70445,1.18122076732,1.28066598449,10.9217595095,-0.866370670294,0.723825427995,10.149431623
9.706116,1.21657988406,1.28066598449,10.9581653606,-0.866370670294,0.76920630323,10.149431623
9.707782,1.32265723427,1.42210245144,11.0287016972,-0.727936301293,0.859968053701,10.2855742487
9.709448,1.25193900079,1.28066598449,10.9581653606,-0.820225880627,0.76920630323,10.1948124982
9.711114,1.18122076732,1.28066598449,10.8853536583,-0.77408109096,0.814587178465,10.2401933735
9.71278,1.21657988406,1.28066598449,10.9217595095,-0.866370670294,0.76920630323,10.1948124982
9.714446,1.21657988406,1.28066598449,10.9217595095,-0.820225880627,0.76920630323,10.1948124982
9.716112,1.32265723427,1.35138421797,10.9922958461,-0.77408109096,0.814587178465,10.2401933735
9.717778,1.28729811753,1.31602510123,10.9922958461,-0.727936301293,0.905348928936,10.2855742487
9.719444,1.18122076732,1.28066598449,10.8853536583,-0.866370670294,0.76920630323,10.1948124982
9.72111,1.21657988406,1.28066598449,10.9217595095,-0.866370670294,0.76920630323,10.149431623
9.722776,1.25193900079,1.31602510123,10.9217595095,-0.866370670294,0.76920630323,10.149431623
9.724442,1.18122076732,1.3867433347,11.0651075483,-0.866370670294,0.814587178465,10.1948124982
9.726108,1.25193900079,1.31602510123,10.9217595095,-0.820225880627,0.76920630323,10.1948124982
9.727774,1.21657988406,1.31602510123,10.8853536583,-0.820225880627,0.76920630323,10.1948124982
9.72944,1.21657988406,1.28066598449,10.9217595095,-0.866370670294,0.76920630323,10.1948124982
9.731106,1.21657988406,1.31602510123,10.9217595095,-0.820225880627,0.76920630323,10.1948124982
9.732772,1.18122076732,1.24530686776,10.9217595095,-0.820225880627,0.814587178465,10.1948124982
9.734438,1.21657988406,1.31602510123,10.9217595095,-0.820225880627,0.76920630323,10.1948124982
9.736104,1.21657988406,1.28066598449,10.9217595095,-0.820225880627,0.76920630323,10.1948124982
9.73777,1.28729811753,1.31602510123,10.8853536583,-0.820225880627,0.76920630323,10.1948124982
9.739436,1.25193900079,1.31602510123,10.9217595095,-0.727936301293,0.905348928936,10.2855742487
9.741102,1.18122076732,1.20994775102,10.8853536583,-0.866370670294,0.723825427995,10.1948124982
9.742768,1.21657988406,1.28066598449,10.9217595095,-0.866370670294,0.723825427995,10.1948124982
9.744434,1.21657988406,1.31602510123,10.8853536583,-0.820225880627,0.76920630323,10.1948124982
9.7461,1.35801635101,1.3867433347,10.9581653606,-0.820225880627,0.76920630323,10.1948124982
9.747766,1.21657988406,1.31602510123,10.8853536583,-0.820225880627,0.76920630323,10.149431623
9.749432,1.18122076732,1.20994775102,10.8853536583,-0.820225880627,0.76920630323,10.149431623
9.751098,1.21657988406,1.28066598449,10.8853536583,-0.820225880627,0.76920630323,10.1948124982
9.752764,1.21657988406,1.31602510123,10.9217595095,-0.820225880627,0.814587178465,10.149431623
9.75443,1.18122076732,1.28066598449,10.9922958461,-0.77408109096,0.814587178465,10.149431623
9.756096,1.21657988406,1.31602510123,10.8853536583,-0.820225880627,0.814587178465,10.149431623
9.757762,1.21657988406,1.28066598449,10.8853536583,-0.820225880627,0.76920630323,10.149431623
9.759428,1.25193900079,1.28066598449,10.8853536583,-0.820225880627,0.76920630323,10.149431623
9.761094,1.25193900079,1.31602510123,10.8853536583,-0.820225880627,0.76920630323,10.149431623
9.76276,1.18122076732,1.20994775102,10.9217595095,-0.866370670294,0.76920630323,10.1040507478
9.764426,1.25193900079,1.31602510123,10.8853536583,-0.866370670294,0.723825427995,10.1040507478
9.766092,1.21657988406,1.28066598449,10.8489478072,-0.820225880627,0.76920630323,10.1040507478
9.767758,1.21657988406,1.31602510123,10.8489478072,-0.820225880627,0.76920630323,10.1040507478
9.769424,1.21657988406,1.35138421797,10.8853536583,-0.820225880627,0.76920630323,10.1040507478
9.77109,1.18122076732,1.20994775102,10.7761361049,-0.820225880627,0.76920630323,10.1040507478
9.772756,1.21657988406,1.31602510123,10.8489478072,-0.820225880627,0.76920630323,10.149431623
9.774422,1.25193900079,1.31602510123,10.8853536583,-0.820225880627,0.76920630323,10.1040507478
9.776088,1.28729811753,1.35138421797,10.8853536583,-0.820225880627,0.76920630323,10.1040507478
9.777754,1.21657988406,1.31602510123,10.8853536583,-0.820225880627,0.814587178465,10.1040507478
9.77942,1.18122076732,1.24530686776,10.8125419561,-0.820225880627,0.814587178465,10.1040507478
9.781086,1.21657988406,1.28066598449,10.8489478072,-0.866370670294,0.76920630323,10.0586698725
9.782752,1.21657988406,1.28066598449,10.8489478072,-0.866370670294,0.76920630323,10.0586698725
9.784418,1.32265723427,1.42210245144,10.8853536583,-0.77408109096,0.859968053701,10.1948124982
9.786084,1.21657988406,1.31602510123,10.8489478072,-0.77408109096,0.905348928936,10.149431623
9.78775,1.18122076732,1.28066598449,10.8125419561,-0.866370670294,0.76920630323,10.0586698725
9.789416,1.18122076732,1.28066598449,10.7761361049,-0.866370670294,0.76920630323,10.0586698725
9.791082,1.21657988406,1.31602510123,10.8489478072,-0.820225880627,0.723825427995,10.0586698725
9.792748,1.11050253385,1.20994775102,10.7761361049,-0.866370670294,0.723825427995,10.0586698725
9.794414,1.18122076732,1.28066598449,10.8489478072,-0.820225880627,0.723825427995,10.0586698725
9.79608,1.18122076732,1.20994775102,10.8125419561,-0.820225880627,0.723825427995,10.1040507478
9.797746,1.25193900079,1.24530686776,10.8125419561,-0.866370670294,0.723825427995,10.0586698725
9.799412,1.21657988406,1.28066598449,10.8125419561,-0.820225880627,0.76920630323,10.1040507478
9.801078,1.14586165058,1.24530686776,10.7761361049,-0.866370670294,0.723825427995,10.0132889973
9.802744,1.18122076732,1.31602510123,10.8125419561,-0.866370670294,0.76920630323,10.0586698725
9.80441,1.21657988406,1.28066598449,10.8125419561,-0.820225880627,0.76920630323,10.0132889973
9.806076,1.28729811753,1.35138421797,10.8853536583,-0.820225880627,0.76920630323,10.0586698725
9.807742,1.21657988406,1.31602510123,10.8125419561,-0.866370670294,0.76920630323,10.0586698725
9.809408,1.14586165058,1.20994775102,10.7761361049,-0.866370670294,0.723825427995,10.0132889973
9.811074,1.18122076732,1.24530686776,10.8125419561,-0.866370670294,0.723825427995,10.0586698725
9.81274,1.18122076732,1.31602510123,10.8125419561,-0.866370670294,0.723825427995,10.0132889973
9.814406,1.14586165058,1.31602510123,10.9217595095,-0.866370670294,0.723825427995,10.0132889973
9.816072,1.18122076732,1.28066598449,10.8489478072,-0.866370670294,0.76920630323,10.0586698725
9.817738,1.18122076732,1.28066598449,10.8125419561,-0.866370670294,0.76920630323,10.0586698725
9.819404,1.18122076732,1.28066598449,10.7761361049,-0.866370670294,0.723825427995,10.0132889973
9.82107,1.18122076732,1.28066598449,10.8489478072,-0.77408109096,0.859968053701,10.1040507478
9.822736,1.11050253385,1.20994775102,10.7397302538,-0.866370670294,0.76920630323,10.0586698725
9.824402,1.14586165058,1.24530686776,10.8125419561,-0.866370670294,0.723825427995,10.0586698725
9.826068,1.18122076732,1.20994775102,10.8489478072,-0.912515459961,0.723825427995,10.0586698725
9.827734,1.25193900079,1.31602510123,10.8489478072,-0.866370670294,0.723825427995,10.0586698725
9.8294,1.18122076732,1.24530686776,10.8853536583,-0.866370670294,0.723825427995,10.0586698725
9.831066,1.18122076732,1.20994775102,10.8125419561,-0.866370670294,0.723825427995,10.0586698725
9.832732,1.18122076732,1.20994775102,10.8125419561,-0.866370670294,0.678444552759,10.0586698725
9.834398,1.18122076732,1.24530686776,10.8489478072,-0.866370670294,0.678444552759,10.0586698725
9.836064,1.14586165058,1.31602510123,10.9581653606,-0.866370670294,0.723825427995,10.0586698725
9.83773,1.18122076732,1.28066598449,10.8853536583,-0.866370670294,0.678444552759,10.0586698725
9.839396,1.18122076732,1.20994775102,10.8125419561,-0.866370670294,0.678444552759,10.0586698725
9.841062,1.18122076732,1.20994775102,10.8125419561,-0.866370670294,0.678444552759,10.0586698725
9.842728,1.18122076732,1.24530686776,10.8853536583,-0.866370670294,0.678444552759,10.0586698725
9.844394,1.14586165058,1.17458863428,10.7761361049,-0.912515459961,0.678444552759,10.0586698725
9.84606,1.18122076732,1.28066598449,10.8853536583,-0.866370670294,0.723825427995,10.1040507478
9.847726,1.18122076732,1.20994775102,10.8489478072,-0.866370670294,0.678444552759,10.0586698725
9.849392,1.21657988406,1.20994775102,10.8489478072,-0.866370670294,0.723825427995,10.0586698725
9.851058,1.18122076732,1.24530686776,10.8853536583,-0.866370670294,0.678444552759,10.0586698725
9.852724,1.11050253385,1.13922951755,10.7761361049,-0.912515459961,0.678444552759,10.0586698725
9.85439,1.18122076732,1.28066598449,10.8853536583,-0.866370670294,0.723825427995,10.149431623
9.856056,1.18122076732,1.20994775102,10.8853536583,-0.866370670294,0.678444552759,10.1040507478
9.857722,1.21657988406,1.28066598449,10.8489478072,-0.77408109096,0.76920630323,10.1948124982
9.859388,1.21657988406,1.24530686776,10.9217595095,-0.866370670294,0.678444552759,10.1040507478
9.861054,1.14586165058,1.17458863428,10.8125419561,-0.866370670294,0.678444552759,10.1040507478
9.86272,1.18122076732,1.20994775102,10.8853536583,-0.866370670294,0.678444552759,10.1040507478
9.864386,1.21657988406,1.20994775102,10.8853536583,-0.866370670294,0.678444552759,10.1040507478
9.866052,1.28729811753,1.35138421797,10.9217595095,-0.866370670294,0.678444552759,10.1040507478
9.867718,1.18122076732,1.28066598449,10.9217595095,-0.866370670294,0.678444552759,10.1040507478
9.869384,1.18122076732,1.20994775102,10.8489478072,-0.820225880627,0.723825427995,10.149431623
9.87105,1.18122076732,1.20994775102,10.8853536583,-0.77408109096,0.76920630323,10.1948124982
9.872716,1.21657988406,1.20994775102,10.9217595095,-0.866370670294,0.678444552759,10.1040507478
9.874382,1.11050253385,1.13922951755,10.8853536583,-0.866370670294,0.678444552759,10.149431623
9.876048,1.18122076732,1.24530686776,10.9217595095,-0.866370670294,0.723825427995,10.149431623
9.877714,1.18122076732,1.20994775102,10.8853536583,-0.866370670294,0.678444552759,10.149431623
9.87938,1.18122076732,1.24530686776,10.8853536583,-0.866370670294,0.723825427995,10.149431623
9.881046,1.21657988406,1.24530686776,10.9217595095,-0.866370670294,0.678444552759,10.149431623
9.882712,1.14586165058,1.17458863428,10.8853536583,-0.77408109096,0.76920630323,10.1948124982
9.884378,1.21657988406,1.28066598449,10.9217595095,-0.866370670294,0.678444552759,10.149431623
9.886044,1.18122076732,1.20994775102,10.8853536583,-0.866370670294,0.723825427995,10.1948124982
9.88771,1.21657988406,1.24530686776,10.8489478072,-0.820225880627,0.723825427995,10.149431623
9.889376,1.21657988406,1.28066598449,10.9217595095,-0.820225880627,0.76920630323,10.149431623
9.891042,1.11050253385,1.17458863428,10.9217595095,-0.866370670294,0.723825427995,10.149431623
9.892708,1.21657988406,1.24530686776,10.9217595095,-0.866370670294,0.723825427995,10.149431623
9.894374,1.18122076732,1.20994775102,10.8853536583,-0.866370670294,0.723825427995,10.149431623
9.89604,1.28729811753,1.28066598449,10.8853536583,-0.820225880627,0.723825427995,10.1948124982
9.897706,1.21657988406,1.20994775102,10.9217595095,-0.820225880627,0.723825427995,10.149431623
9.899372,1.18122076732,1.24530686776,10.8489478072,-0.727936301293,0.814587178465,10.2401933735
9.901038,1.18122076732,1.20994775102,10.8853536583,-0.77408109096,0.814587178465,10.2401933735
9.902704,1.18122076732,1.24530686776,10.8853536583,-0.77408109096,0.814587178465,10.1948124982
9.90437,1.32265723427,1.35138421797,10.9217595095,-0.77408109096,0.814587178465,10.2401933735
9.906036,1.25193900079,1.28066598449,10.8853536583,-0.77408109096,0.814587178465,10.1948124982
9.907702,1.18122076732,1.24530686776,10.8489478072,-0.866370670294,0.723825427995,10.149431623
9.909368,1.21657988406,1.24530686776,10.8853536583,-0.820225880627,0.76920630323,10.149431623
9.911034,1.21657988406,1.24530686776,10.8853536583,-0.866370670294,0.76920630323,10.149431623
9.9127,1.11050253385,1.24530686776,10.9581653606,-0.820225880627,0.76920630323,10.149431623
9.914366,1.21657988406,1.28066598449,10.8853536583,-0.866370670294,0.76920630323,10.1040507478
9.916032,1.18122076732,1.28066598449,10.8853536583,-0.820225880627,0.76920630323,10.149431623
9.917698,1.21657988406,1.28066598449,10.8853536583,-0.866370670294,0.76920630323,10.149431623
9.919364,1.21657988406,1.28066598449,10.9217595095,-0.820225880627,0.814587178465,10.149431623
9.92103,1.11050253385,1.35138421797,10.9922958461,-0.866370670294,0.76920630323,10.1040507478
9.922696,1.21657988406,1.31602510123,10.8853536583,-0.820225880627,0.814587178465,10.149431623
9.924362,1.21657988406,1.28066598449,10.8853536583,-0.866370670294,0.76920630323,10.149431623
9.926028,1.18122076732,1.28066598449,10.8853536583,-0.866370670294,0.814587178465,10.149431623
9.927694,1.21657988406,1.31602510123,10.8853536583,-0.820225880627,0.814587178465,10.149431623
9.92936,1.14586165058,1.24530686776,10.9217595095,-0.866370670294,0.76920630323,10.1040507478
9.931026,1.21657988406,1.31602510123,10.8853536583,-0.866370670294,0.76920630323,10.1040507478
9.932692,1.18122076732,1.28066598449,10.8853536583,-0.866370670294,0.814587178465,10.149431623
9.934358,1.21657988406,1.28066598449,10.8853536583,-0.820225880627,0.814587178465,10.149431623
9.936024,1.21657988406,1.31602510123,10.8853536583,-0.820225880627,0.814587178465,10.149431623
9.93769,1.18122076732,1.24530686776,10.7761361049,-0.866370670294,0.76920630323,10.149431623
9.939356,1.21657988406,1.31602510123,10.8853536583,-0.866370670294,0.814587178465,10.149431623
9.941022,1.21657988406,1.31602510123,10.8853536583,-0.866370670294,0.814587178465,10.1040507478
9.942688,1.21657988406,1.31602510123,10.8853536583,-0.866370670294,0.814587178465,10.149431623
9.944354,1.21657988406,1.35138421797,10.8853536583,-0.866370670294,0.76920630323,10.1040507478
9.94602,1.18122076732,1.28066598449,10.8125419561,-0.820225880627,0.859968053701,10.149431623
9.947686,1.18122076732,1.35138421797,10.8853536583,-0.866370670294,0.814587178465,10.149431623
9.949352,1.21657988406,1.31602510123,10.8853536583,-0.866370670294,0.814587178465,10.149431623
9.951018,1.28729811753,1.3867433347,10.8853536583,-0.866370670294,0.814587178465,10.149431623
9.952684,1.21657988406,1.31602510123,10.8853536583,-0.820225880627,0.814587178465,10.149431623
9.95435,1.18122076732,1.28066598449,10.8125419561,-0.866370670294,0.814587178465,10.149431623
9.956016,1.18122076732,1.31602510123,10.8853536583,-0.820225880627,0.814587178465,10.149431623
9.957682,1.21657988406,1.31602510123,10.8853536583,-0.866370670294,0.814587178465,10.149431623
9.959348,1.11050253385,1.3867433347,10.9922958461,-0.820225880627,0.814587178465,10.149431623
9.961014,1.21657988406,1.31602510123,10.8853536583,-0.820225880627,0.814587178465,10.149431623
9.96268,1.18122076732,1.31602510123,10.8125419561,-0.866370670294,0.814587178465,10.149431623
9.964346,1.18122076732,1.31602510123,10.8489478072,-0.866370670294,0.814587178465,10.149431623
9.966012,1.21657988406,1.28066598449,10.8853536583,-0.820225880627,0.859968053701,10.1948124982
9.967678,1.14586165058,1.28066598449,10.8125419561,-0.820225880627,0.814587178465,10.149431623
9.969344,1.18122076732,1.31602510123,10.8853536583,-0.866370670294,0.814587178465,10.149431623
9.97101,1.21657988406,1.35138421797,10.8853536583,-0.866370670294,0.814587178465,10.149431623
9.972676,1.25193900079,1.3867433347,10.8853536583,-0.866370670294,0.859968053701,10.149431623
9.974342,1.18122076732,1.35138421797,10.8853536583,-0.866370670294,0.814587178465,10.149431623
9.976008,1.18122076732,1.28066598449,10.8125419561,-0.866370670294,0.814587178465,10.149431623
9.977674,1.18122076732,1.31602510123,10.8853536583,-0.866370670294,0.814587178465,10.1040507478
9.97934,1.18122076732,1.31602510123,10.8853536583,-0.866370670294,0.814587178465,10.149431623
9.981006,1.28729811753,1.42210245144,10.9217595095,-0.866370670294,0.814587178465,10.149431623
9.982672,1.18122076732,1.35138421797,10.8853536583,-0.866370670294,0.814587178465,10.149431623
9.984338,1.18122076732,1.31602510123,10.8489478072,-0.866370670294,0.814587178465,10.149431623
9.986004,1.18122076732,1.31602510123,10.8853536583,-0.912515459961,0.76920630323,10.149431623
9.98767,1.18122076732,1.35138421797,10.9217595095,-0.77408109096,0.905348928936,10.2401933735
9.989336,1.07514341711,1.28066598449,10.9581653606,-0.866370670294,0.76920630323,10.149431623
9.991002,1.21657988406,1.31602510123,10.8853536583,-0.866370670294,0.76920630323,10.149431623
9.992668,1.18122076732,1.28066598449,10.8853536583,-0.912515459961,0.814587178465,10.149431623
9.994334,1.14586165058,1.28066598449,10.8853536583,-0.866370670294,0.76920630323,10.149431623
9.996,1.18122076732,1.35138421797,10.9217595095,-0.866370670294,0.76920630323,10.149431623
9.997666,1.07514341711,1.24530686776,10.8125419561,-0.866370670294,0.76920630323,10.149431623
9.999332,1.14586165058,1.31602510123,10.9217595095,-0.820225880627,0.859968053701,10.2401933735
10.000998,1.18122076732,1.31602510123,10.8853536583,-0.820225880627,0.859968053701,10.2401933735
10.002664,1.18122076732,1.28066598449,10.8853536583,-0.866370670294,0.814587178465,10.1948124982
10.00433,1.18122076732,1.28066598449,10.9581653606,-0.912515459961,0.76920630323,10.149431623
10.005996,1.11050253385,1.28066598449,10.8489478072,-0.912515459961,0.76920630323,10.149431623
10.007662,1.11050253385,1.31602510123,10.9217595095,-0.912515459961,0.814587178465,10.149431623
10.009328,1.14586165058,1.31602510123,10.8853536583,-0.912515459961,0.76920630323,10.1948124982
10.010994,1.18122076732,1.28066598449,10.9217595095,-0.820225880627,0.814587178465,10.2401933735
10.01266,1.18122076732,1.31602510123,10.9581653606,-0.912515459961,0.723825427995,10.149431623
10.014326,1.07514341711,1.20994775102,10.8489478072,-0.912515459961,0.76920630323,10.149431623
10.015992,1.14586165058,1.31602510123,10.9217595095,-0.866370670294,0.905348928936,10.2401933735
10.017658,1.14586165058,1.31602510123,10.9217595095,-0.912515459961,0.76920630323,10.149431623
10.019324,1.21657988406,1.3867433347,10.9922958461,-0.866370670294,0.859968053701,10.1948124982
10.02099,1.14586165058,1.28066598449,10.9922958461,-0.912515459961,0.76920630323,10.149431623
10.022656,1.07514341711,1.28066598449,10.8853536583,-0.912515459961,0.76920630323,10.1040507478
10.024322,1.11050253385,1.28066598449,10.9217595095,-0.958660249627,0.76920630323,10.149431623
10.025988,1.18122076732,1.31602510123,10.9581653606,-0.958660249627,0.76920630323,10.1040507478
10.027654,1.03978430037,1.31602510123,11.0287016972,-0.912515459961,0.76920630323,10.149431623
10.02932,1.11050253385,1.31602510123,10.9217595095,-0.912515459961,0.76920630323,10.149431623
10.030986,1.11050253385,1.28066598449,10.8853536583,-0.866370670294,0.76920630323,10.1948124982
10.032652,1.11050253385,1.20994775102,10.8853536583,-0.958660249627,0.723825427995,10.1040507478
10.034318,1.14586165058,1.24530686776,10.9217595095,-0.912515459961,0.723825427995,10.149431623
10.035984,1.07514341711,1.20994775102,10.8853536583,-0.912515459961,0.76920630323,10.149431623
10.03765,1.11050253385,1.28066598449,10.9217595095,-0.912515459961,0.76920630323,10.149431623
10.039316,1.11050253385,1.28066598449,10.8853536583,-0.912515459961,0.723825427995,10.149431623
10.040982,1.18122076732,1.31602510123,10.8853536583,-0.958660249627,0.76920630323,10.149431623
10.042648,1.14586165058,1.31602510123,10.9217595095,-0.866370670294,0.814587178465,10.1948124982
10.044314,1.07514341711,1.20994775102,10.8489478072,-0.958660249627,0.723825427995,10.1040507478
10.04598,1.11050253385,1.28066598449,10.8853536583,-0.912515459961,0.76920630323,10.149431623
10.047646,1.14586165058,1.28066598449,10.8853536583,-0.958660249627,0.723825427995,10.149431623
10.049312,1.07514341711,1.31602510123,10.9922958461,-0.958660249627,0.723825427995,10.1040507478
10.050978,1.14586165058,1.31602510123,10.9217595095,-0.912515459961,0.723825427995,10.149431623
10.052644,1.07514341711,1.28066598449,10.8489478072,-0.912515459961,0.76920630323,10.1040507478
10.05431,1.11050253385,1.24530686776,10.8853536583,-0.912515459961,0.76920630323,10.149431623
10.055976,1.14586165058,1.28066598449,10.8853536583,-0.912515459961,0.723825427995,10.1040507478
10.057642,1.21657988406,1.35138421797,10.9217595095,-0.958660249627,0.723825427995,10.1040507478
10.059308,1.14586165058,1.28066598449,10.8853536583,-0.958660249627,0.678444552759,10.1040507478
10.060974,1.07514341711,1.24530686776,10.8489478072,-0.958660249627,0.723825427995,10.1040507478
10.06264,1.11050253385,1.28066598449,10.8853536583,-0.958660249627,0.76920630323,10.1040507478
10.064306,1.14586165058,1.28066598449,10.8853536583,-0.912515459961,0.723825427995,10.1040507478
10.065972,1.07514341711,1.31602510123,10.9217595095,-0.912515459961,0.76920630323,10.1040507478
10.067638,1.11050253385,1.24530686776,10.8853536583,-0.912515459961,0.723825427995,10.1040507478
10.069304,1.11050253385,1.24530686776,10.8489478072,-0.912515459961,0.723825427995,10.1040507478
10.07097,1.11050253385,1.28066598449,10.8125419561,-0.912515459961,0.723825427995,10.1040507478
10.072636,1.14586165058,1.28066598449,10.8853536583,-0.912515459961,0.723825427995,10.1040507478
10.074302,1.03978430037,1.20994775102,10.9217595095,-0.912515459961,0.678444552759,10.0586698725
10.075968,1.18122076732,1.28066598449,10.8489478072,-0.820225880627,0.859968053701,10.1948124982
10.077634,1.11050253385,1.28066598449,10.8125419561,-0.912515459961,0.723825427995,10.1040507478
10.0793,1.11050253385,1.24530686776,10.7761361049,-0.912515459961,0.723825427995,10.1040507478
10.080966,1.18122076732,1.31602510123,10.8853536583,-0.912515459961,0.76920630323,10.1040507478
10.082632,1.07514341711,1.20994775102,10.7397302538,-0.912515459961,0.76920630323,10.1040507478
10.084298,1.14586165058,1.28066598449,10.8125419561,-0.866370670294,0.76920630323,10.1040507478
10.085964,1.14586165058,1.28066598449,10.8125419561,-0.866370670294,0.76920630323,10.1040507478
10.08763,1.18122076732,1.28066598449,10.8125419561,-0.866370670294,0.723825427995,10.1040507478
10.089296,1.18122076732,1.28066598449,10.8853536583,-0.912515459961,0.723825427995,10.0586698725
10.090962,1.11050253385,1.20994775102,10.7761361049,-0.912515459961,0.76920630323,10.0586698725
10.092628,1.11050253385,1.28066598449,10.8125419561,-0.866370670294,0.76920630323,10.1040507478
10.094294,1.18122076732,1.28066598449,10.8125419561,-0.912515459961,0.723825427995,10.0586698725
10.09596,1.21657988406,1.35138421797,10.8853536583,-0.866370670294,0.814587178465,10.1040507478
10.097626,1.14586165058,1.28066598449,10.8489478072,-0.77408109096,0.859968053701,10.149431623
10.099292,1.14586165058,1.24530686776,10.7761361049,-0.820225880627,0.814587178465,10.149431623
10.100958,1.14586165058,1.28066598449,10.7761361049,-0.820225880627,0.814587178465,10.149431623
10.102624,1.18122076732,1.28066598449,10.8125419561,-0.912515459961,0.723825427995,10.0586698725
10.10429,1.07514341711,1.24530686776,10.8853536583,-0.912515459961,0.76920630323,10.0586698725
10.105956,1.14586165058,1.28066598449,10.8125419561,-0.912515459961,0.76920630323,10.0586698725
10.107622,1.14586165058,1.28066598449,10.8125419561,-0.912515459961,0.723825427995,10.0586698725
10.109288,1.18122076732,1.24530686776,10.7761361049,-0.912515459961,0.723825427995,10.0586698725
10.110954,1.18122076732,1.31602510123,10.8853536583,-0.820225880627,0.814587178465,10.1040507478
10.11262,1.07514341711,1.24530686776,10.7397302538,-0.866370670294,0.76920630323,10.0586698725
10.114286,1.14586165058,1.24530686776,10.8125419561,-0.866370670294,0.723825427995,10.0586698725
10.115952,1.18122076732,1.24530686776,10.8125419561,-0.912515459961,0.76920630323,10.0586698725
10.117618,1.21657988406,1.35138421797,10.8853536583,-0.866370670294,0.723825427995,10.1040507478
10.119284,1.18122076732,1.31602510123,10.8489478072,-0.866370670294,0.814587178465,10.1040507478
10.12095,1.14586165058,1.20994775102,10.8125419561,-0.912515459961,0.76920630323,10.0586698725
10.122616,1.14586165058,1.28066598449,10.7761361049,-0.866370670294,0.814587178465,10.149431623
10.124282,1.18122076732,1.31602510123,10.8125419561,-0.866370670294,0.814587178465,10.1040507478
10.125948,1.07514341711,1.24530686776,10.9217595095,-0.866370670294,0.814587178465,10.1040507478
10.127614,1.18122076732,1.28066598449,10.8489478072,-0.866370670294,0.76920630323,10.1040507478
10.12928,1.14586165058,1.24530686776,10.8125419561,-0.866370670294,0.76920630323,10.1040507478
10.130946,1.18122076732,1.28066598449,10.8125419561,-0.77408109096,0.859968053701,10.1948124982
10.132612,1.18122076732,1.31602510123,10.7761361049,-0.866370670294,0.76920630323,10.1040507478
10.134278,1.07514341711,1.28066598449,10.9217595095,-0.77408109096,0.859968053701,10.1948124982
10.135944,1.18122076732,1.28066598449,10.8853536583,-0.866370670294,0.76920630323,10.1040507478
10.13761,1.14586165058,1.28066598449,10.8489478072,-0.912515459961,0.76920630323,10.1040507478
10.139276,1.18122076732,1.28066598449,10.8125419561,-0.866370670294,0.76920630323,10.1040507478
10.140942,1.18122076732,1.28066598449,10.8853536583,-0.77408109096,0.905348928936,10.1948124982
10.142608,1.07514341711,1.24530686776,10.7761361049,-0.866370670294,0.76920630323,10.1040507478
10.144274,1.18122076732,1.31602510123,10.8853536583,-0.866370670294,0.76920630323,10.1040507478
10.14594,1.18122076732,1.28066598449,10.8853536583,-0.866370670294,0.814587178465,10.1040507478
10.147606,1.21657988406,1.31602510123,10.8853536583,-0.77408109096,0.905348928936,10.2401933735
10.149272,1.18122076732,1.31602510123,10.8853536583,-0.912515459961,0.76920630323,10.1040507478
10.150938,1.14586165058,1.20994775102,10.8125419561,-0.912515459961,0.814587178465,10.149431623
10.152604,1.18122076732,1.31602510123,10.8853536583,-0.912515459961,0.814587178465,10.149431623
10.15427,1.18122076732,1.28066598449,10.8853536583,-0.866370670294,0.76920630323,10.149431623
10.155936,1.21657988406,1.35138421797,10.9581653606,-0.866370670294,0.76920630323,10.149431623
10.157602,1.18122076732,1.31602510123,10.8853536583,-0.912515459961,0.814587178465,10.149431623
10.159268,1.18122076732,1.28066598449,10.8489478072,-0.912515459961,0.76920630323,10.149431623
10.160934,1.18122076732,1.28066598449,10.8853536583,-0.820225880627,0.814587178465,10.1948124982
10.1626,1.18122076732,1.31602510123,10.8853536583,-0.866370670294,0.814587178465,10.149431623
10.164266,1.21657988406,1.42210245144,10.9922958461,-0.866370670294,0.814587178465,10.149431623
10.165932,1.18122076732,1.31602510123,10.8853536583,-0.866370670294,0.814587178465,10.1948124982
10.167598,1.14586165058,1.24530686776,10.8853536583,-0.866370670294,0.814587178465,10.149431623
10.169264,1.14586165058,1.31602510123,10.9217595095,-0.866370670294,0.76920630323,10.149431623
10.17093,1.18122076732,1.28066598449,10.9217595095,-0.912515459961,0.76920630323,10.149431623
10.172596,1.28729811753,1.42210245144,10.9217595095,-0.77408109096,0.905348928936,10.2855742487
10.174262,1.18122076732,1.31602510123,10.9217595095,-0.866370670294,0.814587178465,10.1948124982
10.175928,1.14586165058,1.24530686776,10.8853536583,-0.77408109096,0.905348928936,10.2855742487
10.177594,1.14586165058,1.28066598449,10.9217595095,-0.820225880627,0.859968053701,10.2855742487
10.17926,1.18122076732,1.31602510123,10.9217595095,-0.912515459961,0.76920630323,10.149431623
10.180926,1.11050253385,1.3867433347,11.0287016972,-0.912515459961,0.76920630323,10.1948124982
10.182592,1.18122076732,1.31602510123,10.9217595095,-0.866370670294,0.76920630323,10.149431623
10.184258,1.18122076732,1.28066598449,10.8853536583,-0.912515459961,0.76920630323,10.149431623
10.185924,1.14586165058,1.28066598449,10.8853536583,-0.912515459961,0.76920630323,10.1948124982
10.18759,1.18122076732,1.35138421797,10.9581653606,-0.912515459961,0.76920630323,10.1948124982
10.189256,1.11050253385,1.24530686776,10.8853536583,-0.820225880627,0.859968053701,10.2401933735
10.190922,1.18122076732,1.31602510123,10.9217595095,-0.912515459961,0.76920630323,10.1948124982
10.192588,1.18122076732,1.31602510123,10.9217595095,-0.912515459961,0.76920630323,10.149431623
10.194254,1.21657988406,1.35138421797,10.9217595095,-0.912515459961,0.76920630323,10.149431623
10.19592,1.18122076732,1.31602510123,10.9217595095,-0.912515459961,0.814587178465,10.1948124982
10.197586,1.11050253385,1.31602510123,10.8853536583,-0.912515459961,0.76920630323,10.1948124982
10.199252,1.14586165058,1.31602510123,10.9217595095,-0.912515459961,0.76920630323,10.149431623
10.200918,1.18122076732,1.31602510123,10.9217595095,-0.912515459961,0.814587178465,10.149431623
10.202584,1.21657988406,1.3867433347,11.0287016972,-0.912515459961,0.76920630323,10.149431623
10.20425,1.18122076732,1.31602510123,10.9217595095,-0.866370670294,0.814587178465,10.1948124982
10.205916,1.07514341711,1.31602510123,10.8853536583,-0.820225880627,0.905348928936,10.2401933735
10.207582,1.14586165058,1.28066598449,10.9217595095,-0.820225880627,0.859968053701,10.2855742487
10.209248,1.14586165058,1.31602510123,10.9217595095,-0.912515459961,0.76920630323,10.149431623
10.210914,1.11050253385,1.3867433347,11.0287016972,-0.912515459961,0.76920630323,10.149431623
10.21258,1.18122076732,1.31602510123,10.9217595095,-0.912515459961,0.76920630323,10.149431623
10.214246,1.14586165058,1.31602510123,10.8853536583,-0.912515459961,0.76920630323,10.149431623
10.215912,1.14586165058,1.28066598449,10.9217595095,-0.912515459961,0.76920630323,10.149431623
10.217578,1.18122076732,1.31602510123,10.9581653606,-0.912515459961,0.76920630323,10.149431623
10.219244,1.11050253385,1.28066598449,10.8853536583,-0.912515459961,0.814587178465,10.149431623
10.22091,1.14586165058,1.35138421797,10.9217595095,-0.866370670294,0.814587178465,10.1948124982
10.222576,1.18122076732,1.28066598449,10.9217595095,-0.912515459961,0.76920630323,10.1040507478
10.224242,1.18122076732,1.35138421797,10.8853536583,-0.912515459961,0.814587178465,10.149431623
10.225908,1.14586165058,1.35138421797,10.9217595095,-0.912515459961,0.814587178465,10.149431623
10.227574,1.11050253385,1.20994775102,10.8853536583,-0.866370670294,0.814587178465,10.1948124982
10.22924,1.14586165058,1.31602510123,10.8853536583,-0.912515459961,0.76920630323,10.1040507478
10.230906,1.18122076732,1.31602510123,10.9217595095,-0.912515459961,0.76920630323,10.149431623
10.232572,1.25193900079,1.3867433347,10.9581653606,-0.866370670294,0.905348928936,10.1948124982
10.234238,1.14586165058,1.35138421797,10.9217595095,-0.912515459961,0.76920630323,10.1040507478
10.235904,1.11050253385,1.28066598449,10.8489478072,-0.912515459961,0.814587178465,10.1040507478
10.23757,1.11050253385,1.31602510123,10.8853536583,-0.912515459961,0.76920630323,10.1040507478
10.239236,1.18122076732,1.31602510123,10.8853536583,-0.912515459961,0.814587178465,10.1040507478
10.240902,1.25193900079,1.42210245144,10.9217595095,-0.866370670294,0.814587178465,10.1040507478
10.242568,1.18122076732,1.35138421797,10.9217595095,-0.912515459961,0.76920630323,10.1040507478
10.244234,1.11050253385,1.35138421797,10.8489478072,-0.912515459961,0.814587178465,10.1040507478
10.2459,1.11050253385,1.31602510123,10.8853536583,-0.912515459961,0.814587178465,10.1040507478
10.247566,1.18122076732,1.35138421797,10.8853536583,-0.912515459961,0.76920630323,10.1040507478
10.249232,1.07514341711,1.35138421797,10.9922958461,-0.912515459961,0.814587178465,10.0586698725
10.250898,1.18122076732,1.31602510123,10.8853536583,-0.912515459961,0.76920630323,10.1040507478
10.252564,1.11050253385,1.35138421797,10.8489478072,-0.912515459961,0.814587178465,10.1040507478
10.25423,1.18122076732,1.31602510123,10.8125419561,-0.912515459961,0.814587178465,10.0586698725
10.255896,1.18122076732,1.31602510123,10.8853536583,-0.912515459961,0.76920630323,10.0586698725
10.257562,1.07514341711,1.24530686776,10.8853536583,-0.912515459961,0.814587178465,10.1040507478
10.259228,1.14586165058,1.31602510123,10.8489478072,-0.820225880627,0.905348928936,10.1948124982
10.260894,1.18122076732,1.35138421797,10.8125419561,-0.866370670294,0.814587178465,10.0586698725
10.26256,1.18122076732,1.35138421797,10.8489478072,-0.866370670294,0.814587178465,10.1040507478
10.264226,1.18122076732,1.31602510123,10.8853536583,-0.912515459961,0.814587178465,10.0586698725
10.265892,1.07514341711,1.28066598449,10.7761361049,-0.866370670294,0.814587178465,10.0586698725
10.267558,1.18122076732,1.31602510123,10.8489478072,-0.820225880627,0.859968053701,10.149431623
10.269224,1.14586165058,1.28066598449,10.8125419561,-0.912515459961,0.723825427995,10.0586698725
10.27089,1.21657988406,1.35138421797,10.8489478072,-0.912515459961,0.814587178465,10.0586698725
10.272556,1.18122076732,1.35138421797,10.8489478072,-0.866370670294,0.76920630323,10.1040507478
10.274222,1.14586165058,1.28066598449,10.7761361049,-0.912515459961,0.814587178465,10.0586698725
10.275888,1.18122076732,1.31602510123,10.8489478072,-0.77408109096,0.859968053701,10.149431623
10.277554,1.18122076732,1.31602510123,10.8489478072,-0.866370670294,0.814587178465,10.0586698725
10.27922,1.28729811753,1.35138421797,10.8853536583,-0.866370670294,0.814587178465,10.0586698725
10.280886,1.18122076732,1.31602510123,10.8489478072,-0.866370670294,0.814587178465,10.0586698725
10.282552,1.14586165058,1.31602510123,10.8125419561,-0.820225880627,0.859968053701,10.149431623
10.284218,1.18122076732,1.31602510123,10.8125419561,-0.866370670294,0.76920630323,10.0586698725
10.285884,1.18122076732,1.31602510123,10.8125419561,-0.866370670294,0.76920630323,10.1040507478
10.28755,1.25193900079,1.42210245144,10.9217595095,-0.866370670294,0.76920630323,10.1040507478
10.289216,1.21657988406,1.31602510123,10.8853536583,-0.866370670294,0.723825427995,10.1040507478
10.290882,1.18122076732,1.28066598449,10.7761361049,-0.866370670294,0.76920630323,10.0586698725
10.292548,1.18122076732,1.31602510123,10.8489478072,-0.77408109096,0.859968053701,10.149431623
10.294214,1.21657988406,1.31602510123,10.8125419561,-0.820225880627,0.76920630323,10.149431623
10.29588,1.11050253385,1.35138421797,10.9922958461,-0.866370670294,0.76920630323,10.1040507478
10.297546,1.18122076732,1.31602510123,10.8853536583,-0.866370670294,0.723825427995,10.1040507478
10.299212,1.21657988406,1.31602510123,10.8125419561,-0.866370670294,0.76920630323,10.1040507478
10.300878,1.18122076732,1.31602510123,10.8489478072,-0.866370670294,0.76920630323,10.1040507478
10.302544,1.21657988406,1.31602510123,10.8489478072,-0.820225880627,0.814587178465,10.149431623
10.30421,1.14586165058,1.24530686776,10.8853536583,-0.820225880627,0.814587178465,10.149431623
10.305876,1.21657988406,1.31602510123,10.8853536583,-0.820225880627,0.76920630323,10.149431623
10.307542,1.18122076732,1.28066598449,10.8489478072,-0.820225880627,0.76920630323,10.149431623
10.309208,1.25193900079,1.28066598449,10.8489478072,-0.820225880627,0.76920630323,10.1040507478
10.310874,1.25193900079,1.28066598449,10.8853536583,-0.866370670294,0.723825427995,10.1040507478
10.31254,1.18122076732,1.20994775102,10.7761361049,-0.820225880627,0.76920630323,10.1040507478
10.314206,1.21657988406,1.31602510123,10.8853536583,-0.820225880627,0.76920630323,10.149431623
10.315872,1.21657988406,1.28066598449,10.8853536583,-0.820225880627,0.76920630323,10.1040507478
10.317538,1.35801635101,1.35138421797,10.9217595095,-0.820225880627,0.76920630323,10.1040507478
10.319204,1.25193900079,1.31602510123,10.8853536583,-0.866370670294,0.76920630323,10.149431623
10.32087,1.18122076732,1.24530686776,10.8125419561,-0.820225880627,0.76920630323,10.149431623
10.322536,1.21657988406,1.28066598449,10.8853536583,-0.820225880627,0.76920630323,10.149431623
10.324202,1.21657988406,1.28066598449,10.9217595095,-0.820225880627,0.723825427995,10.149431623
10.325868,1.28729811753,1.35138421797,10.9581653606,-0.820225880627,0.76920630323,10.149431623
10.327534,1.21657988406,1.28066598449,10.8853536583,-0.820225880627,0.76920630323,10.149431623
10.3292,1.21657988406,1.20994775102,10.8489478072,-0.820225880627,0.76920630323,10.149431623
10.330866,1.21657988406,1.28066598449,10.8853536583,-0.820225880627,0.76920630323,10.149431623
10.332532,1.25193900079,1.28066598449,10.9217595095,-0.820225880627,0.76920630323,10.149431623
10.334198,1.18122076732,1.20994775102,10.8125419561,-0.820225880627,0.76920630323,10.149431623
10.335864,1.21657988406,1.28066598449,10.9217595095,-0.77408109096,0.76920630323,10.1948124982
10.33753,1.21657988406,1.20994775102,10.8853536583,-0.77408109096,0.814587178465,10.1948124982
10.339196,1.28729811753,1.31602510123,10.9217595095,-0.77408109096,0.814587178465,10.1948124982
10.340862,1.28729811753,1.28066598449,10.9217595095,-0.820225880627,0.76920630323,10.149431623
10.342528,1.21657988406,1.20994775102,10.8489478072,-0.820225880627,0.76920630323,10.149431623
10.344194,1.25193900079,1.20994775102,10.8853536583,-0.820225880627,0.723825427995,10.149431623
10.34586,1.21657988406,1.28066598449,10.8853536583,-0.820225880627,0.814587178465,10.149431623
10.347526,1.25193900079,1.3867433347,11.0287016972,-0.820225880627,0.814587178465,10.1948124982
10.349192,1.25193900079,1.24530686776,10.9217595095,-0.727936301293,0.859968053701,10.2401933735
10.350858,1.21657988406,1.24530686776,10.8853536583,-0.820225880627,0.723825427995,10.149431623
10.352524,1.21657988406,1.24530686776,10.8853536583,-0.820225880627,0.76920630323,10.149431623
10.35419,1.25193900079,1.28066598449,10.9217595095,-0.820225880627,0.814587178465,10.1948124982
10.355856,1.14586165058,1.20994775102,10.9922958461,-0.820225880627,0.814587178465,10.149431623
10.357522,1.25193900079,1.28066598449,10.9217595095,-0.77408109096,0.859968053701,10.2401933735
10.359188,1.21657988406,1.28066598449,10.8853536583,-0.820225880627,0.76920630323,10.149431623
10.360854,1.18122076732,1.28066598449,10.8853536583,-0.820225880627,0.76920630323,10.149431623
10.36252,1.21657988406,1.31602510123,10.9217595095,-0.820225880627,0.76920630323,10.149431623
10.364186,1.18122076732,1.20994775102,10.8489478072,-0.820225880627,0.76920630323,10.149431623
10.365852,1.21657988406,1.28066598449,10.9217595095,-0.820225880627,0.814587178465,10.1948124982
10.367518,1.21657988406,1.28066598449,10.8853536583,-0.77408109096,0.814587178465,10.1948124982
10.369184,1.32265723427,1.35138421797,10.8853536583,-0.77408109096,0.859968053701,10.1948124982
10.37085,1.25193900079,1.28066598449,10.8853536583,-0.727936301293,0.859968053701,10.2401933735
10.372516,1.18122076732,1.24530686776,10.8853536583,-0.820225880627,0.814587178465,10.1948124982
10.374182,1.21657988406,1.24530686776,10.8853536583,-0.866370670294,0.723825427995,10.1040507478
10.375848,1.21657988406,1.31602510123,10.8853536583,-0.820225880627,0.723825427995,10.149431623
10.377514,1.28729811753,1.35138421797,10.9922958461,-0.820225880627,0.76920630323,10.149431623
10.37918,1.21657988406,1.31602510123,10.8853536583,-0.820225880627,0.76920630323,10.149431623
10.380846,1.18122076732,1.20994775102,10.8125419561,-0.820225880627,0.76920630323,10.1948124982
10.382512,1.18122076732,1.28066598449,10.8125419561,-0.820225880627,0.76920630323,10.1040507478
10.384178,1.21657988406,1.31602510123,10.8853536583,-0.820225880627,0.76920630323,10.149431623
10.385844,1.32265723427,1.35138421797,10.9217595095,-0.820225880627,0.814587178465,10.149431623
10.38751,1.21657988406,1.28066598449,10.8489478072,-0.820225880627,0.76920630323,10.149431623
10.389176,1.18122076732,1.20994775102,10.8125419561,-0.866370670294,0.76920630323,10.1040507478
10.390842,1.18122076732,1.28066598449,10.8853536583,-0.820225880627,0.814587178465,10.149431623
10.392508,1.25193900079,1.31602510123,10.8853536583,-0.820225880627,0.76920630323,10.1040507478
10.394174,1.32265723427,1.3867433347,10.9581653606,-0.866370670294,0.76920630323,10.1040507478
10.39584,1.21657988406,1.31602510123,10.8489478072,-0.866370670294,0.723825427995,10.1040507478
10.397506,1.18122076732,1.28066598449,10.8125419561,-0.77408109096,0.814587178465,10.1948124982
10.399172,1.21657988406,1.31602510123,10.8125419561,-0.820225880627,0.814587178465,10.149431623
10.400838,1.21657988406,1.31602510123,10.8853536583,-0.866370670294,0.76920630323,10.1040507478
10.402504,1.11050253385,1.35138421797,10.9217595095,-0.820225880627,0.76920630323,10.1040507478
10.40417,1.18122076732,1.31602510123,10.8853536583,-0.820225880627,0.76920630323,10.1040507478
10.405836,1.21657988406,1.31602510123,10.8125419561,-0.820225880627,0.76920630323,10.1040507478
10.407502,1.21657988406,1.31602510123,10.8125419561,-0.820225880627,0.76920630323,10.1040507478
10.409168,1.21657988406,1.35138421797,10.8853536583,-0.820225880627,0.814587178465,10.1040507478
10.410834,1.14586165058,1.24530686776,10.7761361049,-0.866370670294,0.76920630323,10.1040507478
10.4125,1.18122076732,1.31602510123,10.8853536583,-0.866370670294,0.76920630323,10.1040507478
10.414166,1.18122076732,1.28066598449,10.8853536583,-0.866370670294,0.723825427995,10.1040507478
10.415832,1.32265723427,1.3867433347,10.8853536583,-0.866370670294,0.76920630323,10.0586698725
10.417498,1.18122076732,1.31602510123,10.8853536583,-0.820225880627,0.76920630323,10.0586698725
10.419164,1.18122076732,1.28066598449,10.8125419561,-0.866370670294,0.814587178465,10.0586698725
10.42083,1.18122076732,1.28066598449,10.8125419561,-0.866370670294,0.76920630323,10.0586698725
10.422496,1.21657988406,1.31602510123,10.8853536583,-0.866370670294,0.814587178465,10.1040507478
10.424162,1.28729811753,1.3867433347,10.8853536583,-0.866370670294,0.814587178465,10.0586698725
10.425828,1.21657988406,1.31602510123,10.8853536583,-0.866370670294,0.76920630323,10.0586698725
10.427494,1.14586165058,1.24530686776,10.8125419561,-0.866370670294,0.76920630323,10.0586698725
10.42916,1.18122076732,1.28066598449,10.8489478072,-0.866370670294,0.76920630323,10.1040507478
10.430826,1.21657988406,1.31602510123,10.8853536583,-0.912515459961,0.76920630323,10.0586698725
10.432492,1.11050253385,1.24530686776,10.8853536583,-0.866370670294,0.76920630323,10.0586698725
10.434158,1.18122076732,1.24530686776,10.8853536583,-0.866370670294,0.76920630323,10.1040507478
10.435824,1.18122076732,1.28066598449,10.8125419561,-0.912515459961,0.76920630323,10.0586698725
10.43749,1.18122076732,1.31602510123,10.8125419561,-0.866370670294,0.814587178465,10.0586698725
10.439156,1.18122076732,1.31602510123,10.8853536583,-0.866370670294,0.814587178465,10.0586698725
10.440822,1.11050253385,1.24530686776,10.7761361049,-0.866370670294,0.814587178465,10.0586698725
10.442488,1.18122076732,1.28066598449,10.8853536583,-0.820225880627,0.76920630323,10.1040507478
10.444154,1.18122076732,1.31602510123,10.8853536583,-0.866370670294,0.76920630323,10.0586698725
10.44582,1.25193900079,1.31602510123,10.8853536583,-0.866370670294,0.76920630323,10.1040507478
10.447486,1.21657988406,1.31602510123,10.8853536583,-0.820225880627,0.859968053701,10.149431623
10.449152,1.11050253385,1.20994775102,10.8125419561,-0.866370670294,0.76920630323,10.0586698725
10.450818,1.18122076732,1.28066598449,10.8853536583,-0.77408109096,0.905348928936,10.149431623
10.452484,1.18122076732,1.31602510123,10.8853536583,-0.866370670294,0.76920630323,10.1040507478
10.45415,1.28729811753,1.3867433347,10.9217595095,-0.866370670294,0.76920630323,10.1040507478
10.455816,1.18122076732,1.31602510123,10.8853536583,-0.912515459961,0.76920630323,10.0586698725
10.457482,1.11050253385,1.24530686776,10.8125419561,-0.866370670294,0.76920630323,10.1040507478
10.459148,1.18122076732,1.28066598449,10.8853536583,-0.866370670294,0.76920630323,10.1040507478
10.460814,1.18122076732,1.28066598449,10.8853536583,-0.866370670294,0.814587178465,10.1040507478
10.46248,1.28729811753,1.35138421797,10.8853536583,-0.866370670294,0.76920630323,10.1040507478
10.464146,1.18122076732,1.28066598449,10.8853536583,-0.866370670294,0.76920630323,10.1040507478
10.465812,1.18122076732,1.28066598449,10.8489478072,-0.820225880627,0.814587178465,10.1040507478
10.467478,1.18122076732,1.24530686776,10.8853536583,-0.866370670294,0.76920630323,10.1040507478
10.469144,1.18122076732,1.24530686776,10.8489478072,-0.866370670294,0.723825427995,10.1040507478
10.47081,1.11050253385,1.35138421797,10.9922958461,-0.866370670294,0.76920630323,10.1040507478
10.472476,1.18122076732,1.28066598449,10.8853536583,-0.866370670294,0.76920630323,10.1040507478
10.474142,1.14586165058,1.20994775102,10.8125419561,-0.77408109096,0.814587178465,10.1948124982
10.475808,1.18122076732,1.28066598449,10.8853536583,-0.866370670294,0.76920630323,10.1040507478
10.477474,1.18122076732,1.31602510123,10.8853536583,-0.866370670294,0.76920630323,10.1040507478
10.47914,1.28729811753,1.35138421797,10.8853536583,-0.866370670294,0.76920630323,10.1040507478
10.480806,1.21657988406,1.31602510123,10.8853536583,-0.820225880627,0.76920630323,10.149431623
10.482472,1.14586165058,1.24530686776,10.8125419561,-0.866370670294,0.76920630323,10.149431623
10.484138,1.18122076732,1.28066598449,10.8853536583,-0.866370670294,0.76920630323,10.149431623
10.485804,1.21657988406,1.28066598449,10.8853536583,-0.820225880627,0.76920630323,10.149431623
10.48747,1.21657988406,1.3867433347,10.9922958461,-0.77408109096,0.859968053701,10.2401933735
10.489136,1.18122076732,1.28066598449,10.9217595095,-0.727936301293,0.859968053701,10.2401933735
10.490802,1.18122076732,1.28066598449,10.8489478072,-0.77408109096,0.859968053701,10.1948124982
10.492468,1.21657988406,1.24530686776,10.8853536583,-0.77408109096,0.814587178465,10.1948124982
10.494134,1.21657988406,1.28066598449,10.8853536583,-0.820225880627,0.76920630323,10.149431623
10.4958,1.11050253385,1.20994775102,10.9217595095,-0.820225880627,0.76920630323,10.149431623
10.497466,1.21657988406,1.28066598449,10.8853536583,-0.866370670294,0.76920630323,10.149431623
10.499132,1.21657988406,1.28066598449,10.8853536583,-0.820225880627,0.76920630323,10.149431623
10.500798,1.21657988406,1.28066598449,10.8853536583,-0.866370670294,0.76920630323,10.149431623
10.502464,1.25193900079,1.28066598449,10.8853536583,-0.820225880627,0.76920630323,10.149431623
10.50413,1.18122076732,1.20994775102,10.8125419561,-0.820225880627,0.76920630323,10.149431623
10.505796,1.18122076732,1.20994775102,10.9217595095,-0.820225880627,0.76920630323,10.149431623
10.507462,1.21657988406,1.28066598449,10.8853536583,-0.866370670294,0.76920630323,10.149431623
10.509128,1.28729811753,1.24530686776,10.8853536583,-0.820225880627,0.76920630323,10.1948124982
10.510794,1.21657988406,1.31602510123,10.9217595095,-0.820225880627,0.76920630323,10.149431623
10.51246,1.18122076732,1.24530686776,10.8489478072,-0.866370670294,0.723825427995,10.149431623
10.514126,1.18122076732,1.28066598449,10.8853536583,-0.820225880627,0.76920630323,10.1948124982
10.515792,1.25193900079,1.31602510123,10.9217595095,-0.727936301293,0.905348928936,10.2855742487
10.517458,1.14586165058,1.35138421797,11.0287016972,-0.820225880627,0.76920630323,10.1948124982
10.519124,1.21657988406,1.28066598449,10.8853536583,-0.820225880627,0.76920630323,10.149431623
10.52079,1.21657988406,1.28066598449,10.9217595095,-0.727936301293,0.905348928936,10.2855742487
10.522456,1.21657988406,1.28066598449,10.8853536583,-0.820225880627,0.76920630323,10.149431623
10.524122,1.21657988406,1.31602510123,10.9217595095,-0.820225880627,0.814587178465,10.1948124982
10.525788,1.18122076732,1.20994775102,10.8125419561,-0.866370670294,0.76920630323,10.149431623
10.527454,1.18122076732,1.28066598449,10.8853536583,-0.820225880627,0.814587178465,10.149431623
10.52912,1.21657988406,1.31602510123,10.8853536583,-0.866370670294,0.76920630323,10.149431623
10.530786,1.28729811753,1.3867433347,10.9217595095,-0.866370670294,0.814587178465,10.149431623
10.532452,1.25193900079,1.31602510123,10.9217595095,-0.77408109096,0.905348928936,10.2401933735
10.534118,1.21657988406,1.24530686776,10.8489478072,-0.820225880627,0.76920630323,10.149431623
10.535784,1.21657988406,1.28066598449,10.8853536583,-0.820225880627,0.814587178465,10.149431623
10.53745,1.21657988406,1.31602510123,10.8853536583,-0.820225880627,0.859968053701,10.1948124982
10.539116,1.14586165058,1.20994775102,10.8125419561,-0.866370670294,0.76920630323,10.149431623
10.540782,1.21657988406,1.31602510123,10.8853536583,-0.820225880627,0.859968053701,10.1948124982
10.542448,1.18122076732,1.28066598449,10.8489478072,-0.820225880627,0.814587178465,10.149431623
10.544114,1.21657988406,1.31602510123,10.8853536583,-0.820225880627,0.814587178465,10.149431623
10.54578,1.21657988406,1.31602510123,10.8853536583,-0.820225880627,0.814587178465,10.1948124982
10.547446,1.14586165058,1.20994775102,10.8125419561,-0.820225880627,0.814587178465,10.149431623
10.549112,1.18122076732,1.28066598449,10.8853536583,-0.727936301293,0.950729804172,10.2401933735
10.550778,1.18122076732,1.28066598449,10.8489478072,-0.866370670294,0.814587178465,10.1040507478
10.552444,1.21657988406,1.31602510123,10.8853536583,-0.820225880627,0.859968053701,10.149431623
10.55411,1.21657988406,1.28066598449,10.8853536583,-0.820225880627,0.76920630323,10.149431623
10.555776,1.14586165058,1.28066598449,10.8125419561,-0.820225880627,0.814587178465,10.149431623
10.557442,1.18122076732,1.31602510123,10.8853536583,-0.866370670294,0.814587178465,10.1040507478
10.559108,1.18122076732,1.31602510123,10.8853536583,-0.866370670294,0.814587178465,10.1040507478
10.560774,1.18122076732,1.35138421797,10.8489478072,-0.77408109096,0.950729804172,10.2401933735
10.56244,1.21657988406,1.35138421797,10.8853536583,-0.866370670294,0.814587178465,10.1040507478
10.564106,1.18122076732,1.28066598449,10.7761361049,-0.866370670294,0.814587178465,10.149431623
10.565772,1.18122076732,1.28066598449,10.8853536583,-0.866370670294,0.859968053701,10.149431623
10.567438,1.21657988406,1.31602510123,10.8853536583,-0.866370670294,0.814587178465,10.149431623
10.569104,1.28729811753,1.3867433347,10.8853536583,-0.866370670294,0.814587178465,10.149431623
10.57077,1.21657988406,1.35138421797,10.8489478072,-0.866370670294,0.814587178465,10.1040507478
10.572436,1.18122076732,1.31602510123,10.8125419561,-0.820225880627,0.905348928936,10.1948124982
10.574102,1.18122076732,1.31602510123,10.8853536583,-0.866370670294,0.814587178465,10.149431623
10.575768,1.18122076732,1.35138421797,10.8853536583,-0.866370670294,0.814587178465,10.1040507478
10.577434,1.25193900079,1.42210245144,10.8853536583,-0.77408109096,0.905348928936,10.1948124982
10.5791,1.21657988406,1.31602510123,10.8853536583,-0.866370670294,0.76920630323,10.1040507478
10.580766,1.18122076732,1.31602510123,10.8489478072,-0.866370670294,0.859968053701,10.1040507478
10.582432,1.18122076732,1.31602510123,10.8489478072,-0.866370670294,0.814587178465,10.149431623
10.584098,1.21657988406,1.3867433347,10.8853536583,-0.820225880627,0.859968053701,10.149431623
10.585764,1.11050253385,1.24530686776,10.8125419561,-0.820225880627,0.905348928936,10.1948124982
10.58743,1.18122076732,1.35138421797,10.8853536583,-0.866370670294,0.76920630323,10.1040507478
10.589096,1.18122076732,1.35138421797,10.8489478072,-0.866370670294,0.814587178465,10.1040507478
10.590762,1.28729811753,1.35138421797,10.9217595095,-0.912515459961,0.859968053701,10.1040507478
10.592428,1.18122076732,1.35138421797,10.8853536583,-0.866370670294,0.859968053701,10.149431623
10.594094,1.11050253385,1.31602510123,10.8853536583,-0.912515459961,0.814587178465,10.1040507478
10.59576,1.14586165058,1.28066598449,10.8853536583,-0.912515459961,0.76920630323,10.1040507478
10.597426,1.18122076732,1.35138421797,10.8853536583,-0.912515459961,0.76920630323,10.1040507478
10.599092,1.21657988406,1.45746156818,10.9581653606,-0.912515459961,0.814587178465,10.1040507478
10.600758,1.18122076732,1.3867433347,10.8853536583,-0.912515459961,0.814587178465,10.1040507478
10.602424,1.18122076732,1.35138421797,10.8125419561,-0.866370670294,0.814587178465,10.1040507478
10.60409,1.11050253385,1.35138421797,10.8489478072,-0.866370670294,0.814587178465,10.149431623
10.605756,1.18122076732,1.35138421797,10.8853536583,-0.912515459961,0.814587178465,10.1040507478
10.607422,1.11050253385,1.28066598449,10.7761361049,-0.912515459961,0.814587178465,10.1040507478
10.609088,1.11050253385,1.35138421797,10.8853536583,-0.820225880627,0.905348928936,10.1948124982
10.610754,1.18122076732,1.35138421797,10.8853536583,-0.912515459961,0.814587178465,10.1040507478
10.61242,1.25193900079,1.42210245144,10.8853536583,-0.912515459961,0.814587178465,10.1040507478
10.614086,1.21657988406,1.35138421797,10.8853536583,-0.912515459961,0.76920630323,10.1040507478
10.615752,1.11050253385,1.28066598449,10.7761361049,-0.820225880627,0.905348928936,10.1948124982
10.617418,1.14586165058,1.31602510123,10.8489478072,-0.912515459961,0.76920630323,10.149431623
10.619084,1.18122076732,1.35138421797,10.8853536583,-0.912515459961,0.814587178465,10.149431623
10.62075,1.25193900079,1.45746156818,10.9217595095,-0.912515459961,0.76920630323,10.149431623
10.622416,1.14586165058,1.3867433347,10.8853536583,-0.912515459961,0.76920630323,10.149431623
10.624082,1.11050253385,1.31602510123,10.8125419561,-0.912515459961,0.76920630323,10.1040507478
10.625748,1.14586165058,1.35138421797,10.8853536583,-0.958660249627,0.76920630323,10.1040507478
10.627414,1.14586165058,1.35138421797,10.8853536583,-0.912515459961,0.76920630323,10.1040507478
10.62908,1.11050253385,1.42210245144,10.9581653606,-0.912515459961,0.723825427995,10.1040507478
10.630746,1.18122076732,1.31602510123,10.8853536583,-0.912515459961,0.76920630323,10.149431623
10.632412,1.11050253385,1.31602510123,10.8125419561,-0.912515459961,0.76920630323,10.149431623
10.634078,1.11050253385,1.28066598449,10.8853536583,-0.912515459961,0.76920630323,10.149431623
10.635744,1.11050253385,1.28066598449,10.8853536583,-0.912515459961,0.723825427995,10.149431623
10.63741,1.07514341711,1.31602510123,11.0287016972,-0.912515459961,0.76920630323,10.149431623
10.639076,1.11050253385,1.31602510123,10.9217595095,-0.958660249627,0.814587178465,10.149431623
10.640742,1.11050253385,1.28066598449,10.8853536583,-0.912515459961,0.76920630323,10.149431623
10.642408,1.11050253385,1.31602510123,10.9217595095,-0.912515459961,0.76920630323,10.149431623
10.644074,1.11050253385,1.31602510123,10.9217595095,-0.958660249627,0.76920630323,10.1040507478
10.64574,1.03978430037,1.20994775102,11.0287016972,-0.866370670294,0.859968053701,10.1948124982
10.647406,1.11050253385,1.28066598449,10.9581653606,-0.958660249627,0.76920630323,10.1040507478
10.649072,1.07514341711,1.20994775102,10.9217595095,-0.958660249627,0.76920630323,10.1040507478
10.650738,1.11050253385,1.28066598449,10.9217595095,-0.958660249627,0.76920630323,10.1040507478
10.652404,1.07514341711,1.28066598449,10.9922958461,-0.958660249627,0.76920630323,10.1040507478
10.65407,1.07514341711,1.20994775102,10.8853536583,-0.958660249627,0.76920630323,10.1040507478
10.655736,1.07514341711,1.28066598449,10.9217595095,-0.912515459961,0.76920630323,10.149431623
10.657402,1.07514341711,1.20994775102,10.9217595095,-0.958660249627,0.723825427995,10.149431623
10.659068,1.18122076732,1.28066598449,10.9581653606,-0.866370670294,0.859968053701,10.2401933735
10.660734,1.11050253385,1.31602510123,10.9217595095,-0.912515459961,0.76920630323,10.149431623
10.6624,1.07514341711,1.20994775102,10.8853536583,-0.958660249627,0.723825427995,10.1040507478
10.664066,1.11050253385,1.28066598449,10.9217595095,-0.958660249627,0.723825427995,10.1040507478
10.665732,1.11050253385,1.31602510123,10.8853536583,-0.912515459961,0.76920630323,10.1040507478
10.667398,1.25193900079,1.3867433347,10.9217595095,-0.912515459961,0.723825427995,10.1040507478
10.669064,1.14586165058,1.31602510123,10.8853536583,-0.912515459961,0.723825427995,10.1040507478
10.67073,1.11050253385,1.24530686776,10.8125419561,-0.866370670294,0.76920630323,10.1948124982
10.672396,1.14586165058,1.31602510123,10.8125419561,-0.820225880627,0.814587178465,10.1948124982
10.674062,1.14586165058,1.28066598449,10.8489478072,-0.866370670294,0.723825427995,10.149431623
10.675728,1.07514341711,1.20994775102,10.9217595095,-0.866370670294,0.76920630323,10.149431623
10.677394,1.14586165058,1.31602510123,10.8125419561,-0.958660249627,0.723825427995,10.0586698725
10.67906,1.11050253385,1.28066598449,10.8125419561,-0.912515459961,0.76920630323,10.149431623
10.680726,1.18122076732,1.31602510123,10.8125419561,-0.912515459961,0.723825427995,10.1040507478
10.682392,1.18122076732,1.31602510123,10.8125419561,-0.912515459961,0.723825427995,10.1040507478
10.684058,1.07514341711,1.20994775102,10.8125419561,-0.912515459961,0.723825427995,10.1040507478
10.685724,1.11050253385,1.31602510123,10.8853536583,-0.912515459961,0.76920630323,10.1040507478
10.68739,1.14586165058,1.28066598449,10.8853536583,-0.912515459961,0.723825427995,10.1040507478
10.689056,1.14586165058,1.28066598449,10.8489478072,-0.912515459961,0.76920630323,10.1040507478
10.690722,1.14586165058,1.31602510123,10.8853536583,-0.866370670294,0.814587178465,10.149431623
10.692388,1.07514341711,1.20994775102,10.8125419561,-0.912515459961,0.76920630323,10.1040507478
10.694054,1.11050253385,1.28066598449,10.8489478072,-0.912515459961,0.723825427995,10.1040507478
10.69572,1.14586165058,1.28066598449,10.8489478072,-0.912515459961,0.723825427995,10.1040507478
10.697386,1.21657988406,1.31602510123,10.8125419561,-0.912515459961,0.723825427995,10.1040507478
10.699052,1.18122076732,1.31602510123,10.8125419561,-0.912515459961,0.723825427995,10.1040507478
10.700718,1.11050253385,1.20994775102,10.7761361049,-0.820225880627,0.859968053701,10.149431623
10.702384,1.11050253385,1.28066598449,10.8125419561,-0.912515459961,0.723825427995,10.1040507478
10.70405,1.11050253385,1.20994775102,10.8853536583,-0.912515459961,0.76920630323,10.0586698725
10.705716,1.21657988406,1.31602510123,10.8853536583,-0.912515459961,0.76920630323,10.0586698725
10.707382,1.18122076732,1.28066598449,10.8125419561,-0.912515459961,0.76920630323,10.1040507478
10.709048,1.11050253385,1.20994775102,10.7033244027,-0.912515459961,0.723825427995,10.0586698725
10.710714,1.14586165058,1.31602510123,10.7397302538,-0.912515459961,0.723825427995,10.0586698725
10.71238,1.18122076732,1.28066598449,10.8125419561,-0.866370670294,0.76920630323,10.1040507478
10.714046,1.21657988406,1.24530686776,10.8853536583,-0.866370670294,0.723825427995,10.1040507478
10.715712,1.18122076732,1.24530686776,10.8489478072,-0.866370670294,0.723825427995,10.0586698725
10.717378,1.14586165058,1.24530686776,10.7397302538,-0.912515459961,0.76920630323,10.1040507478
10.719044,1.14586165058,1.28066598449,10.7761361049,-0.866370670294,0.723825427995,10.1040507478
10.72071,1.18122076732,1.28066598449,10.8489478072,-0.866370670294,0.76920630323,10.1040507478
10.722376,1.21657988406,1.31602510123,10.9217595095,-0.866370670294,0.723825427995,10.0586698725
10.724042,1.18122076732,1.31602510123,10.8125419561,-0.912515459961,0.76920630323,10.0586698725
10.725708,1.18122076732,1.24530686776,10.7397302538,-0.912515459961,0.76920630323,10.0586698725
10.727374,1.11050253385,1.24530686776,10.7761361049,-0.866370670294,0.814587178465,10.1040507478
10.72904,1.18122076732,1.28066598449,10.8489478072,-0.866370670294,0.814587178465,10.1040507478
10.730706,1.07514341711,1.31602510123,10.8853536583,-0.866370670294,0.76920630323,10.0586698725
10.732372,1.18122076732,1.24530686776,10.8489478072,-0.866370670294,0.76920630323,10.0586698725
10.734038,1.14586165058,1.20994775102,10.7761361049,-0.866370670294,0.76920630323,10.0586698725
10.735704,1.14586165058,1.24530686776,10.8125419561,-0.866370670294,0.76920630323,10.0586698725
10.73737,1.18122076732,1.28066598449,10.8489478072,-0.866370670294,0.76920630323,10.1040507478
10.739036,1.07514341711,1.28066598449,10.9217595095,-0.866370670294,0.76920630323,10.0586698725
10.740702,1.14586165058,1.28066598449,10.8125419561,-0.866370670294,0.76920630323,10.1040507478
10.742368,1.18122076732,1.24530686776,10.7761361049,-0.912515459961,0.76920630323,10.0586698725
10.744034,1.14586165058,1.28066598449,10.7761361049,-0.820225880627,0.814587178465,10.149431623
10.7457,1.18122076732,1.31602510123,10.8125419561,-0.820225880627,0.859968053701,10.149431623
10.747366,1.07514341711,1.31602510123,10.9922958461,-0.866370670294,0.814587178465,10.1040507478
10.749032,1.18122076732,1.31602510123,10.8489478072,-0.912515459961,0.76920630323,10.0586698725
10.750698,1.14586165058,1.24530686776,10.8853536583,-0.866370670294,0.76920630323,10.1040507478
10.752364,1.18122076732,1.31602510123,10.8125419561,-0.866370670294,0.76920630323,10.0586698725
10.75403,1.18122076732,1.31602510123,10.8125419561,-0.866370670294,0.814587178465,10.1040507478
10.755696,1.11050253385,1.20994775102,10.7761361049,-0.820225880627,0.859968053701,10.149431623
10.757362,1.14586165058,1.31602510123,10.8125419561,-0.866370670294,0.814587178465,10.1040507478
10.759028,1.18122076732,1.28066598449,10.8125419561,-0.866370670294,0.76920630323,10.1040507478
10.760694,1.21657988406,1.31602510123,10.8489478072,-0.866370670294,0.76920630323,10.1040507478
10.76236,1.18122076732,1.31602510123,10.8853536583,-0.866370670294,0.814587178465,10.1040507478
10.764026,1.11050253385,1.20994775102,10.8125419561,-0.912515459961,0.76920630323,10.1040507478
10.765692,1.14586165058,1.31602510123,10.8853536583,-0.866370670294,0.814587178465,10.149431623
10.767358,1.18122076732,1.31602510123,10.8853536583,-0.912515459961,0.76920630323,10.1040507478
10.769024,1.28729811753,1.42210245144,10.8853536583,-0.866370670294,0.76920630323,10.1040507478
10.77069,1.18122076732,1.35138421797,10.8853536583,-0.77408109096,0.905348928936,10.1948124982
10.772356,1.14586165058,1.31602510123,10.8489478072,-0.912515459961,0.76920630323,10.1040507478
10.774022,1.14586165058,1.31602510123,10.8853536583,-0.912515459961,0.814587178465,10.1040507478
10.775688,1.14586165058,1.31602510123,10.8853536583,-0.866370670294,0.76920630323,10.1040507478
10.777354,1.07514341711,1.3867433347,10.9922958461,-0.866370670294,0.814587178465,10.149431623
10.77902,1.14586165058,1.35138421797,10.8853536583,-0.820225880627,0.905348928936,10.2401933735
10.780686,1.14586165058,1.31602510123,10.8853536583,-0.866370670294,0.814587178465,10.149431623
10.782352,1.14586165058,1.28066598449,10.8853536583,-0.866370670294,0.814587178465,10.149431623
10.784018,1.18122076732,1.31602510123,10.9217595095,-0.77408109096,0.905348928936,10.2401933735
10.785684,1.11050253385,1.28066598449,10.8125419561,-0.912515459961,0.76920630323,10.149431623
10.78735,1.18122076732,1.31602510123,10.9217595095,-0.866370670294,0.814587178465,10.1948124982
10.789016,1.18122076732,1.31602510123,10.9217595095,-0.866370670294,0.76920630323,10.149431623
10.790682,1.25193900079,1.3867433347,10.9217595095,-0.820225880627,0.814587178465,10.1948124982
10.792348,1.21657988406,1.31602510123,10.9217595095,-0.77408109096,0.905348928936,10.2401933735
10.794014,1.14586165058,1.28066598449,10.8853536583,-0.912515459961,0.76920630323,10.149431623
10.79568,1.14586165058,1.31602510123,10.9217595095,-0.912515459961,0.76920630323,10.149431623
10.797346,1.18122076732,1.31602510123,10.9217595095,-0.912515459961,0.76920630323,10.149431623
10.799012,1.11050253385,1.35138421797,10.9922958461,-0.912515459961,0.76920630323,10.149431623
10.800678,1.18122076732,1.35138421797,10.9581653606,-0.866370670294,0.814587178465,10.1948124982
10.802344,1.14586165058,1.28066598449,10.8853536583,-0.912515459961,0.814587178465,10.149431623
10.80401,1.14586165058,1.31602510123,10.9217595095,-0.912515459961,0.814587178465,10.149431623
10.805676,1.18122076732,1.35138421797,10.9922958461,-0.912515459961,0.814587178465,10.149431623
10.807342,1.11050253385,1.24530686776,10.8853536583,-0.912515459961,0.76920630323,10.149431623
10.809008,1.18122076732,1.35138421797,10.9581653606,-0.912515459961,0.814587178465,10.1948124982
10.810674,1.14586165058,1.31602510123,10.9217595095,-0.912515459961,0.814587178465,10.149431623
10.81234,1.18122076732,1.31602510123,10.8853536583,-0.912515459961,0.76920630323,10.149431623
10.814006,1.18122076732,1.35138421797,10.9581653606,-0.912515459961,0.76920630323,10.1948124982
10.815672,1.11050253385,1.24530686776,10.8853536583,-0.912515459961,0.76920630323,10.1948124982
10.817338,1.11050253385,1.31602510123,10.9217595095,-0.912515459961,0.76920630323,10.1948124982
10.819004,1.14586165058,1.31602510123,10.9217595095,-0.912515459961,0.76920630323,10.149431623
10.82067,1.21657988406,1.35138421797,10.9581653606,-0.866370670294,0.814587178465,10.1948124982
10.822336,1.14586165058,1.31602510123,10.9581653606,-0.77408109096,0.905348928936,10.2855742487
10.824002,1.11050253385,1.28066598449,10.8853536583,-0.866370670294,0.814587178465,10.1948124982
10.825668,1.14586165058,1.31602510123,10.9581653606,-0.912515459961,0.814587178465,10.149431623
10.827334,1.14586165058,1.35138421797,10.9581653606,-0.912515459961,0.814587178465,10.149431623
10.829,1.21657988406,1.42210245144,11.0651075483,-0.912515459961,0.814587178465,10.1948124982
10.830666,1.14586165058,1.31602510123,10.9581653606,-0.820225880627,0.905348928936,10.2401933735
10.832332,1.14586165058,1.31602510123,10.9217595095,-0.912515459961,0.76920630323,10.149431623
10.833998,1.14586165058,1.28066598449,10.9217595095,-0.820225880627,0.814587178465,10.1948124982
10.835664,1.14586165058,1.35138421797,10.9581653606,-0.912515459961,0.814587178465,10.1948124982
10.83733,1.18122076732,1.3867433347,11.0287016972,-0.912515459961,0.76920630323,10.149431623
10.838996,1.14586165058,1.3867433347,10.9217595095,-0.866370670294,0.859968053701,10.2401933735
10.840662,1.14586165058,1.31602510123,10.9217595095,-0.866370670294,0.859968053701,10.1948124982
10.842328,1.14586165058,1.31602510123,10.8853536583,-0.912515459961,0.814587178465,10.1948124982
10.843994,1.18122076732,1.35138421797,10.9922958461,-0.912515459961,0.814587178465,10.149431623
10.84566,1.11050253385,1.28066598449,10.8489478072,-0.912515459961,0.814587178465,10.149431623
10.847326,1.14586165058,1.35138421797,10.9581653606,-0.912515459961,0.814587178465,10.1040507478
10.848992,1.14586165058,1.35138421797,10.9581653606,-0.912515459961,0.814587178465,10.149431623
10.850658,1.18122076732,1.31602510123,10.9217595095,-0.866370670294,0.814587178465,10.149431623
10.852324,1.18122076732,1.35138421797,10.9581653606,-0.820225880627,0.905348928936,10.2401933735
10.85399,1.11050253385,1.28066598449,10.8489478072,-0.820225880627,0.905348928936,10.1948124982
10.855656,1.14586165058,1.35138421797,10.9581653606,-0.866370670294,0.859968053701,10.149431623
10.857322,1.14586165058,1.31602510123,10.9217595095,-0.820225880627,0.859968053701,10.149431623
10.858988,1.25193900079,1.3867433347,10.9217595095,-0.820225880627,0.859968053701,10.1948124982
10.860654,1.18122076732,1.35138421797,10.9217595095,-0.820225880627,0.905348928936,10.1948124982
10.86232,1.11050253385,1.31602510123,10.8489478072,-0.866370670294,0.859968053701,10.149431623
10.863986,1.14586165058,1.31602510123,10.8853536583,-0.912515459961,0.814587178465,10.1040507478
10.865652,1.18122076732,1.35138421797,10.9217595095,-0.912515459961,0.814587178465,10.1040507478
10.867318,1.18122076732,1.45746156818,10.9922958461,-0.912515459961,0.814587178465,10.1040507478
10.868984,1.18122076732,1.31602510123,10.9217595095,-0.866370670294,0.76920630323,10.1040507478
10.87065,1.14586165058,1.31602510123,10.8853536583,-0.866370670294,0.814587178465,10.1040507478
10.872316,1.14586165058,1.35138421797,10.8853536583,-0.912515459961,0.76920630323,10.1040507478
10.873982,1.18122076732,1.31602510123,10.8853536583,-0.820225880627,0.814587178465,10.149431623
10.875648,1.25193900079,1.3867433347,10.9217595095,-0.912515459961,0.76920630323,10.1040507478
10.877314,1.18122076732,1.35138421797,10.9217595095,-0.866370670294,0.76920630323,10.1040507478
10.87898,1.11050253385,1.31602510123,10.8125419561,-0.866370670294,0.76920630323,10.1040507478
10.880646,1.18122076732,1.35138421797,10.8853536583,-0.866370670294,0.814587178465,10.1040507478
10.882312,1.18122076732,1.35138421797,10.8853536583,-0.866370670294,0.814587178465,10.1040507478
10.883978,1.28729811753,1.42210245144,10.9217595095,-0.866370670294,0.814587178465,10.1040507478
10.885644,1.21657988406,1.35138421797,10.8853536583,-0.77408109096,0.905348928936,10.1948124982
10.88731,1.14586165058,1.28066598449,10.8125419561,-0.866370670294,0.76920630323,10.0586698725
10.888976,1.14586165058,1.31602510123,10.8489478072,-0.866370670294,0.76920630323,10.0586698725
10.890642,1.18122076732,1.35138421797,10.8853536583,-0.912515459961,0.814587178465,10.0586698725
10.892308,1.11050253385,1.28066598449,10.8853536583,-0.866370670294,0.76920630323,10.0586698725
10.893974,1.18122076732,1.31602510123,10.8489478072,-0.866370670294,0.814587178465,10.1040507478
10.89564,1.21657988406,1.31602510123,10.8125419561,-0.866370670294,0.814587178465,10.0586698725
10.897306,1.21657988406,1.35138421797,10.8125419561,-0.866370670294,0.814587178465,10.1040507478
10.898972,1.21657988406,1.31602510123,10.8853536583,-0.727936301293,0.905348928936,10.1948124982
10.900638,1.18122076732,1.24530686776,10.7761361049,-0.866370670294,0.76920630323,10.0586698725
10.902304,1.21657988406,1.28066598449,10.8489478072,-0.866370670294,0.814587178465,10.1040507478
10.90397,1.18122076732,1.31602510123,10.8125419561,-0.77408109096,0.859968053701,10.149431623
10.905636,1.28729811753,1.31602510123,10.8853536583,-0.866370670294,0.814587178465,10.1040507478
10.907302,1.21657988406,1.31602510123,10.8853536583,-0.866370670294,0.814587178465,10.1040507478
10.908968,1.18122076732,1.20994775102,10.7761361049,-0.866370670294,0.76920630323,10.1040507478
10.910634,1.18122076732,1.31602510123,10.8489478072,-0.820225880627,0.76920630323,10.1040507478
10.9123,1.21657988406,1.28066598449,10.8125419561,-0.820225880627,0.76920630323,10.1040507478
10.913966,1.32265723427,1.31602510123,10.8853536583,-0.820225880627,0.859968053701,10.1040507478
10.915632,1.21657988406,1.31602510123,10.8125419561,-0.820225880627,0.814587178465,10.0586698725
10.917298,1.18122076732,1.20994775102,10.7761361049,-0.820225880627,0.76920630323,10.0586698725
10.918964,1.18122076732,1.28066598449,10.8489478072,-0.866370670294,0.76920630323,10.1040507478
10.92063,1.21657988406,1.31602510123,10.8125419561,-0.866370670294,0.76920630323,10.0586698725
10.922296,1.28729811753,1.3867433347,10.9217595095,-0.820225880627,0.76920630323,10.0586698725
10.923962,1.21657988406,1.28066598449,10.8853536583,-0.866370670294,0.723825427995,10.1040507478
10.925628,1.18122076732,1.28066598449,10.8125419561,-0.820225880627,0.76920630323,10.1040507478
10.927294,1.18122076732,1.28066598449,10.8489478072,-0.820225880627,0.76920630323,10.1040507478
10.92896,1.25193900079,1.28066598449,10.8853536583,-0.820225880627,0.76920630323,10.1040507478
10.930626,1.14586165058,1.20994775102,10.8853536583,-0.77408109096,0.76920630323,10.1040507478
10.932292,1.21657988406,1.28066598449,10.8489478072,-0.820225880627,0.76920630323,10.1040507478
10.933958,1.21657988406,1.28066598449,10.8489478072,-0.820225880627,0.76920630323,10.1040507478
10.935624,1.21657988406,1.28066598449,10.8125419561,-0.820225880627,0.76920630323,10.149431623
10.93729,1.25193900079,1.24530686776,10.8853536583,-0.820225880627,0.723825427995,10.1040507478
10.938956,1.18122076732,1.17458863428,10.7761361049,-0.820225880627,0.723825427995,10.1040507478
10.940622,1.21657988406,1.24530686776,10.8489478072,-0.820225880627,0.76920630323,10.1040507478
10.942288,1.21657988406,1.24530686776,10.8489478072,-0.820225880627,0.76920630323,10.1040507478
10.943954,1.25193900079,1.28066598449,10.8489478072,-0.820225880627,0.723825427995,10.1040507478
10.94562,1.21657988406,1.28066598449,10.8853536583,-0.77408109096,0.859968053701,10.1948124982
10.947286,1.21657988406,1.20994775102,10.8125419561,-0.866370670294,0.723825427995,10.1040507478
10.948952,1.18122076732,1.20994775102,10.8489478072,-0.820225880627,0.723825427995,10.1040507478
10.950618,1.25193900079,1.28066598449,10.8853536583,-0.820225880627,0.723825427995,10.1040507478
10.952284,1.18122076732,1.31602510123,10.9922958461,-0.820225880627,0.76920630323,10.149431623
10.95395,1.21657988406,1.28066598449,10.8853536583,-0.820225880627,0.76920630323,10.1040507478
10.955616,1.21657988406,1.20994775102,10.8489478072,-0.820225880627,0.76920630323,10.149431623
10.957282,1.21657988406,1.28066598449,10.8489478072,-0.820225880627,0.76920630323,10.149431623
10.958948,1.25193900079,1.24530686776,10.8853536583,-0.866370670294,0.723825427995,10.1040507478
10.960614,1.18122076732,1.20994775102,10.8125419561,-0.820225880627,0.76920630323,10.149431623
10.96228,1.25193900079,1.28066598449,10.8853536583,-0.820225880627,0.76920630323,10.149431623
10.963946,1.21657988406,1.24530686776,10.8853536583,-0.820225880627,0.723825427995,10.149431623
10.965612,1.25193900079,1.28066598449,10.8853536583,-0.820225880627,0.76920630323,10.149431623
10.967278,1.25193900079,1.28066598449,10.9217595095,-0.820225880627,0.76920630323,10.1040507478
10.968944,1.18122076732,1.13922951755,10.8125419561,-0.820225880627,0.723825427995,10.149431623
10.97061,1.21657988406,1.24530686776,10.8853536583,-0.820225880627,0.76920630323,10.149431623
10.972276,1.21657988406,1.24530686776,10.9217595095,-0.820225880627,0.723825427995,10.149431623
10.973942,1.21657988406,1.20994775102,10.8853536583,-0.77408109096,0.814587178465,10.2401933735
10.975608,1.25193900079,1.28066598449,10.8853536583,-0.866370670294,0.723825427995,10.1040507478
10.977274,1.18122076732,1.17458863428,10.8125419561,-0.820225880627,0.723825427995,10.149431623
10.97894,1.21657988406,1.24530686776,10.8853536583,-0.820225880627,0.76920630323,10.149431623
10.980606,1.21657988406,1.28066598449,10.8853536583,-0.820225880627,0.76920630323,10.149431623
10.982272,1.28729811753,1.35138421797,10.9922958461,-0.820225880627,0.723825427995,10.149431623
10.983938,1.21657988406,1.28066598449,10.8853536583,-0.820225880627,0.76920630323,10.149431623
10.985604,1.18122076732,1.20994775102,10.8489478072,-0.820225880627,0.76920630323,10.149431623
10.98727,1.18122076732,1.20994775102,10.8853536583,-0.820225880627,0.76920630323,10.149431623
10.988936,1.21657988406,1.28066598449,10.8853536583,-0.820225880627,0.76920630323,10.1040507478
10.990602,1.14586165058,1.20994775102,10.9581653606,-0.820225880627,0.76920630323,10.149431623
10.992268,1.18122076732,1.28066598449,10.8853536583,-0.820225880627,0.723825427995,10.149431623
10.993934,1.18122076732,1.20994775102,10.8853536583,-0.820225880627,0.76920630323,10.149431623
10.9956,1.21657988406,1.28066598449,10.8853536583,-0.820225880627,0.76920630323,10.149431623
10.997266,1.21657988406,1.28066598449,10.8853536583,-0.866370670294,0.76920630323,10.149431623
10.998932,1.11050253385,1.20994775102,10.9922958461,-0.820225880627,0.76920630323,10.1040507478
11.000598,1.21657988406,1.31602510123,10.8853536583,-0.820225880627,0.76920630323,10.149431623
11.002264,1.18122076732,1.24530686776,10.8853536583,-0.820225880627,0.76920630323,10.149431623
11.00393,1.21657988406,1.28066598449,10.8853536583,-0.820225880627,0.76920630323,10.149431623
11.005596,1.25193900079,1.31602510123,10.8853536583,-0.866370670294,0.76920630323,10.1040507478
11.007262,1.14586165058,1.20994775102,10.8125419561,-0.727936301293,0.905348928936,10.1948124982
11.008928,1.21657988406,1.28066598449,10.8853536583,-0.866370670294,0.76920630323,10.1040507478
11.010594,1.21657988406,1.28066598449,10.8853536583,-0.866370670294,0.76920630323,10.1040507478
11.01226,1.28729811753,1.31602510123,10.8853536583,-0.866370670294,0.76920630323,10.1040507478
11.013926,1.21657988406,1.31602510123,10.9217595095,-0.866370670294,0.76920630323,10.1040507478
11.015592,1.14586165058,1.28066598449,10.8125419561,-0.866370670294,0.76920630323,10.1040507478
11.017258,1.18122076732,1.31602510123,10.8853536583,-0.820225880627,0.76920630323,10.149431623
11.018924,1.18122076732,1.31602510123,10.8853536583,-0.866370670294,0.76920630323,10.1040507478
11.02059,1.28729811753,1.35138421797,10.8853536583,-0.866370670294,0.76920630323,10.1040507478
11.022256,1.21657988406,1.35138421797,10.8853536583,-0.866370670294,0.76920630323,10.1040507478
11.023922,1.18122076732,1.28066598449,10.8125419561,-0.727936301293,0.905348928936,10.2401933735
11.025588,1.18122076732,1.28066598449,10.8853536583,-0.866370670294,0.814587178465,10.1040507478
11.027254,1.21657988406,1.31602510123,10.8853536583,-0.866370670294,0.814587178465,10.1040507478
11.02892,1.28729811753,1.35138421797,10.8853536583,-0.866370670294,0.814587178465,10.1040507478
11.030586,1.21657988406,1.31602510123,10.8853536583,-0.866370670294,0.814587178465,10.1040507478
11.032252,1.14586165058,1.28066598449,10.8125419561,-0.866370670294,0.76920630323,10.1040507478
11.033918,1.18122076732,1.31602510123,10.8489478072,-0.820225880627,0.76920630323,10.1040507478
11.035584,1.18122076732,1.35138421797,10.8853536583,-0.866370670294,0.76920630323,10.0586698725
11.03725,1.28729811753,1.3867433347,10.8853536583,-0.866370670294,0.76920630323,10.1040507478
11.038916,1.18122076732,1.35138421797,10.8853536583,-0.77408109096,0.905348928936,10.149431623
11.040582,1.14586165058,1.31602510123,10.8489478072,-0.866370670294,0.76920630323,10.0586698725
11.042248,1.18122076732,1.31602510123,10.8489478072,-0.866370670294,0.76920630323,10.0586698725
11.043914,1.18122076732,1.28066598449,10.8853536583,-0.866370670294,0.76920630323,10.0586698725
11.04558,1.07514341711,1.3867433347,10.9922958461,-0.866370670294,0.814587178465,10.0586698725
11.047246,1.18122076732,1.31602510123,10.8853536583,-0.866370670294,0.76920630323,10.0586698725
11.048912,1.14586165058,1.31602510123,10.7761361049,-0.866370670294,0.814587178465,10.0586698725
11.050578,1.14586165058,1.31602510123,10.8489478072,-0.866370670294,0.814587178465,10.0586698725
11.052244,1.18122076732,1.35138421797,10.8853536583,-0.866370670294,0.814587178465,10.1040507478
11.05391,1.11050253385,1.35138421797,10.9922958461,-0.866370670294,0.814587178465,10.1040507478
11.055576,1.18122076732,1.31602510123,10.8853536583,-0.77408109096,0.950729804172,10.1948124982
11.057242,1.14586165058,1.28066598449,10.8125419561,-0.866370670294,0.814587178465,10.0586698725
11.058908,1.14586165058,1.31602510123,10.8853536583,-0.866370670294,0.814587178465,10.1040507478
11.060574,1.21657988406,1.35138421797,10.8853536583,-0.866370670294,0.814587178465,10.1040507478
11.06224,1.11050253385,1.35138421797,10.9922958461,-0.866370670294,0.814587178465,10.1040507478
11.063906,1.18122076732,1.31602510123,10.8853536583,-0.866370670294,0.814587178465,10.0586698725
11.065572,1.14586165058,1.31602510123,10.8853536583,-0.77408109096,0.905348928936,10.1948124982
11.067238,1.18122076732,1.28066598449,10.8853536583,-0.866370670294,0.814587178465,10.0586698725
11.068904,1.18122076732,1.28066598449,10.9217595095,-0.866370670294,0.814587178465,10.1040507478
11.07057,1.18122076732,1.3867433347,10.9922958461,-0.866370670294,0.814587178465,10.1040507478
11.072236,1.18122076732,1.31602510123,10.9217595095,-0.866370670294,0.76920630323,10.1040507478
11.073902,1.14586165058,1.24530686776,10.8853536583,-0.866370670294,0.76920630323,10.1040507478
11.075568,1.18122076732,1.31602510123,10.8853536583,-0.912515459961,0.76920630323,10.1040507478
11.077234,1.18122076732,1.35138421797,10.8853536583,-0.866370670294,0.76920630323,10.1040507478
11.0789,1.14586165058,1.24530686776,10.8125419561,-0.866370670294,0.76920630323,10.1040507478
11.080566,1.14586165058,1.35138421797,10.8853536583,-0.866370670294,0.76920630323,10.1040507478
11.082232,1.18122076732,1.35138421797,10.8853536583,-0.77408109096,0.905348928936,10.1948124982
11.083898,1.21657988406,1.31602510123,10.8853536583,-0.866370670294,0.814587178465,10.1040507478
11.085564,1.21657988406,1.35138421797,10.8853536583,-0.866370670294,0.814587178465,10.1040507478
11.08723,1.14586165058,1.28066598449,10.8125419561,-0.866370670294,0.814587178465,10.149431623
11.088896,1.21657988406,1.31602510123,10.8853536583,-0.820225880627,0.814587178465,10.149431623
11.090562,1.18122076732,1.31602510123,10.8853536583,-0.866370670294,0.76920630323,10.1040507478
11.092228,1.25193900079,1.35138421797,10.8853536583,-0.866370670294,0.814587178465,10.149431623
11.093894,1.18122076732,1.31602510123,10.9581653606,-0.866370670294,0.814587178465,10.149431623
11.09556,1.18122076732,1.24530686776,10.8489478072,-0.866370670294,0.76920630323,10.149431623
11.097226,1.18122076732,1.28066598449,10.8853536583,-0.820225880627,0.76920630323,10.149431623
11.098892,1.18122076732,1.31602510123,10.9217595095,-0.866370670294,0.814587178465,10.149431623
11.100558,1.32265723427,1.3867433347,10.9217595095,-0.820225880627,0.814587178465,10.149431623
11.102224,1.25193900079,1.31602510123,10.9217595095,-0.866370670294,0.76920630323,10.149431623
11.10389,1.18122076732,1.24530686776,10.8489478072,-0.77408109096,0.859968053701,10.1948124982
11.105556,1.18122076732,1.28066598449,10.8853536583,-0.866370670294,0.76920630323,10.149431623
11.107222,1.21657988406,1.28066598449,10.9217595095,-0.820225880627,0.814587178465,10.1948124982
11.108888,1.32265723427,1.3867433347,10.9581653606,-0.820225880627,0.76920630323,10.1948124982
11.110554,1.21657988406,1.28066598449,10.9217595095,-0.866370670294,0.76920630323,10.149431623
11.11222,1.18122076732,1.28066598449,10.8489478072,-0.820225880627,0.814587178465,10.1948124982
11.113886,1.18122076732,1.28066598449,10.8853536583,-0.866370670294,0.76920630323,10.149431623
11.115552,1.21657988406,1.31602510123,10.9217595095,-0.820225880627,0.76920630323,10.1948124982
11.117218,1.32265723427,1.35138421797,10.9217595095,-0.820225880627,0.76920630323,10.1948124982
11.118884,1.21657988406,1.31602510123,10.9217595095,-0.866370670294,0.76920630323,10.149431623
11.12055,1.21657988406,1.31602510123,10.8853536583,-0.820225880627,0.76920630323,10.149431623
11.122216,1.18122076732,1.28066598449,10.8853536583,-0.820225880627,0.814587178465,10.1948124982
11.123882,1.25193900079,1.31602510123,10.9217595095,-0.820225880627,0.76920630323,10.149431623
11.125548,1.18122076732,1.20994775102,10.9217595095,-0.820225880627,0.76920630323,10.149431623
11.127214,1.21657988406,1.31602510123,10.9217595095,-0.820225880627,0.76920630323,10.1948124982
11.12888,1.18122076732,1.28066598449,10.9217595095,-0.866370670294,0.76920630323,10.149431623
11.130546,1.18122076732,1.28066598449,10.8853536583,-0.820225880627,0.76920630323,10.149431623
11.132212,1.21657988406,1.31602510123,10.9581653606,-0.866370670294,0.76920630323,10.149431623
11.133878,1.18122076732,1.20994775102,10.8489478072,-0.866370670294,0.76920630323,10.1948124982
11.135544,1.21657988406,1.24530686776,10.9217595095,-0.866370670294,0.723825427995,10.149431623
11.13721,1.21657988406,1.24530686776,10.8853536583,-0.866370670294,0.76920630323,10.149431623
11.138876,1.32265723427,1.31602510123,10.9217595095,-0.866370670294,0.76920630323,10.149431623
11.140542,1.21657988406,1.28066598449,10.9581653606,-0.866370670294,0.76920630323,10.149431623
11.142208,1.18122076732,1.24530686776,10.8489478072,-0.820225880627,0.76920630323,10.1948124982
11.143874,1.18122076732,1.28066598449,10.8853536583,-0.820225880627,0.76920630323,10.149431623
11.14554,1.21657988406,1.31602510123,10.9217595095,-0.866370670294,0.76920630323,10.149431623
11.147206,1.11050253385,1.31602510123,10.9922958461,-0.820225880627,0.76920630323,10.1948124982
11.148872,1.21657988406,1.24530686776,10.9217595095,-0.866370670294,0.76920630323,10.149431623
11.150538,1.18122076732,1.28066598449,10.8489478072,-0.866370670294,0.76920630323,10.149431623
11.152204,1.21657988406,1.28066598449,10.8489478072,-0.866370670294,0.76920630323,10.149431623
11.15387,1.21657988406,1.31602510123,10.9217595095,-0.820225880627,0.814587178465,10.1948124982
11.155536,1.14586165058,1.20994775102,10.8125419561,-0.77408109096,0.859968053701,10.1948124982
11.157202,1.21657988406,1.28066598449,10.8853536583,-0.820225880627,0.814587178465,10.1948124982
11.158868,1.21657988406,1.28066598449,10.8853536583,-0.820225880627,0.814587178465,10.149431623
11.160534,1.28729811753,1.31602510123,10.8853536583,-0.866370670294,0.76920630323,10.149431623
11.1622,1.21657988406,1.31602510123,10.9217595095,-0.866370670294,0.76920630323,10.1040507478
11.163866,1.14586165058,1.24530686776,10.8125419561,-0.866370670294,0.814587178465,10.149431623
11.165532,1.18122076732,1.31602510123,10.8853536583,-0.866370670294,0.76920630323,10.149431623
11.167198,1.21657988406,1.31602510123,10.8853536583,-0.866370670294,0.76920630323,10.1040507478
11.168864,1.28729811753,1.35138421797,10.8853536583,-0.866370670294,0.76920630323,10.1040507478
11.17053,1.21657988406,1.31602510123,10.8853536583,-0.820225880627,0.814587178465,10.149431623
11.172196,1.11050253385,1.28066598449,10.8125419561,-0.77408109096,0.859968053701,10.1948124982
11.173862,1.18122076732,1.31602510123,10.8853536583,-0.866370670294,0.76920630323,10.1040507478
11.175528,1.18122076732,1.31602510123,10.8853536583,-0.866370670294,0.814587178465,10.1040507478
11.177194,1.32265723427,1.31602510123,10.8853536583,-0.866370670294,0.76920630323,10.1040507478
11.17886,1.18122076732,1.28066598449,10.8853536583,-0.866370670294,0.76920630323,10.1040507478
11.180526,1.14586165058,1.28066598449,10.8489478072,-0.866370670294,0.76920630323,10.1040507478
11.182192,1.18122076732,1.28066598449,10.8489478072,-0.866370670294,0.814587178465,10.1040507478
11.183858,1.18122076732,1.28066598449,10.8853536583,-0.912515459961,0.814587178465,10.1040507478
11.185524,1.14586165058,1.3867433347,10.9581653606,-0.912515459961,0.76920630323,10.0586698725
11.18719,1.18122076732,1.31602510123,10.8489478072,-0.820225880627,0.859968053701,10.149431623
11.188856,1.14586165058,1.20994775102,10.8125419561,-0.912515459961,0.76920630323,10.1040507478
11.190522,1.14586165058,1.24530686776,10.8489478072,-0.866370670294,0.76920630323,10.0586698725
11.192188,1.18122076732,1.31602510123,10.8125419561,-0.912515459961,0.76920630323,10.1040507478
11.193854,1.25193900079,1.45746156818,10.8853536583,-0.912515459961,0.76920630323,10.0586698725
11.19552,1.18122076732,1.31602510123,10.8489478072,-0.912515459961,0.76920630323,10.0586698725
11.197186,1.11050253385,1.24530686776,10.8125419561,-0.912515459961,0.76920630323,10.0586698725
11.198852,1.18122076732,1.31602510123,10.8125419561,-0.866370670294,0.814587178465,10.1040507478
11.200518,1.18122076732,1.31602510123,10.8489478072,-0.912515459961,0.814587178465,10.0586698725
11.202184,1.21657988406,1.3867433347,10.9217595095,-0.820225880627,0.859968053701,10.1040507478
11.20385,1.18122076732,1.31602510123,10.8125419561,-0.912515459961,0.76920630323,10.0586698725
11.205516,1.18122076732,1.31602510123,10.8489478072,-0.912515459961,0.814587178465,10.1040507478
11.207182,1.14586165058,1.31602510123,10.8125419561,-0.912515459961,0.814587178465,10.0586698725
11.208848,1.18122076732,1.35138421797,10.8853536583,-0.866370670294,0.814587178465,10.1040507478
11.210514,1.11050253385,1.24530686776,10.8853536583,-0.912515459961,0.814587178465,10.1040507478
11.21218,1.14586165058,1.31602510123,10.8489478072,-0.912515459961,0.76920630323,10.0586698725
11.213846,1.14586165058,1.31602510123,10.8489478072,-0.912515459961,0.76920630323,10.0586698725
11.215512,1.18122076732,1.31602510123,10.8125419561,-0.866370670294,0.814587178465,10.1040507478
11.217178,1.18122076732,1.35138421797,10.8853536583,-0.912515459961,0.76920630323,10.0586698725
11.218844,1.07514341711,1.24530686776,10.7761361049,-0.912515459961,0.76920630323,10.1040507478
11.22051,1.14586165058,1.31602510123,10.8853536583,-0.820225880627,0.814587178465,10.149431623
11.222176,1.11050253385,1.31602510123,10.8489478072,-0.866370670294,0.76920630323,10.1040507478
11.223842,1.25193900079,1.42210245144,10.8853536583,-0.912515459961,0.76920630323,10.1040507478
11.225508,1.18122076732,1.35138421797,10.8853536583,-0.912515459961,0.814587178465,10.1040507478
11.227174,1.11050253385,1.31602510123,10.8125419561,-0.912515459961,0.76920630323,10.1040507478
11.22884,1.11050253385,1.31602510123,10.8125419561,-0.912515459961,0.76920630323,10.0586698725
11.230506,1.18122076732,1.31602510123,10.8853536583,-0.820225880627,0.905348928936,10.1948124982
11.232172,1.03978430037,1.28066598449,10.9217595095,-0.866370670294,0.814587178465,10.149431623
11.233838,1.11050253385,1.28066598449,10.8853536583,-0.912515459961,0.76920630323,10.1040507478
11.235504,1.11050253385,1.28066598449,10.8853536583,-0.958660249627,0.76920630323,10.1040507478
11.23717,1.14586165058,1.31602510123,10.8489478072,-0.958660249627,0.76920630323,10.1040507478
11.238836,1.11050253385,1.35138421797,10.9217595095,-0.912515459961,0.814587178465,10.1040507478
11.240502,1.07514341711,1.28066598449,10.8125419561,-0.958660249627,0.723825427995,10.0586698725
11.242168,1.18122076732,1.31602510123,10.8853536583,-0.958660249627,0.76920630323,10.1040507478
11.243834,1.11050253385,1.31602510123,10.8853536583,-0.912515459961,0.76920630323,10.1040507478
11.2455,1.11050253385,1.28066598449,10.8853536583,-0.912515459961,0.76920630323,10.1040507478
11.247166,1.11050253385,1.31602510123,10.8853536583,-0.958660249627,0.76920630323,10.1040507478
11.248832,1.03978430037,1.20994775102,10.9922958461,-0.820225880627,0.905348928936,10.1948124982
11.250498,1.11050253385,1.31602510123,10.8853536583,-0.958660249627,0.76920630323,10.1040507478
11.252164,1.11050253385,1.31602510123,10.8853536583,-0.958660249627,0.76920630323,10.1040507478
11.25383,1.11050253385,1.28066598449,10.8853536583,-0.912515459961,0.76920630323,10.1040507478
11.255496,1.11050253385,1.31602510123,10.9217595095,-0.912515459961,0.814587178465,10.1040507478
11.257162,1.07514341711,1.35138421797,11.0287016972,-0.958660249627,0.723825427995,10.1040507478
11.258828,1.11050253385,1.31602510123,10.9217595095,-0.912515459961,0.76920630323,10.1040507478
11.260494,1.11050253385,1.28066598449,10.8853536583,-0.820225880627,0.905348928936,10.2401933735
11.26216,1.07514341711,1.31602510123,10.8853536583,-0.912515459961,0.76920630323,10.149431623
11.263826,1.14586165058,1.31602510123,10.9217595095,-0.912515459961,0.76920630323,10.149431623
11.265492,1.07514341711,1.35138421797,11.0651075483,-0.958660249627,0.723825427995,10.1040507478
11.267158,1.11050253385,1.31602510123,10.8853536583,-0.912515459961,0.76920630323,10.149431623
11.268824,1.14586165058,1.20994775102,10.9217595095,-0.912515459961,0.76920630323,10.149431623
11.27049,1.11050253385,1.31602510123,10.8853536583,-0.820225880627,0.905348928936,10.2401933735
11.272156,1.14586165058,1.28066598449,10.9217595095,-0.958660249627,0.76920630323,10.1040507478
11.273822,1.07514341711,1.24530686776,10.8489478072,-0.912515459961,0.76920630323,10.149431623
11.275488,1.11050253385,1.28066598449,10.9217595095,-0.912515459961,0.723825427995,10.149431623
11.277154,1.14586165058,1.31602510123,10.9217595095,-0.866370670294,0.859968053701,10.1948124982
11.27882,1.21657988406,1.35138421797,10.9217595095,-0.820225880627,0.859968053701,10.2401933735
11.280486,1.14586165058,1.31602510123,10.9581653606,-0.958660249627,0.723825427995,10.1040507478
11.282152,1.11050253385,1.24530686776,10.8853536583,-0.912515459961,0.76920630323,10.1040507478
11.283818,1.11050253385,1.24530686776,10.9217595095,-0.912515459961,0.76920630323,10.149431623
11.285484,1.11050253385,1.28066598449,10.8853536583,-0.912515459961,0.76920630323,10.149431623
11.28715,1.21657988406,1.28066598449,10.9217595095,-0.958660249627,0.76920630323,10.149431623
11.288816,1.14586165058,1.31602510123,10.9217595095,-0.912515459961,0.76920630323,10.149431623
11.290482,1.07514341711,1.20994775102,10.8853536583,-0.958660249627,0.76920630323,10.149431623
11.292148,1.11050253385,1.28066598449,10.9217595095,-0.912515459961,0.76920630323,10.149431623
11.293814,1.18122076732,1.31602510123,10.9217595095,-0.820225880627,0.905348928936,10.2401933735
11.29548,1.21657988406,1.35138421797,10.9217595095,-0.912515459961,0.723825427995,10.1040507478
11.297146,1.14586165058,1.28066598449,10.9217595095,-0.912515459961,0.76920630323,10.149431623
11.298812,1.14586165058,1.20994775102,10.8853536583,-0.912515459961,0.76920630323,10.149431623
11.300478,1.14586165058,1.28066598449,10.8853536583,-0.912515459961,0.76920630323,10.149431623
11.302144,1.18122076732,1.31602510123,10.9217595095,-0.912515459961,0.76920630323,10.149431623
11.30381,1.18122076732,1.3867433347,11.0287016972,-0.866370670294,0.814587178465,10.1948124982
11.305476,1.14586165058,1.31602510123,10.8853536583,-0.912515459961,0.76920630323,10.149431623
11.307142,1.11050253385,1.24530686776,10.8853536583,-0.912515459961,0.76920630323,10.149431623
11.308808,1.11050253385,1.24530686776,10.8489478072,-0.912515459961,0.76920630323,10.149431623
11.310474,1.14586165058,1.28066598449,10.8853536583,-0.912515459961,0.76920630323,10.1040507478
11.31214,1.11050253385,1.3867433347,10.9922958461,-0.912515459961,0.723825427995,10.1040507478
11.313806,1.18122076732,1.28066598449,10.8853536583,-0.912515459961,0.76920630323,10.1040507478
11.315472,1.14586165058,1.24530686776,10.8489478072,-0.866370670294,0.723825427995,10.149431623
11.317138,1.11050253385,1.28066598449,10.8125419561,-0.866370670294,0.76920630323,10.149431623
11.318804,1.18122076732,1.31602510123,10.8853536583,-0.912515459961,0.76920630323,10.1040507478
11.32047,1.07514341711,1.20994775102,10.7761361049,-0.912515459961,0.76920630323,10.1040507478
11.322136,1.18122076732,1.31602510123,10.8853536583,-0.866370670294,0.76920630323,10.1040507478
11.323802,1.18122076732,1.28066598449,10.8489478072,-0.820225880627,0.814587178465,10.1948124982
11.325468,1.18122076732,1.31602510123,10.8853536583,-0.912515459961,0.76920630323,10.1040507478
11.327134,1.18122076732,1.28066598449,10.8853536583,-0.866370670294,0.76920630323,10.1040507478
11.3288,1.11050253385,1.24530686776,10.7761361049,-0.866370670294,0.76920630323,10.1040507478
11.330466,1.18122076732,1.28066598449,10.8489478072,-0.866370670294,0.814587178465,10.1040507478
11.332132,1.18122076732,1.28066598449,10.8853536583,-0.912515459961,0.76920630323,10.1040507478
11.333798,1.25193900079,1.35138421797,10.8853536583,-0.866370670294,0.723825427995,10.1040507478
11.335464,1.18122076732,1.20994775102,10.8489478072,-0.820225880627,0.76920630323,10.1948124982
11.33713,1.14586165058,1.20994775102,10.7761361049,-0.866370670294,0.76920630323,10.1040507478
11.338796,1.18122076732,1.28066598449,10.8125419561,-0.912515459961,0.723825427995,10.0586698725
11.340462,1.18122076732,1.28066598449,10.8489478072,-0.866370670294,0.76920630323,10.1040507478
11.342128,1.11050253385,1.24530686776,10.7397302538,-0.866370670294,0.76920630323,10.1040507478
11.343794,1.14586165058,1.31602510123,10.8125419561,-0.866370670294,0.76920630323,10.1040507478
11.34546,1.18122076732,1.31602510123,10.8125419561,-0.866370670294,0.814587178465,10.1040507478
11.347126,1.25193900079,1.31602510123,10.8125419561,-0.866370670294,0.814587178465,10.1040507478
11.348792,1.18122076732,1.31602510123,10.8125419561,-0.77408109096,0.859968053701,10.1948124982
11.350458,1.11050253385,1.28066598449,10.7397302538,-0.866370670294,0.76920630323,10.1040507478
11.352124,1.14586165058,1.31602510123,10.8489478072,-0.866370670294,0.814587178465,10.1040507478
11.35379,1.14586165058,1.31602510123,10.8125419561,-0.866370670294,0.76920630323,10.1040507478
11.355456,1.28729811753,1.3867433347,10.8853536583,-0.866370670294,0.814587178465,10.1040507478
11.357122,1.18122076732,1.31602510123,10.8125419561,-0.77408109096,0.905348928936,10.1948124982
11.358788,1.14586165058,1.28066598449,10.8125419561,-0.866370670294,0.76920630323,10.0586698725
11.360454,1.14586165058,1.31602510123,10.8125419561,-0.866370670294,0.76920630323,10.1040507478
11.36212,1.18122076732,1.31602510123,10.8489478072,-0.866370670294,0.814587178465,10.0586698725
11.363786,1.21657988406,1.35138421797,10.8853536583,-0.866370670294,0.76920630323,10.1040507478
11.365452,1.18122076732,1.28066598449,10.8489478072,-0.866370670294,0.76920630323,10.1040507478
11.367118,1.11050253385,1.28066598449,10.7761361049,-0.912515459961,0.76920630323,10.0586698725
11.368784,1.18122076732,1.24530686776,10.8125419561,-0.866370670294,0.76920630323,10.1040507478
11.37045,1.21657988406,1.35138421797,10.8853536583,-0.912515459961,0.814587178465,10.1040507478
11.372116,1.28729811753,1.42210245144,10.8853536583,-0.866370670294,0.76920630323,10.0586698725
11.373782,1.18122076732,1.31602510123,10.8489478072,-0.866370670294,0.76920630323,10.1040507478
11.375448,1.11050253385,1.24530686776,10.7761361049,-0.866370670294,0.76920630323,10.1040507478
11.377114,1.14586165058,1.31602510123,10.8125419561,-0.820225880627,0.859968053701,10.149431623
11.37878,1.18122076732,1.31602510123,10.8489478072,-0.912515459961,0.814587178465,10.1040507478
11.380446,1.07514341711,1.35138421797,10.9217595095,-0.866370670294,0.814587178465,10.1040507478
11.382112,1.18122076732,1.31602510123,10.8853536583,-0.866370670294,0.814587178465,10.1040507478
11.383778,1.18122076732,1.31602510123,10.8125419561,-0.866370670294,0.814587178465,10.1040507478
11.385444,1.18122076732,1.28066598449,10.8125419561,-0.866370670294,0.76920630323,10.1040507478
11.38711,1.18122076732,1.31602510123,10.8853536583,-0.77408109096,0.905348928936,10.1948124982
11.388776,1.11050253385,1.20994775102,10.7761361049,-0.912515459961,0.76920630323,10.1040507478
11.390442,1.18122076732,1.28066598449,10.8853536583,-0.866370670294,0.76920630323,10.1040507478
11.392108,1.18122076732,1.31602510123,10.8489478072,-0.866370670294,0.76920630323,10.1040507478
11.393774,1.18122076732,1.35138421797,10.8853536583,-0.866370670294,0.814587178465,10.149431623
11.39544,1.18122076732,1.35138421797,10.8853536583,-0.866370670294,0.814587178465,10.149431623
11.397106,1.11050253385,1.24530686776,10.8125419561,-0.866370670294,0.76920630323,10.1040507478
11.398772,1.14586165058,1.31602510123,10.8853536583,-0.866370670294,0.814587178465,10.149431623
11.400438,1.14586165058,1.31602510123,10.8853536583,-0.866370670294,0.859968053701,10.149431623
11.402104,1.28729811753,1.35138421797,10.8853536583,-0.77408109096,0.905348928936,10.2401933735
11.40377,1.18122076732,1.31602510123,10.8853536583,-0.912515459961,0.76920630323,10.1040507478
11.405436,1.18122076732,1.28066598449,10.8125419561,-0.912515459961,0.723825427995,10.1040507478
11.407102,1.14586165058,1.31602510123,10.8853536583,-0.912515459961,0.76920630323,10.1040507478
11.408768,1.18122076732,1.28066598449,10.9217595095,-0.866370670294,0.76920630323,10.149431623
11.410434,1.07514341711,1.24530686776,10.9922958461,-0.866370670294,0.76920630323,10.149431623
11.4121,1.14586165058,1.24530686776,10.9217595095,-0.77408109096,0.905348928936,10.2401933735
11.413766,1.14586165058,1.28066598449,10.8853536583,-0.866370670294,0.814587178465,10.1948124982
11.415432,1.14586165058,1.28066598449,10.8853536583,-0.912515459961,0.723825427995,10.149431623
11.417098,1.18122076732,1.31602510123,10.9217595095,-0.912515459961,0.76920630323,10.149431623
11.418764,1.11050253385,1.28066598449,10.8489478072,-0.866370670294,0.814587178465,10.149431623
11.42043,1.18122076732,1.35138421797,10.9217595095,-0.77408109096,0.905348928936,10.2401933735
11.422096,1.14586165058,1.35138421797,10.9217595095,-0.912515459961,0.76920630323,10.149431623
11.423762,1.18122076732,1.35138421797,10.8853536583,-0.866370670294,0.814587178465,10.149431623
11.425428,1.18122076732,1.31602510123,10.9581653606,-0.866370670294,0.859968053701,10.1948124982
11.427094,1.11050253385,1.20994775102,10.8853536583,-0.912515459961,0.723825427995,10.149431623
11.42876,1.11050253385,1.28066598449,10.9217595095,-0.912515459961,0.76920630323,10.149431623
11.430426,1.14586165058,1.35138421797,10.9581653606,-0.866370670294,0.814587178465,10.1948124982
11.432092,1.25193900079,1.35138421797,10.9922958461,-0.912515459961,0.76920630323,10.1948124982
11.433758,1.18122076732,1.31602510123,10.9922958461,-0.912515459961,0.723825427995,10.149431623
11.435424,1.11050253385,1.31602510123,10.8853536583,-0.912515459961,0.814587178465,10.149431623
11.43709,1.11050253385,1.31602510123,10.8853536583,-0.912515459961,0.814587178465,10.149431623
11.438756,1.18122076732,1.31602510123,10.9217595095,-0.820225880627,0.905348928936,10.2401933735
11.440422,1.18122076732,1.45746156818,11.0287016972,-0.866370670294,0.814587178465,10.1948124982
11.442088,1.18122076732,1.31602510123,10.9922958461,-0.866370670294,0.76920630323,10.149431623
11.443754,1.11050253385,1.28066598449,10.8853536583,-0.912515459961,0.76920630323,10.149431623
11.44542,1.11050253385,1.31602510123,10.9217595095,-0.912515459961,0.814587178465,10.1948124982
11.447086,1.18122076732,1.31602510123,10.9922958461,-0.820225880627,0.859968053701,10.2401933735
11.448752,1.07514341711,1.31602510123,11.0287016972,-0.912515459961,0.814587178465,10.149431623
11.450418,1.18122076732,1.35138421797,10.9217595095,-0.912515459961,0.814587178465,10.149431623
11.452084,1.14586165058,1.31602510123,10.9217595095,-0.912515459961,0.814587178465,10.149431623
11.45375,1.18122076732,1.31602510123,10.9217595095,-0.820225880627,0.905348928936,10.2401933735
11.455416,1.21657988406,1.31602510123,10.9922958461,-0.912515459961,0.76920630323,10.149431623
11.457082,1.07514341711,1.24530686776,10.8853536583,-0.912515459961,0.76920630323,10.149431623
11.458748,1.18122076732,1.31602510123,10.9581653606,-0.866370670294,0.76920630323,10.149431623
11.460414,1.14586165058,1.31602510123,10.9217595095,-0.912515459961,0.814587178465,10.149431623
11.46208,1.14586165058,1.31602510123,10.9217595095,-0.912515459961,0.814587178465,10.149431623
11.463746,1.18122076732,1.35138421797,10.9922958461,-0.820225880627,0.905348928936,10.2401933735
11.465412,1.07514341711,1.28066598449,10.8853536583,-0.912515459961,0.76920630323,10.149431623
11.467078,1.18122076732,1.35138421797,10.9217595095,-0.912515459961,0.814587178465,10.149431623
11.468744,1.14586165058,1.31602510123,10.9217595095,-0.912515459961,0.814587178465,10.149431623
11.47041,1.21657988406,1.31602510123,10.9217595095,-0.77408109096,0.905348928936,10.2401933735
11.472076,1.18122076732,1.31602510123,10.9217595095,-0.912515459961,0.76920630323,10.149431623
11.473742,1.11050253385,1.20994775102,10.8853536583,-0.912515459961,0.76920630323,10.149431623
11.475408,1.14586165058,1.31602510123,10.9217595095,-0.912515459961,0.76920630323,10.149431623
11.477074,1.18122076732,1.31602510123,10.8853536583,-0.866370670294,0.76920630323,10.149431623
11.47874,1.25193900079,1.35138421797,10.9217595095,-0.866370670294,0.814587178465,10.149431623
11.480406,1.18122076732,1.31602510123,10.9217595095,-0.912515459961,0.723825427995,10.1040507478
11.482072,1.11050253385,1.28066598449,10.8489478072,-0.912515459961,0.76920630323,10.1040507478
11.483738,1.14586165058,1.28066598449,10.8853536583,-0.866370670294,0.723825427995,10.1040507478
11.485404,1.18122076732,1.31602510123,10.9217595095,-0.866370670294,0.76920630323,10.1948124982
11.48707,1.21657988406,1.3867433347,10.9581653606,-0.866370670294,0.76920630323,10.149431623
11.488736,1.14586165058,1.31602510123,10.8853536583,-0.866370670294,0.76920630323,10.1040507478
11.490402,1.14586165058,1.28066598449,10.8489478072,-0.866370670294,0.723825427995,10.1040507478
11.492068,1.18122076732,1.31602510123,10.8853536583,-0.912515459961,0.76920630323,10.1040507478
11.493734,1.18122076732,1.31602510123,10.8853536583,-0.866370670294,0.76920630323,10.1040507478
11.4954,1.21657988406,1.3867433347,10.9581653606,-0.77408109096,0.859968053701,10.149431623
11.497066,1.18122076732,1.28066598449,10.8853536583,-0.866370670294,0.723825427995,10.1040507478
11.498732,1.18122076732,1.20994775102,10.8853536583,-0.866370670294,0.76920630323,10.1040507478
11.500398,1.21657988406,1.28066598449,10.8853536583,-0.866370670294,0.814587178465,10.1040507478
11.502064,1.18122076732,1.35138421797,10.8853536583,-0.77408109096,0.905348928936,10.1948124982
11.50373,1.14586165058,1.24530686776,10.7761361049,-0.866370670294,0.814587178465,10.1040507478
11.505396,1.14586165058,1.35138421797,10.8853536583,-0.820225880627,0.814587178465,10.1040507478
11.507062,1.21657988406,1.31602510123,10.8853536583,-0.866370670294,0.814587178465,10.1040507478
11.508728,1.28729811753,1.35138421797,10.8853536583,-0.820225880627,0.814587178465,10.1040507478
11.510394,1.21657988406,1.35138421797,10.8853536583,-0.77408109096,0.905348928936,10.149431623
11.51206,1.18122076732,1.28066598449,10.8125419561,-0.866370670294,0.814587178465,10.0586698725
11.513726,1.18122076732,1.31602510123,10.7761361049,-0.866370670294,0.814587178465,10.1040507478
11.515392,1.18122076732,1.31602510123,10.8489478072,-0.820225880627,0.814587178465,10.0586698725
11.517058,1.28729811753,1.45746156818,10.9217595095,-0.820225880627,0.814587178465,10.1040507478
11.518724,1.18122076732,1.28066598449,10.8489478072,-0.77408109096,0.814587178465,10.1948124982
11.52039,1.18122076732,1.24530686776,10.7761361049,-0.866370670294,0.723825427995,10.0586698725
11.522056,1.18122076732,1.24530686776,10.8125419561,-0.820225880627,0.723825427995,10.1040507478
11.523722,1.21657988406,1.28066598449,10.8853536583,-0.820225880627,0.76920630323,10.1040507478
11.525388,1.14586165058,1.20994775102,10.7397302538,-0.866370670294,0.723825427995,10.0586698725
11.527054,1.21657988406,1.28066598449,10.8489478072,-0.727936301293,0.859968053701,10.1948124982
11.52872,1.21657988406,1.24530686776,10.8489478072,-0.820225880627,0.723825427995,10.1040507478
11.530386,1.28729811753,1.31602510123,10.8125419561,-0.820225880627,0.76920630323,10.1040507478
11.532052,1.25193900079,1.31602510123,10.8489478072,-0.820225880627,0.76920630323,10.1040507478
11.533718,1.18122076732,1.28066598449,10.7397302538,-0.820225880627,0.814587178465,10.1040507478
11.535384,1.21657988406,1.24530686776,10.8125419561,-0.77408109096,0.814587178465,10.149431623
11.53705,1.25193900079,1.28066598449,10.8125419561,-0.820225880627,0.76920630323,10.1040507478
11.538716,1.21657988406,1.3867433347,10.9217595095,-0.820225880627,0.814587178465,10.1040507478
11.540382,1.21657988406,1.31602510123,10.8489478072,-0.681791511626,0.905348928936,10.1948124982
11.542048,1.18122076732,1.28066598449,10.7761361049,-0.820225880627,0.76920630323,10.0586698725
11.543714,1.21657988406,1.28066598449,10.8125419561,-0.820225880627,0.76920630323,10.0586698725
11.54538,1.25193900079,1.31602510123,10.8489478072,-0.681791511626,0.905348928936,10.1948124982
11.547046,1.18122076732,1.20994775102,10.8853536583,-0.820225880627,0.76920630323,10.1040507478
11.548712,1.21657988406,1.31602510123,10.8489478072,-0.820225880627,0.814587178465,10.1040507478
11.550378,1.21657988406,1.28066598449,10.8125419561,-0.681791511626,0.859968053701,10.1948124982
11.552044,1.21657988406,1.28066598449,10.8125419561,-0.820225880627,0.723825427995,10.0586698725
11.55371,1.25193900079,1.24530686776,10.8489478072,-0.820225880627,0.76920630323,10.1040507478
11.555376,1.18122076732,1.31602510123,10.9217595095,-0.820225880627,0.76920630323,10.1040507478
11.557042,1.25193900079,1.20994775102,10.8853536583,-0.820225880627,0.678444552759,10.1040507478
11.558708,1.18122076732,1.20994775102,10.7761361049,-0.820225880627,0.723825427995,10.1040507478
11.560374,1.21657988406,1.20994775102,10.8125419561,-0.727936301293,0.814587178465,10.149431623
11.56204,1.21657988406,1.28066598449,10.8489478072,-0.820225880627,0.76920630323,10.1040507478
11.563706,1.18122076732,1.20994775102,10.7397302538,-0.820225880627,0.76920630323,10.1040507478
11.565372,1.21657988406,1.28066598449,10.8489478072,-0.820225880627,0.76920630323,10.1040507478
11.567038,1.21657988406,1.20994775102,10.8489478072,-0.820225880627,0.678444552759,10.1040507478
11.568704,1.32265723427,1.28066598449,10.8489478072,-0.820225880627,0.723825427995,10.1040507478
11.57037,1.21657988406,1.20994775102,10.8489478072,-0.866370670294,0.678444552759,10.0586698725
11.572036,1.18122076732,1.17458863428,10.8125419561,-0.820225880627,0.723825427995,10.1040507478
11.573702,1.21657988406,1.24530686776,10.8489478072,-0.820225880627,0.76920630323,10.1040507478
11.575368,1.21657988406,1.24530686776,10.8489478072,-0.820225880627,0.723825427995,10.149431623
11.577034,1.35801635101,1.31602510123,10.9217595095,-0.820225880627,0.76920630323,10.1040507478
11.5787,1.21657988406,1.28066598449,10.8853536583,-0.820225880627,0.76920630323,10.1040507478
11.580366,1.21657988406,1.20994775102,10.8489478072,-0.727936301293,0.814587178465,10.1948124982
11.582032,1.18122076732,1.20994775102,10.8489478072,-0.866370670294,0.723825427995,10.0586698725
11.583698,1.21657988406,1.28066598449,10.8853536583,-0.820225880627,0.723825427995,10.1040507478
11.585364,1.18122076732,1.17458863428,10.9217595095,-0.820225880627,0.76920630323,10.1040507478
11.58703,1.21657988406,1.24530686776,10.8853536583,-0.820225880627,0.76920630323,10.149431623
11.588696,1.21657988406,1.24530686776,10.8853536583,-0.820225880627,0.723825427995,10.1040507478
11.590362,1.21657988406,1.24530686776,10.8489478072,-0.820225880627,0.723825427995,10.1040507478
11.592028,1.21657988406,1.28066598449,10.9217595095,-0.866370670294,0.723825427995,10.1040507478
11.593694,1.21657988406,1.20994775102,10.8125419561,-0.820225880627,0.76920630323,10.149431623
11.59536,1.18122076732,1.28066598449,10.8853536583,-0.727936301293,0.859968053701,10.2401933735
11.597026,1.21657988406,1.28066598449,10.8853536583,-0.866370670294,0.723825427995,10.1040507478
11.598692,1.28729811753,1.31602510123,10.8853536583,-0.820225880627,0.723825427995,10.149431623
11.600358,1.25193900079,1.24530686776,10.9217595095,-0.820225880627,0.723825427995,10.1040507478
11.602024,1.18122076732,1.20994775102,10.8125419561,-0.77408109096,0.814587178465,10.1948124982
11.60369,1.18122076732,1.24530686776,10.8853536583,-0.820225880627,0.76920630323,10.149431623
11.605356,1.21657988406,1.24530686776,10.9217595095,-0.866370670294,0.723825427995,10.1040507478
11.607022,1.32265723427,1.31602510123,10.8853536583,-0.77408109096,0.814587178465,10.1948124982
11.608688,1.21657988406,1.28066598449,10.8853536583,-0.866370670294,0.723825427995,10.1040507478
11.610354,1.18122076732,1.20994775102,10.8489478072,-0.866370670294,0.723825427995,10.1040507478
11.61202,1.18122076732,1.20994775102,10.8853536583,-0.820225880627,0.76920630323,10.149431623
11.613686,1.21657988406,1.28066598449,10.9217595095,-0.866370670294,0.723825427995,10.1040507478
11.615352,1.11050253385,1.17458863428,10.9217595095,-0.866370670294,0.723825427995,10.1040507478
11.617018,1.18122076732,1.28066598449,10.9217595095,-0.866370670294,0.723825427995,10.1040507478
11.618684,1.18122076732,1.31602510123,10.8853536583,-0.820225880627,0.76920630323,10.149431623
11.62035,1.18122076732,1.28066598449,10.8853536583,-0.866370670294,0.76920630323,10.1040507478
11.622016,1.21657988406,1.31602510123,10.9217595095,-0.77408109096,0.814587178465,10.149431623
11.623682,1.18122076732,1.24530686776,10.8125419561,-0.866370670294,0.76920630323,10.1040507478
11.625348,1.18122076732,1.28066598449,10.8853536583,-0.820225880627,0.76920630323,10.1040507478
11.627014,1.21657988406,1.28066598449,10.8853536583,-0.866370670294,0.723825427995,10.1040507478
11.62868,1.32265723427,1.3867433347,10.9217595095,-0.820225880627,0.76920630323,10.149431623
11.630346,1.21657988406,1.31602510123,10.9217595095,-0.820225880627,0.76920630323,10.1040507478
11.632012,1.18122076732,1.28066598449,10.8489478072,-0.866370670294,0.76920630323,10.0586698725
11.633678,1.18122076732,1.28066598449,10.8853536583,-0.866370670294,0.76920630323,10.1040507478
11.635344,1.21657988406,1.28066598449,10.8853536583,-0.866370670294,0.76920630323,10.1040507478
11.63701,1.21657988406,1.42210245144,10.9922958461,-0.866370670294,0.76920630323,10.1040507478
11.638676,1.21657988406,1.31602510123,10.8853536583,-0.866370670294,0.76920630323,10.1040507478
11.640342,1.18122076732,1.28066598449,10.8489478072,-0.77408109096,0.859968053701,10.1948124982
11.642008,1.18122076732,1.31602510123,10.8853536583,-0.866370670294,0.76920630323,10.1040507478
11.643674,1.21657988406,1.31602510123,10.8853536583,-0.866370670294,0.76920630323,10.149431623
11.64534,1.11050253385,1.24530686776,10.8125419561,-0.866370670294,0.76920630323,10.1040507478
11.647006,1.18122076732,1.28066598449,10.8853536583,-0.820225880627,0.814587178465,10.149431623
11.648672,1.18122076732,1.31602510123,10.8853536583,-0.866370670294,0.814587178465,10.1040507478
11.650338,1.25193900079,1.3867433347,10.8853536583,-0.866370670294,0.814587178465,10.1040507478
11.652004,1.18122076732,1.31602510123,10.8853536583,-0.866370670294,0.76920630323,10.0586698725
11.65367,1.14586165058,1.31602510123,10.8489478072,-0.77408109096,0.905348928936,10.149431623
11.655336,1.18122076732,1.31602510123,10.8853536583,-0.866370670294,0.814587178465,10.1040507478
11.657002,1.18122076732,1.35138421797,10.8853536583,-0.866370670294,0.814587178465,10.1040507478
11.658668,1.18122076732,1.42210245144,10.9581653606,-0.866370670294,0.814587178465,10.1040507478
11.660334,1.18122076732,1.35138421797,10.8853536583,-0.866370670294,0.76920630323,10.1040507478
11.662,1.18122076732,1.31602510123,10.8489478072,-0.77408109096,0.905348928936,10.149431623
11.663666,1.18122076732,1.35138421797,10.8853536583,-0.820225880627,0.859968053701,10.149431623
11.665332,1.18122076732,1.35138421797,10.8853536583,-0.866370670294,0.814587178465,10.1040507478
11.666998,1.11050253385,1.20994775102,10.9217595095,-0.912515459961,0.76920630323,10.0586698725
11.668664,1.18122076732,1.31602510123,10.8853536583,-0.866370670294,0.814587178465,10.1040507478
11.67033,1.14586165058,1.35138421797,10.8853536583,-0.912515459961,0.76920630323,10.0586698725
11.671996,1.21657988406,1.35138421797,10.8853536583,-0.912515459961,0.76920630323,10.1040507478
11.673662,1.18122076732,1.35138421797,10.8853536583,-0.866370670294,0.76920630323,10.1040507478
11.675328,1.18122076732,1.31602510123,10.8489478072,-0.866370670294,0.814587178465,10.1040507478
11.676994,1.18122076732,1.31602510123,10.8853536583,-0.866370670294,0.814587178465,10.1040507478
11.67866,1.21657988406,1.35138421797,10.8853536583,-0.866370670294,0.814587178465,10.1040507478
11.680326,1.25193900079,1.45746156818,10.9581653606,-0.866370670294,0.814587178465,10.1040507478
11.681992,1.18122076732,1.31602510123,10.8853536583,-0.866370670294,0.814587178465,10.1040507478
11.683658,1.18122076732,1.31602510123,10.8489478072,-0.866370670294,0.814587178465,10.1040507478
11.685324,1.18122076732,1.31602510123,10.8489478072,-0.866370670294,0.814587178465,10.1040507478
11.68699,1.18122076732,1.31602510123,10.8853536583,-0.866370670294,0.814587178465,10.1040507478
11.688656,1.18122076732,1.45746156818,11.0287016972,-0.866370670294,0.814587178465,10.1040507478
11.690322,1.18122076732,1.3867433347,10.9217595095,-0.866370670294,0.814587178465,10.1040507478
11.691988,1.18122076732,1.28066598449,10.8853536583,-0.820225880627,0.814587178465,10.149431623
11.693654,1.18122076732,1.31602510123,10.8853536583,-0.866370670294,0.814587178465,10.149431623
11.69532,1.21657988406,1.35138421797,10.9217595095,-0.912515459961,0.814587178465,10.1040507478
11.696986,1.14586165058,1.28066598449,10.8125419561,-0.866370670294,0.814587178465,10.1040507478
11.698652,1.18122076732,1.35138421797,10.9217595095,-0.866370670294,0.814587178465,10.1040507478
11.700318,1.18122076732,1.28066598449,10.8853536583,-0.866370670294,0.814587178465,10.1040507478
11.701984,1.18122076732,1.31602510123,10.8853536583,-0.866370670294,0.814587178465,10.1040507478
11.70365,1.21657988406,1.35138421797,10.9217595095,-0.866370670294,0.814587178465,10.1040507478
11.705316,1.11050253385,1.28066598449,10.8489478072,-0.866370670294,0.814587178465,10.1040507478
11.706982,1.21657988406,1.35138421797,10.8853536583,-0.866370670294,0.814587178465,10.149431623
11.708648,1.18122076732,1.28066598449,10.8853536583,-0.866370670294,0.814587178465,10.149431623
11.710314,1.21657988406,1.31602510123,10.8853536583,-0.866370670294,0.814587178465,10.1040507478
11.71198,1.21657988406,1.31602510123,10.8853536583,-0.866370670294,0.76920630323,10.1040507478
11.713646,1.11050253385,1.28066598449,10.8125419561,-0.820225880627,0.814587178465,10.149431623
11.715312,1.18122076732,1.35138421797,10.9217595095,-0.820225880627,0.814587178465,10.149431623
11.716978,1.18122076732,1.31602510123,10.8853536583,-0.866370670294,0.76920630323,10.149431623
11.718644,1.21657988406,1.35138421797,10.8853536583,-0.866370670294,0.814587178465,10.149431623
11.72031,1.21657988406,1.31602510123,10.9217595095,-0.866370670294,0.76920630323,10.149431623
11.721976,1.11050253385,1.28066598449,10.8125419561,-0.866370670294,0.814587178465,10.149431623
11.723642,1.21657988406,1.35138421797,10.9217595095,-0.866370670294,0.814587178465,10.149431623
11.725308,1.21657988406,1.31602510123,10.8853536583,-0.866370670294,0.814587178465,10.1948124982
11.726974,1.21657988406,1.35138421797,10.8853536583,-0.820225880627,0.814587178465,10.149431623
11.72864,1.21657988406,1.35138421797,10.9217595095,-0.866370670294,0.814587178465,10.149431623
11.730306,1.14586165058,1.28066598449,10.8125419561,-0.820225880627,0.814587178465,10.149431623
11.731972,1.18122076732,1.28066598449,10.8853536583,-0.820225880627,0.814587178465,10.1948124982
11.733638,1.18122076732,1.28066598449,10.9217595095,-0.866370670294,0.76920630323,10.149431623
11.735304,1.25193900079,1.35138421797,10.8853536583,-0.820225880627,0.814587178465,10.149431623
11.73697,1.21657988406,1.28066598449,10.9217595095,-0.727936301293,0.950729804172,10.2401933735
11.738636,1.14586165058,1.28066598449,10.8489478072,-0.866370670294,0.76920630323,10.149431623
11.740302,1.18122076732,1.28066598449,10.8853536583,-0.866370670294,0.723825427995,10.149431623
11.741968,1.21657988406,1.31602510123,10.9217595095,-0.866370670294,0.76920630323,10.149431623
11.743634,1.28729811753,1.42210245144,10.9922958461,-0.820225880627,0.814587178465,10.149431623
11.7453,1.21657988406,1.28066598449,10.9217595095,-0.820225880627,0.814587178465,10.149431623
11.746966,1.18122076732,1.24530686776,10.8125419561,-0.820225880627,0.76920630323,10.149431623
11.748632,1.21657988406,1.31602510123,10.9217595095,-0.727936301293,0.905348928936,10.2401933735
11.750298,1.21657988406,1.28066598449,10.9217595095,-0.820225880627,0.814587178465,10.1948124982
11.751964,1.28729811753,1.35138421797,10.9217595095,-0.866370670294,0.76920630323,10.149431623
11.75363,1.21657988406,1.35138421797,10.9217595095,-0.820225880627,0.814587178465,10.149431623
11.755296,1.18122076732,1.24530686776,10.8125419561,-0.820225880627,0.76920630323,10.149431623
11.756962,1.18122076732,1.28066598449,10.8853536583,-0.820225880627,0.76920630323,10.149431623
11.758628,1.21657988406,1.28066598449,10.9217595095,-0.866370670294,0.76920630323,10.149431623
11.760294,1.14586165058,1.35138421797,10.9922958461,-0.866370670294,0.76920630323,10.149431623
11.76196,1.18122076732,1.28066598449,10.9217595095,-0.77408109096,0.859968053701,10.2401933735
11.763626,1.18122076732,1.28066598449,10.8853536583,-0.866370670294,0.76920630323,10.149431623
11.765292,1.18122076732,1.28066598449,10.8853536583,-0.866370670294,0.76920630323,10.149431623
11.766958,1.18122076732,1.31602510123,10.9217595095,-0.820225880627,0.814587178465,10.149431623
11.768624,1.11050253385,1.24530686776,10.9217595095,-0.866370670294,0.76920630323,10.149431623
11.77029,1.21657988406,1.28066598449,10.9217595095,-0.820225880627,0.76920630323,10.149431623
11.771956,1.18122076732,1.24530686776,10.8853536583,-0.866370670294,0.76920630323,10.1040507478
11.773622,1.18122076732,1.20994775102,10.8489478072,-0.820225880627,0.76920630323,10.149431623
11.775288,1.18122076732,1.28066598449,10.8853536583,-0.820225880627,0.76920630323,10.1948124982
11.776954,1.14586165058,1.20994775102,10.8853536583,-0.820225880627,0.814587178465,10.1948124982
11.77862,1.18122076732,1.31602510123,10.9217595095,-0.77408109096,0.859968053701,10.2401933735
11.780286,1.18122076732,1.28066598449,10.8489478072,-0.866370670294,0.76920630323,10.149431623
11.781952,1.21657988406,1.24530686776,10.8489478072,-0.866370670294,0.76920630323,10.149431623
11.783618,1.18122076732,1.28066598449,10.8853536583,-0.866370670294,0.76920630323,10.1040507478
11.785284,1.11050253385,1.24530686776,10.7761361049,-0.866370670294,0.76920630323,10.1040507478
11.78695,1.14586165058,1.28066598449,10.8853536583,-0.866370670294,0.76920630323,10.1040507478
11.788616,1.18122076732,1.31602510123,10.8853536583,-0.866370670294,0.723825427995,10.1040507478
11.790282,1.28729811753,1.35138421797,10.8853536583,-0.866370670294,0.76920630323,10.1040507478
11.791948,1.18122076732,1.28066598449,10.8853536583,-0.866370670294,0.76920630323,10.1040507478
11.793614,1.11050253385,1.20994775102,10.8125419561,-0.866370670294,0.723825427995,10.1040507478
11.79528,1.14586165058,1.28066598449,10.8489478072,-0.866370670294,0.723825427995,10.1040507478
11.796946,1.18122076732,1.31602510123,10.8853536583,-0.866370670294,0.76920630323,10.1040507478
11.798612,1.18122076732,1.3867433347,10.9217595095,-0.866370670294,0.76920630323,10.1040507478
11.800278,1.18122076732,1.31602510123,10.8853536583,-0.912515459961,0.76920630323,10.1040507478
11.801944,1.14586165058,1.28066598449,10.8125419561,-0.866370670294,0.76920630323,10.1040507478
11.80361,1.11050253385,1.28066598449,10.8125419561,-0.866370670294,0.814587178465,10.1040507478
11.805276,1.18122076732,1.31602510123,10.8853536583,-0.912515459961,0.76920630323,10.0586698725
11.806942,1.11050253385,1.3867433347,10.9581653606,-0.912515459961,0.76920630323,10.0586698725
11.808608,1.18122076732,1.31602510123,10.8853536583,-0.866370670294,0.76920630323,10.1040507478
11.810274,1.14586165058,1.28066598449,10.8125419561,-0.866370670294,0.76920630323,10.1040507478
11.81194,1.11050253385,1.24530686776,10.8125419561,-0.866370670294,0.814587178465,10.1040507478
11.813606,1.14586165058,1.31602510123,10.8853536583,-0.912515459961,0.76920630323,10.0586698725
11.815272,1.07514341711,1.20994775102,10.7397302538,-0.912515459961,0.76920630323,10.0586698725
11.816938,1.14586165058,1.28066598449,10.8853536583,-0.912515459961,0.814587178465,10.0586698725
11.818604,1.14586165058,1.31602510123,10.8489478072,-0.912515459961,0.76920630323,10.0586698725
11.82027,1.21657988406,1.28066598449,10.8489478072,-0.912515459961,0.723825427995,10.1040507478
11.821936,1.14586165058,1.31602510123,10.8853536583,-0.912515459961,0.76920630323,10.0586698725
11.823602,1.11050253385,1.28066598449,10.7397302538,-0.912515459961,0.76920630323,10.0586698725
11.825268,1.11050253385,1.31602510123,10.8125419561,-0.912515459961,0.76920630323,10.0586698725
11.826934,1.11050253385,1.24530686776,10.8489478072,-0.912515459961,0.723825427995,10.0132889973
11.8286,1.21657988406,1.35138421797,10.8489478072,-0.912515459961,0.76920630323,10.0586698725
11.830266,1.14586165058,1.28066598449,10.8489478072,-0.820225880627,0.859968053701,10.149431623
11.831932,1.07514341711,1.20994775102,10.7761361049,-0.866370670294,0.76920630323,10.0586698725
11.833598,1.07514341711,1.24530686776,10.8125419561,-0.912515459961,0.723825427995,10.0586698725
11.835264,1.14586165058,1.31602510123,10.8489478072,-0.912515459961,0.76920630323,10.0586698725
11.83693,1.07514341711,1.31602510123,10.9581653606,-0.912515459961,0.76920630323,10.0586698725
11.838596,1.11050253385,1.31602510123,10.8489478072,-0.912515459961,0.76920630323,10.0586698725
11.840262,1.11050253385,1.28066598449,10.8125419561,-0.912515459961,0.723825427995,10.0586698725
11.841928,1.11050253385,1.31602510123,10.8125419561,-0.912515459961,0.76920630323,10.0586698725
11.843594,1.11050253385,1.31602510123,10.8489478072,-0.912515459961,0.76920630323,10.0586698725
11.84526,1.03978430037,1.3867433347,10.9217595095,-0.912515459961,0.76920630323,10.0586698725
11.846926,1.14586165058,1.35138421797,10.8489478072,-0.912515459961,0.76920630323,10.0586698725
11.848592,1.07514341711,1.28066598449,10.7761361049,-0.912515459961,0.76920630323,10.0586698725
11.850258,1.11050253385,1.31602510123,10.8125419561,-0.912515459961,0.76920630323,10.0586698725
11.851924,1.11050253385,1.28066598449,10.8489478072,-0.912515459961,0.76920630323,10.1040507478
11.85359,1.07514341711,1.3867433347,10.9581653606,-0.912515459961,0.76920630323,10.0586698725
11.855256,1.11050253385,1.31602510123,10.8853536583,-0.912515459961,0.76920630323,10.0586698725
11.856922,1.11050253385,1.24530686776,10.8125419561,-0.912515459961,0.76920630323,10.1040507478
11.858588,1.11050253385,1.24530686776,10.8125419561,-0.912515459961,0.723825427995,10.0586698725
11.860254,1.14586165058,1.31602510123,10.8853536583,-0.912515459961,0.723825427995,10.0586698725
11.86192,1.07514341711,1.28066598449,10.8853536583,-0.912515459961,0.814587178465,10.1040507478
11.863586,1.11050253385,1.31602510123,10.8853536583,-0.912515459961,0.76920630323,10.0586698725
11.865252,1.11050253385,1.31602510123,10.8125419561,-0.912515459961,0.76920630323,10.1040507478
11.866918,1.11050253385,1.31602510123,10.8489478072,-0.912515459961,0.76920630323,10.1040507478
11.868584,1.11050253385,1.31602510123,10.8853536583,-0.866370670294,0.814587178465,10.149431623
11.87025,1.03978430037,1.24530686776,10.9217595095,-0.912515459961,0.76920630323,10.1040507478
11.871916,1.11050253385,1.28066598449,10.8853536583,-0.912515459961,0.814587178465,10.1040507478
11.873582,1.14586165058,1.31602510123,10.8853536583,-0.958660249627,0.76920630323,10.1040507478
11.875248,1.11050253385,1.31602510123,10.8489478072,-0.912515459961,0.76920630323,10.1040507478
11.876914,1.14586165058,1.31602510123,10.8853536583,-0.866370670294,0.905348928936,10.1948124982
11.87858,1.07514341711,1.28066598449,10.8125419561,-0.958660249627,0.723825427995,10.149431623
11.880246,1.11050253385,1.31602510123,10.8853536583,-0.912515459961,0.76920630323,10.1040507478
11.881912,1.14586165058,1.31602510123,10.8853536583,-0.912515459961,0.76920630323,10.1040507478
11.883578,1.25193900079,1.3867433347,10.9217595095,-0.958660249627,0.76920630323,10.1040507478
11.885244,1.14586165058,1.31602510123,10.9581653606,-0.912515459961,0.76920630323,10.149431623
11.88691,1.07514341711,1.28066598449,10.8853536583,-0.958660249627,0.76920630323,10.149431623
11.888576,1.11050253385,1.31602510123,10.8853536583,-0.866370670294,0.905348928936,10.1948124982
11.890242,1.18122076732,1.35138421797,10.9217595095,-0.912515459961,0.76920630323,10.1040507478
11.891908,1.03978430037,1.24530686776,10.9922958461,-0.912515459961,0.76920630323,10.149431623
11.893574,1.11050253385,1.28066598449,10.9217595095,-0.912515459961,0.723825427995,10.1040507478
11.89524,1.11050253385,1.31602510123,10.8853536583,-0.866370670294,0.814587178465,10.149431623
11.896906,1.11050253385,1.28066598449,10.8853536583,-0.820225880627,0.859968053701,10.2401933735
11.898572,1.18122076732,1.31602510123,10.9217595095,-0.958660249627,0.76920630323,10.1040507478
11.900238,1.07514341711,1.20994775102,10.9217595095,-0.958660249627,0.723825427995,10.149431623
11.901904,1.14586165058,1.31602510123,10.9581653606,-0.958660249627,0.76920630323,10.149431623
11.90357,1.14586165058,1.31602510123,10.8853536583,-0.912515459961,0.76920630323,10.1040507478
11.905236,1.18122076732,1.31602510123,10.9217595095,-0.912515459961,0.723825427995,10.149431623
11.906902,1.14586165058,1.31602510123,10.9217595095,-0.912515459961,0.814587178465,10.149431623
11.908568,1.11050253385,1.20994775102,10.8853536583,-0.912515459961,0.723825427995,10.149431623
11.910234,1.14586165058,1.31602510123,10.9217595095,-0.912515459961,0.76920630323,10.149431623
11.9119,1.14586165058,1.28066598449,10.9217595095,-0.866370670294,0.76920630323,10.149431623
11.913566,1.25193900079,1.35138421797,10.9217595095,-0.820225880627,0.814587178465,10.2401933735
11.915232,1.18122076732,1.35138421797,10.9217595095,-0.820225880627,0.905348928936,10.2855742487
11.916898,1.07514341711,1.28066598449,10.8489478072,-0.912515459961,0.814587178465,10.149431623
11.918564,1.14586165058,1.28066598449,10.8853536583,-0.912515459961,0.76920630323,10.1948124982
11.92023,1.18122076732,1.31602510123,10.9217595095,-0.912515459961,0.76920630323,10.149431623
11.921896,1.18122076732,1.3867433347,11.0287016972,-0.820225880627,0.859968053701,10.2401933735
11.923562,1.18122076732,1.35138421797,10.9581653606,-0.866370670294,0.859968053701,10.1948124982
11.925228,1.14586165058,1.31602510123,10.8853536583,-0.820225880627,0.905348928936,10.2401933735
11.926894,1.11050253385,1.31602510123,10.8853536583,-0.912515459961,0.814587178465,10.149431623
11.92856,1.18122076732,1.31602510123,10.9217595095,-0.912515459961,0.76920630323,10.149431623
11.930226,1.07514341711,1.31602510123,11.0287016972,-0.866370670294,0.723825427995,10.149431623
11.931892,1.18122076732,1.31602510123,10.9217595095,-0.866370670294,0.76920630323,10.149431623
11.933558,1.11050253385,1.28066598449,10.8853536583,-0.866370670294,0.76920630323,10.149431623
11.935224,1.14586165058,1.28066598449,10.8853536583,-0.866370670294,0.814587178465,10.149431623
11.93689,1.18122076732,1.28066598449,10.8853536583,-0.912515459961,0.814587178465,10.149431623
11.938556,1.11050253385,1.31602510123,10.9922958461,-0.866370670294,0.76920630323,10.149431623
11.940222,1.14586165058,1.28066598449,10.8853536583,-0.866370670294,0.723825427995,10.149431623
11.941888,1.11050253385,1.31602510123,10.8853536583,-0.820225880627,0.905348928936,10.1948124982
11.943554,1.18122076732,1.28066598449,10.8853536583,-0.912515459961,0.814587178465,10.149431623
11.94522,1.18122076732,1.31602510123,10.8853536583,-0.866370670294,0.814587178465,10.149431623
11.946886,1.11050253385,1.24530686776,10.8125419561,-0.866370670294,0.814587178465,10.149431623
11.948552,1.18122076732,1.28066598449,10.9217595095,-0.866370670294,0.814587178465,10.149431623
11.950218,1.18122076732,1.31602510123,10.8853536583,-0.866370670294,0.76920630323,10.149431623
11.951884,1.18122076732,1.28066598449,10.8489478072,-0.77408109096,0.859968053701,10.2401933735
11.95355,1.21657988406,1.28066598449,10.8853536583,-0.912515459961,0.76920630323,10.149431623
11.955216,1.11050253385,1.28066598449,10.7761361049,-0.866370670294,0.814587178465,10.149431623
11.956882,1.18122076732,1.31602510123,10.8853536583,-0.866370670294,0.814587178465,10.149431623
11.958548,1.18122076732,1.35138421797,10.8853536583,-0.912515459961,0.814587178465,10.1040507478
11.960214,1.21657988406,1.28066598449,10.8853536583,-0.866370670294,0.76920630323,10.149431623
11.96188,1.18122076732,1.31602510123,10.8853536583,-0.912515459961,0.814587178465,10.1040507478
11.963546,1.11050253385,1.28066598449,10.7761361049,-0.912515459961,0.76920630323,10.1040507478
11.965212,1.18122076732,1.28066598449,10.8853536583,-0.912515459961,0.814587178465,10.1040507478
11.966878,1.18122076732,1.31602510123,10.8853536583,-0.912515459961,0.814587178465,10.1040507478
11.968544,1.25193900079,1.3867433347,10.9581653606,-0.866370670294,0.814587178465,10.1040507478
11.97021,1.18122076732,1.31602510123,10.8853536583,-0.866370670294,0.814587178465,10.149431623
11.971876,1.14586165058,1.28066598449,10.7761361049,-0.866370670294,0.814587178465,10.1040507478
11.973542,1.14586165058,1.31602510123,10.8489478072,-0.866370670294,0.814587178465,10.149431623
11.975208,1.21657988406,1.31602510123,10.8853536583,-0.77408109096,0.905348928936,10.149431623
11.976874,1.07514341711,1.35138421797,10.9581653606,-0.866370670294,0.814587178465,10.1040507478
11.97854,1.18122076732,1.35138421797,10.8853536583,-0.912515459961,0.76920630323,10.1040507478
11.980206,1.14586165058,1.31602510123,10.8125419561,-0.866370670294,0.814587178465,10.1040507478
11.981872,1.18122076732,1.28066598449,10.8489478072,-0.866370670294,0.814587178465,10.149431623
11.983538,1.18122076732,1.35138421797,10.8853536583,-0.866370670294,0.814587178465,10.1040507478
11.985204,1.11050253385,1.24530686776,10.8125419561,-0.866370670294,0.814587178465,10.1040507478
11.98687,1.18122076732,1.31602510123,10.8853536583,-0.77408109096,0.905348928936,10.1948124982
11.988536,1.18122076732,1.35138421797,10.8489478072,-0.866370670294,0.814587178465,10.1040507478
11.990202,1.18122076732,1.35138421797,10.8125419561,-0.866370670294,0.814587178465,10.1040507478
11.991868,1.18122076732,1.31602510123,10.8853536583,-0.866370670294,0.76920630323,10.1040507478
11.993534,1.11050253385,1.28066598449,10.7761361049,-0.866370670294,0.76920630323,10.1040507478
11.9952,1.18122076732,1.31602510123,10.8853536583,-0.77408109096,0.950729804172,10.1948124982
11.996866,1.14586165058,1.35138421797,10.8489478072,-0.866370670294,0.814587178465,10.1040507478
11.998532,1.28729811753,1.3867433347,10.8853536583,-0.912515459961,0.76920630323,10.0586698725
12.000198,1.18122076732,1.31602510123,10.8489478072,-0.912515459961,0.76920630323,10.0586698725
12.001864,1.11050253385,1.28066598449,10.8125419561,-0.912515459961,0.814587178465,10.1040507478
12.00353,1.14586165058,1.31602510123,10.8853536583,-0.866370670294,0.814587178465,10.149431623
12.005196,1.18122076732,1.31602510123,10.8489478072,-0.866370670294,0.814587178465,10.1040507478
12.006862,1.18122076732,1.42210245144,10.9581653606,-0.77408109096,0.905348928936,10.1948124982
12.008528,1.18122076732,1.35138421797,10.8853536583,-0.912515459961,0.814587178465,10.1040507478
12.010194,1.11050253385,1.31602510123,10.8125419561,-0.866370670294,0.814587178465,10.1040507478
12.01186,1.14586165058,1.28066598449,10.8489478072,-0.866370670294,0.814587178465,10.1040507478
12.013526,1.14586165058,1.35138421797,10.8853536583,-0.912515459961,0.814587178465,10.1040507478
12.015192,1.11050253385,1.28066598449,10.8125419561,-0.912515459961,0.814587178465,10.1040507478
12.016858,1.11050253385,1.31602510123,10.8853536583,-0.866370670294,0.814587178465,10.1040507478
12.018524,1.11050253385,1.31602510123,10.8853536583,-0.866370670294,0.814587178465,10.1040507478
12.02019,1.21657988406,1.31602510123,10.8489478072,-0.912515459961,0.76920630323,10.0586698725
12.021856,1.14586165058,1.35138421797,10.8853536583,-0.912515459961,0.76920630323,10.1040507478
12.023522,1.11050253385,1.28066598449,10.8125419561,-0.912515459961,0.76920630323,10.1040507478
12.025188,1.18122076732,1.31602510123,10.8853536583,-0.866370670294,0.814587178465,10.1040507478
12.026854,1.14586165058,1.31602510123,10.8853536583,-0.912515459961,0.76920630323,10.1040507478
12.02852,1.28729811753,1.3867433347,10.9217595095,-0.912515459961,0.814587178465,10.1040507478
12.030186,1.14586165058,1.31602510123,10.8853536583,-0.866370670294,0.76920630323,10.1040507478
12.031852,1.14586165058,1.28066598449,10.8853536583,-0.912515459961,0.76920630323,10.1040507478
12.033518,1.11050253385,1.20994775102,10.8489478072,-0.912515459961,0.76920630323,10.1040507478
12.035184,1.18122076732,1.31602510123,10.9217595095,-0.866370670294,0.814587178465,10.149431623
12.03685,1.07514341711,1.28066598449,10.9922958461,-0.866370670294,0.814587178465,10.149431623
12.038516,1.14586165058,1.31602510123,10.8853536583,-0.912515459961,0.76920630323,10.1040507478
12.040182,1.14586165058,1.24530686776,10.8853536583,-0.912515459961,0.723825427995,10.149431623
12.041848,1.11050253385,1.31602510123,10.8853536583,-0.912515459961,0.76920630323,10.1040507478
12.043514,1.18122076732,1.35138421797,10.9217595095,-0.866370670294,0.76920630323,10.1040507478
12.04518,1.11050253385,1.42210245144,10.9922958461,-0.912515459961,0.814587178465,10.1040507478
12.046846,1.18122076732,1.28066598449,10.9217595095,-0.912515459961,0.76920630323,10.149431623
12.048512,1.11050253385,1.24530686776,10.8853536583,-0.912515459961,0.76920630323,10.1040507478
12.050178,1.14586165058,1.31602510123,10.8853536583,-0.866370670294,0.76920630323,10.149431623
12.051844,1.14586165058,1.31602510123,10.9217595095,-0.912515459961,0.76920630323,10.1040507478
12.05351,1.07514341711,1.24530686776,11.0287016972,-0.912515459961,0.76920630323,10.149431623
12.055176,1.14586165058,1.31602510123,10.9217595095,-0.912515459961,0.76920630323,10.149431623
12.056842,1.14586165058,1.28066598449,10.8853536583,-0.866370670294,0.76920630323,10.149431623
12.058508,1.14586165058,1.28066598449,10.8853536583,-0.866370670294,0.814587178465,10.149431623
12.060174,1.18122076732,1.31602510123,10.9581653606,-0.912515459961,0.76920630323,10.1040507478
12.06184,1.11050253385,1.20994775102,10.8489478072,-0.866370670294,0.76920630323,10.149431623
12.063506,1.11050253385,1.31602510123,10.9217595095,-0.866370670294,0.76920630323,10.149431623
12.065172,1.18122076732,1.31602510123,10.9217595095,-0.77408109096,0.905348928936,10.2401933735
12.066838,1.21657988406,1.3867433347,10.9217595095,-0.912515459961,0.76920630323,10.149431623
12.068504,1.18122076732,1.31602510123,10.9581653606,-0.912515459961,0.76920630323,10.149431623
12.07017,1.11050253385,1.28066598449,10.8853536583,-0.820225880627,0.814587178465,10.1948124982
12.071836,1.18122076732,1.28066598449,10.9217595095,-0.912515459961,0.76920630323,10.149431623
12.073502,1.18122076732,1.31602510123,10.9217595095,-0.866370670294,0.814587178465,10.149431623
12.075168,1.25193900079,1.35138421797,10.9217595095,-0.912515459961,0.76920630323,10.1040507478
12.076834,1.18122076732,1.31602510123,10.9581653606,-0.866370670294,0.76920630323,10.149431623
12.0785,1.11050253385,1.28066598449,10.8489478072,-0.77408109096,0.905348928936,10.2401933735
12.080166,1.18122076732,1.31602510123,10.9217595095,-0.866370670294,0.76920630323,10.149431623
12.081832,1.18122076732,1.31602510123,10.9217595095,-0.866370670294,0.76920630323,10.149431623
12.083498,1.25193900079,1.35138421797,10.8853536583,-0.866370670294,0.76920630323,10.149431623
12.085164,1.18122076732,1.35138421797,10.9217595095,-0.866370670294,0.814587178465,10.149431623
12.08683,1.11050253385,1.28066598449,10.8853536583,-0.820225880627,0.859968053701,10.2401933735
12.088496,1.18122076732,1.28066598449,10.8853536583,-0.866370670294,0.76920630323,10.149431623
12.090162,1.21657988406,1.28066598449,10.9217595095,-0.866370670294,0.723825427995,10.1040507478
12.091828,1.11050253385,1.35138421797,11.0287016972,-0.866370670294,0.814587178465,10.149431623
12.093494,1.18122076732,1.28066598449,10.9217595095,-0.912515459961,0.723825427995,10.1040507478
12.09516,1.14586165058,1.31602510123,10.8853536583,-0.866370670294,0.76920630323,10.1040507478
12.096826,1.18122076732,1.28066598449,10.8853536583,-0.866370670294,0.76920630323,10.149431623
12.098492,1.18122076732,1.31602510123,10.8853536583,-0.77408109096,0.905348928936,10.2401933735
12.100158,1.11050253385,1.28066598449,10.9922958461,-0.820225880627,0.814587178465,10.149431623
12.101824,1.18122076732,1.28066598449,10.9217595095,-0.820225880627,0.76920630323,10.149431623
12.10349,1.18122076732,1.28066598449,10.8489478072,-0.866370670294,0.814587178465,10.149431623
12.105156,1.18122076732,1.31602510123,10.8853536583,-0.866370670294,0.814587178465,10.1040507478
12.106822,1.21657988406,1.35138421797,10.8853536583,-0.866370670294,0.814587178465,10.149431623
12.108488,1.11050253385,1.35138421797,10.9922958461,-0.866370670294,0.814587178465,10.149431623
12.110154,1.21657988406,1.31602510123,10.9217595095,-0.820225880627,0.814587178465,10.149431623
12.11182,1.14586165058,1.28066598449,10.8125419561,-0.727936301293,0.859968053701,10.1948124982
12.113486,1.18122076732,1.31602510123,10.8489478072,-0.77408109096,0.905348928936,10.1948124982
12.115152,1.21657988406,1.31602510123,10.8853536583,-0.866370670294,0.76920630323,10.1040507478
12.116818,1.11050253385,1.31602510123,10.9922958461,-0.77408109096,0.905348928936,10.1948124982
12.118484,1.25193900079,1.28066598449,10.8853536583,-0.727936301293,0.859968053701,10.2401933735
12.12015,1.18122076732,1.31602510123,10.8125419561,-0.77408109096,0.859968053701,10.149431623
12.121816,1.18122076732,1.28066598449,10.8853536583,-0.77408109096,0.905348928936,10.1948124982
12.123482,1.21657988406,1.35138421797,10.8853536583,-0.77408109096,0.905348928936,10.1948124982
12.125148,1.11050253385,1.24530686776,10.9217595095,-0.77408109096,0.859968053701,10.149431623
12.126814,1.18122076732,1.31602510123,10.8853536583,-0.727936301293,0.905348928936,10.1948124982
12.12848,1.18122076732,1.31602510123,10.8125419561,-0.77408109096,0.905348928936,10.149431623
12.130146,1.21657988406,1.28066598449,10.8125419561,-0.820225880627,0.76920630323,10.1040507478
12.131812,1.21657988406,1.31602510123,10.8489478072,-0.820225880627,0.814587178465,10.1040507478
12.133478,1.11050253385,1.20994775102,10.8853536583,-0.820225880627,0.814587178465,10.1040507478
12.135144,1.18122076732,1.28066598449,10.8853536583,-0.820225880627,0.76920630323,10.1040507478
12.13681,1.18122076732,1.24530686776,10.8125419561,-0.820225880627,0.76920630323,10.1040507478
12.138476,1.21657988406,1.28066598449,10.8125419561,-0.820225880627,0.814587178465,10.149431623
12.140142,1.21657988406,1.31602510123,10.8853536583,-0.820225880627,0.814587178465,10.1040507478
12.141808,1.18122076732,1.24530686776,10.7761361049,-0.820225880627,0.814587178465,10.1040507478
12.143474,1.21657988406,1.31602510123,10.8489478072,-0.820225880627,0.814587178465,10.1040507478
12.14514,1.21657988406,1.31602510123,10.8489478072,-0.820225880627,0.814587178465,10.1040507478
12.146806,1.32265723427,1.35138421797,10.8853536583,-0.820225880627,0.814587178465,10.1040507478
12.148472,1.25193900079,1.31602510123,10.8853536583,-0.820225880627,0.814587178465,10.1040507478
12.150138,1.18122076732,1.28066598449,10.7761361049,-0.77408109096,0.814587178465,10.1040507478
12.151804,1.18122076732,1.28066598449,10.8125419561,-0.820225880627,0.76920630323,10.1040507478
12.15347,1.21657988406,1.31602510123,10.8125419561,-0.820225880627,0.814587178465,10.1040507478
12.155136,1.21657988406,1.3867433347,10.9581653606,-0.727936301293,0.905348928936,10.149431623
12.156802,1.21657988406,1.31602510123,10.8489478072,-0.820225880627,0.814587178465,10.1040507478
12.158468,1.21657988406,1.31602510123,10.8125419561,-0.820225880627,0.814587178465,10.1040507478
12.160134,1.21657988406,1.31602510123,10.8125419561,-0.820225880627,0.814587178465,10.149431623
12.1618,1.25193900079,1.28066598449,10.8489478072,-0.820225880627,0.76920630323,10.0586698725
12.163466,1.18122076732,1.20994775102,10.8853536583,-0.820225880627,0.76920630323,10.1040507478
12.165132,1.21657988406,1.31602510123,10.8125419561,-0.820225880627,0.814587178465,10.1040507478
12.166798,1.21657988406,1.28066598449,10.8125419561,-0.820225880627,0.76920630323,10.0586698725
12.168464,1.21657988406,1.28066598449,10.8125419561,-0.820225880627,0.814587178465,10.1040507478
12.17013,1.25193900079,1.31602510123,10.8853536583,-0.820225880627,0.76920630323,10.0586698725
12.171796,1.18122076732,1.20994775102,10.7761361049,-0.820225880627,0.76920630323,10.1040507478
12.173462,1.21657988406,1.31602510123,10.8489478072,-0.77408109096,0.814587178465,10.149431623
12.175128,1.21657988406,1.28066598449,10.8489478072,-0.820225880627,0.723825427995,10.1040507478
12.176794,1.21657988406,1.20994775102,10.8125419561,-0.820225880627,0.76920630323,10.1040507478
12.17846,1.25193900079,1.28066598449,10.8489478072,-0.820225880627,0.814587178465,10.1040507478
12.180126,1.14586165058,1.20994775102,10.8853536583,-0.820225880627,0.76920630323,10.149431623
12.181792,1.21657988406,1.28066598449,10.8489478072,-0.727936301293,0.814587178465,10.1948124982
12.183458,1.21657988406,1.28066598449,10.8489478072,-0.820225880627,0.76920630323,10.1040507478
12.185124,1.25193900079,1.28066598449,10.8125419561,-0.820225880627,0.76920630323,10.1040507478
12.18679,1.21657988406,1.31602510123,10.8489478072,-0.820225880627,0.76920630323,10.1040507478
12.188456,1.18122076732,1.20994775102,10.7761361049,-0.820225880627,0.76920630323,10.149431623
12.190122,1.21657988406,1.28066598449,10.8853536583,-0.820225880627,0.723825427995,10.1040507478
12.191788,1.21657988406,1.20994775102,10.8489478072,-0.820225880627,0.723825427995,10.1040507478
12.193454,1.25193900079,1.20994775102,10.8489478072,-0.820225880627,0.76920630323,10.149431623
12.19512,1.21657988406,1.28066598449,10.8853536583,-0.820225880627,0.76920630323,10.1040507478
12.196786,1.18122076732,1.20994775102,10.8125419561,-0.820225880627,0.76920630323,10.1040507478
12.198452,1.21657988406,1.28066598449,10.8853536583,-0.820225880627,0.76920630323,10.1040507478
12.200118,1.21657988406,1.28066598449,10.8853536583,-0.866370670294,0.76920630323,10.1040507478
12.201784,1.32265723427,1.3867433347,10.9217595095,-0.820225880627,0.76920630323,10.1040507478
12.20345,1.21657988406,1.28066598449,10.8853536583,-0.820225880627,0.76920630323,10.149431623
12.205116,1.18122076732,1.20994775102,10.8489478072,-0.866370670294,0.723825427995,10.1040507478
12.206782,1.18122076732,1.28066598449,10.8853536583,-0.820225880627,0.76920630323,10.149431623
12.208448,1.21657988406,1.28066598449,10.9217595095,-0.77408109096,0.814587178465,10.149431623
12.210114,1.11050253385,1.28066598449,10.9922958461,-0.820225880627,0.723825427995,10.1040507478
12.21178,1.21657988406,1.31602510123,10.8853536583,-0.820225880627,0.76920630323,10.149431623
12.213446,1.18122076732,1.24530686776,10.8853536583,-0.866370670294,0.76920630323,10.149431623
12.215112,1.18122076732,1.24530686776,10.8489478072,-0.77408109096,0.814587178465,10.1948124982
12.216778,1.21657988406,1.31602510123,10.9217595095,-0.820225880627,0.76920630323,10.1040507478
12.218444,1.14586165058,1.20994775102,10.8489478072,-0.866370670294,0.76920630323,10.149431623
12.22011,1.18122076732,1.31602510123,10.8853536583,-0.77408109096,0.859968053701,10.1948124982
12.221776,1.18122076732,1.28066598449,10.8853536583,-0.866370670294,0.76920630323,10.1040507478
12.223442,1.21657988406,1.31602510123,10.8853536583,-0.866370670294,0.76920630323,10.149431623
12.225108,1.21657988406,1.31602510123,10.8853536583,-0.820225880627,0.76920630323,10.149431623
12.226774,1.14586165058,1.20994775102,10.8489478072,-0.820225880627,0.723825427995,10.1040507478
12.22844,1.21657988406,1.31602510123,10.8853536583,-0.820225880627,0.76920630323,10.149431623
12.230106,1.21657988406,1.28066598449,10.8853536583,-0.820225880627,0.76920630323,10.149431623
12.231772,1.32265723427,1.3867433347,10.9581653606,-0.820225880627,0.814587178465,10.1948124982
12.233438,1.18122076732,1.28066598449,10.9217595095,-0.866370670294,0.76920630323,10.149431623
12.235104,1.18122076732,1.20994775102,10.8853536583,-0.866370670294,0.723825427995,10.149431623
12.23677,1.18122076732,1.24530686776,10.8853536583,-0.820225880627,0.76920630323,10.149431623
12.238436,1.21657988406,1.31602510123,10.9217595095,-0.77408109096,0.859968053701,10.2401933735
12.240102,1.11050253385,1.24530686776,10.9922958461,-0.820225880627,0.814587178465,10.149431623
12.241768,1.18122076732,1.31602510123,10.9217595095,-0.866370670294,0.76920630323,10.149431623
12.243434,1.18122076732,1.31602510123,10.8853536583,-0.866370670294,0.76920630323,10.1040507478
12.2451,1.18122076732,1.31602510123,10.8489478072,-0.866370670294,0.814587178465,10.1040507478
12.246766,1.21657988406,1.31602510123,10.9217595095,-0.866370670294,0.76920630323,10.1040507478
12.248432,1.14586165058,1.28066598449,10.8125419561,-0.866370670294,0.76920630323,10.149431623
12.250098,1.18122076732,1.31602510123,10.8853536583,-0.866370670294,0.76920630323,10.1040507478
12.251764,1.18122076732,1.31602510123,10.8853536583,-0.866370670294,0.76920630323,10.149431623
12.25343,1.28729811753,1.3867433347,10.9217595095,-0.866370670294,0.76920630323,10.1040507478
12.255096,1.21657988406,1.31602510123,10.8853536583,-0.866370670294,0.76920630323,10.1040507478
12.256762,1.14586165058,1.28066598449,10.8853536583,-0.866370670294,0.76920630323,10.1040507478
12.258428,1.18122076732,1.31602510123,10.8853536583,-0.866370670294,0.814587178465,10.1040507478
12.260094,1.21657988406,1.31602510123,10.8853536583,-0.866370670294,0.814587178465,10.149431623
12.26176,1.18122076732,1.42210245144,11.0287016972,-0.820225880627,0.814587178465,10.149431623
12.263426,1.18122076732,1.31602510123,10.9217595095,-0.866370670294,0.814587178465,10.149431623
12.265092,1.18122076732,1.31602510123,10.8853536583,-0.866370670294,0.76920630323,10.1040507478
12.266758,1.18122076732,1.31602510123,10.8853536583,-0.866370670294,0.76920630323,10.1040507478
12.268424,1.21657988406,1.35138421797,10.8853536583,-0.866370670294,0.814587178465,10.1040507478
12.27009,1.11050253385,1.24530686776,10.8125419561,-0.866370670294,0.814587178465,10.149431623
12.271756,1.18122076732,1.35138421797,10.9217595095,-0.866370670294,0.76920630323,10.1040507478
12.273422,1.18122076732,1.28066598449,10.8853536583,-0.820225880627,0.814587178465,10.149431623
12.275088,1.21657988406,1.28066598449,10.8125419561,-0.866370670294,0.76920630323,10.1040507478
12.276754,1.21657988406,1.31602510123,10.9217595095,-0.866370670294,0.76920630323,10.1040507478
12.27842,1.18122076732,1.28066598449,10.8489478072,-0.866370670294,0.814587178465,10.1040507478
12.280086,1.18122076732,1.35138421797,10.8853536583,-0.820225880627,0.859968053701,10.149431623
12.281752,1.21657988406,1.35138421797,10.8853536583,-0.866370670294,0.814587178465,10.1040507478
12.283418,1.28729811753,1.3867433347,10.8853536583,-0.866370670294,0.814587178465,10.1040507478
12.285084,1.18122076732,1.35138421797,10.9217595095,-0.866370670294,0.814587178465,10.1040507478
12.28675,1.14586165058,1.31602510123,10.8125419561,-0.866370670294,0.814587178465,10.1040507478
12.288416,1.14586165058,1.31602510123,10.8489478072,-0.866370670294,0.814587178465,10.1040507478
12.290082,1.18122076732,1.31602510123,10.8853536583,-0.866370670294,0.814587178465,10.1040507478
12.291748,1.25193900079,1.42210245144,10.9217595095,-0.866370670294,0.814587178465,10.1040507478
12.293414,1.18122076732,1.35138421797,10.8853536583,-0.866370670294,0.814587178465,10.1040507478
12.29508,1.18122076732,1.28066598449,10.8489478072,-0.866370670294,0.76920630323,10.1040507478
12.296746,1.18122076732,1.35138421797,10.8853536583,-0.866370670294,0.814587178465,10.1040507478
12.298412,1.21657988406,1.31602510123,10.8853536583,-0.77408109096,0.950729804172,10.1948124982
12.300078,1.11050253385,1.31602510123,10.9581653606,-0.866370670294,0.814587178465,10.149431623
12.301744,1.18122076732,1.35138421797,10.8853536583,-0.866370670294,0.814587178465,10.149431623
12.30341,1.18122076732,1.31602510123,10.8489478072,-0.820225880627,0.859968053701,10.149431623
12.305076,1.18122076732,1.31602510123,10.8853536583,-0.820225880627,0.859968053701,10.149431623
12.306742,1.21657988406,1.35138421797,10.8853536583,-0.866370670294,0.814587178465,10.149431623
12.308408,1.11050253385,1.3867433347,10.9922958461,-0.820225880627,0.814587178465,10.1040507478
12.310074,1.18122076732,1.35138421797,10.8853536583,-0.820225880627,0.814587178465,10.1040507478
12.31174,1.18122076732,1.31602510123,10.8853536583,-0.866370670294,0.859968053701,10.1040507478
12.313406,1.18122076732,1.31602510123,10.8853536583,-0.77408109096,0.905348928936,10.1948124982
12.315072,1.21657988406,1.3867433347,10.8853536583,-0.866370670294,0.814587178465,10.1040507478
12.316738,1.11050253385,1.28066598449,10.8125419561,-0.866370670294,0.814587178465,10.1040507478
12.318404,1.18122076732,1.35138421797,10.8853536583,-0.866370670294,0.859968053701,10.1040507478
12.32007,1.18122076732,1.35138421797,10.8853536583,-0.866370670294,0.859968053701,10.149431623
12.321736,1.28729811753,1.35138421797,10.8853536583,-0.866370670294,0.814587178465,10.1040507478
12.323402,1.21657988406,1.35138421797,10.8853536583,-0.866370670294,0.859968053701,10.149431623
12.325068,1.18122076732,1.31602510123,10.8125419561,-0.866370670294,0.814587178465,10.1040507478
12.326734,1.18122076732,1.31602510123,10.8853536583,-0.866370670294,0.814587178465,10.149431623
12.3284,1.21657988406,1.35138421797,10.8853536583,-0.866370670294,0.814587178465,10.1040507478
12.330066,1.28729811753,1.42210245144,10.9217595095,-0.820225880627,0.814587178465,10.149431623
12.331732,1.18122076732,1.28066598449,10.9217595095,-0.77408109096,0.905348928936,10.2401933735
12.333398,1.18122076732,1.24530686776,10.8489478072,-0.820225880627,0.859968053701,10.149431623
12.335064,1.18122076732,1.31602510123,10.8853536583,-0.866370670294,0.814587178465,10.149431623
12.33673,1.21657988406,1.35138421797,10.8853536583,-0.77408109096,0.950729804172,10.1948124982
12.338396,1.25193900079,1.42210245144,10.9922958461,-0.866370670294,0.814587178465,10.1040507478
12.340062,1.21657988406,1.35138421797,10.9217595095,-0.866370670294,0.814587178465,10.149431623
12.341728,1.18122076732,1.31602510123,10.8853536583,-0.866370670294,0.814587178465,10.149431623
12.343394,1.18122076732,1.35138421797,10.8853536583,-0.866370670294,0.814587178465,10.149431623
12.34506,1.21657988406,1.31602510123,10.8853536583,-0.820225880627,0.814587178465,10.149431623
12.346726,1.11050253385,1.31602510123,10.9922958461,-0.866370670294,0.814587178465,10.149431623
12.348392,1.18122076732,1.31602510123,10.9217595095,-0.866370670294,0.814587178465,10.149431623
12.350058,1.18122076732,1.31602510123,10.8853536583,-0.820225880627,0.814587178465,10.149431623
12.351724,1.18122076732,1.20994775102,10.8853536583,-0.866370670294,0.76920630323,10.149431623
12.35339,1.21657988406,1.28066598449,10.9217595095,-0.820225880627,0.76920630323,10.1948124982
12.355056,1.11050253385,1.20994775102,10.8853536583,-0.866370670294,0.814587178465,10.149431623
12.356722,1.21657988406,1.31602510123,10.8853536583,-0.820225880627,0.814587178465,10.149431623
12.358388,1.18122076732,1.31602510123,10.8853536583,-0.820225880627,0.814587178465,10.1948124982
12.360054,1.18122076732,1.31602510123,10.8853536583,-0.820225880627,0.859968053701,10.1948124982
12.36172,1.21657988406,1.28066598449,10.9217595095,-0.866370670294,0.814587178465,10.149431623
12.363386,1.14586165058,1.24530686776,10.8125419561,-0.866370670294,0.814587178465,10.149431623
12.365052,1.18122076732,1.28066598449,10.8853536583,-0.866370670294,0.76920630323,10.149431623
12.366718,1.21657988406,1.28066598449,10.8853536583,-0.77408109096,0.905348928936,10.2401933735
12.368384,1.28729811753,1.28066598449,10.8853536583,-0.866370670294,0.76920630323,10.149431623
12.37005,1.21657988406,1.35138421797,10.9217595095,-0.866370670294,0.76920630323,10.1948124982
12.371716,1.14586165058,1.24530686776,10.8125419561,-0.820225880627,0.814587178465,10.149431623
12.373382,1.21657988406,1.28066598449,10.9217595095,-0.866370670294,0.76920630323,10.149431623
12.375048,1.18122076732,1.31602510123,10.8853536583,-0.820225880627,0.859968053701,10.2401933735
12.376714,1.25193900079,1.28066598449,10.8853536583,-0.820225880627,0.814587178465,10.1948124982
12.37838,1.21657988406,1.28066598449,10.8853536583,-0.866370670294,0.76920630323,10.149431623
12.380046,1.11050253385,1.20994775102,10.8125419561,-0.820225880627,0.814587178465,10.149431623
12.381712,1.18122076732,1.31602510123,10.8853536583,-0.866370670294,0.76920630323,10.149431623
12.383378,1.18122076732,1.28066598449,10.8853536583,-0.866370670294,0.76920630323,10.149431623
12.385044,1.28729811753,1.31602510123,10.8853536583,-0.820225880627,0.814587178465,10.1948124982
12.38671,1.18122076732,1.28066598449,10.8853536583,-0.77408109096,0.905348928936,10.2401933735
12.388376,1.18122076732,1.28066598449,10.8853536583,-0.77408109096,0.905348928936,10.2401933735
12.390042,1.14586165058,1.20994775102,10.8489478072,-0.820225880627,0.76920630323,10.1948124982
12.391708,1.21657988406,1.24530686776,10.9217595095,-0.77408109096,0.814587178465,10.2401933735
12.393374,1.11050253385,1.20994775102,10.9217595095,-0.912515459961,0.76920630323,10.1040507478
12.39504,1.18122076732,1.28066598449,10.9217595095,-0.866370670294,0.76920630323,10.149431623
12.396706,1.18122076732,1.28066598449,10.8853536583,-0.866370670294,0.76920630323,10.1040507478
12.398372,1.25193900079,1.35138421797,10.8853536583,-0.866370670294,0.76920630323,10.149431623
12.400038,1.18122076732,1.31602510123,10.9217595095,-0.866370670294,0.76920630323,10.149431623
12.401704,1.14586165058,1.24530686776,10.8489478072,-0.866370670294,0.814587178465,10.149431623
12.40337,1.18122076732,1.28066598449,10.8853536583,-0.912515459961,0.76920630323,10.1040507478
12.405036,1.14586165058,1.24530686776,10.8853536583,-0.866370670294,0.76920630323,10.149431623
12.406702,1.18122076732,1.28066598449,10.8489478072,-0.866370670294,0.723825427995,10.1040507478
12.408368,1.18122076732,1.31602510123,10.8853536583,-0.866370670294,0.76920630323,10.1040507478
12.410034,1.07514341711,1.20994775102,10.7761361049,-0.912515459961,0.723825427995,10.1040507478
12.4117,1.11050253385,1.28066598449,10.8853536583,-0.912515459961,0.76920630323,10.1040507478
12.413366,1.14586165058,1.20994775102,10.8853536583,-0.912515459961,0.723825427995,10.149431623
12.415032,1.21657988406,1.28066598449,10.8489478072,-0.912515459961,0.723825427995,10.1040507478
12.416698,1.18122076732,1.28066598449,10.8853536583,-0.820225880627,0.859968053701,10.1948124982
12.418364,1.11050253385,1.24530686776,10.8125419561,-0.820225880627,0.814587178465,10.149431623
12.42003,1.11050253385,1.24530686776,10.8853536583,-0.866370670294,0.76920630323,10.1040507478
12.421696,1.14586165058,1.31602510123,10.8853536583,-0.912515459961,0.723825427995,10.0586698725
12.423362,1.21657988406,1.3867433347,10.9217595095,-0.912515459961,0.723825427995,10.0586698725
12.425028,1.18122076732,1.28066598449,10.8853536583,-0.820225880627,0.814587178465,10.149431623
12.426694,1.07514341711,1.24530686776,10.7761361049,-0.866370670294,0.814587178465,10.149431623
12.42836,1.11050253385,1.28066598449,10.8489478072,-0.912515459961,0.76920630323,10.0586698725
12.430026,1.14586165058,1.31602510123,10.8489478072,-0.820225880627,0.814587178465,10.149431623
12.431692,1.18122076732,1.35138421797,10.9217595095,-0.820225880627,0.814587178465,10.149431623
12.433358,1.11050253385,1.24530686776,10.8853536583,-0.820225880627,0.814587178465,10.149431623
12.435024,1.11050253385,1.20994775102,10.7761361049,-0.912515459961,0.723825427995,10.0586698725
12.43669,1.11050253385,1.28066598449,10.8489478072,-0.912515459961,0.723825427995,10.0586698725
12.438356,1.11050253385,1.31602510123,10.8489478072,-0.912515459961,0.76920630323,10.0586698725
12.440022,1.07514341711,1.20994775102,10.8125419561,-0.866370670294,0.814587178465,10.149431623
12.441688,1.11050253385,1.28066598449,10.8489478072,-0.912515459961,0.76920630323,10.1040507478
12.443354,1.11050253385,1.28066598449,10.8125419561,-0.912515459961,0.76920630323,10.1040507478
12.44502,1.07514341711,1.28066598449,10.8125419561,-0.912515459961,0.76920630323,10.0586698725
12.446686,1.11050253385,1.31602510123,10.8853536583,-0.912515459961,0.76920630323,10.0586698725
12.448352,1.07514341711,1.24530686776,10.9217595095,-0.912515459961,0.76920630323,10.0586698725
12.450018,1.11050253385,1.31602510123,10.8125419561,-0.912515459961,0.76920630323,10.0586698725
12.451684,1.11050253385,1.28066598449,10.8125419561,-0.912515459961,0.76920630323,10.0586698725
12.45335,1.14586165058,1.28066598449,10.8125419561,-0.912515459961,0.76920630323,10.0586698725
12.455016,1.18122076732,1.31602510123,10.8489478072,-0.866370670294,0.814587178465,10.1040507478
12.456682,1.07514341711,1.17458863428,10.8853536583,-0.866370670294,0.814587178465,10.1040507478
12.458348,1.11050253385,1.31602510123,10.8489478072,-0.820225880627,0.905348928936,10.149431623
12.460014,1.11050253385,1.28066598449,10.8125419561,-0.866370670294,0.814587178465,10.1040507478
12.46168,1.14586165058,1.31602510123,10.8125419561,-0.866370670294,0.814587178465,10.1040507478
12.463346,1.14586165058,1.31602510123,10.8489478072,-0.912515459961,0.76920630323,10.1040507478
12.465012,1.07514341711,1.20994775102,10.7761361049,-0.912515459961,0.76920630323,10.0586698725
12.466678,1.11050253385,1.31602510123,10.8125419561,-0.912515459961,0.76920630323,10.1040507478
12.468344,1.11050253385,1.31602510123,10.8125419561,-0.912515459961,0.814587178465,10.1040507478
12.47001,1.21657988406,1.3867433347,10.8853536583,-0.912515459961,0.76920630323,10.0586698725
12.471676,1.14586165058,1.28066598449,10.8853536583,-0.820225880627,0.905348928936,10.1948124982
12.473342,1.11050253385,1.28066598449,10.7761361049,-0.912515459961,0.76920630323,10.1040507478
12.475008,1.14586165058,1.20994775102,10.8489478072,-0.958660249627,0.723825427995,10.0586698725
12.476674,1.14586165058,1.28066598449,10.8489478072,-0.958660249627,0.723825427995,10.0586698725
12.47834,1.21657988406,1.35138421797,10.8853536583,-0.912515459961,0.723825427995,10.0586698725
12.480006,1.14586165058,1.31602510123,10.8853536583,-0.912515459961,0.76920630323,10.0586698725
12.481672,1.11050253385,1.28066598449,10.8125419561,-0.912515459961,0.814587178465,10.1040507478
12.483338,1.11050253385,1.28066598449,10.8489478072,-0.912515459961,0.76920630323,10.0586698725
12.485004,1.14586165058,1.35138421797,10.8853536583,-0.912515459961,0.76920630323,10.1040507478
12.48667,1.07514341711,1.28066598449,10.9217595095,-0.958660249627,0.76920630323,10.1040507478
12.488336,1.18122076732,1.35138421797,10.8853536583,-0.912515459961,0.76920630323,10.1040507478
12.490002,1.11050253385,1.31602510123,10.8125419561,-0.912515459961,0.814587178465,10.1040507478
12.491668,1.14586165058,1.31602510123,10.8489478072,-0.866370670294,0.814587178465,10.149431623
12.493334,1.18122076732,1.31602510123,10.8853536583,-0.912515459961,0.76920630323,10.1040507478
12.495,1.07514341711,1.20994775102,10.7761361049,-0.912515459961,0.723825427995,10.1040507478
12.496666,1.14586165058,1.24530686776,10.8853536583,-0.912515459961,0.76920630323,10.1040507478
12.498332,1.11050253385,1.28066598449,10.8853536583,-0.820225880627,0.905348928936,10.2401933735
12.499998,1.18122076732,1.31602510123,10.8853536583,-0.912515459961,0.76920630323,10.1040507478
12.501664,1.14586165058,1.3867433347,10.9217595095,-0.912515459961,0.76920630323,10.1040507478
12.50333,1.11050253385,1.24530686776,10.8125419561,-0.912515459961,0.76920630323,10.1040507478
12.504996,1.14586165058,1.31602510123,10.8853536583,-0.912515459961,0.814587178465,10.149431623
12.506662,1.11050253385,1.31602510123,10.8853536583,-0.912515459961,0.814587178465,10.149431623
12.508328,1.18122076732,1.31602510123,10.8853536583,-0.912515459961,0.76920630323,10.149431623
12.509994,1.14586165058,1.31602510123,10.9217595095,-0.866370670294,0.814587178465,10.1948124982
12.51166,1.11050253385,1.28066598449,10.8853536583,-0.912515459961,0.76920630323,10.1040507478
12.513326,1.11050253385,1.31602510123,10.9217595095,-0.912515459961,0.76920630323,10.149431623
12.514992,1.18122076732,1.31602510123,10.9217595095,-0.912515459961,0.814587178465,10.149431623
12.516658,1.14586165058,1.42210245144,11.0287016972,-0.912515459961,0.814587178465,10.149431623
12.518324,1.18122076732,1.28066598449,10.9217595095,-0.912515459961,0.76920630323,10.149431623
12.51999,1.14586165058,1.28066598449,10.8853536583,-0.912515459961,0.76920630323,10.149431623
12.521656,1.14586165058,1.31602510123,10.8853536583,-0.912515459961,0.814587178465,10.149431623
12.523322,1.18122076732,1.31602510123,10.9217595095,-0.912515459961,0.814587178465,10.149431623
12.524988,1.07514341711,1.20994775102,10.8853536583,-0.912515459961,0.76920630323,10.1948124982
12.526654,1.18122076732,1.35138421797,10.9217595095,-0.820225880627,0.905348928936,10.2401933735
12.52832,1.14586165058,1.28066598449,10.8853536583,-0.866370670294,0.814587178465,10.1948124982
12.529986,1.11050253385,1.28066598449,10.8853536583,-0.866370670294,0.76920630323,10.1948124982
12.531652,1.18122076732,1.35138421797,10.9581653606,-0.912515459961,0.814587178465,10.149431623
12.533318,1.11050253385,1.20994775102,10.8489478072,-0.912515459961,0.76920630323,10.149431623
12.534984,1.18122076732,1.28066598449,10.9217595095,-0.912515459961,0.76920630323,10.1948124982
12.53665,1.14586165058,1.28066598449,10.8853536583,-0.820225880627,0.859968053701,10.2401933735
12.538316,1.11050253385,1.31602510123,10.8853536583,-0.912515459961,0.814587178465,10.149431623
12.539982,1.18122076732,1.31602510123,10.9581653606,-0.866370670294,0.814587178465,10.1948124982
12.541648,1.11050253385,1.24530686776,10.8489478072,-0.77408109096,0.905348928936,10.2401933735
12.543314,1.18122076732,1.31602510123,10.9217595095,-0.912515459961,0.814587178465,10.1948124982
12.54498,1.18122076732,1.31602510123,10.9217595095,-0.866370670294,0.814587178465,10.1948124982
12.546646,1.18122076732,1.31602510123,10.8853536583,-0.866370670294,0.814587178465,10.1948124982
12.548312,1.18122076732,1.31602510123,10.9581653606,-0.866370670294,0.814587178465,10.1948124982
12.549978,1.11050253385,1.24530686776,10.8125419561,-0.912515459961,0.76920630323,10.149431623
12.551644,1.18122076732,1.31602510123,10.9217595095,-0.866370670294,0.814587178465,10.1948124982
12.55331,1.18122076732,1.31602510123,10.9217595095,-0.912515459961,0.814587178465,10.149431623
12.554976,1.21657988406,1.35138421797,10.8853536583,-0.866370670294,0.814587178465,10.1948124982
12.556642,1.18122076732,1.35138421797,10.9217595095,-0.912515459961,0.814587178465,10.149431623
12.558308,1.14586165058,1.28066598449,10.8853536583,-0.912515459961,0.814587178465,10.1948124982
12.559974,1.18122076732,1.31602510123,10.8853536583,-0.820225880627,0.905348928936,10.2401933735
12.56164,1.18122076732,1.31602510123,10.9217595095,-0.912515459961,0.814587178465,10.149431623
12.563306,1.25193900079,1.42210245144,10.9922958461,-0.912515459961,0.814587178465,10.149431623
12.564972,1.18122076732,1.31602510123,10.9217595095,-0.866370670294,0.814587178465,10.149431623
12.566638,1.18122076732,1.28066598449,10.8853536583,-0.912515459961,0.76920630323,10.149431623
12.568304,1.18122076732,1.31602510123,10.8853536583,-0.866370670294,0.814587178465,10.1948124982
12.56997,1.18122076732,1.35138421797,10.9217595095,-0.866370670294,0.814587178465,10.1948124982
12.571636,1.11050253385,1.35138421797,10.9922958461,-0.866370670294,0.814587178465,10.1948124982
12.573302,1.18122076732,1.28066598449,10.8853536583,-0.77408109096,0.905348928936,10.2855742487
12.574968,1.18122076732,1.28066598449,10.8853536583,-0.866370670294,0.814587178465,10.1948124982
12.576634,1.18122076732,1.31602510123,10.8853536583,-0.866370670294,0.76920630323,10.1948124982
12.5783,1.18122076732,1.28066598449,10.8853536583,-0.866370670294,0.814587178465,10.149431623
12.579966,1.11050253385,1.28066598449,10.7761361049,-0.912515459961,0.814587178465,10.149431623
12.581632,1.14586165058,1.35138421797,10.8853536583,-0.866370670294,0.814587178465,10.149431623
12.583298,1.18122076732,1.31602510123,10.8853536583,-0.912515459961,0.76920630323,10.149431623
12.584964,1.21657988406,1.31602510123,10.8853536583,-0.866370670294,0.814587178465,10.149431623
12.58663,1.18122076732,1.31602510123,10.8853536583,-0.820225880627,0.859968053701,10.149431623
12.588296,1.14586165058,1.28066598449,10.7761361049,-0.866370670294,0.814587178465,10.149431623
12.589962,1.18122076732,1.35138421797,10.8853536583,-0.866370670294,0.814587178465,10.149431623
12.591628,1.18122076732,1.35138421797,10.8853536583,-0.866370670294,0.814587178465,10.149431623
12.593294,1.21657988406,1.35138421797,10.8489478072,-0.77408109096,0.905348928936,10.2401933735
12.59496,1.18122076732,1.31602510123,10.8853536583,-0.866370670294,0.76920630323,10.149431623
12.596626,1.14586165058,1.31602510123,10.7761361049,-0.866370670294,0.814587178465,10.149431623
12.598292,1.18122076732,1.35138421797,10.8489478072,-0.866370670294,0.814587178465,10.149431623
12.599958,1.18122076732,1.31602510123,10.8853536583,-0.820225880627,0.859968053701,10.149431623
12.601624,1.25193900079,1.45746156818,10.9581653606,-0.866370670294,0.814587178465,10.1040507478
12.60329,1.18122076732,1.35138421797,10.8853536583,-0.912515459961,0.814587178465,10.1040507478
12.604956,1.14586165058,1.31602510123,10.8489478072,-0.866370670294,0.814587178465,10.1040507478
12.606622,1.14586165058,1.31602510123,10.8489478072,-0.866370670294,0.814587178465,10.0586698725
12.608288,1.18122076732,1.35138421797,10.8853536583,-0.77408109096,0.905348928936,10.1948124982
12.609954,1.11050253385,1.28066598449,10.7761361049,-0.820225880627,0.814587178465,10.149431623
12.61162,1.14586165058,1.31602510123,10.8853536583,-0.912515459961,0.76920630323,10.1040507478
12.613286,1.11050253385,1.28066598449,10.8125419561,-0.912515459961,0.76920630323,10.1040507478
12.614952,1.18122076732,1.28066598449,10.8489478072,-0.866370670294,0.76920630323,10.1040507478
12.616618,1.18122076732,1.35138421797,10.8489478072,-0.866370670294,0.814587178465,10.1040507478
12.618284,1.11050253385,1.31602510123,10.8125419561,-0.866370670294,0.76920630323,10.1040507478
12.61995,1.14586165058,1.31602510123,10.8125419561,-0.912515459961,0.814587178465,10.0586698725
12.621616,1.14586165058,1.28066598449,10.8125419561,-0.866370670294,0.814587178465,10.1040507478
12.623282,1.25193900079,1.35138421797,10.8853536583,-0.866370670294,0.76920630323,10.1040507478
12.624948,1.18122076732,1.31602510123,10.8489478072,-0.912515459961,0.814587178465,10.1040507478
12.626614,1.11050253385,1.28066598449,10.8125419561,-0.866370670294,0.814587178465,10.1040507478
12.62828,1.18122076732,1.31602510123,10.8489478072,-0.912515459961,0.76920630323,10.0586698725
12.629946,1.18122076732,1.31602510123,10.8489478072,-0.912515459961,0.76920630323,10.1040507478
12.631612,1.21657988406,1.3867433347,10.9217595095,-0.866370670294,0.814587178465,10.1040507478
12.633278,1.14586165058,1.35138421797,10.8853536583,-0.912515459961,0.76920630323,10.1040507478
12.634944,1.14586165058,1.28066598449,10.8125419561,-0.77408109096,0.905348928936,10.1948124982
12.63661,1.11050253385,1.31602510123,10.8489478072,-0.866370670294,0.76920630323,10.1040507478
12.638276,1.18122076732,1.31602510123,10.8853536583,-0.912515459961,0.76920630323,10.0586698725
12.639942,1.07514341711,1.20994775102,10.9217595095,-0.866370670294,0.76920630323,10.1040507478
12.641608,1.18122076732,1.31602510123,10.8489478072,-0.958660249627,0.76920630323,10.0586698725
12.643274,1.18122076732,1.28066598449,10.8489478072,-0.912515459961,0.76920630323,10.1040507478
12.64494,1.18122076732,1.28066598449,10.8489478072,-0.912515459961,0.76920630323,10.0586698725
12.646606,1.18122076732,1.31602510123,10.8853536583,-0.820225880627,0.859968053701,10.149431623
12.648272,1.11050253385,1.28066598449,10.8125419561,-0.820225880627,0.814587178465,10.149431623
12.649938,1.14586165058,1.31602510123,10.8853536583,-0.912515459961,0.76920630323,10.0586698725
12.651604,1.18122076732,1.28066598449,10.8853536583,-0.866370670294,0.76920630323,10.1040507478
12.65327,1.21657988406,1.35138421797,10.8489478072,-0.866370670294,0.76920630323,10.1040507478
12.654936,1.18122076732,1.31602510123,10.8853536583,-0.866370670294,0.76920630323,10.1040507478
12.656602,1.11050253385,1.24530686776,10.8489478072,-0.820225880627,0.905348928936,10.1948124982
12.658268,1.14586165058,1.31602510123,10.8853536583,-0.866370670294,0.814587178465,10.149431623
12.659934,1.18122076732,1.28066598449,10.8853536583,-0.912515459961,0.76920630323,10.1040507478
12.6616,1.07514341711,1.28066598449,10.9922958461,-0.912515459961,0.76920630323,10.0586698725
12.663266,1.18122076732,1.28066598449,10.8853536583,-0.912515459961,0.678444552759,10.1040507478
12.664932,1.14586165058,1.24530686776,10.8489478072,-0.912515459961,0.76920630323,10.1040507478
12.666598,1.14586165058,1.28066598449,10.8489478072,-0.866370670294,0.76920630323,10.1040507478
12.668264,1.18122076732,1.31602510123,10.8853536583,-0.866370670294,0.76920630323,10.1040507478
12.66993,1.11050253385,1.20994775102,10.7761361049,-0.912515459961,0.723825427995,10.1040507478
12.671596,1.18122076732,1.31602510123,10.8853536583,-0.820225880627,0.814587178465,10.1948124982
12.673262,1.18122076732,1.28066598449,10.8853536583,-0.866370670294,0.723825427995,10.1040507478
12.674928,1.25193900079,1.28066598449,10.8853536583,-0.77408109096,0.859968053701,10.1948124982
12.676594,1.18122076732,1.31602510123,10.8853536583,-0.866370670294,0.76920630323,10.1040507478
12.67826,1.14586165058,1.28066598449,10.8489478072,-0.866370670294,0.76920630323,10.1040507478
12.679926,1.14586165058,1.24530686776,10.8853536583,-0.866370670294,0.723825427995,10.1040507478
12.681592,1.18122076732,1.28066598449,10.8853536583,-0.820225880627,0.814587178465,10.1948124982
12.683258,1.25193900079,1.35138421797,10.8853536583,-0.866370670294,0.76920630323,10.1040507478
12.684924,1.21657988406,1.28066598449,10.9217595095,-0.866370670294,0.723825427995,10.149431623
12.68659,1.14586165058,1.24530686776,10.8125419561,-0.866370670294,0.723825427995,10.1040507478
12.688256,1.18122076732,1.28066598449,10.8853536583,-0.866370670294,0.723825427995,10.149431623
12.689922,1.18122076732,1.24530686776,10.8853536583,-0.866370670294,0.723825427995,10.1040507478
12.691588,1.21657988406,1.3867433347,10.9581653606,-0.866370670294,0.723825427995,10.1040507478
12.693254,1.18122076732,1.20994775102,10.8853536583,-0.912515459961,0.723825427995,10.1040507478
12.69492,1.18122076732,1.24530686776,10.8125419561,-0.866370670294,0.723825427995,10.1040507478
12.696586,1.18122076732,1.24530686776,10.8853536583,-0.866370670294,0.76920630323,10.1040507478
12.698252,1.18122076732,1.28066598449,10.8853536583,-0.866370670294,0.723825427995,10.1040507478
12.699918,1.25193900079,1.3867433347,10.9581653606,-0.866370670294,0.76920630323,10.1040507478
12.701584,1.18122076732,1.31602510123,10.8853536583,-0.820225880627,0.76920630323,10.149431623
12.70325,1.18122076732,1.24530686776,10.8125419561,-0.77408109096,0.814587178465,10.1948124982
12.704916,1.18122076732,1.28066598449,10.8853536583,-0.820225880627,0.814587178465,10.1948124982
12.706582,1.18122076732,1.28066598449,10.8853536583,-0.77408109096,0.814587178465,10.2401933735
12.708248,1.25193900079,1.3867433347,10.9922958461,-0.866370670294,0.76920630323,10.149431623
12.709914,1.21657988406,1.28066598449,10.8853536583,-0.866370670294,0.76920630323,10.149431623
12.71158,1.14586165058,1.24530686776,10.8489478072,-0.866370670294,0.76920630323,10.149431623
12.713246,1.18122076732,1.28066598449,10.8853536583,-0.820225880627,0.76920630323,10.149431623
12.714912,1.21657988406,1.28066598449,10.8853536583,-0.866370670294,0.76920630323,10.149431623
12.716578,1.18122076732,1.35138421797,11.0287016972,-0.820225880627,0.76920630323,10.1040507478
12.718244,1.18122076732,1.31602510123,10.8853536583,-0.866370670294,0.76920630323,10.1040507478
12.71991,1.18122076732,1.28066598449,10.8489478072,-0.866370670294,0.76920630323,10.149431623
12.721576,1.18122076732,1.28066598449,10.8853536583,-0.866370670294,0.76920630323,10.1040507478
12.723242,1.21657988406,1.31602510123,10.8853536583,-0.820225880627,0.76920630323,10.149431623
12.724908,1.21657988406,1.3867433347,10.9922958461,-0.820225880627,0.76920630323,10.149431623
12.726574,1.18122076732,1.31602510123,10.8853536583,-0.820225880627,0.76920630323,10.1040507478
12.72824,1.18122076732,1.24530686776,10.8853536583,-0.820225880627,0.76920630323,10.1040507478
12.729906,1.18122076732,1.28066598449,10.8489478072,-0.866370670294,0.723825427995,10.1040507478
12.731572,1.21657988406,1.31602510123,10.8853536583,-0.727936301293,0.859968053701,10.1948124982
12.733238,1.14586165058,1.20994775102,10.8125419561,-0.820225880627,0.814587178465,10.149431623
12.734904,1.21657988406,1.24530686776,10.8489478072,-0.820225880627,0.76920630323,10.1040507478
12.73657,1.18122076732,1.24530686776,10.8853536583,-0.820225880627,0.76920630323,10.1040507478
12.738236,1.21657988406,1.28066598449,10.8489478072,-0.820225880627,0.76920630323,10.149431623
12.739902,1.21657988406,1.31602510123,10.8853536583,-0.866370670294,0.76920630323,10.1040507478
12.741568,1.18122076732,1.24530686776,10.7761361049,-0.820225880627,0.76920630323,10.1040507478
12.743234,1.21657988406,1.31602510123,10.8489478072,-0.820225880627,0.814587178465,10.1040507478
12.7449,1.25193900079,1.28066598449,10.8853536583,-0.820225880627,0.814587178465,10.1040507478
12.746566,1.32265723427,1.35138421797,10.8853536583,-0.820225880627,0.814587178465,10.1040507478
12.748232,1.21657988406,1.28066598449,10.8853536583,-0.820225880627,0.814587178465,10.149431623
12.749898,1.21657988406,1.24530686776,10.8489478072,-0.820225880627,0.814587178465,10.149431623
12.751564,1.21657988406,1.28066598449,10.8853536583,-0.820225880627,0.814587178465,10.1040507478
12.75323,1.21657988406,1.28066598449,10.8853536583,-0.866370670294,0.76920630323,10.1040507478
12.754896,1.18122076732,1.31602510123,10.9581653606,-0.820225880627,0.76920630323,10.149431623
12.756562,1.21657988406,1.31602510123,10.8489478072,-0.866370670294,0.814587178465,10.1040507478
12.758228,1.21657988406,1.28066598449,10.8489478072,-0.866370670294,0.76920630323,10.1040507478
12.759894,1.28729811753,1.31602510123,10.7761361049,-0.820225880627,0.814587178465,10.1040507478
12.76156,1.25193900079,1.28066598449,10.8853536583,-0.820225880627,0.76920630323,10.1040507478
12.763226,1.18122076732,1.24530686776,10.7761361049,-0.820225880627,0.814587178465,10.1040507478
12.764892,1.21657988406,1.31602510123,10.8489478072,-0.820225880627,0.814587178465,10.1040507478
12.766558,1.21657988406,1.31602510123,10.8853536583,-0.820225880627,0.814587178465,10.1040507478
12.768224,1.35801635101,1.35138421797,10.8853536583,-0.820225880627,0.76920630323,10.1040507478
12.76989,1.25193900079,1.31602510123,10.8853536583,-0.820225880627,0.814587178465,10.149431623
12.771556,1.21657988406,1.28066598449,10.8125419561,-0.820225880627,0.814587178465,10.1040507478
12.773222,1.21657988406,1.31602510123,10.8125419561,-0.820225880627,0.814587178465,10.1040507478
12.774888,1.21657988406,1.31602510123,10.8853536583,-0.77408109096,0.814587178465,10.1948124982
12.776554,1.14586165058,1.31602510123,10.9581653606,-0.820225880627,0.76920630323,10.149431623
12.77822,1.21657988406,1.31602510123,10.8489478072,-0.820225880627,0.76920630323,10.1040507478
12.779886,1.25193900079,1.31602510123,10.8125419561,-0.727936301293,0.905348928936,10.2401933735
12.781552,1.21657988406,1.31602510123,10.8125419561,-0.866370670294,0.814587178465,10.1040507478
12.783218,1.21657988406,1.31602510123,10.8853536583,-0.820225880627,0.814587178465,10.149431623
12.784884,1.18122076732,1.24530686776,10.7761361049,-0.820225880627,0.814587178465,10.1040507478
12.78655,1.21657988406,1.31602510123,10.8489478072,-0.820225880627,0.814587178465,10.1040507478
12.788216,1.25193900079,1.28066598449,10.8489478072,-0.820225880627,0.76920630323,10.149431623
12.789882,1.28729811753,1.31602510123,10.8125419561,-0.820225880627,0.76920630323,10.149431623
12.791548,1.21657988406,1.31602510123,10.8853536583,-0.866370670294,0.76920630323,10.1040507478
12.793214,1.18122076732,1.28066598449,10.8125419561,-0.820225880627,0.814587178465,10.1040507478
12.79488,1.21657988406,1.28066598449,10.8489478072,-0.820225880627,0.814587178465,10.1040507478
12.796546,1.21657988406,1.31602510123,10.8853536583,-0.727936301293,0.905348928936,10.1948124982
12.798212,1.35801635101,1.3867433347,10.8853536583,-0.820225880627,0.814587178465,10.149431623
12.799878,1.21657988406,1.31602510123,10.8853536583,-0.820225880627,0.814587178465,10.1040507478
12.801544,1.14586165058,1.28066598449,10.8125419561,-0.866370670294,0.814587178465,10.1040507478
12.80321,1.18122076732,1.31602510123,10.8853536583,-0.820225880627,0.76920630323,10.1040507478
12.804876,1.25193900079,1.28066598449,10.8853536583,-0.820225880627,0.76920630323,10.1040507478
12.806542,1.35801635101,1.35138421797,10.8853536583,-0.866370670294,0.814587178465,10.1040507478
12.808208,1.21657988406,1.31602510123,10.9217595095,-0.820225880627,0.76920630323,10.1040507478
12.809874,1.18122076732,1.20994775102,10.8125419561,-0.820225880627,0.76920630323,10.1040507478
12.81154,1.14586165058,1.28066598449,10.8853536583,-0.820225880627,0.814587178465,10.149431623
12.813206,1.21657988406,1.20994775102,10.8853536583,-0.820225880627,0.814587178465,10.149431623
12.814872,1.32265723427,1.35138421797,10.8853536583,-0.866370670294,0.76920630323,10.1040507478
12.816538,1.21657988406,1.31602510123,10.9217595095,-0.866370670294,0.76920630323,10.1040507478
12.818204,1.18122076732,1.24530686776,10.8489478072,-0.866370670294,0.76920630323,10.1040507478
12.81987,1.18122076732,1.28066598449,10.8853536583,-0.820225880627,0.814587178465,10.149431623
12.821536,1.21657988406,1.28066598449,10.9217595095,-0.866370670294,0.76920630323,10.149431623
12.823202,1.14586165058,1.20994775102,10.9217595095,-0.866370670294,0.76920630323,10.149431623
12.824868,1.18122076732,1.31602510123,10.8853536583,-0.866370670294,0.76920630323,10.1040507478
12.826534,1.18122076732,1.31602510123,10.8853536583,-0.820225880627,0.814587178465,10.149431623
12.8282,1.18122076732,1.28066598449,10.8853536583,-0.866370670294,0.76920630323,10.149431623
12.829866,1.21657988406,1.31602510123,10.9217595095,-0.866370670294,0.76920630323,10.149431623
12.831532,1.11050253385,1.20994775102,10.9581653606,-0.866370670294,0.76920630323,10.149431623
12.833198,1.21657988406,1.31602510123,10.9217595095,-0.866370670294,0.76920630323,10.149431623
12.834864,1.18122076732,1.28066598449,10.8853536583,-0.866370670294,0.76920630323,10.149431623
12.83653,1.18122076732,1.24530686776,10.8489478072,-0.820225880627,0.814587178465,10.1948124982
12.838196,1.25193900079,1.31602510123,10.9217595095,-0.866370670294,0.76920630323,10.1040507478
12.839862,1.11050253385,1.24530686776,10.8853536583,-0.866370670294,0.76920630323,10.149431623
12.841528,1.18122076732,1.31602510123,10.8853536583,-0.866370670294,0.76920630323,10.149431623
12.843194,1.21657988406,1.31602510123,10.9217595095,-0.866370670294,0.76920630323,10.149431623
12.84486,1.28729811753,1.3867433347,10.9922958461,-0.866370670294,0.76920630323,10.149431623
12.846526,1.18122076732,1.31602510123,10.9217595095,-0.866370670294,0.76920630323,10.1040507478
12.848192,1.18122076732,1.24530686776,10.8853536583,-0.866370670294,0.76920630323,10.1040507478
12.849858,1.14586165058,1.28066598449,10.8853536583,-0.866370670294,0.76920630323,10.1040507478
12.851524,1.21657988406,1.28066598449,10.9217595095,-0.866370670294,0.76920630323,10.149431623
12.85319,1.11050253385,1.20994775102,10.9217595095,-0.866370670294,0.76920630323,10.149431623
12.854856,1.18122076732,1.31602510123,10.9217595095,-0.866370670294,0.76920630323,10.149431623
12.856522,1.18122076732,1.28066598449,10.8853536583,-0.866370670294,0.76920630323,10.149431623
12.858188,1.18122076732,1.31602510123,10.8853536583,-0.866370670294,0.76920630323,10.149431623
12.859854,1.18122076732,1.31602510123,10.9217595095,-0.866370670294,0.76920630323,10.1040507478
12.86152,1.18122076732,1.20994775102,10.8489478072,-0.866370670294,0.723825427995,10.149431623
12.863186,1.18122076732,1.28066598449,10.9217595095,-0.866370670294,0.76920630323,10.149431623
12.864852,1.18122076732,1.28066598449,10.9217595095,-0.866370670294,0.814587178465,10.149431623
12.866518,1.28729811753,1.3867433347,10.8853536583,-0.77408109096,0.905348928936,10.2401933735
12.868184,1.21657988406,1.28066598449,10.9217595095,-0.866370670294,0.814587178465,10.149431623
12.86985,1.14586165058,1.28066598449,10.8489478072,-0.866370670294,0.76920630323,10.1040507478
12.871516,1.18122076732,1.28066598449,10.8853536583,-0.820225880627,0.76920630323,10.149431623
12.873182,1.18122076732,1.31602510123,10.9217595095,-0.866370670294,0.814587178465,10.149431623
12.874848,1.07514341711,1.28066598449,10.9581653606,-0.866370670294,0.814587178465,10.1040507478
12.876514,1.18122076732,1.31602510123,10.9217595095,-0.866370670294,0.76920630323,10.1040507478
12.87818,1.18122076732,1.24530686776,10.8489478072,-0.77408109096,0.814587178465,10.2401933735
12.879846,1.18122076732,1.28066598449,10.8853536583,-0.866370670294,0.76920630323,10.1040507478
12.881512,1.18122076732,1.31602510123,10.8853536583,-0.866370670294,0.76920630323,10.1040507478
12.883178,1.11050253385,1.28066598449,10.9217595095,-0.866370670294,0.76920630323,10.1040507478
12.884844,1.18122076732,1.31602510123,10.9217595095,-0.866370670294,0.76920630323,10.149431623
12.88651,1.18122076732,1.31602510123,10.8853536583,-0.866370670294,0.76920630323,10.149431623
12.888176,1.18122076732,1.28066598449,10.8853536583,-0.866370670294,0.814587178465,10.1040507478
12.889842,1.21657988406,1.31602510123,10.9217595095,-0.866370670294,0.814587178465,10.149431623
12.891508,1.11050253385,1.24530686776,10.9581653606,-0.77408109096,0.905348928936,10.1948124982
12.893174,1.18122076732,1.31602510123,10.9217595095,-0.866370670294,0.76920630323,10.1040507478
12.89484,1.14586165058,1.24530686776,10.8489478072,-0.866370670294,0.814587178465,10.1040507478
12.896506,1.18122076732,1.31602510123,10.8489478072,-0.866370670294,0.814587178465,10.1040507478
12.898172,1.18122076732,1.31602510123,10.8853536583,-0.866370670294,0.76920630323,10.1040507478
12.899838,1.11050253385,1.24530686776,10.7761361049,-0.866370670294,0.76920630323,10.1040507478
12.901504,1.21657988406,1.31602510123,10.8853536583,-0.866370670294,0.814587178465,10.149431623
12.90317,1.18122076732,1.31602510123,10.8853536583,-0.77408109096,0.859968053701,10.1948124982
12.904836,1.21657988406,1.31602510123,10.8489478072,-0.866370670294,0.814587178465,10.1040507478
12.906502,1.21657988406,1.31602510123,10.8853536583,-0.866370670294,0.814587178465,10.1040507478
12.908168,1.14586165058,1.24530686776,10.7761361049,-0.866370670294,0.76920630323,10.1040507478
12.909834,1.21657988406,1.31602510123,10.8853536583,-0.866370670294,0.76920630323,10.1040507478
12.9115,1.18122076732,1.31602510123,10.8853536583,-0.77408109096,0.905348928936,10.1948124982
12.913166,1.28729811753,1.31602510123,10.8853536583,-0.866370670294,0.76920630323,10.1040507478
12.914832,1.21657988406,1.28066598449,10.8853536583,-0.820225880627,0.859968053701,10.149431623
12.916498,1.14586165058,1.28066598449,10.8125419561,-0.866370670294,0.814587178465,10.1040507478
12.918164,1.18122076732,1.31602510123,10.8853536583,-0.866370670294,0.814587178465,10.1040507478
12.91983,1.21657988406,1.35138421797,10.8853536583,-0.866370670294,0.76920630323,10.1040507478
12.921496,1.18122076732,1.42210245144,10.9922958461,-0.866370670294,0.814587178465,10.1040507478
12.923162,1.18122076732,1.31602510123,10.8853536583,-0.77408109096,0.905348928936,10.1948124982
12.924828,1.18122076732,1.28066598449,10.8125419561,-0.866370670294,0.814587178465,10.1040507478
12.926494,1.18122076732,1.31602510123,10.8489478072,-0.866370670294,0.814587178465,10.1040507478
12.92816,1.21657988406,1.31602510123,10.8853536583,-0.820225880627,0.814587178465,10.149431623
12.929826,1.14586165058,1.31602510123,10.9581653606,-0.866370670294,0.76920630323,10.149431623
12.931492,1.18122076732,1.28066598449,10.8853536583,-0.866370670294,0.76920630323,10.149431623
12.933158,1.14586165058,1.24530686776,10.8125419561,-0.866370670294,0.76920630323,10.1040507478
12.934824,1.18122076732,1.28066598449,10.8489478072,-0.866370670294,0.814587178465,10.1040507478
12.93649,1.21657988406,1.31602510123,10.8853536583,-0.820225880627,0.859968053701,10.149431623
12.938156,1.07514341711,1.20994775102,10.9217595095,-0.866370670294,0.814587178465,10.1040507478
12.939822,1.21657988406,1.31602510123,10.8853536583,-0.820225880627,0.814587178465,10.1040507478
12.941488,1.18122076732,1.31602510123,10.8489478072,-0.866370670294,0.814587178465,10.1040507478
12.943154,1.18122076732,1.31602510123,10.8489478072,-0.866370670294,0.814587178465,10.149431623
12.94482,1.21657988406,1.31602510123,10.8853536583,-0.866370670294,0.814587178465,10.149431623
12.946486,1.18122076732,1.20994775102,10.7761361049,-0.820225880627,0.814587178465,10.149431623
12.948152,1.21657988406,1.31602510123,10.8853536583,-0.866370670294,0.76920630323,10.1040507478
12.949818,1.18122076732,1.28066598449,10.8489478072,-0.820225880627,0.814587178465,10.1040507478
12.951484,1.21657988406,1.31602510123,10.8489478072,-0.866370670294,0.814587178465,10.149431623
12.95315,1.18122076732,1.35138421797,10.9217595095,-0.820225880627,0.814587178465,10.149431623
12.954816,1.14586165058,1.28066598449,10.8125419561,-0.866370670294,0.814587178465,10.149431623
12.956482,1.18122076732,1.31602510123,10.8853536583,-0.866370670294,0.76920630323,10.1040507478
12.958148,1.18122076732,1.31602510123,10.8489478072,-0.866370670294,0.814587178465,10.149431623
12.959814,1.28729811753,1.35138421797,10.8853536583,-0.866370670294,0.814587178465,10.149431623
12.96148,1.21657988406,1.31602510123,10.9217595095,-0.866370670294,0.814587178465,10.149431623
12.963146,1.18122076732,1.24530686776,10.8125419561,-0.866370670294,0.76920630323,10.149431623
12.964812,1.18122076732,1.31602510123,10.8853536583,-0.866370670294,0.814587178465,10.1040507478
12.966478,1.21657988406,1.31602510123,10.8853536583,-0.866370670294,0.76920630323,10.149431623
12.968144,1.21657988406,1.3867433347,10.9922958461,-0.866370670294,0.814587178465,10.149431623
12.96981,1.18122076732,1.31602510123,10.8853536583,-0.866370670294,0.76920630323,10.149431623
12.971476,1.18122076732,1.31602510123,10.8489478072,-0.866370670294,0.76920630323,10.149431623
12.973142,1.18122076732,1.28066598449,10.8489478072,-0.866370670294,0.76920630323,10.149431623
12.974808,1.18122076732,1.31602510123,10.8853536583,-0.866370670294,0.76920630323,10.149431623
12.976474,1.11050253385,1.20994775102,10.9922958461,-0.866370670294,0.76920630323,10.149431623
12.97814,1.21657988406,1.31602510123,10.8853536583,-0.866370670294,0.76920630323,10.1040507478
12.979806,1.18122076732,1.28066598449,10.8853536583,-0.77408109096,0.905348928936,10.2401933735
12.981472,1.18122076732,1.31602510123,10.8853536583,-0.912515459961,0.814587178465,10.149431623
12.983138,1.18122076732,1.28066598449,10.9217595095,-0.866370670294,0.76920630323,10.149431623
12.984804,1.11050253385,1.20994775102,10.9217595095,-0.866370670294,0.76920630323,10.149431623
12.98647,1.18122076732,1.31602510123,10.8853536583,-0.77408109096,0.905348928936,10.2401933735
12.988136,1.18122076732,1.28066598449,10.8853536583,-0.912515459961,0.76920630323,10.149431623
12.989802,1.21657988406,1.31602510123,10.8853536583,-0.866370670294,0.76920630323,10.149431623
12.991468,1.18122076732,1.31602510123,10.9217595095,-0.866370670294,0.76920630323,10.149431623
12.993134,1.14586165058,1.20994775102,10.8125419561,-0.866370670294,0.76920630323,10.149431623
12.9948,1.18122076732,1.24530686776,10.8853536583,-0.866370670294,0.76920630323,10.149431623
12.996466,1.18122076732,1.31602510123,10.8853536583,-0.866370670294,0.76920630323,10.149431623
12.998132,1.07514341711,1.35138421797,10.9922958461,-0.866370670294,0.76920630323,10.149431623
12.999798,1.18122076732,1.28066598449,10.9217595095,-0.912515459961,0.76920630323,10.1040507478
13.001464,1.18122076732,1.28066598449,10.8853536583,-0.820225880627,0.859968053701,10.1948124982
13.00313,1.14586165058,1.28066598449,10.8489478072,-0.912515459961,0.76920630323,10.149431623
13.004796,1.18122076732,1.31602510123,10.9217595095,-0.912515459961,0.76920630323,10.1040507478
13.006462,1.11050253385,1.20994775102,10.8489478072,-0.866370670294,0.76920630323,10.149431623
13.008128,1.18122076732,1.28066598449,10.8853536583,-0.912515459961,0.76920630323,10.1040507478
13.009794,1.14586165058,1.31602510123,10.8853536583,-0.866370670294,0.76920630323,10.149431623
13.01146,1.21657988406,1.31602510123,10.8853536583,-0.866370670294,0.76920630323,10.149431623
13.013126,1.14586165058,1.31602510123,10.9217595095,-0.912515459961,0.76920630323,10.149431623
13.014792,1.11050253385,1.20994775102,10.8125419561,-0.866370670294,0.723825427995,10.149431623
13.016458,1.14586165058,1.28066598449,10.8853536583,-0.866370670294,0.76920630323,10.149431623
13.018124,1.18122076732,1.28066598449,10.8853536583,-0.912515459961,0.76920630323,10.149431623
13.01979,1.28729811753,1.35138421797,10.8853536583,-0.820225880627,0.859968053701,10.2401933735
13.021456,1.14586165058,1.31602510123,10.8853536583,-0.912515459961,0.76920630323,10.1040507478
13.023122,1.11050253385,1.20994775102,10.8489478072,-0.912515459961,0.76920630323,10.1040507478
13.024788,1.14586165058,1.31602510123,10.8853536583,-0.912515459961,0.76920630323,10.1040507478
13.026454,1.14586165058,1.28066598449,10.8853536583,-0.912515459961,0.76920630323,10.1040507478
13.02812,1.25193900079,1.35138421797,10.9217595095,-0.820225880627,0.859968053701,10.1948124982
13.029786,1.14586165058,1.31602510123,10.8853536583,-0.912515459961,0.723825427995,10.1040507478
13.031452,1.11050253385,1.28066598449,10.8489478072,-0.912515459961,0.76920630323,10.1040507478
13.033118,1.11050253385,1.24530686776,10.8489478072,-0.912515459961,0.76920630323,10.1040507478
13.034784,1.18122076732,1.28066598449,10.9217595095,-0.866370670294,0.723825427995,10.149431623
13.03645,1.07514341711,1.17458863428,10.8125419561,-0.912515459961,0.723825427995,10.1040507478
13.038116,1.11050253385,1.31602510123,10.8853536583,-0.912515459961,0.76920630323,10.1040507478
13.039782,1.18122076732,1.28066598449,10.8853536583,-0.912515459961,0.76920630323,10.1040507478
13.041448,1.18122076732,1.31602510123,10.8489478072,-0.912515459961,0.76920630323,10.1040507478
13.043114,1.11050253385,1.31602510123,10.8853536583,-0.912515459961,0.723825427995,10.1040507478
13.04478,1.07514341711,1.24530686776,10.8125419561,-0.912515459961,0.76920630323,10.1040507478
13.046446,1.11050253385,1.31602510123,10.8853536583,-0.912515459961,0.76920630323,10.1040507478
13.048112,1.11050253385,1.28066598449,10.8853536583,-0.958660249627,0.723825427995,10.1040507478
13.049778,1.11050253385,1.28066598449,10.8125419561,-0.912515459961,0.76920630323,10.1040507478
13.051444,1.14586165058,1.31602510123,10.8489478072,-0.912515459961,0.76920630323,10.1040507478
13.05311,1.07514341711,1.20994775102,10.7761361049,-0.912515459961,0.76920630323,10.1040507478
13.054776,1.11050253385,1.31602510123,10.8853536583,-0.912515459961,0.76920630323,10.1040507478
13.056442,1.14586165058,1.28066598449,10.8489478072,-0.958660249627,0.76920630323,10.1040507478
13.058108,1.14586165058,1.31602510123,10.8489478072,-0.912515459961,0.76920630323,10.0586698725
13.059774,1.14586165058,1.35138421797,10.8853536583,-0.958660249627,0.76920630323,10.0586698725
13.06144,1.07514341711,1.28066598449,10.7761361049,-0.912515459961,0.76920630323,10.1040507478
13.063106,1.11050253385,1.28066598449,10.8853536583,-0.958660249627,0.76920630323,10.0586698725
13.064772,1.07514341711,1.28066598449,10.8125419561,-0.912515459961,0.814587178465,10.1040507478
13.066438,1.18122076732,1.35138421797,10.8125419561,-0.958660249627,0.723825427995,10.0586698725
13.068104,1.14586165058,1.31602510123,10.8853536583,-0.958660249627,0.723825427995,10.0586698725
13.06977,1.07514341711,1.24530686776,10.7761361049,-0.912515459961,0.723825427995,10.0586698725
13.071436,1.11050253385,1.28066598449,10.8125419561,-0.912515459961,0.76920630323,10.0586698725
13.073102,1.14586165058,1.28066598449,10.8489478072,-0.958660249627,0.723825427995,10.0586698725
13.074768,1.18122076732,1.42210245144,10.9217595095,-0.958660249627,0.76920630323,10.1040507478
13.076434,1.11050253385,1.31602510123,10.8489478072,-0.958660249627,0.76920630323,10.1040507478
13.0781,1.07514341711,1.28066598449,10.8125419561,-0.912515459961,0.76920630323,10.1040507478
13.079766,1.11050253385,1.28066598449,10.8489478072,-0.912515459961,0.76920630323,10.1040507478
13.081432,1.14586165058,1.31602510123,10.8853536583,-0.912515459961,0.76920630323,10.1040507478
13.083098,1.07514341711,1.24530686776,10.7761361049,-0.820225880627,0.905348928936,10.1948124982
13.084764,1.11050253385,1.35138421797,10.8489478072,-0.866370670294,0.905348928936,10.1948124982
13.08643,1.11050253385,1.31602510123,10.8489478072,-0.912515459961,0.76920630323,10.0586698725
13.088096,1.14586165058,1.28066598449,10.8125419561,-0.958660249627,0.76920630323,10.0586698725
13.089762,1.11050253385,1.35138421797,10.8853536583,-0.958660249627,0.76920630323,10.1040507478
13.091428,1.07514341711,1.24530686776,10.7761361049,-0.820225880627,0.905348928936,10.1948124982
13.093094,1.07514341711,1.28066598449,10.8489478072,-0.912515459961,0.723825427995,10.1040507478
13.09476,1.14586165058,1.28066598449,10.8853536583,-0.958660249627,0.76920630323,10.1040507478
13.096426,1.21657988406,1.42210245144,10.8853536583,-0.912515459961,0.76920630323,10.0586698725
13.098092,1.14586165058,1.31602510123,10.8853536583,-0.820225880627,0.859968053701,10.149431623
13.099758,1.11050253385,1.31602510123,10.8125419561,-0.866370670294,0.859968053701,10.1948124982
13.101424,1.07514341711,1.31602510123,10.8125419561,-0.866370670294,0.859968053701,10.149431623
13.10309,1.14586165058,1.31602510123,10.8853536583,-0.820225880627,0.859968053701,10.149431623
13.104756,1.07514341711,1.24530686776,10.8853536583,-0.958660249627,0.76920630323,10.1040507478
13.106422,1.14586165058,1.31602510123,10.8853536583,-0.958660249627,0.76920630323,10.0586698725
13.108088,1.11050253385,1.31602510123,10.8853536583,-0.958660249627,0.814587178465,10.0586698725
13.109754,1.18122076732,1.28066598449,10.8489478072,-0.912515459961,0.76920630323,10.1040507478
13.11142,1.18122076732,1.31602510123,10.8853536583,-0.912515459961,0.814587178465,10.1040507478
13.113086,1.07514341711,1.28066598449,10.8125419561,-0.912515459961,0.76920630323,10.1040507478
13.114752,1.11050253385,1.28066598449,10.8489478072,-0.912515459961,0.814587178465,10.1040507478
13.116418,1.14586165058,1.31602510123,10.8853536583,-0.912515459961,0.814587178465,10.1040507478
13.118084,1.25193900079,1.35138421797,10.8853536583,-0.820225880627,0.905348928936,10.1948124982
13.11975,1.18122076732,1.31602510123,10.8853536583,-0.912515459961,0.76920630323,10.1040507478
13.121416,1.11050253385,1.28066598449,10.8489478072,-0.912515459961,0.814587178465,10.149431623
13.123082,1.14586165058,1.31602510123,10.8853536583,-0.912515459961,0.814587178465,10.149431623
13.124748,1.18122076732,1.31602510123,10.8853536583,-0.912515459961,0.76920630323,10.149431623
13.126414,1.07514341711,1.28066598449,10.9581653606,-0.912515459961,0.76920630323,10.1040507478
13.12808,1.18122076732,1.31602510123,10.8853536583,-0.912515459961,0.76920630323,10.149431623
13.129746,1.14586165058,1.31602510123,10.8853536583,-0.912515459961,0.814587178465,10.1040507478
13.131412,1.21657988406,1.31602510123,10.8489478072,-0.866370670294,0.76920630323,10.1040507478
13.133078,1.14586165058,1.28066598449,10.8853536583,-0.912515459961,0.76920630323,10.149431623
13.134744,1.07514341711,1.20994775102,10.8125419561,-0.912515459961,0.723825427995,10.1040507478
13.13641,1.14586165058,1.31602510123,10.8853536583,-0.912515459961,0.76920630323,10.1040507478
13.138076,1.18122076732,1.28066598449,10.8853536583,-0.77408109096,0.905348928936,10.2401933735
13.139742,1.28729811753,1.42210245144,10.9217595095,-0.866370670294,0.814587178465,10.149431623
13.141408,1.18122076732,1.35138421797,10.9217595095,-0.912515459961,0.814587178465,10.149431623
13.143074,1.11050253385,1.31602510123,10.8489478072,-0.912515459961,0.814587178465,10.149431623
13.14474,1.14586165058,1.35138421797,10.8853536583,-0.866370670294,0.905348928936,10.1948124982
13.146406,1.18122076732,1.31602510123,10.9217595095,-0.912515459961,0.814587178465,10.149431623
13.148072,1.21657988406,1.35138421797,10.9581653606,-0.912515459961,0.723825427995,10.149431623
13.149738,1.18122076732,1.24530686776,10.9217595095,-0.912515459961,0.723825427995,10.149431623
13.151404,1.11050253385,1.28066598449,10.8853536583,-0.866370670294,0.814587178465,10.149431623
13.15307,1.14586165058,1.31602510123,10.8853536583,-0.912515459961,0.814587178465,10.149431623
13.154736,1.18122076732,1.35138421797,10.9217595095,-0.866370670294,0.859968053701,10.2401933735
13.156402,1.21657988406,1.45746156818,11.0287016972,-0.820225880627,0.905348928936,10.2401933735
13.158068,1.18122076732,1.35138421797,10.9581653606,-0.820225880627,0.905348928936,10.2401933735
13.159734,1.14586165058,1.31602510123,10.8853536583,-0.77408109096,0.905348928936,10.2855742487
13.1614,1.14586165058,1.31602510123,10.9217595095,-0.912515459961,0.76920630323,10.149431623
13.163066,1.18122076732,1.31602510123,10.9217595095,-0.912515459961,0.76920630323,10.1948124982
13.164732,1.07514341711,1.35138421797,10.9922958461,-0.912515459961,0.814587178465,10.149431623
13.166398,1.18122076732,1.31602510123,10.9217595095,-0.77408109096,0.905348928936,10.2855742487
13.168064,1.18122076732,1.31602510123,10.8853536583,-0.912515459961,0.814587178465,10.1948124982
13.16973,1.14586165058,1.31602510123,10.8853536583,-0.912515459961,0.814587178465,10.1948124982
13.171396,1.18122076732,1.35138421797,10.9217595095,-0.820225880627,0.905348928936,10.2401933735
13.173062,1.11050253385,1.20994775102,10.8853536583,-0.912515459961,0.76920630323,10.149431623
13.174728,1.18122076732,1.31602510123,10.9581653606,-0.912515459961,0.814587178465,10.149431623
13.176394,1.18122076732,1.28066598449,10.9217595095,-0.912515459961,0.76920630323,10.1948124982
13.17806,1.28729811753,1.35138421797,10.9581653606,-0.912515459961,0.76920630323,10.1948124982
13.179726,1.18122076732,1.31602510123,10.9581653606,-0.866370670294,0.76920630323,10.149431623
13.181392,1.18122076732,1.20994775102,10.8853536583,-0.912515459961,0.76920630323,10.1948124982
13.183058,1.14586165058,1.24530686776,10.8853536583,-0.912515459961,0.76920630323,10.149431623
13.184724,1.18122076732,1.31602510123,10.9217595095,-0.912515459961,0.76920630323,10.149431623
13.18639,1.11050253385,1.20994775102,10.9922958461,-0.912515459961,0.76920630323,10.1948124982
13.188056,1.18122076732,1.31602510123,10.9217595095,-0.866370670294,0.814587178465,10.149431623
13.189722,1.18122076732,1.28066598449,10.9217595095,-0.912515459961,0.723825427995,10.149431623
13.191388,1.18122076732,1.28066598449,10.8853536583,-0.866370670294,0.814587178465,10.149431623
13.193054,1.18122076732,1.31602510123,10.9217595095,-0.912515459961,0.814587178465,10.149431623
13.19472,1.07514341711,1.24530686776,10.9922958461,-0.912515459961,0.814587178465,10.149431623
13.196386,1.18122076732,1.31602510123,10.9217595095,-0.866370670294,0.814587178465,10.1948124982
13.198052,1.18122076732,1.28066598449,10.8853536583,-0.912515459961,0.76920630323,10.149431623
13.199718,1.18122076732,1.31602510123,10.8853536583,-0.912515459961,0.76920630323,10.149431623
13.201384,1.14586165058,1.31602510123,10.9217595095,-0.912515459961,0.814587178465,10.149431623
13.20305,1.14586165058,1.20994775102,10.8489478072,-0.912515459961,0.814587178465,10.149431623
13.204716,1.14586165058,1.31602510123,10.8853536583,-0.912515459961,0.76920630323,10.1040507478
13.206382,1.14586165058,1.31602510123,10.8853536583,-0.912515459961,0.814587178465,10.149431623
13.208048,1.21657988406,1.35138421797,10.8853536583,-0.912515459961,0.814587178465,10.149431623
13.209714,1.18122076732,1.35138421797,10.9217595095,-0.912515459961,0.814587178465,10.1040507478
13.21138,1.11050253385,1.28066598449,10.8125419561,-0.912515459961,0.814587178465,10.149431623
13.213046,1.18122076732,1.31602510123,10.8489478072,-0.912515459961,0.814587178465,10.1040507478
13.214712,1.18122076732,1.31602510123,10.8853536583,-0.912515459961,0.814587178465,10.1040507478
13.216378,1.25193900079,1.42210245144,10.9217595095,-0.866370670294,0.814587178465,10.149431623
13.218044,1.18122076732,1.35138421797,10.9217595095,-0.866370670294,0.859968053701,10.149431623
13.21971,1.14586165058,1.28066598449,10.8489478072,-0.820225880627,0.905348928936,10.1948124982
13.221376,1.14586165058,1.31602510123,10.8853536583,-0.912515459961,0.814587178465,10.1040507478
13.223042,1.18122076732,1.31602510123,10.8853536583,-0.912515459961,0.76920630323,10.1040507478
13.224708,1.21657988406,1.42210245144,10.9581653606,-0.912515459961,0.76920630323,10.1040507478
13.226374,1.14586165058,1.31602510123,10.8853536583,-0.866370670294,0.76920630323,10.1040507478
13.22804,1.11050253385,1.28066598449,10.7761361049,-0.912515459961,0.814587178465,10.1040507478
13.229706,1.14586165058,1.28066598449,10.8853536583,-0.866370670294,0.814587178465,10.149431623
13.231372,1.18122076732,1.31602510123,10.8853536583,-0.866370670294,0.814587178465,10.1040507478
13.233038,1.11050253385,1.20994775102,10.9581653606,-0.912515459961,0.76920630323,10.1040507478
13.234704,1.18122076732,1.31602510123,10.8853536583,-0.912515459961,0.723825427995,10.0586698725
13.23637,1.14586165058,1.31602510123,10.8489478072,-0.820225880627,0.905348928936,10.1948124982
13.238036,1.14586165058,1.31602510123,10.8489478072,-0.912515459961,0.814587178465,10.1040507478
13.239702,1.18122076732,1.35138421797,10.8853536583,-0.912515459961,0.76920630323,10.1040507478
13.241368,1.07514341711,1.20994775102,10.7761361049,-0.912515459961,0.723825427995,10.0586698725
13.243034,1.18122076732,1.35138421797,10.8853536583,-0.912515459961,0.76920630323,10.1040507478
13.2447,1.18122076732,1.31602510123,10.8853536583,-0.866370670294,0.814587178465,10.1040507478
13.246366,1.18122076732,1.31602510123,10.8125419561,-0.820225880627,0.859968053701,10.1948124982
13.248032,1.18122076732,1.35138421797,10.8853536583,-0.912515459961,0.76920630323,10.1040507478
13.249698,1.11050253385,1.24530686776,10.8125419561,-0.866370670294,0.76920630323,10.0586698725
13.251364,1.14586165058,1.31602510123,10.8489478072,-0.866370670294,0.76920630323,10.1040507478
13.25303,1.14586165058,1.28066598449,10.8489478072,-0.866370670294,0.814587178465,10.0586698725
13.254696,1.18122076732,1.31602510123,10.8489478072,-0.912515459961,0.814587178465,10.1040507478
13.256362,1.18122076732,1.35138421797,10.8853536583,-0.820225880627,0.859968053701,10.149431623
13.258028,1.11050253385,1.24530686776,10.7761361049,-0.912515459961,0.76920630323,10.0586698725
13.259694,1.18122076732,1.31602510123,10.8853536583,-0.912515459961,0.76920630323,10.1040507478
13.26136,1.11050253385,1.31602510123,10.8853536583,-0.912515459961,0.76920630323,10.0586698725
13.263026,1.18122076732,1.31602510123,10.8489478072,-0.820225880627,0.859968053701,10.149431623
13.264692,1.18122076732,1.31602510123,10.8853536583,-0.820225880627,0.814587178465,10.149431623
13.266358,1.11050253385,1.24530686776,10.7761361049,-0.912515459961,0.76920630323,10.0586698725
13.268024,1.14586165058,1.31602510123,10.8853536583,-0.912515459961,0.723825427995,10.0586698725
13.26969,1.18122076732,1.28066598449,10.8853536583,-0.866370670294,0.76920630323,10.1040507478
13.271356,1.25193900079,1.31602510123,10.8853536583,-0.912515459961,0.723825427995,10.1040507478
13.273022,1.18122076732,1.31602510123,10.8853536583,-0.912515459961,0.76920630323,10.0586698725
13.274688,1.07514341711,1.24530686776,10.8125419561,-0.912515459961,0.723825427995,10.1040507478
13.276354,1.11050253385,1.31602510123,10.8853536583,-0.912515459961,0.723825427995,10.1040507478
13.27802,1.18122076732,1.31602510123,10.8853536583,-0.866370670294,0.76920630323,10.1040507478
13.279686,1.21657988406,1.3867433347,10.9581653606,-0.912515459961,0.76920630323,10.1040507478
13.281352,1.18122076732,1.28066598449,10.8853536583,-0.912515459961,0.76920630323,10.1040507478
13.283018,1.14586165058,1.28066598449,10.8125419561,-0.912515459961,0.76920630323,10.0586698725
13.284684,1.14586165058,1.28066598449,10.8489478072,-0.912515459961,0.76920630323,10.1040507478
13.28635,1.18122076732,1.31602510123,10.8853536583,-0.912515459961,0.76920630323,10.0586698725
13.288016,1.11050253385,1.35138421797,10.9581653606,-0.912515459961,0.678444552759,10.1040507478
13.289682,1.18122076732,1.28066598449,10.8853536583,-0.866370670294,0.76920630323,10.1040507478
13.291348,1.14586165058,1.20994775102,10.8489478072,-0.866370670294,0.76920630323,10.1040507478
13.293014,1.18122076732,1.24530686776,10.8489478072,-0.866370670294,0.76920630323,10.1040507478
13.29468,1.21657988406,1.28066598449,10.8853536583,-0.912515459961,0.76920630323,10.0586698725
13.296346,1.11050253385,1.20994775102,10.7761361049,-0.866370670294,0.723825427995,10.1040507478
13.298012,1.18122076732,1.20994775102,10.8853536583,-0.866370670294,0.723825427995,10.1040507478
13.299678,1.18122076732,1.28066598449,10.8489478072,-0.866370670294,0.76920630323,10.1040507478
13.301344,1.21657988406,1.28066598449,10.8853536583,-0.866370670294,0.723825427995,10.1040507478
13.30301,1.18122076732,1.24530686776,10.8853536583,-0.866370670294,0.723825427995,10.1040507478
13.304676,1.18122076732,1.20994775102,10.8125419561,-0.866370670294,0.76920630323,10.1040507478
13.306342,1.18122076732,1.28066598449,10.8853536583,-0.866370670294,0.723825427995,10.1040507478
13.308008,1.21657988406,1.28066598449,10.8853536583,-0.866370670294,0.723825427995,10.1040507478
13.309674,1.21657988406,1.31602510123,10.9922958461,-0.866370670294,0.723825427995,10.1040507478
13.31134,1.21657988406,1.24530686776,10.9217595095,-0.866370670294,0.723825427995,10.1040507478
13.313006,1.14586165058,1.20994775102,10.8125419561,-0.866370670294,0.723825427995,10.1040507478
13.314672,1.18122076732,1.24530686776,10.8489478072,-0.820225880627,0.814587178465,10.149431623
13.316338,1.21657988406,1.28066598449,10.8853536583,-0.866370670294,0.723825427995,10.149431623
13.318004,1.11050253385,1.20994775102,10.9581653606,-0.866370670294,0.723825427995,10.1040507478
13.31967,1.18122076732,1.28066598449,10.8853536583,-0.866370670294,0.76920630323,10.1040507478
13.321336,1.18122076732,1.28066598449,10.8853536583,-0.866370670294,0.76920630323,10.149431623
13.323002,1.18122076732,1.20994775102,10.8489478072,-0.727936301293,0.905348928936,10.2401933735
13.324668,1.18122076732,1.28066598449,10.8853536583,-0.866370670294,0.76920630323,10.1040507478
13.326334,1.18122076732,1.20994775102,10.8125419561,-0.820225880627,0.76920630323,10.149431623
13.328,1.18122076732,1.28066598449,10.8853536583,-0.820225880627,0.76920630323,10.149431623
13.329666,1.21657988406,1.28066598449,10.8853536583,-0.866370670294,0.76920630323,10.1040507478
13.331332,1.28729811753,1.31602510123,10.8853536583,-0.866370670294,0.76920630323,10.1040507478
13.332998,1.21657988406,1.28066598449,10.8853536583,-0.820225880627,0.76920630323,10.149431623
13.334664,1.18122076732,1.20994775102,10.8125419561,-0.820225880627,0.723825427995,10.1040507478
13.33633,1.21657988406,1.24530686776,10.8853536583,-0.820225880627,0.723825427995,10.149431623
13.337996,1.21657988406,1.28066598449,10.8853536583,-0.866370670294,0.76920630323,10.149431623
13.339662,1.32265723427,1.35138421797,10.8853536583,-0.820225880627,0.76920630323,10.149431623
13.341328,1.21657988406,1.31602510123,10.8853536583,-0.820225880627,0.76920630323,10.149431623
13.342994,1.18122076732,1.20994775102,10.8125419561,-0.77408109096,0.814587178465,10.1948124982
13.34466,1.21657988406,1.28066598449,10.8489478072,-0.866370670294,0.76920630323,10.1040507478
13.346326,1.21657988406,1.31602510123,10.8853536583,-0.820225880627,0.76920630323,10.149431623
13.347992,1.28729811753,1.3867433347,10.9581653606,-0.820225880627,0.814587178465,10.149431623
13.349658,1.21657988406,1.28066598449,10.8853536583,-0.820225880627,0.814587178465,10.149431623
13.351324,1.21657988406,1.24530686776,10.8489478072,-0.77408109096,0.814587178465,10.1948124982
13.35299,1.18122076732,1.28066598449,10.8853536583,-0.727936301293,0.859968053701,10.2401933735
13.354656,1.21657988406,1.31602510123,10.8853536583,-0.866370670294,0.76920630323,10.1040507478
13.356322,1.18122076732,1.28066598449,10.9581653606,-0.820225880627,0.814587178465,10.1040507478
13.357988,1.25193900079,1.31602510123,10.8853536583,-0.820225880627,0.814587178465,10.149431623
13.359654,1.21657988406,1.28066598449,10.8125419561,-0.820225880627,0.814587178465,10.149431623
13.36132,1.18122076732,1.28066598449,10.8853536583,-0.820225880627,0.814587178465,10.149431623
13.362986,1.25193900079,1.31602510123,10.8853536583,-0.820225880627,0.814587178465,10.149431623
13.364652,1.14586165058,1.24530686776,10.9217595095,-0.727936301293,0.905348928936,10.2401933735
13.366318,1.21657988406,1.31602510123,10.8853536583,-0.727936301293,0.905348928936,10.2401933735
13.367984,1.21657988406,1.28066598449,10.8489478072,-0.77408109096,0.814587178465,10.1948124982
13.36965,1.25193900079,1.31602510123,10.8489478072,-0.727936301293,0.905348928936,10.1948124982
13.371316,1.21657988406,1.31602510123,10.9217595095,-0.77408109096,0.859968053701,10.1948124982
13.372982,1.18122076732,1.20994775102,10.8125419561,-0.727936301293,0.905348928936,10.2401933735
13.374648,1.21657988406,1.28066598449,10.8853536583,-0.820225880627,0.76920630323,10.149431623
13.376314,1.21657988406,1.31602510123,10.8853536583,-0.866370670294,0.76920630323,10.1040507478
13.37798,1.28729811753,1.31602510123,10.8853536583,-0.820225880627,0.814587178465,10.149431623
13.379646,1.21657988406,1.31602510123,10.8853536583,-0.866370670294,0.814587178465,10.149431623
13.381312,1.18122076732,1.28066598449,10.7761361049,-0.820225880627,0.814587178465,10.1040507478
13.382978,1.21657988406,1.35138421797,10.8853536583,-0.820225880627,0.814587178465,10.1040507478
13.384644,1.21657988406,1.31602510123,10.8853536583,-0.866370670294,0.814587178465,10.1040507478
13.38631,1.32265723427,1.31602510123,10.8853536583,-0.866370670294,0.76920630323,10.1040507478
13.387976,1.21657988406,1.31602510123,10.8853536583,-0.820225880627,0.814587178465,10.149431623
13.389642,1.18122076732,1.20994775102,10.8125419561,-0.866370670294,0.814587178465,10.149431623
13.391308,1.21657988406,1.28066598449,10.8853536583,-0.820225880627,0.814587178465,10.149431623
13.392974,1.21657988406,1.31602510123,10.8853536583,-0.866370670294,0.814587178465,10.1040507478
13.39464,1.35801635101,1.42210245144,10.9217595095,-0.820225880627,0.814587178465,10.1040507478
13.396306,1.21657988406,1.35138421797,10.8853536583,-0.727936301293,0.905348928936,10.2401933735
13.397972,1.21657988406,1.31602510123,10.8489478072,-0.77408109096,0.905348928936,10.1948124982
13.399638,1.21657988406,1.31602510123,10.8489478072,-0.77408109096,0.859968053701,10.149431623
13.401304,1.21657988406,1.35138421797,10.8853536583,-0.77408109096,0.859968053701,10.149431623
13.40297,1.18122076732,1.3867433347,10.9922958461,-0.77408109096,0.859968053701,10.1948124982
13.404636,1.21657988406,1.31602510123,10.8853536583,-0.820225880627,0.814587178465,10.149431623
13.406302,1.21657988406,1.35138421797,10.8853536583,-0.866370670294,0.814587178465,10.1040507478
13.407968,1.21657988406,1.31602510123,10.8489478072,-0.727936301293,0.950729804172,10.2401933735
13.409634,1.21657988406,1.31602510123,10.8853536583,-0.820225880627,0.814587178465,10.149431623
13.4113,1.14586165058,1.24530686776,10.8125419561,-0.727936301293,0.950729804172,10.2401933735
13.412966,1.21657988406,1.28066598449,10.8853536583,-0.820225880627,0.76920630323,10.149431623
13.414632,1.21657988406,1.31602510123,10.8853536583,-0.820225880627,0.814587178465,10.1040507478
13.416298,1.21657988406,1.31602510123,10.8125419561,-0.77408109096,0.859968053701,10.1948124982
13.417964,1.28729811753,1.31602510123,10.9217595095,-0.866370670294,0.814587178465,10.1040507478
13.41963,1.18122076732,1.24530686776,10.8125419561,-0.820225880627,0.814587178465,10.149431623
13.421296,1.18122076732,1.31602510123,10.8853536583,-0.866370670294,0.814587178465,10.1040507478
13.422962,1.21657988406,1.31602510123,10.8853536583,-0.820225880627,0.859968053701,10.149431623
13.424628,1.28729811753,1.35138421797,10.8853536583,-0.866370670294,0.814587178465,10.149431623
13.426294,1.21657988406,1.35138421797,10.8853536583,-0.866370670294,0.814587178465,10.149431623
13.42796,1.18122076732,1.28066598449,10.8489478072,-0.820225880627,0.814587178465,10.149431623
13.429626,1.18122076732,1.31602510123,10.8853536583,-0.77408109096,0.905348928936,10.1948124982
13.431292,1.18122076732,1.31602510123,10.9217595095,-0.866370670294,0.814587178465,10.149431623
13.432958,1.28729811753,1.3867433347,10.9217595095,-0.866370670294,0.814587178465,10.149431623
13.434624,1.21657988406,1.35138421797,10.8853536583,-0.727936301293,0.905348928936,10.1948124982
13.43629,1.18122076732,1.31602510123,10.8853536583,-0.866370670294,0.76920630323,10.1040507478
