"Latest: Time (s)","Latest: Y Acceleration 1 (m/s²)","Latest: X Acceleration 1 (m/s²)","Latest: Z Acceleration 1 (m/s²)","Latest: Z Acceleration 2 (m/s²)","Latest: X Acceleration 2 (m/s²)","Latest: Y Acceleration 2 (m/s²)"
0,-0.0357644562901,10.1131269228,1.17082704906,0.93591459631,10.9240348752,0.602215230756
0.001666,-0.0357644562901,10.1131269228,1.17082704906,0.900555479573,10.9604407263,0.602215230756
0.003332,0.0565251230437,10.2038886733,1.2162079243,0.93591459631,11.0696582797,0.708292580966
0.004998,-0.0357644562901,10.1131269228,1.12544617383,0.900555479573,10.9968465774,0.602215230756
0.006664,-0.0357644562901,10.1131269228,1.12544617383,0.865196362836,10.9604407263,0.602215230756
0.00833,-0.0357644562901,10.1131269228,1.17082704906,0.900555479573,10.9240348752,0.602215230756
0.009996,-0.0357644562901,10.1131269228,1.12544617383,0.93591459631,10.9240348752,0.602215230756
0.011662,-0.0357644562901,10.1131269228,1.12544617383,0.829837246099,10.887629024,0.566856114019
0.013328,0.0565251230437,10.2038886733,1.2162079243,0.900555479573,10.9240348752,0.602215230756
0.014994,0.0103803333768,10.1131269228,1.17082704906,0.900555479573,10.9604407263,0.602215230756
0.01666,-0.0357644562901,10.1131269228,1.08006529859,0.93591459631,11.0696582797,0.67293346423
0.018326,-0.0357644562901,10.1131269228,1.08006529859,0.900555479573,10.9604407263,0.602215230756
0.019992,-0.0357644562901,10.1131269228,1.08006529859,0.865196362836,10.9240348752,0.566856114019
0.021658,0.0103803333768,10.158507798,1.17082704906,0.900555479573,10.9240348752,0.602215230756
0.023324,-0.0357644562901,10.1131269228,1.17082704906,0.900555479573,10.9240348752,0.602215230756
0.02499,-0.0357644562901,10.1131269228,1.17082704906,0.865196362836,10.9240348752,0.67293346423
0.026656,-0.0357644562901,10.1131269228,1.17082704906,0.900555479573,10.9604407263,0.602215230756
0.028322,-0.0357644562901,10.0677460476,1.12544617383,0.900555479573,10.9240348752,0.566856114019
0.029988,-0.0357644562901,10.1131269228,1.17082704906,0.93591459631,10.9604407263,0.602215230756
0.031654,0.0103803333768,10.1131269228,1.17082704906,0.93591459631,10.9240348752,0.602215230756
0.03332,-0.0357644562901,10.1131269228,1.12544617383,0.865196362836,10.887629024,0.496137880546
0.034986,-0.0357644562901,10.1131269228,1.12544617383,0.900555479573,10.9604407263,0.602215230756
0.036652,-0.0357644562901,10.1131269228,1.17082704906,0.900555479573,10.9240348752,0.566856114019
0.038318,-0.0357644562901,10.1131269228,1.12544617383,1.00663282978,10.9604407263,0.566856114019
0.039984,-0.0357644562901,10.1131269228,1.17082704906,0.93591459631,10.9604407263,0.602215230756
0.04165,-0.0357644562901,10.1131269228,1.17082704906,0.829837246099,10.887629024,0.531496997282
0.043316,-0.0357644562901,10.1131269228,1.17082704906,0.93591459631,10.9240348752,0.566856114019
0.044982,-0.0357644562901,10.1131269228,1.17082704906,0.900555479573,10.9604407263,0.602215230756
0.046648,-0.0357644562901,10.1131269228,1.17082704906,0.829837246099,10.9604407263,0.708292580966
0.048314,-0.0357644562901,10.1131269228,1.17082704906,0.93591459631,10.9604407263,0.602215230756
0.04998,-0.0357644562901,10.1131269228,1.17082704906,0.900555479573,10.9240348752,0.566856114019
0.051646,-0.0357644562901,10.1131269228,1.17082704906,0.900555479573,10.9240348752,0.602215230756
0.053312,-0.0357644562901,10.1131269228,1.17082704906,0.900555479573,10.9604407263,0.602215230756
0.054978,-0.0357644562901,10.1131269228,1.17082704906,0.865196362836,10.887629024,0.496137880546
0.056644,-0.0357644562901,10.1131269228,1.12544617383,0.865196362836,10.9240348752,0.566856114019
0.05831,0.0103803333768,10.158507798,1.2162079243,0.93591459631,10.9240348752,0.602215230756
0.059976,-0.0357644562901,10.1131269228,1.17082704906,0.93591459631,11.0332524286,0.67293346423
0.061642,-0.0357644562901,10.1131269228,1.17082704906,0.900555479573,10.9604407263,0.566856114019
0.063308,-0.0357644562901,10.1131269228,1.08006529859,0.865196362836,10.9240348752,0.566856114019
0.064974,-0.0357644562901,10.1131269228,1.17082704906,0.93591459631,10.9604407263,0.602215230756
0.06664,-0.0357644562901,10.1131269228,1.17082704906,0.93591459631,10.9604407263,0.566856114019
0.068306,-0.0357644562901,10.1131269228,1.17082704906,0.865196362836,10.887629024,0.566856114019
0.069972,-0.0357644562901,10.1131269228,1.17082704906,0.865196362836,10.9240348752,0.566856114019
0.071638,-0.0357644562901,10.1131269228,1.17082704906,0.900555479573,10.9240348752,0.566856114019
0.073304,-0.0357644562901,10.1131269228,1.12544617383,0.900555479573,11.0696582797,0.67293346423
0.07497,-0.0357644562901,10.1131269228,1.17082704906,0.900555479573,10.9240348752,0.566856114019
0.076636,-0.0357644562901,10.1131269228,1.17082704906,0.865196362836,10.9240348752,0.566856114019
0.078302,-0.0357644562901,10.158507798,1.17082704906,0.900555479573,10.9240348752,0.566856114019
0.079968,-0.0357644562901,10.1131269228,1.17082704906,0.93591459631,10.9240348752,0.566856114019
0.081634,0.102669912711,10.2038886733,1.26158879953,0.829837246099,10.8512231729,0.496137880546
0.0833,-0.0819092459569,10.0677460476,1.12544617383,0.900555479573,10.9604407263,0.566856114019
0.084966,-0.0357644562901,10.1131269228,1.17082704906,0.900555479573,10.9604407263,0.566856114019
0.086632,-0.0357644562901,10.1131269228,1.17082704906,0.971273713047,11.0332524286,0.602215230756
0.088298,-0.0357644562901,10.1131269228,1.2162079243,0.93591459631,10.9240348752,0.602215230756
0.089964,0.0565251230437,10.2038886733,1.26158879953,0.865196362836,10.887629024,0.566856114019
0.09163,0.0565251230437,10.2038886733,1.26158879953,0.865196362836,10.887629024,0.531496997282
0.093296,0.0565251230437,10.2038886733,1.30696967477,0.93591459631,10.9604407263,0.602215230756
0.094962,0.0565251230437,10.2038886733,1.26158879953,0.829837246099,11.0332524286,0.67293346423
0.096628,0.0565251230437,10.2038886733,1.26158879953,0.900555479573,10.9604407263,0.566856114019
0.098294,-0.0819092459569,10.1131269228,1.12544617383,0.900555479573,10.9240348752,0.566856114019
0.09996,-0.0357644562901,10.1131269228,1.17082704906,0.900555479573,10.9604407263,0.566856114019
0.101626,-0.0357644562901,10.1131269228,1.17082704906,0.93591459631,10.9604407263,0.566856114019
0.103292,-0.0357644562901,10.1131269228,1.17082704906,0.865196362836,10.887629024,0.496137880546
0.104958,0.0565251230437,10.2038886733,1.26158879953,0.900555479573,10.9240348752,0.566856114019
0.106624,-0.0357644562901,10.1131269228,1.17082704906,0.900555479573,10.9240348752,0.566856114019
0.10829,-0.0357644562901,10.1131269228,1.17082704906,0.971273713047,11.0332524286,0.602215230756
0.109956,-0.0357644562901,10.1131269228,1.17082704906,0.900555479573,10.9604407263,0.602215230756
0.111622,-0.0357644562901,10.1131269228,1.17082704906,0.865196362836,10.9240348752,0.531496997282
0.113288,-0.0357644562901,10.1131269228,1.17082704906,0.865196362836,10.9240348752,0.566856114019
0.114954,-0.0357644562901,10.1131269228,1.17082704906,0.900555479573,10.9604407263,0.602215230756
0.11662,-0.0357644562901,10.1131269228,1.17082704906,0.794478129363,10.887629024,0.602215230756
0.118286,-0.0357644562901,10.1131269228,1.12544617383,0.93591459631,10.9604407263,0.602215230756
0.119952,-0.0357644562901,10.1131269228,1.17082704906,0.900555479573,10.9240348752,0.566856114019
0.121618,-0.0357644562901,10.1131269228,1.17082704906,0.900555479573,10.9240348752,0.566856114019
0.123284,0.0103803333768,10.158507798,1.2162079243,0.93591459631,10.9968465774,0.566856114019
0.12495,0.0565251230437,10.2038886733,1.26158879953,0.829837246099,10.887629024,0.496137880546
0.126616,-0.0357644562901,10.1131269228,1.17082704906,0.900555479573,10.9240348752,0.602215230756
0.128282,-0.0357644562901,10.158507798,1.2162079243,0.900555479573,10.9968465774,0.602215230756
0.129948,0.102669912711,10.2492695485,1.26158879953,0.93591459631,11.0696582797,0.67293346423
0.131614,-0.0357644562901,10.1131269228,1.12544617383,0.900555479573,10.9240348752,0.602215230756
0.13328,-0.0357644562901,10.1131269228,1.17082704906,0.865196362836,10.9240348752,0.566856114019
0.134946,-0.0357644562901,10.1131269228,1.17082704906,0.900555479573,10.9240348752,0.566856114019
0.136612,-0.0357644562901,10.1131269228,1.17082704906,0.93591459631,10.9968465774,0.602215230756
0.138278,-0.0357644562901,10.1131269228,1.17082704906,0.865196362836,10.887629024,0.531496997282
0.139944,-0.0357644562901,10.1131269228,1.17082704906,0.900555479573,10.9240348752,0.566856114019
0.14161,-0.0357644562901,10.1131269228,1.12544617383,0.900555479573,10.9604407263,0.602215230756
0.143276,-0.0357644562901,10.1131269228,1.17082704906,0.971273713047,11.0696582797,0.637574347493
0.144942,-0.0357644562901,10.1131269228,1.17082704906,0.93591459631,10.9604407263,0.602215230756
0.146608,-0.0357644562901,10.1131269228,1.17082704906,0.865196362836,10.887629024,0.566856114019
0.148274,-0.0357644562901,10.1131269228,1.17082704906,0.900555479573,10.9240348752,0.566856114019
0.14994,-0.0357644562901,10.1131269228,1.17082704906,0.93591459631,10.9604407263,0.602215230756
0.151606,0.0103803333768,10.1131269228,1.17082704906,0.829837246099,10.887629024,0.566856114019
0.153272,-0.0357644562901,10.1131269228,1.12544617383,0.900555479573,10.9604407263,0.602215230756
0.154938,-0.0357644562901,10.1131269228,1.12544617383,0.900555479573,10.9604407263,0.602215230756
0.156604,-0.0357644562901,10.1131269228,1.17082704906,1.00663282978,11.0696582797,0.637574347493
0.15827,-0.0357644562901,10.1131269228,1.17082704906,0.900555479573,10.9968465774,0.637574347493
0.159936,-0.0357644562901,10.1131269228,1.17082704906,0.865196362836,10.9240348752,0.566856114019
0.161602,-0.0357644562901,10.1131269228,1.12544617383,0.900555479573,10.9240348752,0.602215230756
0.163268,-0.0357644562901,10.1131269228,1.17082704906,0.900555479573,10.9968465774,0.602215230756
0.164934,-0.0357644562901,10.1131269228,1.17082704906,0.829837246099,10.9240348752,0.67293346423
0.1666,0.0103803333768,10.1131269228,1.17082704906,0.900555479573,10.9604407263,0.602215230756
0.168266,0.0565251230437,10.158507798,1.2162079243,0.900555479573,10.9240348752,0.602215230756
0.169932,-0.0357644562901,10.1131269228,1.17082704906,0.93591459631,10.9240348752,0.602215230756
0.171598,-0.0357644562901,10.1131269228,1.12544617383,0.93591459631,10.9968465774,0.602215230756
0.173264,-0.0357644562901,10.1131269228,1.12544617383,0.865196362836,10.9240348752,0.531496997282
0.17493,-0.0357644562901,10.1131269228,1.12544617383,0.93591459631,10.9240348752,0.602215230756
0.176596,-0.0357644562901,10.0677460476,1.12544617383,0.865196362836,10.9968465774,0.602215230756
0.178262,0.0565251230437,10.2038886733,1.26158879953,0.971273713047,11.0332524286,0.637574347493
0.179928,0.102669912711,10.2038886733,1.26158879953,0.93591459631,10.9968465774,0.602215230756
0.181594,0.0565251230437,10.158507798,1.2162079243,0.865196362836,10.9240348752,0.566856114019
0.18326,0.0103803333768,10.1131269228,1.2162079243,0.900555479573,10.9240348752,0.602215230756
0.184926,-0.0357644562901,10.1131269228,1.17082704906,0.900555479573,10.9968465774,0.602215230756
0.186592,-0.0357644562901,10.1131269228,1.12544617383,0.829837246099,10.9604407263,0.67293346423
0.188258,-0.0357644562901,10.1131269228,1.17082704906,0.900555479573,10.9240348752,0.602215230756
0.189924,-0.0357644562901,10.1131269228,1.17082704906,0.93591459631,10.9604407263,0.602215230756
0.19159,-0.0357644562901,10.1131269228,1.17082704906,0.93591459631,10.9240348752,0.602215230756
0.193256,-0.0357644562901,10.1131269228,1.12544617383,0.900555479573,10.9968465774,0.637574347493
0.194922,-0.0357644562901,10.0677460476,1.17082704906,0.865196362836,10.9240348752,0.566856114019
0.196588,0.0103803333768,10.1131269228,1.17082704906,0.900555479573,10.9240348752,0.602215230756
0.198254,-0.0357644562901,10.1131269228,1.17082704906,0.900555479573,10.9968465774,0.602215230756
0.19992,-0.0357644562901,10.1131269228,1.17082704906,0.829837246099,10.9968465774,0.708292580966
0.201586,0.0103803333768,10.1131269228,1.17082704906,0.900555479573,10.9604407263,0.602215230756
0.203252,-0.0357644562901,10.0677460476,1.12544617383,0.865196362836,10.9240348752,0.566856114019
0.204918,-0.0357644562901,10.1131269228,1.17082704906,0.900555479573,10.9240348752,0.566856114019
0.206584,0.0103803333768,10.1131269228,1.17082704906,0.865196362836,10.9968465774,0.637574347493
0.20825,0.102669912711,10.2038886733,1.26158879953,0.865196362836,10.887629024,0.566856114019
0.209916,-0.0357644562901,10.0677460476,1.17082704906,0.865196362836,10.9240348752,0.602215230756
0.211582,0.0103803333768,10.1131269228,1.17082704906,0.900555479573,10.9604407263,0.602215230756
0.213248,-0.0357644562901,10.1131269228,1.17082704906,0.93591459631,11.0332524286,0.67293346423
0.214914,-0.0357644562901,10.1131269228,1.12544617383,0.900555479573,10.9604407263,0.602215230756
0.21658,-0.0357644562901,10.0677460476,1.12544617383,0.865196362836,10.887629024,0.566856114019
0.218246,-0.0357644562901,10.0677460476,1.17082704906,0.900555479573,10.9240348752,0.602215230756
0.219912,-0.0357644562901,10.1131269228,1.12544617383,0.865196362836,10.9240348752,0.602215230756
0.221578,-0.0357644562901,10.1131269228,1.12544617383,0.971273713047,10.9968465774,0.602215230756
0.223244,0.0103803333768,10.1131269228,1.12544617383,0.93591459631,10.9968465774,0.602215230756
0.22491,-0.0357644562901,10.1131269228,1.12544617383,0.900555479573,10.9240348752,0.566856114019
0.226576,-0.0357644562901,10.1131269228,1.17082704906,0.900555479573,10.9240348752,0.602215230756
0.228242,-0.0357644562901,10.1131269228,1.12544617383,0.93591459631,10.9968465774,0.602215230756
0.229908,-0.0357644562901,10.0677460476,1.12544617383,0.829837246099,10.887629024,0.531496997282
0.231574,0.0565251230437,10.2038886733,1.2162079243,0.865196362836,10.9604407263,0.602215230756
0.23324,0.0565251230437,10.2038886733,1.2162079243,0.900555479573,10.9240348752,0.566856114019
0.234906,0.102669912711,10.2038886733,1.26158879953,0.900555479573,10.9240348752,0.602215230756
0.236572,0.0565251230437,10.158507798,1.26158879953,0.93591459631,10.9604407263,0.602215230756
0.238238,0.0565251230437,10.158507798,1.2162079243,0.865196362836,10.887629024,0.566856114019
0.239904,0.0565251230437,10.2038886733,1.2162079243,0.900555479573,10.9604407263,0.602215230756
0.24157,0.0103803333768,10.1131269228,1.12544617383,0.900555479573,10.9968465774,0.602215230756
0.243236,0.0103803333768,10.1131269228,1.2162079243,1.04199194652,11.0332524286,0.637574347493
0.244902,0.0103803333768,10.1131269228,1.17082704906,0.900555479573,10.9604407263,0.602215230756
0.246568,-0.0357644562901,10.1131269228,1.17082704906,0.865196362836,10.887629024,0.566856114019
0.248234,-0.0357644562901,10.1131269228,1.17082704906,0.900555479573,10.9240348752,0.566856114019
0.2499,0.102669912711,10.2038886733,1.26158879953,0.900555479573,10.9604407263,0.602215230756
0.251566,-0.0357644562901,10.1131269228,1.12544617383,0.829837246099,10.9968465774,0.67293346423
0.253232,-0.0357644562901,10.1131269228,1.17082704906,0.900555479573,10.9604407263,0.602215230756
0.254898,-0.0357644562901,10.1131269228,1.17082704906,0.900555479573,10.9240348752,0.566856114019
0.256564,-0.0357644562901,10.1131269228,1.17082704906,0.900555479573,10.9240348752,0.566856114019
0.25823,-0.0357644562901,10.1131269228,1.17082704906,0.900555479573,10.9604407263,0.602215230756
0.259896,0.0565251230437,10.2038886733,1.2162079243,0.829837246099,10.8512231729,0.496137880546
0.261562,-0.0357644562901,10.1131269228,1.12544617383,0.900555479573,10.9604407263,0.566856114019
0.263228,-0.0357644562901,10.1131269228,1.17082704906,0.865196362836,10.9604407263,0.602215230756
0.264894,-0.0357644562901,10.1131269228,1.17082704906,0.93591459631,10.9604407263,0.602215230756
0.26656,-0.0357644562901,10.1131269228,1.17082704906,0.900555479573,10.9968465774,0.602215230756
0.268226,-0.0357644562901,10.1131269228,1.17082704906,0.865196362836,10.887629024,0.531496997282
0.269892,-0.0357644562901,10.1131269228,1.17082704906,0.900555479573,10.9240348752,0.566856114019
0.271558,-0.0357644562901,10.1131269228,1.17082704906,0.900555479573,10.9240348752,0.602215230756
0.273224,-0.0357644562901,10.1131269228,1.12544617383,0.829837246099,10.9968465774,0.67293346423
0.27489,-0.0357644562901,10.1131269228,1.12544617383,0.900555479573,10.9604407263,0.566856114019
0.276556,-0.0357644562901,10.1131269228,1.17082704906,0.865196362836,10.9604407263,0.566856114019
0.278222,0.0565251230437,10.2038886733,1.26158879953,0.93591459631,10.9240348752,0.566856114019
0.279888,-0.0357644562901,10.1131269228,1.17082704906,0.93591459631,10.9604407263,0.602215230756
0.281554,-0.0357644562901,10.1131269228,1.17082704906,0.865196362836,10.887629024,0.496137880546
0.28322,-0.0357644562901,10.1131269228,1.12544617383,0.865196362836,10.9240348752,0.566856114019
0.284886,-0.0819092459569,10.1131269228,1.12544617383,0.900555479573,10.9604407263,0.602215230756
0.286552,-0.0357644562901,10.1131269228,1.17082704906,0.829837246099,10.9240348752,0.67293346423
0.288218,-0.0357644562901,10.1131269228,1.17082704906,0.900555479573,10.9604407263,0.602215230756
0.289884,-0.0357644562901,10.1131269228,1.17082704906,0.865196362836,10.9604407263,0.566856114019
0.29155,0.0565251230437,10.2038886733,1.2162079243,0.900555479573,10.9240348752,0.566856114019
0.293216,0.0565251230437,10.2492695485,1.26158879953,0.900555479573,10.9604407263,0.602215230756
0.294882,0.0103803333768,10.158507798,1.2162079243,0.865196362836,10.887629024,0.531496997282
0.296548,-0.0357644562901,10.1131269228,1.17082704906,0.900555479573,10.9240348752,0.566856114019
0.298214,-0.0357644562901,10.1131269228,1.17082704906,0.93591459631,10.9968465774,0.602215230756
0.29988,-0.0357644562901,10.1131269228,1.17082704906,0.93591459631,11.0332524286,0.67293346423
0.301546,-0.0357644562901,10.1131269228,1.17082704906,0.900555479573,10.9604407263,0.566856114019
0.303212,-0.0357644562901,10.1131269228,1.17082704906,0.900555479573,10.9240348752,0.566856114019
0.304878,-0.0357644562901,10.1131269228,1.17082704906,0.900555479573,10.9240348752,0.566856114019
0.306544,-0.0357644562901,10.158507798,1.2162079243,0.900555479573,10.9604407263,0.602215230756
0.30821,-0.0357644562901,10.1131269228,1.17082704906,0.865196362836,10.887629024,0.531496997282
0.309876,0.0103803333768,10.1131269228,1.17082704906,0.900555479573,10.9604407263,0.602215230756
0.311542,0.0103803333768,10.1131269228,1.2162079243,0.900555479573,10.9604407263,0.566856114019
0.313208,-0.0357644562901,10.1131269228,1.17082704906,0.865196362836,11.0332524286,0.708292580966
0.314874,0.0103803333768,10.158507798,1.17082704906,0.865196362836,10.9604407263,0.602215230756
0.31654,-0.0357644562901,10.1131269228,1.17082704906,0.865196362836,10.9240348752,0.566856114019
0.318206,-0.0357644562901,10.1131269228,1.17082704906,0.900555479573,10.9240348752,0.566856114019
0.319872,-0.0357644562901,10.1131269228,1.17082704906,0.900555479573,10.9968465774,0.602215230756
0.321538,0.0103803333768,10.158507798,1.2162079243,0.865196362836,10.887629024,0.496137880546
0.323204,-0.0357644562901,10.1131269228,1.17082704906,0.900555479573,10.9604407263,0.602215230756
0.32487,-0.0357644562901,10.1131269228,1.17082704906,0.900555479573,10.9240348752,0.602215230756
0.326536,0.0565251230437,10.2038886733,1.26158879953,0.93591459631,11.0696582797,0.67293346423
0.328202,-0.0357644562901,10.1131269228,1.17082704906,0.93591459631,10.9604407263,0.602215230756
0.329868,-0.0357644562901,10.1131269228,1.2162079243,0.865196362836,10.9240348752,0.566856114019
0.331534,-0.0357644562901,10.1131269228,1.12544617383,0.865196362836,10.9240348752,0.566856114019
0.3332,-0.0357644562901,10.1131269228,1.17082704906,0.93591459631,10.9604407263,0.602215230756
0.334866,-0.0357644562901,10.1131269228,1.17082704906,0.794478129363,10.887629024,0.531496997282
0.336532,-0.0357644562901,10.1131269228,1.17082704906,0.900555479573,10.9604407263,0.602215230756
0.338198,-0.0357644562901,10.1131269228,1.17082704906,0.900555479573,10.9240348752,0.566856114019
0.339864,-0.0357644562901,10.1131269228,1.17082704906,0.93591459631,10.9240348752,0.566856114019
0.34153,0.0103803333768,10.158507798,1.17082704906,0.900555479573,10.9604407263,0.602215230756
0.343196,-0.0357644562901,10.1131269228,1.17082704906,0.865196362836,10.9240348752,0.566856114019
0.344862,-0.0357644562901,10.1131269228,1.17082704906,0.900555479573,10.9240348752,0.566856114019
0.346528,-0.0357644562901,10.1131269228,1.17082704906,0.93591459631,10.9604407263,0.602215230756
0.348194,-0.0357644562901,10.1131269228,1.17082704906,0.865196362836,10.887629024,0.531496997282
0.34986,-0.0357644562901,10.1131269228,1.17082704906,0.900555479573,10.9604407263,0.602215230756
0.351526,-0.0357644562901,10.1131269228,1.17082704906,0.900555479573,10.9604407263,0.566856114019
0.353192,-0.0357644562901,10.1131269228,1.17082704906,0.971273713047,10.9968465774,0.602215230756
0.354858,-0.0357644562901,10.1131269228,1.12544617383,0.900555479573,10.9604407263,0.602215230756
0.356524,0.0103803333768,10.158507798,1.2162079243,0.865196362836,10.9604407263,0.566856114019
0.35819,0.0565251230437,10.2038886733,1.26158879953,0.900555479573,10.9240348752,0.602215230756
0.359856,0.0565251230437,10.2038886733,1.2162079243,0.900555479573,10.9604407263,0.602215230756
0.361522,0.102669912711,10.2492695485,1.2162079243,0.829837246099,10.887629024,0.531496997282
0.363188,-0.0357644562901,10.1131269228,1.17082704906,0.900555479573,10.9604407263,0.602215230756
0.364854,-0.0357644562901,10.1131269228,1.17082704906,0.900555479573,10.9604407263,0.602215230756
0.36652,0.0565251230437,10.2038886733,1.2162079243,0.971273713047,10.9968465774,0.602215230756
0.368186,-0.0357644562901,10.1131269228,1.17082704906,0.900555479573,10.9968465774,0.637574347493
0.369852,0.0103803333768,10.158507798,1.17082704906,0.865196362836,10.9240348752,0.531496997282
0.371518,-0.0357644562901,10.1131269228,1.12544617383,0.865196362836,10.9240348752,0.602215230756
0.373184,-0.0357644562901,10.1131269228,1.17082704906,0.900555479573,10.9604407263,0.637574347493
0.37485,0.0565251230437,10.2038886733,1.2162079243,0.829837246099,11.0332524286,0.708292580966
0.376516,0.0103803333768,10.1131269228,1.17082704906,0.93591459631,10.9968465774,0.602215230756
0.378182,-0.0357644562901,10.1131269228,1.12544617383,0.900555479573,10.9240348752,0.602215230756
0.379848,-0.0357644562901,10.1131269228,1.17082704906,0.900555479573,10.9240348752,0.602215230756
0.381514,-0.0357644562901,10.1131269228,1.17082704906,0.93591459631,10.9968465774,0.602215230756
0.38318,-0.0357644562901,10.1131269228,1.17082704906,0.865196362836,10.887629024,0.566856114019
0.384846,0.0103803333768,10.1131269228,1.17082704906,0.900555479573,10.9604407263,0.602215230756
0.386512,-0.0357644562901,10.1131269228,1.17082704906,0.93591459631,10.9240348752,0.602215230756
0.388178,-0.0357644562901,10.1131269228,1.17082704906,0.971273713047,11.0332524286,0.602215230756
0.389844,0.102669912711,10.2038886733,1.26158879953,0.93591459631,10.9968465774,0.602215230756
0.39151,-0.0357644562901,10.0677460476,1.12544617383,0.900555479573,10.9240348752,0.566856114019
0.393176,-0.0357644562901,10.1131269228,1.12544617383,0.900555479573,10.9240348752,0.602215230756
0.394842,-0.0357644562901,10.1131269228,1.17082704906,0.93591459631,10.9968465774,0.602215230756
0.396508,-0.0357644562901,10.1131269228,1.17082704906,0.794478129363,10.887629024,0.602215230756
0.398174,-0.0357644562901,10.0677460476,1.17082704906,0.900555479573,10.9240348752,0.602215230756
0.39984,0.0565251230437,10.2038886733,1.26158879953,0.900555479573,10.9604407263,0.566856114019
0.401506,0.102669912711,10.2038886733,1.26158879953,0.93591459631,10.9240348752,0.602215230756
0.403172,0.0103803333768,10.158507798,1.17082704906,0.900555479573,10.9968465774,0.602215230756
0.404838,-0.0357644562901,10.1131269228,1.17082704906,0.865196362836,10.9240348752,0.566856114019
0.406504,-0.0357644562901,10.1131269228,1.2162079243,0.900555479573,10.9240348752,0.602215230756
0.40817,0.0103803333768,10.1131269228,1.2162079243,0.900555479573,10.9604407263,0.602215230756
0.409836,-0.0357644562901,10.1131269228,1.17082704906,0.971273713047,11.0696582797,0.67293346423
0.411502,0.0103803333768,10.1131269228,1.17082704906,0.93591459631,10.9968465774,0.602215230756
0.413168,-0.0357644562901,10.1131269228,1.17082704906,0.865196362836,10.9240348752,0.566856114019
0.414834,0.0103803333768,10.1131269228,1.17082704906,0.900555479573,10.9240348752,0.602215230756
0.4165,-0.0357644562901,10.1131269228,1.17082704906,0.900555479573,10.9604407263,0.602215230756
0.418166,-0.0357644562901,10.0677460476,1.12544617383,0.865196362836,10.887629024,0.496137880546
0.419832,-0.0357644562901,10.1131269228,1.17082704906,0.900555479573,10.9604407263,0.602215230756
0.421498,-0.0357644562901,10.1131269228,1.12544617383,0.93591459631,10.9604407263,0.602215230756
0.423164,-0.0819092459569,10.1131269228,1.12544617383,0.971273713047,11.0332524286,0.637574347493
0.42483,-0.0357644562901,10.1131269228,1.17082704906,0.900555479573,10.9968465774,0.602215230756
0.426496,-0.0357644562901,10.1131269228,1.17082704906,0.900555479573,10.9240348752,0.566856114019
0.428162,-0.0357644562901,10.1131269228,1.17082704906,0.865196362836,10.9240348752,0.566856114019
0.429828,0.0565251230437,10.2038886733,1.26158879953,0.93591459631,10.9604407263,0.602215230756
0.431494,-0.0357644562901,10.1131269228,1.12544617383,0.865196362836,11.0332524286,0.708292580966
0.43316,-0.0357644562901,10.1131269228,1.12544617383,0.900555479573,10.9604407263,0.602215230756
0.434826,-0.0357644562901,10.1131269228,1.17082704906,0.900555479573,10.9604407263,0.602215230756
0.436492,-0.0357644562901,10.1131269228,1.17082704906,0.93591459631,10.9968465774,0.602215230756
0.438158,0.102669912711,10.2038886733,1.26158879953,0.93591459631,10.9968465774,0.602215230756
0.439824,-0.0357644562901,10.1131269228,1.17082704906,0.865196362836,10.9240348752,0.566856114019
0.44149,0.102669912711,10.2038886733,1.2162079243,0.900555479573,10.9240348752,0.602215230756
0.443156,-0.0357644562901,10.1131269228,1.17082704906,0.900555479573,10.9968465774,0.637574347493
0.444822,0.0103803333768,10.1131269228,1.17082704906,0.865196362836,11.0332524286,0.67293346423
0.446488,-0.0357644562901,10.1131269228,1.17082704906,0.93591459631,10.9240348752,0.602215230756
0.448154,0.0565251230437,10.2038886733,1.26158879953,0.865196362836,10.887629024,0.531496997282
0.44982,-0.0357644562901,10.1131269228,1.17082704906,0.900555479573,10.9240348752,0.602215230756
0.451486,-0.0357644562901,10.1131269228,1.12544617383,0.900555479573,10.9604407263,0.602215230756
0.453152,-0.0357644562901,10.1131269228,1.17082704906,0.794478129363,10.887629024,0.602215230756
0.454818,-0.0357644562901,10.1131269228,1.12544617383,0.900555479573,10.9604407263,0.602215230756
0.456484,-0.0357644562901,10.1131269228,1.12544617383,0.865196362836,10.9604407263,0.566856114019
0.45815,-0.0357644562901,10.1131269228,1.17082704906,0.93591459631,10.9968465774,0.602215230756
0.459816,-0.0357644562901,10.1131269228,1.17082704906,0.900555479573,10.9968465774,0.602215230756
0.461482,-0.0357644562901,10.1131269228,1.12544617383,0.865196362836,10.9240348752,0.566856114019
0.463148,-0.0819092459569,10.1131269228,1.12544617383,0.865196362836,10.9240348752,0.566856114019
0.464814,0.0103803333768,10.1131269228,1.17082704906,0.93591459631,10.9604407263,0.602215230756
0.46648,-0.0357644562901,10.158507798,1.17082704906,0.829837246099,10.887629024,0.637574347493
0.468146,-0.0357644562901,10.1131269228,1.17082704906,0.900555479573,10.9604407263,0.602215230756
0.469812,-0.0357644562901,10.1131269228,1.17082704906,0.900555479573,10.9604407263,0.566856114019
0.471478,-0.0357644562901,10.1131269228,1.12544617383,0.971273713047,11.0332524286,0.637574347493
0.473144,-0.0357644562901,10.1131269228,1.17082704906,0.900555479573,10.9604407263,0.602215230756
0.47481,-0.0357644562901,10.1131269228,1.17082704906,0.829837246099,10.9240348752,0.566856114019
0.476476,-0.0357644562901,10.1131269228,1.17082704906,0.865196362836,10.9240348752,0.566856114019
0.478142,-0.0357644562901,10.1131269228,1.17082704906,0.93591459631,10.9604407263,0.602215230756
0.479808,-0.0357644562901,10.1131269228,1.17082704906,0.829837246099,10.887629024,0.566856114019
0.481474,-0.0357644562901,10.1131269228,1.17082704906,0.865196362836,10.9240348752,0.602215230756
0.48314,-0.0357644562901,10.1131269228,1.17082704906,0.900555479573,10.9604407263,0.602215230756
0.484806,-0.0357644562901,10.1131269228,1.12544617383,1.00663282978,10.9968465774,0.566856114019
0.486472,-0.0357644562901,10.1131269228,1.17082704906,0.900555479573,10.9240348752,0.602215230756
0.488138,-0.0357644562901,10.1131269228,1.17082704906,0.865196362836,10.887629024,0.496137880546
0.489804,-0.0357644562901,10.1131269228,1.17082704906,0.900555479573,10.9240348752,0.566856114019
0.49147,-0.0357644562901,10.1131269228,1.17082704906,0.93591459631,10.9604407263,0.602215230756
0.493136,-0.0819092459569,10.1131269228,1.17082704906,0.829837246099,10.9968465774,0.67293346423
0.494802,-0.0357644562901,10.1131269228,1.17082704906,0.900555479573,10.9240348752,0.602215230756
0.496468,0.0565251230437,10.2038886733,1.26158879953,0.865196362836,10.9240348752,0.531496997282
0.498134,-0.0357644562901,10.1131269228,1.12544617383,0.93591459631,10.9240348752,0.566856114019
0.4998,-0.0357644562901,10.1131269228,1.17082704906,0.93591459631,10.9968465774,0.602215230756
0.501466,-0.0357644562901,10.1131269228,1.17082704906,0.865196362836,10.887629024,0.531496997282
0.503132,-0.0357644562901,10.1131269228,1.17082704906,0.900555479573,10.9240348752,0.602215230756
0.504798,0.0565251230437,10.2038886733,1.26158879953,0.93591459631,10.9240348752,0.566856114019
0.506464,-0.0357644562901,10.1131269228,1.12544617383,0.93591459631,11.0696582797,0.637574347493
0.50813,-0.0357644562901,10.1131269228,1.17082704906,0.900555479573,10.9604407263,0.566856114019
0.509796,-0.0357644562901,10.1131269228,1.17082704906,0.865196362836,10.9240348752,0.566856114019
0.511462,-0.0357644562901,10.1131269228,1.17082704906,0.93591459631,10.9240348752,0.566856114019
0.513128,-0.0357644562901,10.1131269228,1.17082704906,0.900555479573,10.9604407263,0.602215230756
0.514794,-0.0357644562901,10.1131269228,1.2162079243,0.865196362836,10.887629024,0.531496997282
0.51646,-0.0819092459569,10.1131269228,1.17082704906,0.900555479573,10.9240348752,0.602215230756
0.518126,-0.0357644562901,10.1131269228,1.12544617383,0.900555479573,10.9240348752,0.602215230756
0.519792,-0.0357644562901,10.1131269228,1.17082704906,0.971273713047,11.0332524286,0.602215230756
0.521458,-0.0357644562901,10.1131269228,1.17082704906,0.900555479573,10.9604407263,0.602215230756
0.523124,0.0565251230437,10.2038886733,1.2162079243,0.865196362836,10.9240348752,0.496137880546
0.52479,0.0565251230437,10.2038886733,1.26158879953,0.900555479573,10.9240348752,0.566856114019
0.526456,-0.0357644562901,10.1131269228,1.17082704906,0.900555479573,10.9604407263,0.602215230756
0.528122,-0.0357644562901,10.1131269228,1.17082704906,0.829837246099,10.887629024,0.602215230756
0.529788,-0.0357644562901,10.1131269228,1.17082704906,0.900555479573,10.9240348752,0.566856114019
0.531454,-0.0357644562901,10.1131269228,1.12544617383,0.865196362836,10.9604407263,0.566856114019
0.53312,-0.0357644562901,10.1131269228,1.17082704906,0.93591459631,10.9240348752,0.602215230756
0.534786,-0.0357644562901,10.1131269228,1.17082704906,0.900555479573,10.9968465774,0.602215230756
0.536452,-0.0357644562901,10.1131269228,1.17082704906,0.865196362836,10.887629024,0.496137880546
0.538118,-0.0357644562901,10.1131269228,1.17082704906,0.865196362836,10.9240348752,0.566856114019
0.539784,-0.0357644562901,10.1131269228,1.12544617383,0.900555479573,10.9604407263,0.602215230756
0.54145,-0.0357644562901,10.1131269228,1.12544617383,0.865196362836,11.0332524286,0.708292580966
0.543116,-0.0357644562901,10.1131269228,1.17082704906,0.900555479573,10.9604407263,0.566856114019
0.544782,-0.0357644562901,10.1131269228,1.17082704906,0.865196362836,10.887629024,0.566856114019
0.546448,-0.0357644562901,10.1131269228,1.12544617383,0.865196362836,10.9240348752,0.566856114019
0.548114,0.102669912711,10.2038886733,1.26158879953,0.900555479573,10.9968465774,0.602215230756
0.54978,-0.0357644562901,10.0677460476,1.17082704906,0.829837246099,10.887629024,0.531496997282
0.551446,-0.0357644562901,10.1131269228,1.12544617383,0.865196362836,10.9240348752,0.602215230756
0.553112,-0.0357644562901,10.1131269228,1.12544617383,0.865196362836,10.9240348752,0.602215230756
0.554778,0.102669912711,10.2492695485,1.26158879953,0.971273713047,11.0696582797,0.637574347493
0.556444,-0.0357644562901,10.1131269228,1.12544617383,0.900555479573,10.9968465774,0.602215230756
0.55811,-0.0357644562901,10.1131269228,1.17082704906,0.900555479573,10.9240348752,0.566856114019
0.559776,-0.0357644562901,10.1131269228,1.17082704906,0.865196362836,10.9240348752,0.566856114019
0.561442,-0.0357644562901,10.1131269228,1.12544617383,0.900555479573,10.9968465774,0.602215230756
0.563108,-0.0357644562901,10.1131269228,1.17082704906,0.829837246099,10.887629024,0.496137880546
0.564774,-0.0357644562901,10.1131269228,1.17082704906,0.900555479573,10.9240348752,0.602215230756
0.56644,0.0565251230437,10.158507798,1.26158879953,0.900555479573,10.9240348752,0.602215230756
0.568106,-0.0357644562901,10.1131269228,1.12544617383,0.93591459631,10.9240348752,0.602215230756
0.569772,-0.0357644562901,10.1131269228,1.12544617383,0.93591459631,10.9968465774,0.602215230756
0.571438,0.0565251230437,10.2038886733,1.26158879953,0.829837246099,10.9240348752,0.531496997282
0.573104,-0.0357644562901,10.1131269228,1.12544617383,0.900555479573,10.9240348752,0.602215230756
0.57477,0.0103803333768,10.1131269228,1.17082704906,0.93591459631,10.9604407263,0.602215230756
0.576436,-0.0357644562901,10.1131269228,1.17082704906,0.93591459631,11.0696582797,0.67293346423
0.578102,0.0103803333768,10.158507798,1.2162079243,0.900555479573,10.9604407263,0.602215230756
0.579768,-0.0357644562901,10.1131269228,1.17082704906,0.865196362836,10.887629024,0.566856114019
0.581434,-0.0357644562901,10.1131269228,1.17082704906,0.865196362836,10.887629024,0.566856114019
0.5831,0.0103803333768,10.1131269228,1.17082704906,0.93591459631,10.9968465774,0.602215230756
0.584766,-0.0357644562901,10.1131269228,1.12544617383,0.829837246099,10.887629024,0.637574347493
0.586432,-0.0357644562901,10.1131269228,1.17082704906,0.93591459631,10.9968465774,0.602215230756
0.588098,-0.0357644562901,10.1131269228,1.17082704906,0.900555479573,10.9968465774,0.602215230756
0.589764,-0.0357644562901,10.1131269228,1.17082704906,0.971273713047,10.9968465774,0.602215230756
0.59143,-0.0357644562901,10.1131269228,1.17082704906,0.900555479573,10.9604407263,0.602215230756
0.593096,-0.0357644562901,10.1131269228,1.17082704906,0.865196362836,10.9604407263,0.566856114019
0.594762,-0.0357644562901,10.1131269228,1.17082704906,0.900555479573,10.9240348752,0.602215230756
0.596428,-0.0357644562901,10.1131269228,1.17082704906,0.900555479573,10.9604407263,0.602215230756
0.598094,0.0103803333768,10.158507798,1.17082704906,0.794478129363,10.887629024,0.602215230756
0.59976,-0.0357644562901,10.1131269228,1.17082704906,0.900555479573,10.9240348752,0.637574347493
0.601426,-0.0357644562901,10.1131269228,1.17082704906,0.93591459631,10.9968465774,0.602215230756
0.603092,-0.0357644562901,10.1131269228,1.17082704906,0.971273713047,10.9604407263,0.602215230756
0.604758,-0.0357644562901,10.1131269228,1.12544617383,0.93591459631,10.9968465774,0.637574347493
0.606424,-0.0357644562901,10.1131269228,1.17082704906,0.865196362836,10.9240348752,0.566856114019
0.60809,-0.0357644562901,10.1131269228,1.17082704906,0.900555479573,10.9240348752,0.602215230756
0.609756,-0.0357644562901,10.1131269228,1.17082704906,0.900555479573,10.9604407263,0.602215230756
0.611422,-0.0357644562901,10.1131269228,1.17082704906,0.829837246099,11.0332524286,0.67293346423
0.613088,-0.0357644562901,10.1131269228,1.17082704906,0.900555479573,10.9968465774,0.602215230756
0.614754,-0.0357644562901,10.1131269228,1.12544617383,0.865196362836,10.9240348752,0.566856114019
0.61642,-0.0357644562901,10.1131269228,1.17082704906,0.865196362836,10.9240348752,0.602215230756
0.618086,0.0565251230437,10.158507798,1.2162079243,0.900555479573,10.9604407263,0.602215230756
0.619752,0.102669912711,10.2038886733,1.26158879953,0.865196362836,11.0696582797,0.708292580966
0.621418,0.0103803333768,10.1131269228,1.12544617383,0.900555479573,10.9968465774,0.637574347493
0.623084,0.0103803333768,10.1131269228,1.17082704906,0.900555479573,10.9240348752,0.566856114019
0.62475,-0.0357644562901,10.1131269228,1.17082704906,0.93591459631,10.9240348752,0.602215230756
0.626416,0.0103803333768,10.158507798,1.17082704906,0.93591459631,10.9968465774,0.602215230756
0.628082,-0.0357644562901,10.1131269228,1.17082704906,0.865196362836,10.9240348752,0.531496997282
0.629748,-0.0357644562901,10.1131269228,1.17082704906,0.900555479573,10.9240348752,0.602215230756
0.631414,-0.0357644562901,10.1131269228,1.12544617383,0.900555479573,10.9968465774,0.602215230756
0.63308,-0.0357644562901,10.1131269228,1.17082704906,0.865196362836,11.0332524286,0.67293346423
0.634746,-0.0357644562901,10.1131269228,1.17082704906,0.900555479573,10.9968465774,0.602215230756
0.636412,-0.0357644562901,10.1131269228,1.12544617383,0.900555479573,10.9240348752,0.566856114019
0.638078,-0.0357644562901,10.1131269228,1.17082704906,0.900555479573,10.9240348752,0.602215230756
0.639744,0.0565251230437,10.2038886733,1.26158879953,0.900555479573,10.9968465774,0.602215230756
0.64141,0.0103803333768,10.158507798,1.17082704906,0.794478129363,10.887629024,0.531496997282
0.643076,-0.0357644562901,10.0677460476,1.12544617383,0.900555479573,10.9604407263,0.602215230756
0.644742,-0.0357644562901,10.1131269228,1.12544617383,0.865196362836,10.9604407263,0.566856114019
0.646408,-0.0357644562901,10.1131269228,1.17082704906,0.93591459631,10.9968465774,0.602215230756
0.648074,-0.0357644562901,10.1131269228,1.17082704906,0.900555479573,10.9604407263,0.602215230756
0.64974,-0.0357644562901,10.1131269228,1.17082704906,0.900555479573,10.887629024,0.566856114019
0.651406,-0.0357644562901,10.1131269228,1.17082704906,0.865196362836,10.9240348752,0.566856114019
0.653072,-0.0357644562901,10.1131269228,1.17082704906,0.900555479573,10.9604407263,0.602215230756
0.654738,-0.0357644562901,10.1131269228,1.17082704906,0.829837246099,10.887629024,0.531496997282
0.656404,-0.0357644562901,10.1131269228,1.12544617383,0.865196362836,10.9604407263,0.602215230756
0.65807,-0.0357644562901,10.1131269228,1.17082704906,0.865196362836,10.9240348752,0.566856114019
0.659736,-0.0357644562901,10.1131269228,1.12544617383,0.93591459631,10.9968465774,0.602215230756
0.661402,-0.0819092459569,10.0677460476,1.12544617383,0.900555479573,10.9604407263,0.566856114019
0.663068,-0.0357644562901,10.1131269228,1.17082704906,0.865196362836,10.887629024,0.531496997282
0.664734,-0.0357644562901,10.1131269228,1.17082704906,0.900555479573,10.9240348752,0.566856114019
0.6664,-0.0357644562901,10.1131269228,1.17082704906,0.93591459631,10.9604407263,0.602215230756
0.668066,-0.0819092459569,10.1131269228,1.12544617383,1.00663282978,10.9968465774,0.602215230756
0.669732,-0.0357644562901,10.1131269228,1.12544617383,0.900555479573,10.9968465774,0.602215230756
0.671398,-0.0357644562901,10.1131269228,1.12544617383,0.865196362836,10.9240348752,0.566856114019
0.673064,-0.0357644562901,10.1131269228,1.17082704906,0.865196362836,10.9604407263,0.566856114019
0.67473,-0.0357644562901,10.1131269228,1.12544617383,0.900555479573,10.9968465774,0.602215230756
0.676396,-0.0357644562901,10.1131269228,1.17082704906,0.865196362836,10.887629024,0.496137880546
0.678062,-0.0357644562901,10.1131269228,1.17082704906,0.900555479573,10.9240348752,0.602215230756
0.679728,-0.0819092459569,10.1131269228,1.12544617383,0.900555479573,10.9604407263,0.602215230756
0.681394,-0.0357644562901,10.1131269228,1.17082704906,0.971273713047,11.0332524286,0.602215230756
0.68306,-0.0357644562901,10.1131269228,1.12544617383,0.93591459631,10.9604407263,0.602215230756
0.684726,-0.0819092459569,10.1131269228,1.17082704906,0.865196362836,10.9240348752,0.496137880546
0.686392,-0.0357644562901,10.1131269228,1.2162079243,0.865196362836,10.887629024,0.566856114019
0.688058,0.0565251230437,10.2038886733,1.26158879953,0.93591459631,10.9604407263,0.602215230756
0.689724,0.0565251230437,10.2038886733,1.26158879953,0.794478129363,10.887629024,0.602215230756
0.69139,-0.0357644562901,10.158507798,1.2162079243,0.900555479573,10.9240348752,0.602215230756
0.693056,0.0103803333768,10.158507798,1.2162079243,0.900555479573,10.9240348752,0.566856114019
0.694722,-0.0819092459569,10.0677460476,1.12544617383,0.93591459631,10.9240348752,0.566856114019
0.696388,-0.0357644562901,10.1131269228,1.17082704906,0.93591459631,10.9968465774,0.602215230756
0.698054,-0.0357644562901,10.1131269228,1.17082704906,0.865196362836,10.9240348752,0.496137880546
0.69972,-0.0357644562901,10.1131269228,1.17082704906,0.900555479573,10.9240348752,0.566856114019
0.701386,-0.0357644562901,10.1131269228,1.17082704906,0.93591459631,10.9604407263,0.602215230756
0.703052,0.0103803333768,10.158507798,1.2162079243,0.865196362836,10.887629024,0.637574347493
0.704718,-0.0819092459569,10.1131269228,1.12544617383,0.900555479573,10.9240348752,0.602215230756
0.706384,-0.0357644562901,10.1131269228,1.17082704906,0.93591459631,10.9240348752,0.531496997282
0.70805,-0.0357644562901,10.158507798,1.2162079243,0.971273713047,10.9240348752,0.566856114019
0.709716,-0.0819092459569,10.1131269228,1.12544617383,0.93591459631,10.9968465774,0.602215230756
0.711382,-0.0357644562901,10.1131269228,1.17082704906,0.865196362836,10.887629024,0.496137880546
0.713048,-0.0357644562901,10.1131269228,1.12544617383,0.900555479573,10.9240348752,0.566856114019
0.714714,-0.0357644562901,10.1131269228,1.12544617383,0.93591459631,10.9968465774,0.566856114019
0.71638,-0.0357644562901,10.158507798,1.17082704906,0.829837246099,10.8512231729,0.602215230756
0.718046,-0.0357644562901,10.1131269228,1.17082704906,0.900555479573,10.9604407263,0.602215230756
0.719712,-0.0819092459569,10.1131269228,1.12544617383,0.865196362836,10.9240348752,0.531496997282
0.721378,-0.0357644562901,10.1131269228,1.12544617383,0.93591459631,10.9240348752,0.566856114019
0.723044,-0.0357644562901,10.1131269228,1.17082704906,0.93591459631,10.9604407263,0.602215230756
0.72471,-0.0357644562901,10.1131269228,1.17082704906,0.865196362836,10.887629024,0.496137880546
0.726376,-0.0357644562901,10.1131269228,1.17082704906,0.900555479573,10.9240348752,0.566856114019
0.728042,0.0103803333768,10.1131269228,1.2162079243,0.900555479573,10.9604407263,0.602215230756
0.729708,0.0103803333768,10.158507798,1.17082704906,0.794478129363,10.9604407263,0.637574347493
0.731374,0.0103803333768,10.158507798,1.17082704906,0.93591459631,10.9604407263,0.602215230756
0.73304,-0.0357644562901,10.1131269228,1.17082704906,0.865196362836,10.9240348752,0.566856114019
0.734706,0.102669912711,10.2492695485,1.26158879953,0.900555479573,10.887629024,0.566856114019
0.736372,-0.0357644562901,10.1131269228,1.17082704906,0.93591459631,10.9968465774,0.602215230756
0.738038,0.0103803333768,10.158507798,1.2162079243,0.829837246099,10.887629024,0.496137880546
0.739704,-0.0357644562901,10.1131269228,1.17082704906,0.900555479573,10.9240348752,0.602215230756
0.74137,-0.0357644562901,10.1131269228,1.17082704906,0.900555479573,10.9604407263,0.602215230756
0.743036,-0.0819092459569,10.1131269228,1.17082704906,1.00663282978,11.0332524286,0.602215230756
0.744702,-0.0357644562901,10.1131269228,1.17082704906,0.900555479573,10.9604407263,0.602215230756
0.746368,-0.0357644562901,10.1131269228,1.17082704906,0.865196362836,10.9240348752,0.531496997282
0.748034,-0.0357644562901,10.1131269228,1.17082704906,0.900555479573,10.9240348752,0.566856114019
0.7497,0.0565251230437,10.2038886733,1.2162079243,0.93591459631,10.9604407263,0.602215230756
0.751366,-0.0357644562901,10.1131269228,1.17082704906,0.971273713047,11.0696582797,0.637574347493
0.753032,-0.0357644562901,10.1131269228,1.17082704906,0.900555479573,10.9240348752,0.602215230756
0.754698,-0.0357644562901,10.1131269228,1.12544617383,0.865196362836,10.9240348752,0.566856114019
0.756364,-0.0357644562901,10.158507798,1.17082704906,0.900555479573,10.9240348752,0.566856114019
0.75803,-0.0357644562901,10.1131269228,1.12544617383,0.93591459631,10.9968465774,0.602215230756
0.759696,-0.0357644562901,10.1131269228,1.12544617383,0.865196362836,10.887629024,0.496137880546
0.761362,-0.0357644562901,10.1131269228,1.12544617383,0.900555479573,10.9240348752,0.602215230756
0.763028,-0.0357644562901,10.1131269228,1.17082704906,0.900555479573,10.9604407263,0.602215230756
0.764694,-0.0357644562901,10.1131269228,1.17082704906,1.00663282978,11.0332524286,0.602215230756
0.76636,0.0565251230437,10.2038886733,1.26158879953,0.900555479573,10.9604407263,0.602215230756
0.768026,-0.0357644562901,10.1131269228,1.17082704906,0.865196362836,10.9604407263,0.566856114019
0.769692,-0.0357644562901,10.1131269228,1.12544617383,0.900555479573,10.9604407263,0.602215230756
0.771358,-0.0357644562901,10.1131269228,1.17082704906,0.93591459631,10.9968465774,0.602215230756
0.773024,0.0103803333768,10.1131269228,1.17082704906,0.865196362836,10.9240348752,0.496137880546
0.77469,-0.0357644562901,10.1131269228,1.17082704906,0.900555479573,10.9240348752,0.566856114019
0.776356,-0.0357644562901,10.1131269228,1.17082704906,0.93591459631,10.9968465774,0.566856114019
0.778022,-0.0357644562901,10.1131269228,1.17082704906,0.971273713047,11.0696582797,0.67293346423
0.779688,0.0103803333768,10.1131269228,1.17082704906,0.900555479573,10.9968465774,0.602215230756
0.781354,-0.0357644562901,10.1131269228,1.12544617383,0.900555479573,10.9240348752,0.566856114019
0.78302,-0.0357644562901,10.1131269228,1.17082704906,0.93591459631,10.9240348752,0.566856114019
0.784686,0.0565251230437,10.158507798,1.2162079243,0.900555479573,10.9604407263,0.602215230756
0.786352,-0.0357644562901,10.1131269228,1.17082704906,0.865196362836,10.887629024,0.496137880546
0.788018,-0.0357644562901,10.1131269228,1.17082704906,0.865196362836,10.9604407263,0.602215230756
0.789684,-0.0357644562901,10.1131269228,1.17082704906,0.900555479573,10.9968465774,0.602215230756
0.79135,-0.0357644562901,10.1131269228,1.17082704906,0.93591459631,10.9240348752,0.602215230756
0.793016,0.0103803333768,10.1131269228,1.17082704906,0.865196362836,10.9968465774,0.602215230756
0.794682,0.0103803333768,10.1131269228,1.17082704906,0.865196362836,10.887629024,0.496137880546
0.796348,0.0565251230437,10.2038886733,1.2162079243,0.900555479573,10.9604407263,0.602215230756
0.798014,0.0103803333768,10.1131269228,1.17082704906,0.900555479573,10.9968465774,0.566856114019
0.79968,-0.0357644562901,10.1131269228,1.12544617383,0.971273713047,11.0696582797,0.67293346423
0.801346,-0.0357644562901,10.1131269228,1.12544617383,0.900555479573,10.9604407263,0.637574347493
0.803012,0.0103803333768,10.1131269228,1.17082704906,0.865196362836,10.9240348752,0.566856114019
0.804678,0.0103803333768,10.1131269228,1.12544617383,0.900555479573,10.9240348752,0.602215230756
0.806344,0.0103803333768,10.1131269228,1.17082704906,0.93591459631,10.9604407263,0.602215230756
0.80801,0.0103803333768,10.1131269228,1.17082704906,0.865196362836,10.887629024,0.496137880546
0.809676,0.0103803333768,10.1131269228,1.17082704906,0.900555479573,10.9604407263,0.602215230756
0.811342,-0.0357644562901,10.1131269228,1.17082704906,0.900555479573,10.9604407263,0.602215230756
0.813008,-0.0357644562901,10.1131269228,1.17082704906,0.971273713047,10.9968465774,0.602215230756
0.814674,0.102669912711,10.2038886733,1.26158879953,0.900555479573,10.9968465774,0.602215230756
0.81634,-0.0357644562901,10.1131269228,1.12544617383,0.900555479573,10.887629024,0.566856114019
0.818006,-0.0357644562901,10.1131269228,1.17082704906,0.865196362836,10.9240348752,0.566856114019
0.819672,-0.0357644562901,10.1131269228,1.17082704906,0.93591459631,10.9604407263,0.602215230756
0.821338,0.0565251230437,10.158507798,1.17082704906,0.829837246099,10.9968465774,0.743651697703
0.823004,0.0565251230437,10.158507798,1.26158879953,0.93591459631,10.9240348752,0.602215230756
0.82467,-0.0357644562901,10.1131269228,1.12544617383,0.900555479573,10.9240348752,0.566856114019
0.826336,-0.0357644562901,10.1131269228,1.17082704906,0.900555479573,10.9240348752,0.602215230756
0.828002,-0.0357644562901,10.1131269228,1.17082704906,0.93591459631,10.9604407263,0.602215230756
0.829668,-0.0357644562901,10.1131269228,1.17082704906,0.829837246099,10.887629024,0.531496997282
0.831334,-0.0357644562901,10.1131269228,1.17082704906,0.865196362836,10.9604407263,0.602215230756
0.833,-0.0357644562901,10.1131269228,1.12544617383,0.900555479573,10.9240348752,0.602215230756
0.834666,-0.0357644562901,10.1131269228,1.12544617383,0.971273713047,11.0332524286,0.602215230756
0.836332,-0.0357644562901,10.1131269228,1.17082704906,0.93591459631,10.9968465774,0.602215230756
0.837998,-0.0357644562901,10.1131269228,1.12544617383,0.865196362836,10.887629024,0.566856114019
0.839664,-0.0357644562901,10.1131269228,1.17082704906,0.865196362836,10.9240348752,0.602215230756
0.84133,0.0565251230437,10.2038886733,1.2162079243,0.900555479573,10.9604407263,0.602215230756
0.842996,-0.0357644562901,10.1131269228,1.12544617383,0.829837246099,10.8512231729,0.602215230756
0.844662,-0.0357644562901,10.0677460476,1.12544617383,0.900555479573,10.9240348752,0.637574347493
0.846328,-0.0357644562901,10.1131269228,1.17082704906,0.900555479573,10.9240348752,0.637574347493
0.847994,0.102669912711,10.2038886733,1.26158879953,0.93591459631,10.9240348752,0.602215230756
0.84966,0.0565251230437,10.158507798,1.2162079243,0.93591459631,10.9240348752,0.602215230756
0.851326,0.0565251230437,10.158507798,1.26158879953,0.829837246099,10.887629024,0.531496997282
0.852992,0.102669912711,10.2038886733,1.2162079243,0.865196362836,10.9240348752,0.602215230756
0.854658,0.0103803333768,10.158507798,1.17082704906,0.865196362836,10.9604407263,0.637574347493
0.856324,0.0103803333768,10.1131269228,1.17082704906,0.971273713047,10.9968465774,0.637574347493
0.85799,-0.0357644562901,10.1131269228,1.12544617383,0.900555479573,10.9604407263,0.602215230756
0.859656,-0.0357644562901,10.1131269228,1.12544617383,0.865196362836,10.887629024,0.566856114019
0.861322,-0.0357644562901,10.1131269228,1.17082704906,0.865196362836,10.887629024,0.566856114019
0.862988,-0.0357644562901,10.0677460476,1.12544617383,0.900555479573,10.9604407263,0.602215230756
0.864654,0.0565251230437,10.2038886733,1.26158879953,0.794478129363,10.887629024,0.637574347493
0.86632,-0.0357644562901,10.1131269228,1.17082704906,0.900555479573,10.9240348752,0.602215230756
0.867986,-0.0357644562901,10.1131269228,1.17082704906,0.900555479573,10.9604407263,0.602215230756
0.869652,-0.0357644562901,10.1131269228,1.12544617383,1.00663282978,11.0332524286,0.637574347493
0.871318,-0.0357644562901,10.1131269228,1.12544617383,0.865196362836,10.9604407263,0.602215230756
0.872984,-0.0357644562901,10.1131269228,1.17082704906,0.865196362836,10.887629024,0.496137880546
0.87465,-0.0357644562901,10.1131269228,1.17082704906,0.900555479573,10.9240348752,0.602215230756
0.876316,-0.0357644562901,10.1131269228,1.17082704906,0.900555479573,10.9240348752,0.602215230756
0.877982,-0.0357644562901,10.1131269228,1.17082704906,0.829837246099,10.9604407263,0.67293346423
0.879648,0.0565251230437,10.2038886733,1.26158879953,0.900555479573,10.9604407263,0.602215230756
0.881314,-0.0357644562901,10.1131269228,1.17082704906,0.900555479573,10.9240348752,0.602215230756
0.88298,-0.0357644562901,10.0677460476,1.12544617383,0.93591459631,10.9604407263,0.602215230756
0.884646,-0.0357644562901,10.1131269228,1.17082704906,0.900555479573,10.9604407263,0.566856114019
0.886312,-0.0357644562901,10.1131269228,1.17082704906,0.865196362836,10.887629024,0.566856114019
0.887978,-0.0819092459569,10.1131269228,1.12544617383,0.865196362836,10.9240348752,0.566856114019
0.889644,-0.0357644562901,10.1131269228,1.17082704906,0.900555479573,10.9240348752,0.602215230756
0.89131,0.0565251230437,10.2038886733,1.2162079243,0.794478129363,10.887629024,0.67293346423
0.892976,0.0103803333768,10.158507798,1.17082704906,0.900555479573,10.9604407263,0.602215230756
0.894642,-0.0357644562901,10.1131269228,1.17082704906,0.93591459631,10.9240348752,0.566856114019
0.896308,0.0565251230437,10.2038886733,1.26158879953,0.900555479573,10.9240348752,0.602215230756
0.897974,0.0565251230437,10.2038886733,1.2162079243,0.900555479573,10.9604407263,0.602215230756
0.89964,0.0565251230437,10.2038886733,1.26158879953,0.865196362836,10.887629024,0.531496997282
0.901306,-0.0357644562901,10.1131269228,1.12544617383,0.865196362836,10.887629024,0.566856114019
0.902972,-0.0357644562901,10.1131269228,1.17082704906,0.900555479573,10.9240348752,0.602215230756
0.904638,-0.0357644562901,10.1131269228,1.17082704906,0.93591459631,11.0696582797,0.637574347493
0.906304,-0.0357644562901,10.1131269228,1.17082704906,0.900555479573,10.9240348752,0.602215230756
0.90797,0.0103803333768,10.158507798,1.2162079243,0.900555479573,10.9240348752,0.566856114019
0.909636,-0.0357644562901,10.0677460476,1.12544617383,0.865196362836,10.9240348752,0.566856114019
0.911302,-0.0357644562901,10.1131269228,1.17082704906,0.900555479573,10.9604407263,0.602215230756
0.912968,-0.0357644562901,10.1131269228,1.17082704906,0.794478129363,10.887629024,0.67293346423
0.914634,0.0103803333768,10.158507798,1.2162079243,0.900555479573,10.9604407263,0.602215230756
0.9163,-0.0357644562901,10.1131269228,1.17082704906,0.900555479573,10.9240348752,0.566856114019
0.917966,-0.0357644562901,10.1131269228,1.12544617383,0.93591459631,10.9240348752,0.566856114019
0.919632,-0.0357644562901,10.1131269228,1.17082704906,0.900555479573,10.9604407263,0.602215230756
0.921298,-0.0357644562901,10.1131269228,1.17082704906,0.794478129363,10.887629024,0.496137880546
0.922964,-0.0357644562901,10.1131269228,1.2162079243,0.900555479573,10.9240348752,0.566856114019
0.92463,-0.0357644562901,10.1131269228,1.17082704906,0.900555479573,10.9604407263,0.602215230756
0.926296,-0.0357644562901,10.1131269228,1.17082704906,1.00663282978,10.9968465774,0.602215230756
0.927962,-0.0357644562901,10.1131269228,1.17082704906,0.93591459631,10.9604407263,0.602215230756
0.929628,-0.0357644562901,10.1131269228,1.17082704906,0.865196362836,10.887629024,0.496137880546
0.931294,-0.0357644562901,10.1131269228,1.17082704906,0.865196362836,10.9240348752,0.602215230756
0.93296,0.0565251230437,10.2038886733,1.2162079243,0.93591459631,10.9968465774,0.602215230756
0.934626,-0.0357644562901,10.1131269228,1.17082704906,0.794478129363,10.9968465774,0.67293346423
0.936292,-0.0357644562901,10.1131269228,1.17082704906,0.900555479573,10.9604407263,0.602215230756
0.937958,-0.0357644562901,10.1131269228,1.17082704906,0.865196362836,10.9240348752,0.566856114019
0.939624,-0.0357644562901,10.1131269228,1.17082704906,0.865196362836,10.9240348752,0.602215230756
0.94129,-0.0357644562901,10.1131269228,1.17082704906,0.900555479573,10.9604407263,0.602215230756
0.942956,-0.0357644562901,10.1131269228,1.17082704906,0.865196362836,10.9968465774,0.67293346423
0.944622,-0.0357644562901,10.1131269228,1.17082704906,0.93591459631,10.9604407263,0.602215230756
0.946288,-0.0357644562901,10.1131269228,1.17082704906,0.865196362836,10.9240348752,0.566856114019
0.947954,0.0103803333768,10.158507798,1.17082704906,0.93591459631,10.9604407263,0.602215230756
0.94962,-0.0357644562901,10.1131269228,1.17082704906,0.93591459631,10.9604407263,0.602215230756
0.951286,-0.0357644562901,10.1131269228,1.12544617383,0.865196362836,10.887629024,0.496137880546
0.952952,0.0565251230437,10.2038886733,1.2162079243,0.900555479573,10.9240348752,0.566856114019
0.954618,-0.0357644562901,10.1131269228,1.17082704906,0.865196362836,10.9968465774,0.602215230756
0.956284,-0.0357644562901,10.1131269228,1.12544617383,0.865196362836,11.0696582797,0.708292580966
0.95795,-0.0357644562901,10.1131269228,1.17082704906,0.900555479573,10.9604407263,0.602215230756
0.959616,-0.0357644562901,10.1131269228,1.17082704906,0.900555479573,10.9604407263,0.566856114019
0.961282,0.102669912711,10.2492695485,1.26158879953,0.93591459631,10.9240348752,0.566856114019
0.962948,-0.0357644562901,10.1131269228,1.17082704906,0.93591459631,10.9604407263,0.602215230756
0.964614,-0.0357644562901,10.1131269228,1.17082704906,0.865196362836,10.887629024,0.566856114019
0.96628,0.0103803333768,10.158507798,1.17082704906,0.900555479573,10.9240348752,0.602215230756
0.967946,-0.0357644562901,10.1131269228,1.17082704906,0.93591459631,10.9604407263,0.566856114019
0.969612,-0.0357644562901,10.1131269228,1.17082704906,1.04199194652,10.9968465774,0.602215230756
0.971278,-0.0357644562901,10.1131269228,1.17082704906,0.900555479573,10.9968465774,0.602215230756
0.972944,-0.0357644562901,10.0677460476,1.17082704906,0.900555479573,10.9240348752,0.566856114019
0.97461,-0.0357644562901,10.1131269228,1.17082704906,0.900555479573,10.9240348752,0.602215230756
0.976276,-0.0357644562901,10.1131269228,1.17082704906,0.900555479573,10.9968465774,0.602215230756
0.977942,0.0103803333768,10.158507798,1.17082704906,0.865196362836,10.887629024,0.531496997282
0.979608,-0.0357644562901,10.1131269228,1.17082704906,0.900555479573,10.9604407263,0.602215230756
0.981274,-0.0357644562901,10.1131269228,1.17082704906,0.900555479573,10.9968465774,0.602215230756
0.98294,0.102669912711,10.2492695485,1.26158879953,0.829837246099,11.0332524286,0.708292580966
0.984606,-0.0357644562901,10.1131269228,1.17082704906,0.900555479573,10.9604407263,0.602215230756
0.986272,0.0565251230437,10.158507798,1.17082704906,0.900555479573,10.9604407263,0.566856114019
0.987938,-0.0357644562901,10.1131269228,1.17082704906,0.93591459631,10.9240348752,0.602215230756
0.989604,0.0103803333768,10.1131269228,1.17082704906,0.900555479573,10.9604407263,0.602215230756
0.99127,-0.0357644562901,10.1131269228,1.17082704906,0.865196362836,10.887629024,0.566856114019
0.992936,0.0565251230437,10.2038886733,1.26158879953,0.865196362836,10.9240348752,0.602215230756
0.994602,-0.0357644562901,10.1131269228,1.12544617383,0.900555479573,10.9604407263,0.602215230756
0.996268,-0.0357644562901,10.1131269228,1.17082704906,0.93591459631,11.0696582797,0.67293346423
0.997934,-0.0357644562901,10.1131269228,1.17082704906,0.900555479573,10.9604407263,0.637574347493
0.9996,0.0103803333768,10.1131269228,1.17082704906,0.900555479573,10.9240348752,0.566856114019
1.001266,-0.0357644562901,10.1131269228,1.17082704906,0.900555479573,10.9240348752,0.602215230756
1.002932,0.0565251230437,10.158507798,1.2162079243,0.900555479573,10.9604407263,0.602215230756
1.004598,0.0103803333768,10.1131269228,1.17082704906,0.865196362836,10.8512231729,0.67293346423
1.006264,-0.0357644562901,10.0677460476,1.17082704906,0.900555479573,10.9968465774,0.602215230756
1.00793,-0.0357644562901,10.1131269228,1.12544617383,0.900555479573,10.9604407263,0.602215230756
1.009596,-0.0357644562901,10.1131269228,1.17082704906,0.93591459631,10.9240348752,0.602215230756
1.011262,-0.0357644562901,10.0677460476,1.17082704906,0.900555479573,10.9968465774,0.602215230756
1.012928,-0.0357644562901,10.0677460476,1.12544617383,0.900555479573,10.887629024,0.531496997282
1.014594,-0.0357644562901,10.1131269228,1.12544617383,0.900555479573,10.9240348752,0.602215230756
1.01626,-0.0357644562901,10.1131269228,1.17082704906,0.93591459631,10.9604407263,0.602215230756
1.017926,0.0103803333768,10.1131269228,1.2162079243,0.829837246099,10.887629024,0.67293346423
1.019592,0.0103803333768,10.1131269228,1.17082704906,0.865196362836,10.9604407263,0.602215230756
1.021258,0.0565251230437,10.158507798,1.2162079243,0.900555479573,10.9240348752,0.602215230756
1.022924,-0.0357644562901,10.1131269228,1.17082704906,0.971273713047,10.9968465774,0.602215230756
1.02459,0.0103803333768,10.1131269228,1.17082704906,0.900555479573,10.9968465774,0.602215230756
1.026256,-0.0357644562901,10.1131269228,1.17082704906,0.900555479573,10.9240348752,0.566856114019
1.027922,0.0565251230437,10.158507798,1.2162079243,0.900555479573,10.9604407263,0.602215230756
1.029588,-0.0357644562901,10.1131269228,1.17082704906,0.93591459631,10.9968465774,0.602215230756
1.031254,-0.0357644562901,10.1131269228,1.17082704906,0.93591459631,11.0696582797,0.67293346423
1.03292,-0.0357644562901,10.0677460476,1.12544617383,0.900555479573,10.9240348752,0.602215230756
1.034586,0.0103803333768,10.1131269228,1.17082704906,0.865196362836,10.9240348752,0.531496997282
1.036252,-0.0357644562901,10.1131269228,1.12544617383,0.900555479573,10.9604407263,0.602215230756
1.037918,0.0103803333768,10.1131269228,1.17082704906,0.93591459631,10.9604407263,0.602215230756
1.039584,-0.0357644562901,10.1131269228,1.17082704906,0.829837246099,10.887629024,0.67293346423
1.04125,-0.0357644562901,10.0677460476,1.12544617383,0.900555479573,10.9604407263,0.602215230756
1.042916,-0.0357644562901,10.1131269228,1.12544617383,0.900555479573,10.9240348752,0.602215230756
1.044582,-0.0357644562901,10.0677460476,1.17082704906,0.865196362836,10.9240348752,0.602215230756
1.046248,0.0103803333768,10.1131269228,1.17082704906,0.900555479573,10.9968465774,0.602215230756
1.047914,-0.0357644562901,10.1131269228,1.17082704906,0.829837246099,10.887629024,0.531496997282
1.04958,-0.0357644562901,10.0677460476,1.17082704906,0.93591459631,10.9604407263,0.602215230756
1.051246,-0.0357644562901,10.1131269228,1.17082704906,0.900555479573,10.9240348752,0.602215230756
1.052912,-0.0357644562901,10.1131269228,1.17082704906,0.93591459631,10.9604407263,0.602215230756
1.054578,-0.0357644562901,10.1131269228,1.17082704906,0.900555479573,10.9240348752,0.637574347493
1.056244,-0.0357644562901,10.1131269228,1.17082704906,0.829837246099,10.9240348752,0.531496997282
1.05791,-0.0357644562901,10.1131269228,1.12544617383,0.865196362836,10.9240348752,0.566856114019
1.059576,-0.0357644562901,10.1131269228,1.17082704906,0.93591459631,10.9604407263,0.602215230756
1.061242,0.0565251230437,10.2038886733,1.2162079243,0.794478129363,10.9968465774,0.67293346423
1.062908,-0.0357644562901,10.1131269228,1.12544617383,0.93591459631,10.9604407263,0.602215230756
1.064574,-0.0357644562901,10.1131269228,1.12544617383,0.93591459631,10.9604407263,0.566856114019
1.06624,-0.0357644562901,10.1131269228,1.12544617383,0.93591459631,10.9240348752,0.602215230756
1.067906,-0.0357644562901,10.1131269228,1.12544617383,0.93591459631,10.9240348752,0.602215230756
1.069572,-0.0357644562901,10.1131269228,1.12544617383,0.865196362836,10.9240348752,0.531496997282
1.071238,-0.0819092459569,10.1131269228,1.12544617383,0.865196362836,10.887629024,0.566856114019
1.072904,-0.0819092459569,10.1131269228,1.12544617383,0.900555479573,10.9604407263,0.602215230756
1.07457,-0.0357644562901,10.1131269228,1.12544617383,0.829837246099,10.9968465774,0.67293346423
1.076236,-0.0357644562901,10.1131269228,1.12544617383,0.900555479573,10.9604407263,0.602215230756
1.077902,-0.0357644562901,10.1131269228,1.12544617383,0.900555479573,10.9240348752,0.566856114019
1.079568,-0.0357644562901,10.1131269228,1.17082704906,0.900555479573,10.9240348752,0.566856114019
1.081234,-0.0819092459569,10.1131269228,1.12544617383,0.900555479573,10.9240348752,0.602215230756
1.0829,-0.0357644562901,10.1131269228,1.17082704906,0.829837246099,10.887629024,0.531496997282
1.084566,-0.0357644562901,10.1131269228,1.17082704906,0.900555479573,10.9240348752,0.566856114019
1.086232,-0.0357644562901,10.1131269228,1.17082704906,0.900555479573,10.9604407263,0.602215230756
1.087898,-0.0357644562901,10.1131269228,1.17082704906,0.794478129363,11.0332524286,0.67293346423
1.089564,-0.0357644562901,10.1131269228,1.17082704906,0.900555479573,10.9604407263,0.602215230756
1.09123,-0.0357644562901,10.1131269228,1.17082704906,0.829837246099,10.887629024,0.566856114019
1.092896,-0.0357644562901,10.1131269228,1.17082704906,0.865196362836,10.9240348752,0.531496997282
1.094562,-0.0819092459569,10.1131269228,1.17082704906,0.900555479573,10.9604407263,0.602215230756
1.096228,-0.0357644562901,10.158507798,1.17082704906,0.865196362836,10.887629024,0.531496997282
1.097894,0.0565251230437,10.2038886733,1.26158879953,0.900555479573,10.9240348752,0.602215230756
1.09956,-0.0819092459569,10.1131269228,1.12544617383,0.900555479573,10.9240348752,0.566856114019
1.101226,-0.0357644562901,10.1131269228,1.12544617383,0.971273713047,10.9968465774,0.566856114019
1.102892,-0.0357644562901,10.1131269228,1.17082704906,0.93591459631,10.9240348752,0.602215230756
1.104558,0.0103803333768,10.2038886733,1.2162079243,0.865196362836,10.887629024,0.531496997282
1.106224,-0.0357644562901,10.1131269228,1.17082704906,0.865196362836,10.887629024,0.566856114019
1.10789,-0.0357644562901,10.1131269228,1.17082704906,0.93591459631,10.9604407263,0.602215230756
1.109556,-0.0357644562901,10.158507798,1.17082704906,0.794478129363,10.887629024,0.496137880546
1.111222,-0.0357644562901,10.1131269228,1.17082704906,0.900555479573,10.9240348752,0.566856114019
1.112888,0.0565251230437,10.2038886733,1.26158879953,0.865196362836,10.9240348752,0.566856114019
1.114554,-0.0357644562901,10.1131269228,1.17082704906,0.971273713047,11.0696582797,0.637574347493
1.11622,-0.0357644562901,10.1131269228,1.17082704906,0.900555479573,10.9604407263,0.602215230756
1.117886,0.0565251230437,10.2492695485,1.26158879953,0.865196362836,10.9240348752,0.531496997282
1.119552,-0.0819092459569,10.1131269228,1.17082704906,0.900555479573,10.9240348752,0.566856114019
1.121218,-0.0357644562901,10.1131269228,1.17082704906,0.93591459631,10.9968465774,0.602215230756
1.122884,0.0565251230437,10.2038886733,1.26158879953,0.829837246099,10.887629024,0.496137880546
1.12455,-0.0357644562901,10.1131269228,1.17082704906,0.865196362836,10.9240348752,0.566856114019
1.126216,-0.0357644562901,10.1131269228,1.17082704906,0.900555479573,10.9240348752,0.566856114019
1.127882,-0.0357644562901,10.1131269228,1.17082704906,1.00663282978,11.0332524286,0.637574347493
1.129548,-0.0357644562901,10.1131269228,1.17082704906,0.900555479573,10.9604407263,0.602215230756
1.131214,-0.0357644562901,10.158507798,1.17082704906,0.865196362836,10.9240348752,0.566856114019
1.13288,-0.0357644562901,10.158507798,1.2162079243,0.900555479573,10.887629024,0.531496997282
1.134546,-0.0357644562901,10.1131269228,1.17082704906,0.900555479573,10.9604407263,0.566856114019
1.136212,-0.0357644562901,10.1131269228,1.17082704906,0.829837246099,10.887629024,0.602215230756
1.137878,-0.0357644562901,10.1131269228,1.17082704906,0.900555479573,10.9240348752,0.602215230756
1.139544,-0.0357644562901,10.1131269228,1.17082704906,0.900555479573,10.9240348752,0.566856114019
1.14121,-0.0357644562901,10.1131269228,1.17082704906,0.93591459631,10.9240348752,0.566856114019
1.142876,-0.0357644562901,10.1131269228,1.17082704906,0.900555479573,10.9968465774,0.602215230756
1.144542,0.0565251230437,10.2038886733,1.26158879953,0.900555479573,10.887629024,0.566856114019
1.146208,0.0565251230437,10.2038886733,1.2162079243,0.900555479573,10.887629024,0.566856114019
1.147874,0.0565251230437,10.2492695485,1.26158879953,0.900555479573,10.9604407263,0.566856114019
1.14954,0.0565251230437,10.2038886733,1.26158879953,0.971273713047,11.0332524286,0.637574347493
1.151206,-0.0357644562901,10.158507798,1.2162079243,0.900555479573,10.9968465774,0.602215230756
1.152872,-0.0357644562901,10.1131269228,1.17082704906,0.900555479573,10.9240348752,0.566856114019
1.154538,-0.0357644562901,10.1131269228,1.17082704906,0.865196362836,10.9240348752,0.566856114019
1.156204,-0.0357644562901,10.1131269228,1.12544617383,0.900555479573,10.9604407263,0.602215230756
1.15787,-0.0357644562901,10.1131269228,1.17082704906,0.829837246099,10.9604407263,0.67293346423
1.159536,-0.0357644562901,10.1131269228,1.17082704906,0.865196362836,10.9240348752,0.602215230756
1.161202,-0.0357644562901,10.1131269228,1.17082704906,0.900555479573,10.9240348752,0.566856114019
1.162868,0.0565251230437,10.2038886733,1.2162079243,0.900555479573,10.9240348752,0.602215230756
1.164534,-0.0357644562901,10.1131269228,1.17082704906,0.900555479573,10.9968465774,0.602215230756
1.1662,0.0103803333768,10.158507798,1.2162079243,0.900555479573,10.887629024,0.566856114019
1.167866,-0.0357644562901,10.1131269228,1.17082704906,0.900555479573,10.9240348752,0.602215230756
1.169532,-0.0357644562901,10.1131269228,1.17082704906,0.93591459631,10.9968465774,0.602215230756
1.171198,-0.0357644562901,10.1131269228,1.17082704906,0.829837246099,10.9240348752,0.67293346423
1.172864,0.0103803333768,10.158507798,1.2162079243,0.900555479573,10.9240348752,0.602215230756
1.17453,-0.0357644562901,10.1131269228,1.17082704906,0.900555479573,10.9240348752,0.566856114019
1.176196,-0.0357644562901,10.1131269228,1.17082704906,0.971273713047,10.9240348752,0.602215230756
1.177862,-0.0357644562901,10.1131269228,1.17082704906,0.900555479573,10.9240348752,0.602215230756
1.179528,-0.0357644562901,10.0677460476,1.17082704906,0.865196362836,10.887629024,0.531496997282
1.181194,-0.0357644562901,10.1131269228,1.17082704906,0.900555479573,10.9240348752,0.602215230756
1.18286,-0.0357644562901,10.1131269228,1.17082704906,0.900555479573,10.9604407263,0.602215230756
1.184526,-0.0357644562901,10.1131269228,1.17082704906,0.865196362836,11.0332524286,0.67293346423
1.186192,-0.0357644562901,10.1131269228,1.17082704906,0.900555479573,10.9240348752,0.602215230756
1.187858,-0.0357644562901,10.1131269228,1.17082704906,0.900555479573,10.9240348752,0.602215230756
1.189524,-0.0357644562901,10.1131269228,1.17082704906,0.900555479573,10.9240348752,0.602215230756
1.19119,-0.0357644562901,10.1131269228,1.17082704906,0.93591459631,10.9968465774,0.602215230756
1.192856,-0.0357644562901,10.1131269228,1.17082704906,0.865196362836,10.887629024,0.531496997282
1.194522,-0.0357644562901,10.1131269228,1.17082704906,0.900555479573,10.9604407263,0.602215230756
1.196188,0.0103803333768,10.158507798,1.17082704906,0.93591459631,10.9604407263,0.602215230756
1.197854,0.0565251230437,10.2038886733,1.26158879953,1.00663282978,11.0332524286,0.637574347493
1.19952,0.0565251230437,10.158507798,1.26158879953,0.93591459631,10.9604407263,0.637574347493
1.201186,-0.0357644562901,10.1131269228,1.12544617383,0.900555479573,10.9240348752,0.566856114019
1.202852,-0.0357644562901,10.1131269228,1.17082704906,0.900555479573,10.9240348752,0.602215230756
1.204518,-0.0357644562901,10.1131269228,1.17082704906,0.93591459631,10.9604407263,0.602215230756
1.206184,0.0103803333768,10.1131269228,1.17082704906,0.900555479573,11.0332524286,0.67293346423
1.20785,-0.0357644562901,10.1131269228,1.17082704906,0.900555479573,10.9604407263,0.637574347493
1.209516,-0.0357644562901,10.1131269228,1.17082704906,0.900555479573,10.9240348752,0.602215230756
1.211182,-0.0357644562901,10.1131269228,1.12544617383,0.900555479573,10.9604407263,0.566856114019
1.212848,-0.0357644562901,10.1131269228,1.17082704906,0.900555479573,10.9968465774,0.602215230756
1.214514,-0.0357644562901,10.1131269228,1.17082704906,0.865196362836,10.887629024,0.531496997282
1.21618,0.0103803333768,10.1131269228,1.17082704906,0.900555479573,10.9240348752,0.602215230756
1.217846,-0.0357644562901,10.1131269228,1.17082704906,0.900555479573,10.9604407263,0.637574347493
1.219512,0.0103803333768,10.158507798,1.17082704906,0.971273713047,11.0332524286,0.637574347493
1.221178,-0.0357644562901,10.1131269228,1.12544617383,0.93591459631,10.9604407263,0.602215230756
1.222844,-0.0357644562901,10.1131269228,1.17082704906,0.865196362836,10.887629024,0.531496997282
1.22451,-0.0357644562901,10.1131269228,1.17082704906,0.900555479573,10.9240348752,0.602215230756
1.226176,-0.0357644562901,10.0677460476,1.17082704906,0.93591459631,10.9604407263,0.637574347493
1.227842,-0.0357644562901,10.1131269228,1.17082704906,0.865196362836,10.887629024,0.566856114019
1.229508,-0.0357644562901,10.1131269228,1.17082704906,0.93591459631,10.9240348752,0.602215230756
1.231174,0.0103803333768,10.158507798,1.17082704906,0.865196362836,10.9240348752,0.602215230756
1.23284,0.0103803333768,10.1131269228,1.17082704906,0.93591459631,10.9604407263,0.602215230756
1.234506,-0.0357644562901,10.1131269228,1.17082704906,0.93591459631,10.9968465774,0.637574347493
1.236172,-0.0357644562901,10.1131269228,1.17082704906,0.865196362836,10.9240348752,0.566856114019
1.237838,-0.0357644562901,10.1131269228,1.17082704906,0.900555479573,10.9240348752,0.602215230756
1.239504,-0.0357644562901,10.1131269228,1.17082704906,0.93591459631,10.9968465774,0.637574347493
1.24117,0.0565251230437,10.158507798,1.26158879953,0.794478129363,10.9968465774,0.67293346423
1.242836,-0.0357644562901,10.1131269228,1.17082704906,0.93591459631,10.9604407263,0.602215230756
1.244502,-0.0357644562901,10.1131269228,1.17082704906,0.900555479573,10.9604407263,0.602215230756
1.246168,-0.0357644562901,10.1131269228,1.17082704906,0.93591459631,10.9604407263,0.602215230756
1.247834,-0.0357644562901,10.158507798,1.17082704906,0.93591459631,10.9968465774,0.602215230756
1.2495,0.0565251230437,10.158507798,1.2162079243,0.865196362836,10.887629024,0.496137880546
1.251166,-0.0357644562901,10.158507798,1.2162079243,0.865196362836,10.9604407263,0.602215230756
1.252832,-0.0357644562901,10.1131269228,1.12544617383,0.93591459631,10.9968465774,0.602215230756
1.254498,-0.0357644562901,10.1131269228,1.17082704906,0.971273713047,10.9604407263,0.602215230756
1.256164,-0.0357644562901,10.1131269228,1.17082704906,0.93591459631,10.9968465774,0.602215230756
1.25783,-0.0357644562901,10.1131269228,1.17082704906,0.865196362836,10.9240348752,0.531496997282
1.259496,0.0103803333768,10.2038886733,1.2162079243,0.865196362836,10.9240348752,0.602215230756
1.261162,-0.0357644562901,10.1131269228,1.17082704906,0.900555479573,10.9604407263,0.602215230756
1.262828,-0.0357644562901,10.1131269228,1.17082704906,0.900555479573,11.0332524286,0.67293346423
1.264494,-0.0357644562901,10.1131269228,1.17082704906,0.900555479573,10.9604407263,0.602215230756
1.26616,-0.0357644562901,10.1131269228,1.17082704906,0.865196362836,10.9240348752,0.531496997282
1.267826,-0.0357644562901,10.1131269228,1.12544617383,0.900555479573,10.9240348752,0.566856114019
1.269492,-0.0357644562901,10.1131269228,1.17082704906,0.93591459631,10.9604407263,0.602215230756
1.271158,-0.0357644562901,10.1131269228,1.17082704906,0.794478129363,10.887629024,0.566856114019
1.272824,-0.0357644562901,10.1131269228,1.17082704906,0.865196362836,10.9240348752,0.602215230756
1.27449,-0.0357644562901,10.1131269228,1.17082704906,0.900555479573,10.9604407263,0.566856114019
1.276156,-0.0357644562901,10.1131269228,1.12544617383,0.971273713047,10.9968465774,0.602215230756
1.277822,-0.0357644562901,10.1131269228,1.17082704906,0.93591459631,10.9968465774,0.602215230756
1.279488,-0.0819092459569,10.1131269228,1.17082704906,0.865196362836,10.9240348752,0.531496997282
1.281154,-0.0357644562901,10.1131269228,1.17082704906,0.865196362836,10.9240348752,0.566856114019
1.28282,-0.0357644562901,10.1131269228,1.12544617383,0.93591459631,10.9968465774,0.602215230756
1.284486,0.0565251230437,10.2492695485,1.30696967477,0.865196362836,10.887629024,0.496137880546
1.286152,-0.0357644562901,10.1131269228,1.17082704906,0.93591459631,10.9240348752,0.566856114019
1.287818,-0.0357644562901,10.158507798,1.17082704906,0.900555479573,10.9604407263,0.566856114019
1.289484,-0.0357644562901,10.1131269228,1.17082704906,0.971273713047,10.9604407263,0.566856114019
1.29115,-0.0819092459569,10.1131269228,1.17082704906,0.900555479573,10.9604407263,0.602215230756
1.292816,-0.0357644562901,10.1131269228,1.17082704906,0.865196362836,10.9240348752,0.531496997282
1.294482,-0.0357644562901,10.1131269228,1.17082704906,0.900555479573,10.9240348752,0.602215230756
1.296148,-0.0357644562901,10.1131269228,1.17082704906,0.900555479573,10.9604407263,0.566856114019
1.297814,-0.0357644562901,10.158507798,1.17082704906,1.00663282978,11.0332524286,0.602215230756
1.29948,0.0565251230437,10.2038886733,1.26158879953,0.93591459631,10.9604407263,0.602215230756
1.301146,-0.0819092459569,10.1131269228,1.17082704906,0.865196362836,10.887629024,0.531496997282
1.302812,-0.0357644562901,10.1131269228,1.17082704906,0.865196362836,10.9240348752,0.566856114019
1.304478,-0.0357644562901,10.1131269228,1.17082704906,0.900555479573,10.9968465774,0.602215230756
1.306144,-0.0357644562901,10.158507798,1.2162079243,0.865196362836,11.0332524286,0.67293346423
1.30781,-0.0819092459569,10.1131269228,1.17082704906,0.93591459631,10.9240348752,0.602215230756
1.309476,-0.0357644562901,10.1131269228,1.17082704906,0.900555479573,10.9240348752,0.566856114019
1.311142,-0.0357644562901,10.1131269228,1.17082704906,0.900555479573,10.887629024,0.566856114019
1.312808,0.0103803333768,10.158507798,1.2162079243,0.900555479573,10.9968465774,0.602215230756
1.314474,-0.0357644562901,10.1131269228,1.17082704906,0.865196362836,10.887629024,0.496137880546
1.31614,-0.0357644562901,10.1131269228,1.17082704906,0.900555479573,10.9240348752,0.566856114019
1.317806,-0.0357644562901,10.1131269228,1.17082704906,0.900555479573,10.9604407263,0.602215230756
1.319472,-0.0357644562901,10.1131269228,1.17082704906,1.04199194652,11.0332524286,0.602215230756
1.321138,-0.0357644562901,10.1131269228,1.17082704906,0.900555479573,10.9240348752,0.602215230756
1.322804,-0.0357644562901,10.1131269228,1.17082704906,0.900555479573,10.9240348752,0.566856114019
1.32447,-0.0357644562901,10.1131269228,1.17082704906,0.900555479573,10.9240348752,0.566856114019
1.326136,-0.0357644562901,10.1131269228,1.17082704906,0.93591459631,10.9604407263,0.602215230756
1.327802,-0.0357644562901,10.1131269228,1.17082704906,0.865196362836,10.887629024,0.531496997282
1.329468,-0.0357644562901,10.1131269228,1.17082704906,0.865196362836,10.9240348752,0.566856114019
1.331134,0.0565251230437,10.2038886733,1.2162079243,0.865196362836,10.9604407263,0.602215230756
1.3328,-0.0819092459569,10.0677460476,1.17082704906,0.93591459631,11.0332524286,0.67293346423
1.334466,-0.0357644562901,10.1131269228,1.17082704906,0.93591459631,10.9240348752,0.602215230756
1.336132,-0.0357644562901,10.1131269228,1.17082704906,0.900555479573,10.9240348752,0.566856114019
1.337798,-0.0819092459569,10.1131269228,1.17082704906,0.900555479573,10.9240348752,0.602215230756
1.339464,-0.0819092459569,10.1131269228,1.17082704906,0.900555479573,10.9240348752,0.602215230756
1.34113,-0.0357644562901,10.1131269228,1.17082704906,0.865196362836,10.8512231729,0.531496997282
1.342796,-0.0357644562901,10.1131269228,1.17082704906,0.900555479573,10.9240348752,0.566856114019
1.344462,-0.0357644562901,10.1131269228,1.17082704906,0.900555479573,10.9240348752,0.602215230756
1.346128,-0.0357644562901,10.1131269228,1.17082704906,0.829837246099,10.9968465774,0.67293346423
1.347794,-0.0357644562901,10.1131269228,1.17082704906,0.900555479573,10.9604407263,0.602215230756
1.34946,-0.0357644562901,10.1131269228,1.17082704906,0.900555479573,10.9240348752,0.602215230756
1.351126,-0.0357644562901,10.1131269228,1.17082704906,0.865196362836,10.9240348752,0.566856114019
1.352792,0.0565251230437,10.2038886733,1.26158879953,0.900555479573,10.9240348752,0.602215230756
1.354458,-0.0357644562901,10.1131269228,1.17082704906,0.865196362836,10.887629024,0.531496997282
1.356124,-0.0357644562901,10.1131269228,1.17082704906,0.900555479573,10.9240348752,0.602215230756
1.35779,0.102669912711,10.2038886733,1.26158879953,0.900555479573,10.9240348752,0.602215230756
1.359456,-0.0357644562901,10.1131269228,1.12544617383,0.971273713047,11.0696582797,0.637574347493
1.361122,-0.0357644562901,10.1131269228,1.12544617383,0.900555479573,10.9604407263,0.602215230756
1.362788,-0.0357644562901,10.1131269228,1.12544617383,0.900555479573,10.9240348752,0.566856114019
1.364454,-0.0357644562901,10.1131269228,1.17082704906,0.865196362836,10.9240348752,0.602215230756
1.36612,-0.0357644562901,10.1131269228,1.12544617383,0.93591459631,10.9968465774,0.602215230756
1.367786,-0.0357644562901,10.1131269228,1.12544617383,0.865196362836,10.887629024,0.531496997282
1.369452,-0.0357644562901,10.1131269228,1.17082704906,0.865196362836,10.9240348752,0.602215230756
1.371118,-0.0357644562901,10.1131269228,1.12544617383,0.900555479573,10.9604407263,0.602215230756
1.372784,-0.0357644562901,10.1131269228,1.17082704906,0.971273713047,10.9968465774,0.602215230756
1.37445,-0.0357644562901,10.1131269228,1.17082704906,0.93591459631,10.9604407263,0.602215230756
1.376116,-0.0357644562901,10.1131269228,1.17082704906,0.865196362836,10.9240348752,0.531496997282
1.377782,-0.0357644562901,10.1131269228,1.17082704906,0.865196362836,10.887629024,0.602215230756
1.379448,-0.0357644562901,10.1131269228,1.17082704906,0.93591459631,10.9604407263,0.602215230756
1.381114,-0.0357644562901,10.1131269228,1.17082704906,0.865196362836,11.0332524286,0.743651697703
1.38278,-0.0357644562901,10.1131269228,1.17082704906,0.93591459631,10.9240348752,0.602215230756
1.384446,-0.0357644562901,10.1131269228,1.17082704906,0.900555479573,10.9604407263,0.566856114019
1.386112,-0.0357644562901,10.1131269228,1.17082704906,0.93591459631,10.9604407263,0.602215230756
1.387778,-0.0357644562901,10.1131269228,1.17082704906,0.93591459631,10.9968465774,0.637574347493
1.389444,0.0103803333768,10.1131269228,1.17082704906,0.829837246099,10.887629024,0.531496997282
1.39111,-0.0357644562901,10.1131269228,1.17082704906,0.900555479573,10.9240348752,0.602215230756
1.392776,0.0565251230437,10.158507798,1.2162079243,0.900555479573,10.9968465774,0.602215230756
1.394442,0.0565251230437,10.158507798,1.2162079243,0.971273713047,11.0696582797,0.708292580966
1.396108,-0.0357644562901,10.1131269228,1.12544617383,0.93591459631,10.9968465774,0.637574347493
1.397774,-0.0357644562901,10.1131269228,1.17082704906,0.865196362836,10.9240348752,0.602215230756
1.39944,-0.0357644562901,10.1131269228,1.17082704906,0.865196362836,10.9240348752,0.602215230756
1.401106,-0.0357644562901,10.1131269228,1.12544617383,0.93591459631,10.9968465774,0.602215230756
1.402772,-0.0357644562901,10.1131269228,1.12544617383,0.865196362836,10.887629024,0.531496997282
1.404438,-0.0357644562901,10.1131269228,1.17082704906,0.900555479573,10.9240348752,0.602215230756
1.406104,-0.0357644562901,10.0677460476,1.12544617383,0.900555479573,10.9604407263,0.602215230756
1.40777,-0.0357644562901,10.1131269228,1.17082704906,1.00663282978,11.0696582797,0.637574347493
1.409436,0.0103803333768,10.1131269228,1.17082704906,0.900555479573,10.9240348752,0.637574347493
1.411102,-0.0357644562901,10.1131269228,1.17082704906,0.900555479573,10.9240348752,0.566856114019
1.412768,-0.0357644562901,10.1131269228,1.17082704906,0.93591459631,10.9240348752,0.602215230756
1.414434,-0.0357644562901,10.1131269228,1.12544617383,0.93591459631,10.9968465774,0.637574347493
1.4161,-0.0357644562901,10.1131269228,1.12544617383,0.865196362836,10.887629024,0.566856114019
1.417766,0.0565251230437,10.158507798,1.26158879953,0.900555479573,10.9240348752,0.602215230756
1.419432,-0.0357644562901,10.1131269228,1.12544617383,0.93591459631,10.9968465774,0.602215230756
1.421098,-0.0357644562901,10.1131269228,1.12544617383,0.794478129363,10.9604407263,0.708292580966
1.422764,0.102669912711,10.2038886733,1.2162079243,0.900555479573,10.9604407263,0.637574347493
1.42443,-0.0357644562901,10.1131269228,1.17082704906,0.900555479573,10.9604407263,0.602215230756
1.426096,0.0103803333768,10.1131269228,1.17082704906,0.93591459631,10.9240348752,0.566856114019
1.427762,0.0103803333768,10.1131269228,1.17082704906,0.900555479573,10.9604407263,0.637574347493
1.429428,0.0103803333768,10.1131269228,1.17082704906,0.865196362836,10.8512231729,0.531496997282
1.431094,-0.0357644562901,10.1131269228,1.12544617383,0.865196362836,10.9604407263,0.602215230756
1.43276,0.102669912711,10.2038886733,1.26158879953,0.900555479573,10.9604407263,0.602215230756
1.434426,0.0103803333768,10.1131269228,1.17082704906,0.971273713047,11.0696582797,0.67293346423
1.436092,-0.0357644562901,10.1131269228,1.12544617383,0.900555479573,10.9968465774,0.637574347493
1.437758,0.102669912711,10.2038886733,1.26158879953,0.900555479573,10.9240348752,0.602215230756
1.439424,0.0103803333768,10.1131269228,1.17082704906,0.900555479573,10.9240348752,0.602215230756
1.44109,0.0103803333768,10.1131269228,1.17082704906,0.900555479573,10.9604407263,0.637574347493
1.442756,0.0103803333768,10.1131269228,1.17082704906,0.865196362836,10.887629024,0.531496997282
1.444422,0.0103803333768,10.1131269228,1.17082704906,0.900555479573,10.9240348752,0.602215230756
1.446088,0.0103803333768,10.1131269228,1.12544617383,0.900555479573,10.9240348752,0.566856114019
1.447754,-0.0357644562901,10.1131269228,1.17082704906,0.93591459631,10.9604407263,0.602215230756
1.44942,0.0103803333768,10.1131269228,1.17082704906,0.93591459631,10.9604407263,0.602215230756
1.451086,0.0103803333768,10.1131269228,1.17082704906,0.865196362836,10.887629024,0.566856114019
1.452752,-0.0357644562901,10.1131269228,1.12544617383,0.865196362836,10.9240348752,0.602215230756
1.454418,0.0565251230437,10.158507798,1.2162079243,0.900555479573,10.9968465774,0.637574347493
1.456084,0.102669912711,10.2038886733,1.26158879953,0.794478129363,10.9604407263,0.67293346423
1.45775,0.0565251230437,10.158507798,1.2162079243,0.900555479573,10.9604407263,0.602215230756
1.459416,0.0565251230437,10.158507798,1.2162079243,0.865196362836,10.9240348752,0.602215230756
1.461082,-0.0357644562901,10.1131269228,1.12544617383,0.900555479573,10.9240348752,0.602215230756
1.462748,-0.0357644562901,10.1131269228,1.12544617383,0.900555479573,10.9968465774,0.602215230756
1.464414,-0.0357644562901,10.1131269228,1.12544617383,0.865196362836,10.887629024,0.566856114019
1.46608,0.0565251230437,10.2038886733,1.26158879953,0.865196362836,10.9240348752,0.602215230756
1.467746,0.0565251230437,10.2038886733,1.26158879953,0.93591459631,10.9604407263,0.602215230756
1.469412,0.0565251230437,10.2038886733,1.26158879953,0.829837246099,10.9604407263,0.67293346423
1.471078,0.0103803333768,10.1131269228,1.17082704906,0.865196362836,10.9240348752,0.602215230756
1.472744,-0.0357644562901,10.1131269228,1.12544617383,0.900555479573,10.9240348752,0.602215230756
1.47441,0.0103803333768,10.158507798,1.17082704906,0.865196362836,10.9240348752,0.602215230756
1.476076,-0.0357644562901,10.0677460476,1.17082704906,0.900555479573,10.9968465774,0.602215230756
1.477742,-0.0357644562901,10.1131269228,1.17082704906,0.865196362836,10.887629024,0.566856114019
1.479408,-0.0357644562901,10.1131269228,1.17082704906,0.865196362836,10.9604407263,0.602215230756
1.481074,-0.0357644562901,10.1131269228,1.12544617383,0.900555479573,10.9240348752,0.602215230756
1.48274,-0.0357644562901,10.1131269228,1.12544617383,0.93591459631,11.0696582797,0.67293346423
1.484406,-0.0357644562901,10.1131269228,1.17082704906,0.900555479573,10.9604407263,0.602215230756
1.486072,-0.0357644562901,10.1131269228,1.17082704906,0.900555479573,10.9240348752,0.566856114019
1.487738,-0.0357644562901,10.1131269228,1.17082704906,0.93591459631,10.9240348752,0.566856114019
1.489404,-0.0357644562901,10.1131269228,1.17082704906,0.93591459631,10.9604407263,0.602215230756
1.49107,0.0103803333768,10.1131269228,1.17082704906,0.829837246099,10.887629024,0.531496997282
1.492736,-0.0357644562901,10.1131269228,1.17082704906,0.900555479573,10.9240348752,0.566856114019
1.494402,-0.0357644562901,10.1131269228,1.17082704906,0.93591459631,10.9604407263,0.602215230756
1.496068,-0.0357644562901,10.1131269228,1.17082704906,0.794478129363,10.9968465774,0.67293346423
1.497734,-0.0357644562901,10.1131269228,1.17082704906,0.93591459631,10.9240348752,0.602215230756
1.4994,-0.0357644562901,10.1131269228,1.17082704906,0.900555479573,10.9240348752,0.602215230756
1.501066,-0.0357644562901,10.1131269228,1.12544617383,0.900555479573,10.9240348752,0.602215230756
1.502732,-0.0357644562901,10.1131269228,1.17082704906,0.93591459631,10.9240348752,0.602215230756
1.504398,-0.0357644562901,10.1131269228,1.17082704906,0.829837246099,10.887629024,0.496137880546
1.506064,-0.0357644562901,10.1131269228,1.12544617383,0.865196362836,10.9240348752,0.602215230756
1.50773,-0.0357644562901,10.1131269228,1.17082704906,0.900555479573,10.9604407263,0.602215230756
1.509396,-0.0357644562901,10.1131269228,1.12544617383,0.971273713047,11.0332524286,0.637574347493
1.511062,-0.0357644562901,10.1131269228,1.17082704906,0.865196362836,10.9240348752,0.602215230756
1.512728,-0.0357644562901,10.1131269228,1.12544617383,0.865196362836,10.887629024,0.531496997282
1.514394,-0.0357644562901,10.1131269228,1.17082704906,0.865196362836,10.887629024,0.566856114019
1.51606,-0.0357644562901,10.1131269228,1.17082704906,0.93591459631,10.9240348752,0.602215230756
1.517726,0.0103803333768,10.158507798,1.2162079243,0.794478129363,10.887629024,0.637574347493
1.519392,0.0103803333768,10.158507798,1.2162079243,0.900555479573,10.9240348752,0.602215230756
1.521058,-0.0357644562901,10.1131269228,1.17082704906,0.865196362836,10.9240348752,0.566856114019
1.522724,-0.0357644562901,10.1131269228,1.17082704906,0.93591459631,10.9968465774,0.602215230756
1.52439,-0.0357644562901,10.1131269228,1.17082704906,0.900555479573,10.9968465774,0.602215230756
1.526056,-0.0819092459569,10.1131269228,1.17082704906,0.865196362836,10.887629024,0.531496997282
1.527722,-0.0357644562901,10.1131269228,1.17082704906,0.900555479573,10.9240348752,0.602215230756
1.529388,-0.0357644562901,10.1131269228,1.17082704906,0.900555479573,10.9240348752,0.566856114019
1.531054,-0.0357644562901,10.1131269228,1.17082704906,0.93591459631,11.0696582797,0.67293346423
1.53272,0.0565251230437,10.2038886733,1.2162079243,0.865196362836,10.9604407263,0.602215230756
1.534386,-0.0357644562901,10.1131269228,1.12544617383,0.865196362836,10.887629024,0.566856114019
1.536052,-0.0819092459569,10.1131269228,1.17082704906,0.900555479573,10.9240348752,0.566856114019
1.537718,-0.0357644562901,10.1131269228,1.17082704906,0.93591459631,10.9604407263,0.602215230756
1.539384,-0.0357644562901,10.1131269228,1.17082704906,0.865196362836,10.887629024,0.531496997282
1.54105,-0.0357644562901,10.1131269228,1.17082704906,0.865196362836,10.9240348752,0.566856114019
1.542716,-0.0357644562901,10.1131269228,1.17082704906,0.93591459631,10.9240348752,0.602215230756
1.544382,0.0565251230437,10.2038886733,1.2162079243,0.794478129363,10.9604407263,0.67293346423
1.546048,-0.0357644562901,10.1131269228,1.2162079243,0.900555479573,10.9240348752,0.602215230756
1.547714,-0.0819092459569,10.1131269228,1.12544617383,0.900555479573,10.9240348752,0.566856114019
1.54938,-0.0357644562901,10.1131269228,1.17082704906,0.865196362836,10.9240348752,0.602215230756
1.551046,-0.0357644562901,10.1131269228,1.17082704906,0.93591459631,10.9604407263,0.602215230756
1.552712,-0.0357644562901,10.1131269228,1.12544617383,0.829837246099,10.9240348752,0.496137880546
1.554378,0.0103803333768,10.158507798,1.17082704906,0.900555479573,10.9240348752,0.602215230756
1.556044,-0.0357644562901,10.1131269228,1.17082704906,0.93591459631,10.9604407263,0.602215230756
1.55771,-0.0357644562901,10.1131269228,1.17082704906,0.829837246099,11.0332524286,0.708292580966
1.559376,-0.0357644562901,10.1131269228,1.17082704906,0.900555479573,10.9604407263,0.602215230756
1.561042,0.0103803333768,10.1131269228,1.17082704906,0.865196362836,10.9240348752,0.566856114019
1.562708,-0.0357644562901,10.1131269228,1.17082704906,0.93591459631,10.9240348752,0.602215230756
1.564374,-0.0357644562901,10.1131269228,1.17082704906,0.900555479573,10.9604407263,0.602215230756
1.56604,-0.0357644562901,10.1131269228,1.17082704906,0.865196362836,10.887629024,0.531496997282
1.567706,-0.0357644562901,10.1131269228,1.17082704906,0.900555479573,10.9240348752,0.602215230756
1.569372,-0.0357644562901,10.1131269228,1.17082704906,0.93591459631,10.9968465774,0.602215230756
1.571038,-0.0357644562901,10.1131269228,1.12544617383,1.00663282978,11.0696582797,0.67293346423
1.572704,-0.0357644562901,10.1131269228,1.17082704906,0.93591459631,10.9604407263,0.602215230756
1.57437,-0.0357644562901,10.1131269228,1.17082704906,0.900555479573,10.887629024,0.566856114019
1.576036,-0.0357644562901,10.1131269228,1.17082704906,0.900555479573,10.9240348752,0.602215230756
1.577702,0.102669912711,10.2038886733,1.30696967477,0.900555479573,10.9968465774,0.602215230756
1.579368,-0.0357644562901,10.158507798,1.17082704906,0.865196362836,10.9240348752,0.708292580966
1.581034,-0.0357644562901,10.1131269228,1.12544617383,0.900555479573,10.9240348752,0.602215230756
1.5827,-0.0357644562901,10.1131269228,1.12544617383,0.900555479573,10.9240348752,0.602215230756
1.584366,-0.0357644562901,10.1131269228,1.17082704906,0.93591459631,10.9240348752,0.602215230756
1.586032,0.0103803333768,10.158507798,1.2162079243,0.93591459631,10.9968465774,0.602215230756
1.587698,0.0103803333768,10.1131269228,1.17082704906,0.829837246099,10.9240348752,0.566856114019
1.589364,-0.0357644562901,10.1131269228,1.17082704906,0.865196362836,10.9240348752,0.602215230756
1.59103,-0.0357644562901,10.1131269228,1.12544617383,0.900555479573,10.9604407263,0.602215230756
1.592696,-0.0357644562901,10.1131269228,1.12544617383,0.971273713047,11.0332524286,0.637574347493
1.594362,0.102669912711,10.2492695485,1.26158879953,0.93591459631,10.9968465774,0.602215230756
1.596028,-0.0357644562901,10.1131269228,1.12544617383,0.900555479573,10.9240348752,0.566856114019
1.597694,-0.0357644562901,10.1131269228,1.12544617383,0.865196362836,10.9240348752,0.602215230756
1.59936,-0.0357644562901,10.1131269228,1.17082704906,0.93591459631,10.9604407263,0.602215230756
1.601026,-0.0357644562901,10.1131269228,1.12544617383,0.93591459631,11.0696582797,0.67293346423
1.602692,-0.0357644562901,10.1131269228,1.12544617383,0.900555479573,10.9604407263,0.637574347493
1.604358,-0.0357644562901,10.1131269228,1.12544617383,0.900555479573,10.9604407263,0.602215230756
1.606024,-0.0357644562901,10.1131269228,1.17082704906,0.900555479573,10.9240348752,0.602215230756
1.60769,-0.0357644562901,10.1131269228,1.12544617383,0.93591459631,10.9968465774,0.637574347493
1.609356,0.0103803333768,10.1131269228,1.17082704906,0.865196362836,10.887629024,0.566856114019
1.611022,-0.0357644562901,10.1131269228,1.17082704906,0.865196362836,10.9604407263,0.602215230756
1.612688,0.0103803333768,10.1131269228,1.17082704906,0.900555479573,10.9604407263,0.602215230756
1.614354,0.0103803333768,10.1131269228,1.17082704906,0.93591459631,11.1060641308,0.67293346423
1.61602,-0.0357644562901,10.1131269228,1.12544617383,0.93591459631,10.9968465774,0.602215230756
1.617686,-0.0357644562901,10.1131269228,1.17082704906,0.900555479573,10.9604407263,0.602215230756
1.619352,-0.0357644562901,10.1131269228,1.17082704906,0.900555479573,10.9240348752,0.602215230756
1.621018,0.0565251230437,10.158507798,1.2162079243,0.900555479573,10.9968465774,0.637574347493
1.622684,0.0565251230437,10.2038886733,1.2162079243,0.865196362836,10.9240348752,0.566856114019
1.62435,-0.0357644562901,10.1131269228,1.17082704906,0.900555479573,10.9604407263,0.602215230756
1.626016,-0.0357644562901,10.1131269228,1.17082704906,0.900555479573,10.9968465774,0.602215230756
1.627682,-0.0357644562901,10.1131269228,1.17082704906,0.93591459631,11.0696582797,0.67293346423
1.629348,-0.0357644562901,10.1131269228,1.17082704906,0.900555479573,10.9968465774,0.637574347493
1.631014,0.0103803333768,10.1131269228,1.17082704906,0.900555479573,10.9240348752,0.602215230756
1.63268,-0.0357644562901,10.1131269228,1.17082704906,0.900555479573,10.9604407263,0.602215230756
1.634346,0.102669912711,10.2038886733,1.26158879953,0.93591459631,10.9604407263,0.637574347493
1.636012,0.0103803333768,10.158507798,1.17082704906,0.829837246099,10.887629024,0.566856114019
1.637678,0.0103803333768,10.1131269228,1.17082704906,0.93591459631,10.9968465774,0.602215230756
1.639344,0.0565251230437,10.158507798,1.2162079243,0.93591459631,10.9604407263,0.602215230756
1.64101,0.0565251230437,10.2038886733,1.2162079243,0.93591459631,10.9604407263,0.602215230756
1.642676,0.102669912711,10.2038886733,1.26158879953,0.900555479573,10.9604407263,0.637574347493
1.644342,-0.0357644562901,10.1131269228,1.17082704906,0.865196362836,10.887629024,0.566856114019
1.646008,-0.0357644562901,10.0677460476,1.12544617383,0.93591459631,10.9240348752,0.602215230756
1.647674,-0.0357644562901,10.0677460476,1.12544617383,0.93591459631,10.9968465774,0.602215230756
1.64934,0.0565251230437,10.158507798,1.26158879953,0.971273713047,11.0332524286,0.602215230756
1.651006,-0.0357644562901,10.1131269228,1.17082704906,0.93591459631,10.9968465774,0.602215230756
1.652672,-0.0357644562901,10.1131269228,1.17082704906,0.865196362836,10.9240348752,0.566856114019
1.654338,-0.0357644562901,10.1131269228,1.17082704906,0.865196362836,10.9604407263,0.602215230756
1.656004,-0.0357644562901,10.1131269228,1.17082704906,0.900555479573,10.9968465774,0.602215230756
1.65767,-0.0357644562901,10.1131269228,1.17082704906,0.794478129363,10.887629024,0.566856114019
1.659336,-0.0357644562901,10.1131269228,1.17082704906,0.900555479573,10.9604407263,0.602215230756
1.661002,-0.0357644562901,10.1131269228,1.17082704906,0.93591459631,10.9604407263,0.566856114019
1.662668,-0.0357644562901,10.1131269228,1.17082704906,0.93591459631,10.9604407263,0.566856114019
1.664334,-0.0357644562901,10.1131269228,1.17082704906,0.93591459631,10.9968465774,0.602215230756
1.666,-0.0357644562901,10.1131269228,1.17082704906,0.829837246099,10.887629024,0.566856114019
1.667666,0.0103803333768,10.1131269228,1.17082704906,0.900555479573,10.9240348752,0.602215230756
1.669332,0.0103803333768,10.158507798,1.2162079243,0.900555479573,10.9968465774,0.602215230756
1.670998,-0.0357644562901,10.1131269228,1.17082704906,0.93591459631,11.0696582797,0.67293346423
1.672664,-0.0357644562901,10.1131269228,1.12544617383,0.900555479573,10.9604407263,0.602215230756
1.67433,0.0103803333768,10.158507798,1.17082704906,0.865196362836,10.9240348752,0.566856114019
1.675996,-0.0357644562901,10.1131269228,1.17082704906,0.900555479573,10.9240348752,0.602215230756
1.677662,-0.0357644562901,10.1131269228,1.17082704906,0.900555479573,10.9968465774,0.602215230756
1.679328,0.0565251230437,10.158507798,1.2162079243,0.865196362836,10.887629024,0.496137880546
1.680994,-0.0357644562901,10.1131269228,1.17082704906,0.900555479573,10.9240348752,0.602215230756
1.68266,-0.0357644562901,10.1131269228,1.17082704906,0.900555479573,10.9604407263,0.566856114019
1.684326,0.0103803333768,10.158507798,1.2162079243,1.00663282978,11.0332524286,0.602215230756
1.685992,-0.0357644562901,10.1131269228,1.17082704906,0.93591459631,10.9968465774,0.602215230756
1.687658,-0.0357644562901,10.1131269228,1.17082704906,0.900555479573,10.9240348752,0.566856114019
1.689324,-0.0357644562901,10.1131269228,1.17082704906,0.900555479573,10.9240348752,0.531496997282
1.69099,0.0565251230437,10.2038886733,1.2162079243,0.900555479573,10.9240348752,0.602215230756
1.692656,-0.0357644562901,10.1131269228,1.17082704906,0.865196362836,10.8512231729,0.531496997282
1.694322,-0.0357644562901,10.1131269228,1.12544617383,0.900555479573,10.9240348752,0.602215230756
1.695988,-0.0357644562901,10.1131269228,1.17082704906,0.900555479573,10.9240348752,0.566856114019
1.697654,-0.0819092459569,10.1131269228,1.17082704906,0.93591459631,10.9604407263,0.602215230756
1.69932,-0.0357644562901,10.1131269228,1.17082704906,0.900555479573,10.9604407263,0.602215230756
1.700986,-0.0357644562901,10.1131269228,1.17082704906,0.865196362836,10.887629024,0.531496997282
1.702652,-0.0357644562901,10.1131269228,1.17082704906,0.865196362836,10.9604407263,0.602215230756
1.704318,0.0565251230437,10.2038886733,1.2162079243,0.900555479573,10.9240348752,0.566856114019
1.705984,0.0103803333768,10.158507798,1.2162079243,1.04199194652,10.9968465774,0.602215230756
1.70765,-0.0357644562901,10.1131269228,1.17082704906,0.900555479573,10.9604407263,0.566856114019
1.709316,-0.0357644562901,10.1131269228,1.17082704906,0.865196362836,10.887629024,0.566856114019
1.710982,-0.0357644562901,10.1131269228,1.17082704906,0.865196362836,10.9240348752,0.602215230756
1.712648,0.0565251230437,10.2038886733,1.26158879953,0.900555479573,10.9604407263,0.602215230756
1.714314,-0.0819092459569,10.1131269228,1.17082704906,0.865196362836,10.9968465774,0.67293346423
1.71598,-0.0357644562901,10.1131269228,1.17082704906,0.900555479573,10.9968465774,0.566856114019
1.717646,-0.0357644562901,10.1131269228,1.17082704906,0.900555479573,10.9240348752,0.566856114019
1.719312,-0.0357644562901,10.1131269228,1.17082704906,0.93591459631,10.9240348752,0.566856114019
1.720978,-0.0357644562901,10.1131269228,1.17082704906,0.900555479573,10.9968465774,0.602215230756
1.722644,0.0103803333768,10.158507798,1.2162079243,0.865196362836,10.887629024,0.566856114019
1.72431,-0.0357644562901,10.1131269228,1.17082704906,0.865196362836,10.9240348752,0.566856114019
1.725976,-0.0819092459569,10.1131269228,1.17082704906,0.900555479573,10.9240348752,0.566856114019
1.727642,-0.0357644562901,10.1131269228,1.17082704906,0.865196362836,11.0332524286,0.67293346423
1.729308,-0.0819092459569,10.1131269228,1.12544617383,0.900555479573,10.9604407263,0.602215230756
1.730974,-0.0357644562901,10.158507798,1.17082704906,0.900555479573,10.9240348752,0.531496997282
1.73264,-0.0357644562901,10.1131269228,1.17082704906,0.900555479573,10.9604407263,0.566856114019
1.734306,-0.0357644562901,10.0677460476,1.17082704906,0.900555479573,10.9604407263,0.602215230756
1.735972,-0.0357644562901,10.1131269228,1.17082704906,0.829837246099,10.9968465774,0.67293346423
1.737638,-0.0819092459569,10.1131269228,1.17082704906,0.900555479573,10.9968465774,0.602215230756
1.739304,0.0565251230437,10.2038886733,1.2162079243,0.865196362836,10.9240348752,0.566856114019
1.74097,-0.0357644562901,10.1131269228,1.17082704906,0.93591459631,10.9240348752,0.531496997282
1.742636,-0.0357644562901,10.1131269228,1.17082704906,0.900555479573,10.9968465774,0.602215230756
1.744302,0.0103803333768,10.158507798,1.2162079243,0.865196362836,10.887629024,0.531496997282
1.745968,-0.0357644562901,10.1131269228,1.17082704906,0.865196362836,10.9604407263,0.602215230756
1.747634,-0.0357644562901,10.1131269228,1.17082704906,0.900555479573,10.9604407263,0.602215230756
1.7493,-0.0357644562901,10.1131269228,1.17082704906,0.93591459631,11.0696582797,0.637574347493
1.750966,-0.0357644562901,10.1131269228,1.12544617383,0.900555479573,10.9604407263,0.566856114019
1.752632,-0.0357644562901,10.1131269228,1.17082704906,0.865196362836,10.9240348752,0.566856114019
1.754298,-0.0357644562901,10.1131269228,1.17082704906,0.900555479573,10.9240348752,0.531496997282
1.755964,0.0103803333768,10.158507798,1.2162079243,0.93591459631,10.9968465774,0.602215230756
1.75763,-0.0357644562901,10.1131269228,1.12544617383,0.865196362836,10.887629024,0.496137880546
1.759296,-0.0357644562901,10.158507798,1.12544617383,0.865196362836,10.9240348752,0.602215230756
1.760962,0.0103803333768,10.158507798,1.17082704906,0.900555479573,10.9240348752,0.602215230756
1.762628,-0.0357644562901,10.1131269228,1.17082704906,0.971273713047,11.0332524286,0.637574347493
1.764294,-0.0357644562901,10.1131269228,1.17082704906,0.865196362836,10.9604407263,0.566856114019
1.76596,-0.0357644562901,10.1131269228,1.17082704906,0.900555479573,10.9240348752,0.566856114019
1.767626,-0.0357644562901,10.1131269228,1.17082704906,0.865196362836,10.9240348752,0.566856114019
1.769292,0.0103803333768,10.158507798,1.2162079243,0.93591459631,10.9604407263,0.602215230756
1.770958,-0.0357644562901,10.1131269228,1.17082704906,0.829837246099,10.887629024,0.637574347493
1.772624,-0.0357644562901,10.158507798,1.17082704906,0.900555479573,10.9604407263,0.602215230756
1.77429,0.0103803333768,10.158507798,1.17082704906,0.900555479573,10.9240348752,0.566856114019
1.775956,0.0103803333768,10.158507798,1.2162079243,0.93591459631,10.9240348752,0.566856114019
1.777622,-0.0357644562901,10.1131269228,1.17082704906,0.93591459631,10.9968465774,0.602215230756
1.779288,0.0565251230437,10.158507798,1.2162079243,0.865196362836,10.887629024,0.566856114019
1.780954,0.0565251230437,10.2038886733,1.26158879953,0.900555479573,10.9604407263,0.602215230756
1.78262,0.0565251230437,10.158507798,1.2162079243,0.900555479573,10.9604407263,0.602215230756
1.784286,0.0565251230437,10.2038886733,1.26158879953,0.93591459631,11.0696582797,0.67293346423
1.785952,-0.0357644562901,10.1131269228,1.2162079243,0.900555479573,10.9968465774,0.602215230756
1.787618,-0.0357644562901,10.1131269228,1.17082704906,0.865196362836,10.9240348752,0.566856114019
1.789284,-0.0357644562901,10.1131269228,1.17082704906,0.900555479573,10.9240348752,0.566856114019
1.79095,-0.0357644562901,10.1131269228,1.17082704906,0.900555479573,10.9968465774,0.602215230756
1.792616,-0.0357644562901,10.1131269228,1.12544617383,0.794478129363,10.8512231729,0.531496997282
1.794282,-0.0357644562901,10.1131269228,1.17082704906,0.900555479573,10.9604407263,0.602215230756
1.795948,-0.0357644562901,10.1131269228,1.17082704906,0.900555479573,10.9240348752,0.602215230756
1.797614,-0.0357644562901,10.1131269228,1.17082704906,1.00663282978,11.0332524286,0.602215230756
1.79928,-0.0357644562901,10.1131269228,1.17082704906,0.93591459631,10.9604407263,0.602215230756
1.800946,-0.0357644562901,10.1131269228,1.17082704906,0.900555479573,10.9240348752,0.566856114019
1.802612,-0.0357644562901,10.1131269228,1.17082704906,0.900555479573,10.9240348752,0.602215230756
1.804278,-0.0357644562901,10.1131269228,1.12544617383,0.93591459631,10.9240348752,0.602215230756
1.805944,-0.0357644562901,10.1131269228,1.17082704906,0.829837246099,10.887629024,0.637574347493
1.80761,-0.0357644562901,10.1131269228,1.17082704906,0.900555479573,10.9604407263,0.602215230756
1.809276,-0.0357644562901,10.1131269228,1.17082704906,0.900555479573,10.9240348752,0.566856114019
1.810942,-0.0357644562901,10.1131269228,1.17082704906,0.900555479573,10.9604407263,0.602215230756
1.812608,-0.0357644562901,10.1131269228,1.17082704906,0.93591459631,10.9604407263,0.602215230756
1.814274,0.0565251230437,10.158507798,1.17082704906,0.865196362836,10.887629024,0.496137880546
1.81594,0.0565251230437,10.158507798,1.26158879953,0.900555479573,10.9604407263,0.602215230756
1.817606,-0.0357644562901,10.1131269228,1.12544617383,0.900555479573,10.9240348752,0.602215230756
1.819272,-0.0357644562901,10.1131269228,1.17082704906,0.971273713047,10.9968465774,0.602215230756
1.820938,0.102669912711,10.2038886733,1.2162079243,0.93591459631,10.9604407263,0.602215230756
1.822604,0.0103803333768,10.1131269228,1.17082704906,0.900555479573,10.9240348752,0.566856114019
1.82427,-0.0357644562901,10.1131269228,1.17082704906,0.900555479573,10.9240348752,0.566856114019
1.825936,0.0565251230437,10.158507798,1.2162079243,0.93591459631,10.9968465774,0.602215230756
1.827602,0.102669912711,10.2038886733,1.26158879953,0.829837246099,10.8512231729,0.531496997282
1.829268,0.0565251230437,10.2038886733,1.2162079243,0.93591459631,10.9604407263,0.602215230756
1.830934,0.102669912711,10.2038886733,1.26158879953,0.900555479573,10.9240348752,0.602215230756
1.8326,0.0103803333768,10.1131269228,1.2162079243,0.900555479573,10.9240348752,0.602215230756
1.834266,0.0103803333768,10.158507798,1.17082704906,0.93591459631,10.9968465774,0.637574347493
1.835932,-0.0357644562901,10.0677460476,1.12544617383,0.865196362836,10.9240348752,0.531496997282
1.837598,-0.0357644562901,10.0677460476,1.12544617383,0.865196362836,10.9604407263,0.602215230756
1.839264,-0.0357644562901,10.1131269228,1.12544617383,0.900555479573,10.9604407263,0.602215230756
1.84093,-0.0357644562901,10.1131269228,1.17082704906,0.93591459631,11.0696582797,0.67293346423
1.842596,0.0103803333768,10.1131269228,1.17082704906,0.93591459631,10.9604407263,0.602215230756
1.844262,-0.0357644562901,10.1131269228,1.17082704906,0.900555479573,10.9240348752,0.566856114019
1.845928,0.0565251230437,10.158507798,1.26158879953,0.900555479573,10.9604407263,0.602215230756
1.847594,-0.0357644562901,10.1131269228,1.17082704906,0.93591459631,10.9604407263,0.602215230756
1.84926,-0.0357644562901,10.1131269228,1.17082704906,0.829837246099,10.887629024,0.637574347493
1.850926,-0.0357644562901,10.1131269228,1.17082704906,0.900555479573,10.9604407263,0.602215230756
1.852592,0.0565251230437,10.2038886733,1.26158879953,0.900555479573,10.9240348752,0.602215230756
1.854258,-0.0357644562901,10.0677460476,1.12544617383,0.93591459631,10.9968465774,0.602215230756
1.855924,-0.0357644562901,10.1131269228,1.12544617383,0.93591459631,10.9604407263,0.637574347493
1.85759,-0.0357644562901,10.1131269228,1.12544617383,0.865196362836,10.9240348752,0.531496997282
1.859256,0.102669912711,10.2038886733,1.26158879953,0.865196362836,10.9240348752,0.602215230756
1.860922,-0.0357644562901,10.1131269228,1.12544617383,0.900555479573,10.9240348752,0.602215230756
1.862588,-0.0357644562901,10.1131269228,1.17082704906,0.971273713047,11.0696582797,0.637574347493
1.864254,-0.0357644562901,10.1131269228,1.17082704906,0.93591459631,10.9968465774,0.602215230756
1.86592,-0.0357644562901,10.1131269228,1.17082704906,0.900555479573,10.9240348752,0.566856114019
1.867586,-0.0357644562901,10.1131269228,1.17082704906,0.865196362836,10.9240348752,0.566856114019
1.869252,-0.0357644562901,10.1131269228,1.17082704906,0.93591459631,10.9604407263,0.602215230756
1.870918,-0.0357644562901,10.1131269228,1.17082704906,0.829837246099,10.8512231729,0.602215230756
1.872584,-0.0357644562901,10.1131269228,1.17082704906,0.900555479573,10.9968465774,0.602215230756
1.87425,0.0103803333768,10.158507798,1.17082704906,0.93591459631,10.9240348752,0.602215230756
1.875916,-0.0357644562901,10.1131269228,1.17082704906,0.93591459631,10.9968465774,0.602215230756
1.877582,-0.0357644562901,10.1131269228,1.17082704906,0.93591459631,10.9604407263,0.602215230756
1.879248,0.0565251230437,10.2038886733,1.2162079243,0.865196362836,10.9240348752,0.602215230756
1.880914,-0.0357644562901,10.1131269228,1.17082704906,0.865196362836,10.9240348752,0.566856114019
1.88258,-0.0357644562901,10.1131269228,1.17082704906,0.93591459631,10.9604407263,0.602215230756
1.884246,0.0565251230437,10.2038886733,1.2162079243,0.829837246099,10.887629024,0.602215230756
1.885912,-0.0357644562901,10.1131269228,1.17082704906,0.900555479573,10.9604407263,0.566856114019
1.887578,-0.0357644562901,10.1131269228,1.17082704906,0.900555479573,10.9604407263,0.566856114019
1.889244,-0.0357644562901,10.1131269228,1.17082704906,0.93591459631,10.9604407263,0.566856114019
1.89091,0.0565251230437,10.2038886733,1.26158879953,0.900555479573,10.9604407263,0.602215230756
1.892576,-0.0357644562901,10.1131269228,1.17082704906,0.865196362836,10.9240348752,0.531496997282
1.894242,-0.0819092459569,10.1131269228,1.17082704906,0.865196362836,10.9240348752,0.566856114019
1.895908,-0.0357644562901,10.1131269228,1.17082704906,0.900555479573,10.9604407263,0.602215230756
1.897574,-0.0357644562901,10.158507798,1.17082704906,0.829837246099,10.9968465774,0.67293346423
1.89924,-0.0357644562901,10.1131269228,1.17082704906,0.900555479573,10.9968465774,0.602215230756
1.900906,0.0565251230437,10.158507798,1.2162079243,0.900555479573,10.9240348752,0.566856114019
1.902572,-0.0819092459569,10.1131269228,1.12544617383,0.93591459631,10.9604407263,0.566856114019
1.904238,0.0103803333768,10.158507798,1.2162079243,0.93591459631,10.9968465774,0.602215230756
1.905904,0.0565251230437,10.2038886733,1.26158879953,0.829837246099,10.887629024,0.531496997282
1.90757,-0.0357644562901,10.1131269228,1.17082704906,0.900555479573,10.9240348752,0.566856114019
1.909236,-0.0357644562901,10.1131269228,1.17082704906,0.900555479573,10.9604407263,0.602215230756
1.910902,-0.0357644562901,10.1131269228,1.17082704906,0.93591459631,11.0332524286,0.67293346423
1.912568,-0.0357644562901,10.1131269228,1.12544617383,0.865196362836,10.9604407263,0.602215230756
1.914234,-0.0357644562901,10.1131269228,1.12544617383,0.900555479573,10.9240348752,0.566856114019
1.9159,-0.0357644562901,10.1131269228,1.12544617383,0.865196362836,10.9240348752,0.566856114019
1.917566,-0.0357644562901,10.1131269228,1.17082704906,0.93591459631,10.9968465774,0.566856114019
1.919232,-0.0357644562901,10.1131269228,1.17082704906,0.865196362836,10.887629024,0.496137880546
1.920898,-0.0357644562901,10.1131269228,1.17082704906,0.865196362836,10.9240348752,0.566856114019
1.922564,-0.0357644562901,10.1131269228,1.17082704906,0.900555479573,10.9604407263,0.566856114019
1.92423,-0.0357644562901,10.1131269228,1.17082704906,0.93591459631,10.9604407263,0.566856114019
1.925896,0.0103803333768,10.2038886733,1.2162079243,0.900555479573,10.9604407263,0.566856114019
1.927562,-0.0357644562901,10.1131269228,1.17082704906,0.900555479573,10.887629024,0.566856114019
1.929228,-0.0357644562901,10.1131269228,1.17082704906,0.900555479573,10.9240348752,0.602215230756
1.930894,-0.0357644562901,10.158507798,1.17082704906,0.900555479573,10.9604407263,0.566856114019
1.93256,0.0565251230437,10.2492695485,1.26158879953,0.829837246099,10.887629024,0.602215230756
1.934226,-0.0357644562901,10.158507798,1.17082704906,0.900555479573,10.9604407263,0.602215230756
1.935892,-0.0357644562901,10.158507798,1.17082704906,0.865196362836,10.9240348752,0.602215230756
1.937558,-0.0357644562901,10.1131269228,1.17082704906,0.93591459631,10.9240348752,0.566856114019
1.939224,-0.0819092459569,10.1131269228,1.12544617383,0.900555479573,10.9604407263,0.602215230756
1.94089,-0.0357644562901,10.1131269228,1.12544617383,0.865196362836,10.887629024,0.496137880546
1.942556,0.0565251230437,10.2038886733,1.2162079243,0.865196362836,10.9240348752,0.602215230756
1.944222,-0.0357644562901,10.1131269228,1.17082704906,0.900555479573,10.9604407263,0.566856114019
1.945888,-0.0357644562901,10.1131269228,1.17082704906,0.971273713047,11.0696582797,0.637574347493
1.947554,0.0565251230437,10.158507798,1.2162079243,0.865196362836,10.9604407263,0.602215230756
1.94922,-0.0357644562901,10.1131269228,1.17082704906,0.865196362836,10.887629024,0.566856114019
1.950886,-0.0357644562901,10.1131269228,1.17082704906,0.865196362836,10.9240348752,0.602215230756
1.952552,0.0565251230437,10.2038886733,1.26158879953,0.900555479573,10.9604407263,0.602215230756
1.954218,-0.0357644562901,10.1131269228,1.17082704906,0.865196362836,10.887629024,0.531496997282
1.955884,-0.0357644562901,10.1131269228,1.17082704906,0.900555479573,10.9240348752,0.602215230756
1.95755,0.0565251230437,10.2038886733,1.2162079243,0.900555479573,10.9240348752,0.602215230756
1.959216,-0.0357644562901,10.1131269228,1.17082704906,0.93591459631,10.9604407263,0.602215230756
1.960882,-0.0357644562901,10.1131269228,1.17082704906,0.93591459631,10.9968465774,0.637574347493
1.962548,-0.0357644562901,10.1131269228,1.17082704906,0.865196362836,10.887629024,0.566856114019
1.964214,0.0565251230437,10.2038886733,1.26158879953,0.900555479573,10.9240348752,0.602215230756
1.96588,-0.0819092459569,10.1131269228,1.12544617383,0.93591459631,10.9968465774,0.602215230756
1.967546,-0.0357644562901,10.1131269228,1.17082704906,0.794478129363,11.0332524286,0.708292580966
1.969212,-0.0357644562901,10.1131269228,1.17082704906,0.900555479573,10.9240348752,0.602215230756
1.970878,-0.0357644562901,10.1131269228,1.17082704906,0.865196362836,10.9604407263,0.602215230756
1.972544,-0.0357644562901,10.1131269228,1.17082704906,0.93591459631,10.9240348752,0.566856114019
1.97421,-0.0357644562901,10.1131269228,1.17082704906,0.900555479573,10.9968465774,0.602215230756
1.975876,-0.0357644562901,10.1131269228,1.17082704906,0.865196362836,10.887629024,0.566856114019
1.977542,-0.0357644562901,10.1131269228,1.12544617383,0.900555479573,10.9604407263,0.602215230756
1.979208,0.0565251230437,10.2038886733,1.26158879953,0.900555479573,10.9604407263,0.566856114019
1.980874,-0.0357644562901,10.1131269228,1.17082704906,0.971273713047,10.9604407263,0.602215230756
1.98254,-0.0357644562901,10.1131269228,1.12544617383,0.93591459631,10.9968465774,0.602215230756
1.984206,0.0103803333768,10.158507798,1.2162079243,0.865196362836,10.887629024,0.531496997282
1.985872,-0.0357644562901,10.1131269228,1.17082704906,0.900555479573,10.9240348752,0.602215230756
1.987538,0.0103803333768,10.1131269228,1.17082704906,0.93591459631,10.9604407263,0.602215230756
1.989204,-0.0357644562901,10.158507798,1.17082704906,0.865196362836,10.9968465774,0.708292580966
1.99087,-0.0357644562901,10.1131269228,1.17082704906,0.93591459631,10.9604407263,0.602215230756
1.992536,0.0103803333768,10.1131269228,1.12544617383,0.865196362836,10.9604407263,0.566856114019
1.994202,-0.0357644562901,10.0677460476,1.12544617383,0.900555479573,10.9240348752,0.602215230756
1.995868,-0.0357644562901,10.1131269228,1.12544617383,0.900555479573,10.9968465774,0.602215230756
1.997534,-0.0357644562901,10.1131269228,1.12544617383,0.865196362836,10.887629024,0.531496997282
1.9992,-0.0357644562901,10.1131269228,1.17082704906,0.900555479573,10.9240348752,0.602215230756
2.000866,0.102669912711,10.2038886733,1.26158879953,0.900555479573,10.9968465774,0.602215230756
2.002532,0.0565251230437,10.2038886733,1.26158879953,0.971273713047,11.0332524286,0.637574347493
2.004198,-0.0357644562901,10.0677460476,1.17082704906,0.93591459631,10.9968465774,0.602215230756
2.005864,-0.0357644562901,10.1131269228,1.12544617383,0.865196362836,10.9240348752,0.566856114019
2.00753,-0.0357644562901,10.1131269228,1.17082704906,0.865196362836,10.9240348752,0.602215230756
2.009196,-0.0357644562901,10.1131269228,1.17082704906,0.900555479573,10.9968465774,0.602215230756
2.010862,-0.0357644562901,10.1131269228,1.17082704906,0.865196362836,10.9968465774,0.708292580966
2.012528,-0.0357644562901,10.1131269228,1.17082704906,0.93591459631,10.9968465774,0.602215230756
2.014194,-0.0357644562901,10.1131269228,1.17082704906,0.900555479573,10.9240348752,0.602215230756
2.01586,-0.0357644562901,10.1131269228,1.17082704906,0.93591459631,10.9240348752,0.602215230756
2.017526,0.0103803333768,10.1131269228,1.17082704906,0.900555479573,10.9604407263,0.602215230756
2.019192,0.0103803333768,10.1131269228,1.17082704906,0.900555479573,10.9240348752,0.566856114019
2.020858,-0.0357644562901,10.1131269228,1.12544617383,0.900555479573,10.9240348752,0.566856114019
2.022524,0.0565251230437,10.2038886733,1.26158879953,0.93591459631,10.9604407263,0.602215230756
2.02419,0.0565251230437,10.2038886733,1.2162079243,0.971273713047,11.0696582797,0.67293346423
2.025856,-0.0357644562901,10.1131269228,1.17082704906,0.93591459631,10.9968465774,0.637574347493
2.027522,-0.0357644562901,10.1131269228,1.17082704906,0.900555479573,10.9240348752,0.602215230756
2.029188,-0.0357644562901,10.1131269228,1.12544617383,0.865196362836,10.9240348752,0.566856114019
2.030854,0.0565251230437,10.2038886733,1.26158879953,0.93591459631,10.9604407263,0.637574347493
2.03252,-0.0357644562901,10.1131269228,1.12544617383,0.794478129363,10.887629024,0.566856114019
2.034186,-0.0357644562901,10.1131269228,1.17082704906,0.900555479573,10.9968465774,0.637574347493
2.035852,0.0565251230437,10.158507798,1.2162079243,0.900555479573,10.9240348752,0.602215230756
2.037518,0.0103803333768,10.158507798,1.17082704906,0.93591459631,10.9604407263,0.602215230756
2.039184,0.0103803333768,10.1131269228,1.12544617383,0.93591459631,10.9968465774,0.637574347493
2.04085,0.0103803333768,10.1131269228,1.17082704906,0.865196362836,10.887629024,0.531496997282
2.042516,-0.0357644562901,10.1131269228,1.17082704906,0.900555479573,10.9240348752,0.602215230756
2.044182,-0.0357644562901,10.1131269228,1.12544617383,0.900555479573,10.9604407263,0.602215230756
2.045848,-0.0357644562901,10.1131269228,1.17082704906,1.00663282978,11.0332524286,0.637574347493
2.047514,-0.0357644562901,10.1131269228,1.17082704906,0.93591459631,10.9604407263,0.637574347493
2.04918,-0.0357644562901,10.1131269228,1.12544617383,0.900555479573,10.9604407263,0.566856114019
2.050846,-0.0357644562901,10.1131269228,1.17082704906,0.900555479573,10.9240348752,0.602215230756
2.052512,-0.0357644562901,10.0677460476,1.17082704906,0.900555479573,10.9604407263,0.602215230756
2.054178,0.0103803333768,10.1131269228,1.12544617383,0.865196362836,10.887629024,0.531496997282
2.055844,-0.0357644562901,10.1131269228,1.17082704906,0.900555479573,10.9240348752,0.602215230756
2.05751,0.0103803333768,10.1131269228,1.17082704906,0.900555479573,10.9604407263,0.602215230756
2.059176,0.102669912711,10.2038886733,1.26158879953,0.971273713047,10.9604407263,0.602215230756
2.060842,-0.0357644562901,10.1131269228,1.17082704906,0.93591459631,10.9968465774,0.602215230756
2.062508,-0.0357644562901,10.1131269228,1.17082704906,0.900555479573,10.887629024,0.566856114019
2.064174,-0.0357644562901,10.1131269228,1.17082704906,0.93591459631,10.9604407263,0.602215230756
2.06584,-0.0357644562901,10.1131269228,1.12544617383,0.900555479573,10.9968465774,0.602215230756
2.067506,-0.0357644562901,10.1131269228,1.12544617383,0.865196362836,11.0332524286,0.708292580966
2.069172,-0.0357644562901,10.1131269228,1.17082704906,0.93591459631,10.9604407263,0.602215230756
2.070838,-0.0357644562901,10.1131269228,1.17082704906,0.93591459631,10.9240348752,0.566856114019
2.072504,-0.0357644562901,10.1131269228,1.17082704906,0.900555479573,10.9240348752,0.566856114019
2.07417,-0.0357644562901,10.1131269228,1.17082704906,0.93591459631,10.9968465774,0.602215230756
2.075836,-0.0357644562901,10.1131269228,1.17082704906,0.900555479573,10.887629024,0.566856114019
2.077502,-0.0357644562901,10.1131269228,1.17082704906,0.900555479573,10.9240348752,0.566856114019
2.079168,-0.0357644562901,10.1131269228,1.12544617383,0.93591459631,10.9604407263,0.602215230756
2.080834,-0.0357644562901,10.1131269228,1.17082704906,0.865196362836,11.0332524286,0.708292580966
2.0825,-0.0357644562901,10.1131269228,1.12544617383,0.900555479573,10.9604407263,0.602215230756
2.084166,-0.0357644562901,10.1131269228,1.17082704906,0.900555479573,10.9604407263,0.566856114019
2.085832,-0.0357644562901,10.1131269228,1.17082704906,0.93591459631,10.9604407263,0.566856114019
2.087498,-0.0357644562901,10.1131269228,1.17082704906,0.93591459631,10.9240348752,0.602215230756
2.089164,-0.0357644562901,10.1131269228,1.17082704906,0.865196362836,10.9240348752,0.566856114019
2.09083,-0.0357644562901,10.1131269228,1.17082704906,0.900555479573,10.9240348752,0.602215230756
2.092496,-0.0357644562901,10.1131269228,1.17082704906,0.93591459631,10.9604407263,0.602215230756
2.094162,-0.0357644562901,10.158507798,1.17082704906,1.00663282978,11.0696582797,0.67293346423
2.095828,-0.0357644562901,10.1131269228,1.17082704906,0.93591459631,10.9604407263,0.602215230756
2.097494,-0.0357644562901,10.1131269228,1.12544617383,0.900555479573,10.9240348752,0.566856114019
2.09916,-0.0357644562901,10.1131269228,1.17082704906,0.900555479573,10.9240348752,0.566856114019
2.100826,-0.0357644562901,10.1131269228,1.17082704906,0.93591459631,10.9968465774,0.602215230756
2.102492,-0.0357644562901,10.1131269228,1.17082704906,0.865196362836,10.887629024,0.531496997282
2.104158,-0.0357644562901,10.1131269228,1.17082704906,0.900555479573,10.9604407263,0.602215230756
2.105824,-0.0357644562901,10.1131269228,1.17082704906,0.900555479573,10.9604407263,0.602215230756
2.10749,-0.0357644562901,10.1131269228,1.12544617383,1.00663282978,11.0332524286,0.67293346423
2.109156,-0.0357644562901,10.1131269228,1.17082704906,0.900555479573,10.9240348752,0.602215230756
2.110822,-0.0357644562901,10.158507798,1.17082704906,0.900555479573,10.887629024,0.566856114019
2.112488,-0.0357644562901,10.1131269228,1.17082704906,0.865196362836,10.9240348752,0.566856114019
2.114154,-0.0357644562901,10.1131269228,1.17082704906,0.900555479573,10.9604407263,0.602215230756
2.11582,-0.0357644562901,10.1131269228,1.12544617383,0.865196362836,10.8512231729,0.496137880546
2.117486,-0.0819092459569,10.0677460476,1.17082704906,0.93591459631,10.9604407263,0.566856114019
2.119152,-0.0819092459569,10.1131269228,1.17082704906,0.93591459631,10.9240348752,0.566856114019
2.120818,-0.0819092459569,10.1131269228,1.17082704906,0.93591459631,10.9604407263,0.566856114019
2.122484,-0.0357644562901,10.158507798,1.2162079243,0.93591459631,10.9604407263,0.637574347493
2.12415,0.0103803333768,10.158507798,1.2162079243,0.865196362836,10.887629024,0.566856114019
2.125816,-0.0357644562901,10.1131269228,1.17082704906,0.865196362836,10.9240348752,0.566856114019
2.127482,-0.0357644562901,10.1131269228,1.12544617383,0.93591459631,10.9604407263,0.602215230756
2.129148,0.0565251230437,10.2038886733,1.2162079243,0.794478129363,11.0332524286,0.67293346423
2.130814,-0.0819092459569,10.1131269228,1.17082704906,0.93591459631,10.9240348752,0.602215230756
2.13248,-0.0819092459569,10.1131269228,1.17082704906,0.900555479573,10.9240348752,0.566856114019
2.134146,-0.0357644562901,10.1131269228,1.17082704906,0.900555479573,10.9240348752,0.566856114019
2.135812,-0.0357644562901,10.0677460476,1.12544617383,0.93591459631,10.9604407263,0.602215230756
2.137478,0.0565251230437,10.158507798,1.2162079243,0.865196362836,10.887629024,0.531496997282
2.139144,-0.0357644562901,10.1131269228,1.17082704906,0.900555479573,10.887629024,0.602215230756
2.14081,-0.0357644562901,10.1131269228,1.17082704906,0.900555479573,10.9240348752,0.566856114019
2.142476,-0.0357644562901,10.1131269228,1.17082704906,0.971273713047,10.9968465774,0.566856114019
2.144142,-0.0357644562901,10.1131269228,1.12544617383,0.93591459631,10.9604407263,0.602215230756
2.145808,0.0565251230437,10.2038886733,1.26158879953,0.865196362836,10.887629024,0.496137880546
2.147474,-0.0357644562901,10.1131269228,1.17082704906,0.900555479573,10.9240348752,0.602215230756
2.14914,-0.0357644562901,10.1131269228,1.17082704906,0.900555479573,10.9604407263,0.602215230756
2.150806,-0.0357644562901,10.1131269228,1.12544617383,0.865196362836,11.0332524286,0.67293346423
2.152472,0.0565251230437,10.2038886733,1.26158879953,0.900555479573,10.9604407263,0.602215230756
2.154138,-0.0357644562901,10.1131269228,1.17082704906,0.93591459631,10.9604407263,0.566856114019
2.155804,-0.0357644562901,10.1131269228,1.17082704906,0.900555479573,10.887629024,0.566856114019
2.15747,-0.0357644562901,10.158507798,1.17082704906,0.93591459631,10.9968465774,0.602215230756
2.159136,-0.0357644562901,10.1131269228,1.17082704906,0.865196362836,10.887629024,0.531496997282
2.160802,-0.0357644562901,10.1131269228,1.17082704906,0.93591459631,10.9240348752,0.602215230756
2.162468,0.0103803333768,10.158507798,1.17082704906,0.900555479573,10.9604407263,0.602215230756
2.164134,-0.0357644562901,10.1131269228,1.17082704906,1.00663282978,11.0332524286,0.602215230756
2.1658,-0.0357644562901,10.1131269228,1.17082704906,0.93591459631,10.9604407263,0.602215230756
2.167466,-0.0357644562901,10.1131269228,1.17082704906,0.865196362836,10.9240348752,0.566856114019
2.169132,-0.0357644562901,10.1131269228,1.17082704906,0.900555479573,10.9240348752,0.602215230756
2.170798,0.0103803333768,10.158507798,1.17082704906,0.900555479573,10.9968465774,0.602215230756
2.172464,-0.0357644562901,10.1131269228,1.17082704906,0.829837246099,10.887629024,0.531496997282
2.17413,0.0103803333768,10.158507798,1.17082704906,0.865196362836,10.9604407263,0.602215230756
2.175796,-0.0357644562901,10.158507798,1.17082704906,0.900555479573,10.9604407263,0.566856114019
2.177462,-0.0357644562901,10.1131269228,1.17082704906,0.900555479573,10.9240348752,0.602215230756
2.179128,-0.0357644562901,10.1131269228,1.17082704906,0.900555479573,10.9968465774,0.602215230756
2.180794,0.0103803333768,10.158507798,1.17082704906,0.865196362836,10.887629024,0.496137880546
2.18246,-0.0357644562901,10.1131269228,1.12544617383,0.865196362836,10.9240348752,0.602215230756
2.184126,-0.0357644562901,10.1131269228,1.17082704906,0.900555479573,10.9604407263,0.566856114019
2.185792,0.0103803333768,10.158507798,1.17082704906,0.93591459631,11.0332524286,0.67293346423
2.187458,-0.0357644562901,10.1131269228,1.17082704906,0.900555479573,10.9968465774,0.637574347493
2.189124,-0.0357644562901,10.1131269228,1.17082704906,0.865196362836,10.9240348752,0.566856114019
2.19079,-0.0357644562901,10.1131269228,1.17082704906,0.900555479573,10.9240348752,0.566856114019
2.192456,-0.0357644562901,10.1131269228,1.17082704906,0.900555479573,10.9604407263,0.602215230756
2.194122,-0.0357644562901,10.1131269228,1.17082704906,0.865196362836,10.8512231729,0.531496997282
2.195788,0.0103803333768,10.1131269228,1.17082704906,0.900555479573,10.9240348752,0.602215230756
2.197454,-0.0357644562901,10.1131269228,1.12544617383,0.900555479573,10.9240348752,0.602215230756
2.19912,0.102669912711,10.2038886733,1.26158879953,0.900555479573,10.9240348752,0.602215230756
2.200786,-0.0357644562901,10.1131269228,1.17082704906,0.93591459631,11.0332524286,0.602215230756
2.202452,0.0103803333768,10.1131269228,1.17082704906,0.865196362836,10.9240348752,0.566856114019
2.204118,-0.0357644562901,10.1131269228,1.17082704906,0.865196362836,10.9240348752,0.566856114019
2.205784,-0.0357644562901,10.1131269228,1.17082704906,0.93591459631,10.9968465774,0.602215230756
2.20745,0.0103803333768,10.158507798,1.2162079243,0.829837246099,10.9968465774,0.67293346423
2.209116,-0.0357644562901,10.1131269228,1.17082704906,0.93591459631,10.9604407263,0.602215230756
2.210782,0.0103803333768,10.1131269228,1.17082704906,0.900555479573,10.9240348752,0.602215230756
2.212448,-0.0357644562901,10.1131269228,1.17082704906,0.900555479573,10.9604407263,0.566856114019
2.214114,-0.0357644562901,10.1131269228,1.17082704906,0.93591459631,10.9968465774,0.637574347493
2.21578,0.0103803333768,10.158507798,1.17082704906,0.865196362836,10.887629024,0.531496997282
2.217446,-0.0357644562901,10.1131269228,1.17082704906,0.900555479573,10.9240348752,0.602215230756
2.219112,-0.0357644562901,10.1131269228,1.17082704906,0.900555479573,10.9604407263,0.602215230756
2.220778,0.0103803333768,10.1131269228,1.17082704906,1.00663282978,11.0696582797,0.637574347493
2.222444,0.0103803333768,10.1131269228,1.17082704906,0.93591459631,10.9604407263,0.637574347493
2.22411,-0.0357644562901,10.1131269228,1.17082704906,0.900555479573,10.9240348752,0.566856114019
2.225776,0.102669912711,10.2038886733,1.26158879953,0.93591459631,10.9240348752,0.602215230756
2.227442,-0.0357644562901,10.1131269228,1.12544617383,0.93591459631,10.9604407263,0.637574347493
2.229108,-0.0357644562901,10.1131269228,1.17082704906,0.865196362836,10.887629024,0.496137880546
2.230774,-0.0357644562901,10.1131269228,1.17082704906,0.900555479573,10.9604407263,0.602215230756
2.23244,-0.0357644562901,10.1131269228,1.17082704906,0.93591459631,10.9604407263,0.602215230756
2.234106,-0.0357644562901,10.1131269228,1.17082704906,0.971273713047,11.0332524286,0.637574347493
2.235772,-0.0357644562901,10.1131269228,1.17082704906,0.900555479573,10.9968465774,0.602215230756
2.237438,-0.0357644562901,10.1131269228,1.17082704906,0.900555479573,10.9240348752,0.566856114019
2.239104,-0.0357644562901,10.1131269228,1.17082704906,0.900555479573,10.9240348752,0.602215230756
2.24077,-0.0357644562901,10.1131269228,1.12544617383,0.900555479573,10.9604407263,0.602215230756
2.242436,0.0103803333768,10.158507798,1.17082704906,0.865196362836,10.887629024,0.566856114019
2.244102,0.0565251230437,10.158507798,1.2162079243,0.900555479573,10.9968465774,0.602215230756
2.245768,0.102669912711,10.2038886733,1.26158879953,0.93591459631,10.9604407263,0.602215230756
2.247434,-0.0357644562901,10.1131269228,1.17082704906,0.93591459631,10.9240348752,0.602215230756
2.2491,-0.0357644562901,10.1131269228,1.17082704906,0.900555479573,10.9968465774,0.602215230756
2.250766,0.0103803333768,10.1131269228,1.17082704906,0.865196362836,10.887629024,0.566856114019
2.252432,0.0103803333768,10.1131269228,1.17082704906,0.900555479573,10.9604407263,0.602215230756
2.254098,0.0103803333768,10.1131269228,1.17082704906,0.93591459631,10.9604407263,0.602215230756
2.255764,0.0103803333768,10.1131269228,1.17082704906,0.865196362836,10.9968465774,0.67293346423
2.25743,0.0103803333768,10.1131269228,1.17082704906,0.93591459631,10.9240348752,0.637574347493
2.259096,-0.0357644562901,10.1131269228,1.17082704906,0.900555479573,10.9604407263,0.602215230756
2.260762,0.0103803333768,10.1131269228,1.17082704906,0.971273713047,10.9604407263,0.602215230756
2.262428,-0.0357644562901,10.1131269228,1.17082704906,0.93591459631,10.9604407263,0.637574347493
2.264094,-0.0357644562901,10.1131269228,1.17082704906,0.900555479573,10.887629024,0.531496997282
2.26576,-0.0357644562901,10.158507798,1.2162079243,0.900555479573,10.9240348752,0.602215230756
2.267426,-0.0357644562901,10.1131269228,1.17082704906,0.900555479573,10.9240348752,0.566856114019
2.269092,-0.0357644562901,10.1131269228,1.12544617383,0.93591459631,10.9604407263,0.602215230756
2.270758,-0.0357644562901,10.1131269228,1.17082704906,0.93591459631,10.9968465774,0.637574347493
2.272424,0.102669912711,10.2038886733,1.26158879953,0.865196362836,10.887629024,0.531496997282
2.27409,-0.0357644562901,10.1131269228,1.17082704906,0.865196362836,10.9240348752,0.602215230756
2.275756,0.102669912711,10.2038886733,1.26158879953,0.900555479573,10.9604407263,0.602215230756
2.277422,-0.0357644562901,10.1131269228,1.17082704906,0.865196362836,10.9968465774,0.743651697703
2.279088,-0.0357644562901,10.1131269228,1.17082704906,0.865196362836,10.9604407263,0.602215230756
2.280754,0.102669912711,10.2038886733,1.26158879953,0.900555479573,10.9240348752,0.602215230756
2.28242,-0.0357644562901,10.1131269228,1.17082704906,0.900555479573,10.887629024,0.566856114019
2.284086,0.0103803333768,10.1131269228,1.17082704906,0.93591459631,10.9604407263,0.602215230756
2.285752,0.0103803333768,10.1131269228,1.17082704906,0.865196362836,10.887629024,0.531496997282
2.287418,-0.0357644562901,10.1131269228,1.17082704906,0.900555479573,10.9604407263,0.566856114019
2.289084,0.0565251230437,10.158507798,1.2162079243,0.900555479573,10.9604407263,0.602215230756
2.29075,-0.0357644562901,10.1131269228,1.17082704906,0.971273713047,10.9968465774,0.602215230756
2.292416,-0.0357644562901,10.1131269228,1.17082704906,0.900555479573,10.9968465774,0.602215230756
2.294082,-0.0357644562901,10.1131269228,1.17082704906,0.865196362836,10.9240348752,0.531496997282
2.295748,-0.0357644562901,10.1131269228,1.17082704906,0.900555479573,10.9240348752,0.566856114019
2.297414,-0.0357644562901,10.1131269228,1.17082704906,0.93591459631,10.9240348752,0.566856114019
2.29908,-0.0357644562901,10.1131269228,1.17082704906,0.829837246099,10.9240348752,0.637574347493
2.300746,-0.0357644562901,10.158507798,1.17082704906,0.900555479573,10.9604407263,0.602215230756
2.302412,-0.0819092459569,10.1131269228,1.12544617383,0.900555479573,10.9240348752,0.566856114019
2.304078,-0.0357644562901,10.1131269228,1.12544617383,0.971273713047,11.0332524286,0.602215230756
2.305744,-0.0357644562901,10.1131269228,1.17082704906,0.93591459631,10.9604407263,0.602215230756
2.30741,-0.0357644562901,10.1131269228,1.17082704906,0.865196362836,10.9240348752,0.566856114019
2.309076,0.0565251230437,10.2038886733,1.2162079243,0.900555479573,10.9240348752,0.566856114019
2.310742,-0.0357644562901,10.1131269228,1.12544617383,0.93591459631,10.9604407263,0.602215230756
2.312408,-0.0357644562901,10.1131269228,1.17082704906,0.865196362836,10.887629024,0.566856114019
2.314074,-0.0357644562901,10.1131269228,1.12544617383,0.865196362836,10.9240348752,0.602215230756
2.31574,-0.0357644562901,10.1131269228,1.17082704906,0.865196362836,10.9604407263,0.566856114019
2.317406,-0.0357644562901,10.1131269228,1.17082704906,0.971273713047,10.9604407263,0.566856114019
2.319072,0.0565251230437,10.2492695485,1.26158879953,0.93591459631,10.9604407263,0.602215230756
2.320738,-0.0357644562901,10.1131269228,1.12544617383,0.865196362836,10.887629024,0.531496997282
2.322404,-0.0357644562901,10.1131269228,1.12544617383,0.900555479573,10.9240348752,0.566856114019
2.32407,-0.0357644562901,10.1131269228,1.17082704906,0.93591459631,10.9968465774,0.602215230756
2.325736,-0.0357644562901,10.1131269228,1.17082704906,0.829837246099,10.887629024,0.602215230756
2.327402,0.0565251230437,10.2038886733,1.26158879953,0.900555479573,10.9240348752,0.602215230756
2.329068,-0.0357644562901,10.1131269228,1.17082704906,0.900555479573,10.9240348752,0.566856114019
2.330734,-0.0357644562901,10.1131269228,1.17082704906,0.900555479573,10.9240348752,0.602215230756
2.3324,0.0565251230437,10.2038886733,1.26158879953,0.900555479573,10.9968465774,0.602215230756
2.334066,-0.0357644562901,10.1131269228,1.17082704906,0.829837246099,10.887629024,0.496137880546
2.335732,-0.0357644562901,10.1131269228,1.17082704906,0.93591459631,10.9240348752,0.602215230756
2.337398,0.0565251230437,10.2038886733,1.2162079243,0.900555479573,10.9240348752,0.566856114019
2.339064,-0.0357644562901,10.0677460476,1.12544617383,0.971273713047,10.9604407263,0.602215230756
2.34073,-0.0357644562901,10.1131269228,1.12544617383,0.900555479573,10.9968465774,0.602215230756
2.342396,0.102669912711,10.2038886733,1.26158879953,0.865196362836,10.887629024,0.566856114019
2.344062,-0.0357644562901,10.1131269228,1.12544617383,0.900555479573,10.9240348752,0.602215230756
2.345728,-0.0357644562901,10.1131269228,1.17082704906,0.900555479573,10.9604407263,0.602215230756
2.347394,-0.0357644562901,10.1131269228,1.12544617383,0.93591459631,11.0696582797,0.67293346423
2.34906,-0.0357644562901,10.1131269228,1.12544617383,0.900555479573,10.9968465774,0.602215230756
2.350726,-0.0357644562901,10.1131269228,1.17082704906,0.900555479573,10.9240348752,0.566856114019
2.352392,-0.0357644562901,10.1131269228,1.17082704906,0.900555479573,10.9240348752,0.566856114019
2.354058,-0.0357644562901,10.1131269228,1.17082704906,0.900555479573,10.9604407263,0.602215230756
2.355724,-0.0357644562901,10.1131269228,1.17082704906,0.829837246099,10.887629024,0.496137880546
2.35739,-0.0357644562901,10.1131269228,1.17082704906,0.865196362836,10.9240348752,0.566856114019
2.359056,-0.0357644562901,10.1131269228,1.17082704906,0.93591459631,10.9240348752,0.602215230756
2.360722,-0.0819092459569,10.1131269228,1.12544617383,0.93591459631,11.0332524286,0.637574347493
2.362388,0.0565251230437,10.2038886733,1.2162079243,0.900555479573,10.9604407263,0.602215230756
2.364054,-0.0357644562901,10.1131269228,1.17082704906,0.900555479573,10.9240348752,0.566856114019
2.36572,-0.0357644562901,10.1131269228,1.17082704906,0.900555479573,10.9240348752,0.566856114019
2.367386,-0.0357644562901,10.1131269228,1.17082704906,0.93591459631,10.9968465774,0.602215230756
2.369052,0.0565251230437,10.2038886733,1.26158879953,0.829837246099,10.887629024,0.496137880546
2.370718,-0.0357644562901,10.1131269228,1.12544617383,0.900555479573,10.9240348752,0.602215230756
2.372384,-0.0357644562901,10.1131269228,1.17082704906,0.900555479573,10.9604407263,0.602215230756
2.37405,-0.0357644562901,10.1131269228,1.12544617383,1.00663282978,11.0332524286,0.637574347493
2.375716,-0.0357644562901,10.1131269228,1.17082704906,0.900555479573,10.9240348752,0.602215230756
2.377382,-0.0357644562901,10.1131269228,1.17082704906,0.865196362836,10.9240348752,0.566856114019
2.379048,-0.0357644562901,10.1131269228,1.17082704906,0.900555479573,10.9240348752,0.602215230756
2.380714,-0.0357644562901,10.1131269228,1.17082704906,0.900555479573,10.9604407263,0.566856114019
2.38238,0.0103803333768,10.158507798,1.17082704906,0.865196362836,11.0332524286,0.67293346423
2.384046,-0.0357644562901,10.1131269228,1.12544617383,0.900555479573,10.9604407263,0.602215230756
2.385712,-0.0357644562901,10.1131269228,1.17082704906,0.900555479573,10.9240348752,0.566856114019
2.387378,-0.0357644562901,10.1131269228,1.12544617383,0.971273713047,10.9604407263,0.602215230756
2.389044,-0.0357644562901,10.1131269228,1.12544617383,0.900555479573,10.9604407263,0.602215230756
2.39071,-0.0357644562901,10.1131269228,1.17082704906,0.865196362836,10.9240348752,0.566856114019
2.392376,0.102669912711,10.2038886733,1.26158879953,0.900555479573,10.9240348752,0.566856114019
2.394042,-0.0357644562901,10.1131269228,1.17082704906,0.900555479573,10.9604407263,0.602215230756
2.395708,0.102669912711,10.2038886733,1.26158879953,0.829837246099,10.887629024,0.67293346423
2.397374,-0.0357644562901,10.1131269228,1.17082704906,0.900555479573,10.9604407263,0.602215230756
2.39904,0.0565251230437,10.2038886733,1.2162079243,0.865196362836,10.9240348752,0.566856114019
2.400706,-0.0357644562901,10.1131269228,1.17082704906,0.900555479573,10.9240348752,0.566856114019
2.402372,-0.0357644562901,10.1131269228,1.17082704906,0.93591459631,10.9240348752,0.637574347493
2.404038,0.0565251230437,10.1131269228,1.2162079243,0.865196362836,10.887629024,0.531496997282
2.405704,0.0103803333768,10.1131269228,1.17082704906,0.93591459631,10.9240348752,0.602215230756
2.40737,0.0103803333768,10.1131269228,1.17082704906,0.93591459631,10.9240348752,0.602215230756
2.409036,-0.0357644562901,10.1131269228,1.17082704906,1.00663282978,10.9968465774,0.602215230756
2.410702,-0.0357644562901,10.1131269228,1.17082704906,0.93591459631,10.9604407263,0.602215230756
2.412368,-0.0357644562901,10.1131269228,1.17082704906,0.900555479573,10.9240348752,0.566856114019
2.414034,0.0565251230437,10.158507798,1.2162079243,0.865196362836,10.9240348752,0.602215230756
2.4157,-0.0357644562901,10.1131269228,1.17082704906,0.93591459631,10.9968465774,0.602215230756
2.417366,-0.0357644562901,10.1131269228,1.17082704906,0.865196362836,10.887629024,0.496137880546
2.419032,0.0103803333768,10.1131269228,1.17082704906,0.900555479573,10.9604407263,0.602215230756
2.420698,-0.0357644562901,10.1131269228,1.17082704906,0.93591459631,10.9968465774,0.602215230756
2.422364,-0.0357644562901,10.1131269228,1.17082704906,0.971273713047,10.9968465774,0.602215230756
2.42403,-0.0357644562901,10.1131269228,1.17082704906,0.93591459631,10.9604407263,0.602215230756
2.425696,0.0565251230437,10.158507798,1.26158879953,0.900555479573,10.9240348752,0.566856114019
2.427362,-0.0357644562901,10.0677460476,1.12544617383,0.900555479573,10.9240348752,0.602215230756
2.429028,-0.0357644562901,10.1131269228,1.17082704906,0.900555479573,10.9968465774,0.602215230756
2.430694,0.0103803333768,10.1131269228,1.17082704906,0.900555479573,11.0332524286,0.708292580966
2.43236,0.0103803333768,10.1131269228,1.17082704906,0.900555479573,10.9604407263,0.602215230756
2.434026,0.0103803333768,10.1131269228,1.17082704906,0.900555479573,10.9240348752,0.566856114019
2.435692,0.0103803333768,10.1131269228,1.17082704906,0.900555479573,10.9604407263,0.602215230756
2.437358,0.0565251230437,10.158507798,1.26158879953,0.93591459631,10.9604407263,0.602215230756
2.439024,-0.0357644562901,10.1131269228,1.17082704906,0.829837246099,10.887629024,0.67293346423
2.44069,-0.0357644562901,10.1131269228,1.12544617383,0.900555479573,10.9604407263,0.637574347493
2.442356,0.0103803333768,10.1131269228,1.17082704906,0.865196362836,10.9240348752,0.602215230756
2.444022,0.102669912711,10.2038886733,1.26158879953,0.900555479573,10.9240348752,0.566856114019
2.445688,-0.0357644562901,10.1131269228,1.17082704906,0.93591459631,10.9604407263,0.637574347493
2.447354,-0.0357644562901,10.1131269228,1.17082704906,0.865196362836,10.887629024,0.496137880546
2.44902,-0.0357644562901,10.1131269228,1.17082704906,0.900555479573,10.9240348752,0.602215230756
2.450686,-0.0357644562901,10.1131269228,1.17082704906,0.93591459631,10.9968465774,0.602215230756
2.452352,0.0103803333768,10.158507798,1.2162079243,1.00663282978,11.0332524286,0.637574347493
2.454018,-0.0357644562901,10.1131269228,1.12544617383,0.93591459631,10.9604407263,0.602215230756
2.455684,-0.0357644562901,10.1131269228,1.17082704906,0.865196362836,10.9240348752,0.566856114019
2.45735,-0.0357644562901,10.1131269228,1.17082704906,0.900555479573,10.9240348752,0.566856114019
2.459016,-0.0357644562901,10.1131269228,1.17082704906,0.93591459631,10.9968465774,0.602215230756
2.460682,-0.0357644562901,10.1131269228,1.17082704906,0.865196362836,10.887629024,0.637574347493
2.462348,0.0103803333768,10.1131269228,1.17082704906,0.900555479573,10.9240348752,0.602215230756
2.464014,-0.0357644562901,10.1131269228,1.12544617383,0.900555479573,10.9604407263,0.602215230756
2.46568,-0.0357644562901,10.1131269228,1.17082704906,0.93591459631,10.9604407263,0.602215230756
2.467346,-0.0357644562901,10.1131269228,1.17082704906,0.93591459631,10.9968465774,0.602215230756
2.469012,0.0103803333768,10.1131269228,1.17082704906,0.900555479573,10.9240348752,0.566856114019
2.470678,-0.0357644562901,10.1131269228,1.17082704906,0.900555479573,10.9240348752,0.602215230756
2.472344,0.0565251230437,10.158507798,1.2162079243,0.900555479573,10.9240348752,0.602215230756
2.47401,-0.0357644562901,10.1131269228,1.17082704906,0.829837246099,10.887629024,0.602215230756
2.475676,-0.0357644562901,10.1131269228,1.17082704906,0.900555479573,10.9968465774,0.602215230756
2.477342,-0.0357644562901,10.1131269228,1.17082704906,0.93591459631,10.9240348752,0.566856114019
2.479008,-0.0357644562901,10.1131269228,1.17082704906,1.04199194652,11.0332524286,0.602215230756
2.480674,-0.0357644562901,10.1131269228,1.17082704906,0.93591459631,10.9604407263,0.602215230756
2.48234,-0.0357644562901,10.1131269228,1.17082704906,0.865196362836,10.9240348752,0.566856114019
2.484006,-0.0357644562901,10.1131269228,1.17082704906,0.900555479573,10.9240348752,0.566856114019
2.485672,-0.0357644562901,10.1131269228,1.17082704906,0.900555479573,10.9968465774,0.602215230756
2.487338,0.0103803333768,10.1131269228,1.17082704906,0.865196362836,10.887629024,0.496137880546
2.489004,-0.0357644562901,10.1131269228,1.17082704906,0.900555479573,10.9604407263,0.566856114019
2.49067,-0.0357644562901,10.1131269228,1.17082704906,0.865196362836,10.9604407263,0.566856114019
2.492336,-0.0357644562901,10.1131269228,1.17082704906,0.971273713047,10.9604407263,0.566856114019
2.494002,-0.0357644562901,10.158507798,1.17082704906,0.93591459631,10.9968465774,0.602215230756
2.495668,0.0565251230437,10.2038886733,1.2162079243,0.900555479573,10.9240348752,0.566856114019
2.497334,-0.0357644562901,10.1131269228,1.17082704906,0.865196362836,10.9240348752,0.602215230756
2.499,-0.0357644562901,10.1131269228,1.12544617383,0.93591459631,10.9604407263,0.602215230756
2.500666,-0.0357644562901,10.1131269228,1.17082704906,0.93591459631,11.0696582797,0.708292580966
2.502332,-0.0357644562901,10.1131269228,1.12544617383,0.900555479573,10.9604407263,0.602215230756
2.503998,-0.0357644562901,10.1131269228,1.17082704906,0.900555479573,10.9240348752,0.566856114019
2.505664,0.0103803333768,10.1131269228,1.17082704906,0.865196362836,10.9240348752,0.566856114019
2.50733,-0.0357644562901,10.1131269228,1.12544617383,0.93591459631,10.9240348752,0.566856114019
2.508996,-0.0357644562901,10.1131269228,1.17082704906,0.829837246099,10.9604407263,0.67293346423
2.510662,0.102669912711,10.2038886733,1.26158879953,0.900555479573,10.9604407263,0.566856114019
2.512328,-0.0357644562901,10.1131269228,1.17082704906,0.900555479573,10.9604407263,0.566856114019
2.513994,-0.0357644562901,10.1131269228,1.17082704906,0.900555479573,10.9604407263,0.566856114019
2.51566,-0.0357644562901,10.1131269228,1.17082704906,0.900555479573,10.9604407263,0.602215230756
2.517326,0.0565251230437,10.2038886733,1.26158879953,0.865196362836,10.887629024,0.496137880546
2.518992,0.0565251230437,10.2038886733,1.26158879953,0.900555479573,10.9240348752,0.602215230756
2.520658,0.0565251230437,10.2038886733,1.26158879953,0.900555479573,10.9968465774,0.602215230756
2.522324,-0.0357644562901,10.158507798,1.17082704906,1.00663282978,11.0696582797,0.637574347493
2.52399,-0.0357644562901,10.1131269228,1.17082704906,0.900555479573,10.9604407263,0.602215230756
2.525656,-0.0357644562901,10.1131269228,1.17082704906,0.865196362836,10.9240348752,0.566856114019
2.527322,-0.0357644562901,10.1131269228,1.17082704906,0.93591459631,10.9240348752,0.566856114019
2.528988,-0.0357644562901,10.1131269228,1.17082704906,0.900555479573,10.9968465774,0.602215230756
2.530654,-0.0357644562901,10.1131269228,1.17082704906,0.865196362836,10.8512231729,0.602215230756
2.53232,-0.0357644562901,10.1131269228,1.17082704906,0.900555479573,10.9240348752,0.602215230756
2.533986,-0.0357644562901,10.1131269228,1.17082704906,0.900555479573,10.9240348752,0.602215230756
2.535652,-0.0357644562901,10.1131269228,1.17082704906,0.93591459631,10.9240348752,0.566856114019
2.537318,-0.0357644562901,10.1131269228,1.17082704906,0.900555479573,10.9604407263,0.602215230756
2.538984,-0.0357644562901,10.1131269228,1.17082704906,0.865196362836,10.887629024,0.531496997282
2.54065,-0.0357644562901,10.1131269228,1.17082704906,0.829837246099,10.9240348752,0.566856114019
2.542316,-0.0357644562901,10.1131269228,1.17082704906,0.93591459631,10.9240348752,0.602215230756
2.543982,-0.0357644562901,10.1131269228,1.12544617383,0.794478129363,10.887629024,0.637574347493
2.545648,-0.0819092459569,10.1131269228,1.17082704906,0.865196362836,10.9240348752,0.602215230756
2.547314,-0.0819092459569,10.1131269228,1.17082704906,0.900555479573,10.9240348752,0.566856114019
2.54898,-0.0819092459569,10.1131269228,1.12544617383,0.93591459631,10.9604407263,0.602215230756
2.550646,-0.0819092459569,10.0677460476,1.12544617383,0.93591459631,10.9604407263,0.602215230756
2.552312,-0.0819092459569,10.1131269228,1.17082704906,0.865196362836,10.9240348752,0.566856114019
2.553978,-0.0357644562901,10.1131269228,1.17082704906,0.900555479573,10.9240348752,0.566856114019
2.555644,-0.0357644562901,10.1131269228,1.17082704906,0.900555479573,10.9604407263,0.602215230756
2.55731,-0.0357644562901,10.158507798,1.17082704906,0.829837246099,10.887629024,0.637574347493
2.558976,-0.0357644562901,10.1131269228,1.12544617383,0.900555479573,10.9604407263,0.602215230756
2.560642,-0.0357644562901,10.1131269228,1.17082704906,0.900555479573,10.9240348752,0.566856114019
2.562308,-0.0357644562901,10.1131269228,1.17082704906,0.971273713047,10.9968465774,0.602215230756
2.563974,0.0103803333768,10.158507798,1.17082704906,0.900555479573,10.9604407263,0.602215230756
2.56564,-0.0357644562901,10.1131269228,1.17082704906,0.900555479573,10.887629024,0.531496997282
2.567306,-0.0357644562901,10.1131269228,1.17082704906,0.865196362836,10.9240348752,0.602215230756
2.568972,-0.0357644562901,10.1131269228,1.17082704906,0.900555479573,10.9240348752,0.602215230756
2.570638,-0.0357644562901,10.1131269228,1.17082704906,0.971273713047,11.0696582797,0.637574347493
2.572304,0.0103803333768,10.158507798,1.17082704906,0.93591459631,10.9604407263,0.602215230756
2.57397,-0.0357644562901,10.1131269228,1.12544617383,0.900555479573,10.887629024,0.566856114019
2.575636,-0.0819092459569,10.1131269228,1.12544617383,0.900555479573,10.9240348752,0.566856114019
2.577302,-0.0357644562901,10.1131269228,1.12544617383,0.900555479573,10.9604407263,0.602215230756
2.578968,-0.0357644562901,10.1131269228,1.12544617383,0.900555479573,10.887629024,0.566856114019
2.580634,0.0103803333768,10.158507798,1.26158879953,0.900555479573,10.9240348752,0.602215230756
2.5823,-0.0357644562901,10.1131269228,1.17082704906,0.93591459631,10.9240348752,0.602215230756
2.583966,-0.0357644562901,10.1131269228,1.12544617383,0.93591459631,11.0696582797,0.637574347493
2.585632,-0.0357644562901,10.1131269228,1.12544617383,0.93591459631,10.9604407263,0.602215230756
2.587298,-0.0357644562901,10.1131269228,1.17082704906,0.900555479573,10.9240348752,0.566856114019
2.588964,0.0103803333768,10.1131269228,1.17082704906,0.900555479573,10.9240348752,0.602215230756
2.59063,0.0103803333768,10.158507798,1.17082704906,0.865196362836,10.9968465774,0.602215230756
2.592296,-0.0357644562901,10.1131269228,1.17082704906,0.829837246099,10.8512231729,0.531496997282
2.593962,-0.0357644562901,10.1131269228,1.12544617383,0.900555479573,10.9240348752,0.602215230756
2.595628,-0.0357644562901,10.1131269228,1.17082704906,0.93591459631,10.9604407263,0.602215230756
2.597294,-0.0357644562901,10.1131269228,1.17082704906,1.00663282978,11.0696582797,0.67293346423
2.59896,-0.0357644562901,10.1131269228,1.17082704906,0.900555479573,10.9604407263,0.602215230756
2.600626,-0.0357644562901,10.1131269228,1.12544617383,0.900555479573,10.9240348752,0.602215230756
2.602292,-0.0357644562901,10.1131269228,1.17082704906,0.865196362836,10.9240348752,0.566856114019
2.603958,-0.0357644562901,10.1131269228,1.12544617383,0.900555479573,10.9604407263,0.602215230756
2.605624,-0.0357644562901,10.1131269228,1.17082704906,0.865196362836,10.887629024,0.496137880546
2.60729,0.0565251230437,10.2038886733,1.2162079243,0.900555479573,10.9240348752,0.602215230756
2.608956,-0.0357644562901,10.1131269228,1.12544617383,0.900555479573,10.9240348752,0.602215230756
2.610622,-0.0357644562901,10.1131269228,1.17082704906,0.971273713047,11.0332524286,0.637574347493
2.612288,0.0565251230437,10.2038886733,1.2162079243,0.93591459631,10.9968465774,0.602215230756
2.613954,-0.0357644562901,10.1131269228,1.17082704906,0.865196362836,10.9240348752,0.566856114019
2.61562,0.0103803333768,10.1131269228,1.17082704906,0.865196362836,10.9240348752,0.602215230756
2.617286,0.0103803333768,10.158507798,1.17082704906,0.900555479573,10.9604407263,0.602215230756
2.618952,0.102669912711,10.2038886733,1.2162079243,0.829837246099,10.887629024,0.496137880546
2.620618,0.0103803333768,10.1131269228,1.17082704906,0.900555479573,10.9604407263,0.637574347493
2.622284,-0.0357644562901,10.0677460476,1.17082704906,0.900555479573,10.9968465774,0.602215230756
2.62395,-0.0357644562901,10.1131269228,1.17082704906,0.900555479573,11.0332524286,0.708292580966
2.625616,0.0103803333768,10.1131269228,1.17082704906,0.900555479573,10.9240348752,0.637574347493
2.627282,-0.0357644562901,10.1131269228,1.12544617383,0.865196362836,10.9240348752,0.566856114019
2.628948,-0.0357644562901,10.1131269228,1.12544617383,0.900555479573,10.9240348752,0.602215230756
2.630614,-0.0357644562901,10.0677460476,1.12544617383,0.93591459631,10.9968465774,0.602215230756
2.63228,0.0565251230437,10.158507798,1.2162079243,0.829837246099,10.8512231729,0.566856114019
2.633946,-0.0819092459569,10.0677460476,1.08006529859,0.865196362836,10.9240348752,0.602215230756
2.635612,-0.0357644562901,10.1131269228,1.12544617383,0.900555479573,10.9240348752,0.602215230756
2.637278,-0.0357644562901,10.1131269228,1.12544617383,0.93591459631,10.9968465774,0.602215230756
2.638944,-0.0357644562901,10.1131269228,1.12544617383,0.900555479573,10.9604407263,0.602215230756
2.64061,-0.0357644562901,10.1131269228,1.12544617383,0.829837246099,10.887629024,0.531496997282
2.642276,-0.0357644562901,10.1131269228,1.12544617383,0.900555479573,10.9240348752,0.637574347493
2.643942,0.0565251230437,10.158507798,1.17082704906,0.900555479573,10.9604407263,0.602215230756
2.645608,-0.0357644562901,10.1131269228,1.12544617383,0.971273713047,11.0696582797,0.67293346423
2.647274,0.0103803333768,10.1131269228,1.17082704906,0.900555479573,10.9968465774,0.637574347493
2.64894,-0.0357644562901,10.1131269228,1.17082704906,0.865196362836,10.9240348752,0.566856114019
2.650606,0.0103803333768,10.0677460476,1.17082704906,0.865196362836,10.9240348752,0.602215230756
2.652272,-0.0357644562901,10.0677460476,1.17082704906,0.93591459631,10.9604407263,0.602215230756
2.653938,0.0103803333768,10.0677460476,1.17082704906,0.865196362836,10.9240348752,0.708292580966
2.655604,-0.0357644562901,10.1131269228,1.17082704906,0.900555479573,10.9604407263,0.602215230756
2.65727,0.0103803333768,10.0677460476,1.17082704906,0.900555479573,10.9240348752,0.566856114019
2.658936,0.0565251230437,10.2038886733,1.17082704906,0.900555479573,10.9604407263,0.602215230756
2.660602,-0.0357644562901,10.1131269228,1.12544617383,0.93591459631,10.9968465774,0.602215230756
2.662268,-0.0357644562901,10.158507798,1.12544617383,0.829837246099,10.887629024,0.531496997282
2.663934,-0.0357644562901,10.158507798,1.12544617383,0.865196362836,10.9968465774,0.602215230756
2.6656,0.0103803333768,10.158507798,1.17082704906,0.865196362836,10.9604407263,0.602215230756
2.667266,-0.0357644562901,10.158507798,1.12544617383,0.93591459631,10.9968465774,0.602215230756
2.668932,0.102669912711,10.2038886733,1.2162079243,0.900555479573,10.9604407263,0.602215230756
2.670598,-0.0357644562901,10.0677460476,1.12544617383,0.865196362836,10.887629024,0.566856114019
2.672264,-0.0357644562901,10.0677460476,1.12544617383,0.865196362836,10.887629024,0.602215230756
2.67393,-0.0357644562901,10.0677460476,1.17082704906,0.93591459631,10.9604407263,0.602215230756
2.675596,0.0565251230437,10.1131269228,1.26158879953,0.865196362836,10.887629024,0.602215230756
2.677262,0.0565251230437,10.158507798,1.2162079243,0.865196362836,10.9240348752,0.602215230756
2.678928,-0.0357644562901,10.1131269228,1.17082704906,0.900555479573,10.9240348752,0.566856114019
2.680594,-0.0357644562901,10.1131269228,1.17082704906,0.93591459631,10.9968465774,0.602215230756
2.68226,-0.0357644562901,10.158507798,1.12544617383,0.900555479573,10.9968465774,0.602215230756
2.683926,-0.0357644562901,10.158507798,1.17082704906,0.829837246099,10.9240348752,0.566856114019
2.685592,-0.0357644562901,10.158507798,1.12544617383,0.865196362836,10.9604407263,0.602215230756
2.687258,-0.0357644562901,10.1131269228,1.12544617383,0.900555479573,10.9968465774,0.602215230756
2.688924,-0.0357644562901,10.1131269228,1.12544617383,0.971273713047,11.0332524286,0.637574347493
2.69059,-0.0357644562901,10.1131269228,1.17082704906,0.900555479573,10.9604407263,0.602215230756
2.692256,-0.0357644562901,10.1131269228,1.17082704906,0.865196362836,10.887629024,0.531496997282
2.693922,-0.0357644562901,10.0677460476,1.17082704906,0.900555479573,10.9240348752,0.566856114019
2.695588,-0.0357644562901,10.1131269228,1.17082704906,0.93591459631,10.9240348752,0.602215230756
2.697254,0.0565251230437,10.2038886733,1.26158879953,0.794478129363,10.887629024,0.637574347493
2.69892,-0.0357644562901,10.1131269228,1.17082704906,0.93591459631,10.9240348752,0.602215230756
2.700586,-0.0819092459569,10.1131269228,1.17082704906,0.865196362836,10.9604407263,0.566856114019
2.702252,-0.0357644562901,10.1131269228,1.17082704906,0.93591459631,10.9604407263,0.566856114019
2.703918,-0.0357644562901,10.1131269228,1.12544617383,0.900555479573,10.9968465774,0.602215230756
2.705584,0.0103803333768,10.158507798,1.17082704906,0.865196362836,10.9240348752,0.566856114019
2.70725,-0.0357644562901,10.1131269228,1.08006529859,0.829837246099,10.9240348752,0.566856114019
2.708916,-0.0357644562901,10.1131269228,1.12544617383,0.865196362836,10.9968465774,0.602215230756
2.710582,0.0565251230437,10.2038886733,1.2162079243,0.794478129363,10.8512231729,0.566856114019
2.712248,-0.0357644562901,10.1131269228,1.17082704906,0.865196362836,10.9240348752,0.602215230756
2.713914,-0.0357644562901,10.1131269228,1.17082704906,0.93591459631,10.9240348752,0.602215230756
2.71558,-0.0357644562901,10.1131269228,1.17082704906,1.00663282978,10.9968465774,0.602215230756
2.717246,0.0103803333768,10.158507798,1.2162079243,0.93591459631,10.9240348752,0.566856114019
2.718912,0.0103803333768,10.158507798,1.2162079243,0.900555479573,10.9240348752,0.531496997282
2.720578,-0.0357644562901,10.1131269228,1.2162079243,0.865196362836,10.9240348752,0.566856114019
2.722244,0.0565251230437,10.158507798,1.2162079243,0.93591459631,10.9240348752,0.602215230756
2.72391,0.0565251230437,10.2038886733,1.26158879953,0.971273713047,11.0332524286,0.637574347493
2.725576,-0.0819092459569,10.1131269228,1.12544617383,0.900555479573,10.9604407263,0.602215230756
2.727242,-0.0357644562901,10.1131269228,1.17082704906,0.900555479573,10.9240348752,0.566856114019
2.728908,-0.0357644562901,10.1131269228,1.17082704906,0.900555479573,10.9240348752,0.602215230756
2.730574,-0.0357644562901,10.1131269228,1.17082704906,0.900555479573,10.9604407263,0.602215230756
2.73224,-0.0357644562901,10.1131269228,1.17082704906,0.829837246099,10.887629024,0.531496997282
2.733906,-0.0357644562901,10.158507798,1.12544617383,0.865196362836,10.9240348752,0.602215230756
2.735572,-0.0357644562901,10.1131269228,1.17082704906,0.900555479573,10.9968465774,0.566856114019
2.737238,-0.0357644562901,10.1131269228,1.17082704906,0.971273713047,11.0696582797,0.637574347493
2.738904,-0.0357644562901,10.1131269228,1.17082704906,0.93591459631,10.9604407263,0.602215230756
2.74057,-0.0819092459569,10.1131269228,1.12544617383,0.900555479573,10.9240348752,0.566856114019
2.742236,-0.0819092459569,10.1131269228,1.17082704906,0.900555479573,10.9240348752,0.566856114019
2.743902,-0.0357644562901,10.1131269228,1.17082704906,0.93591459631,10.9604407263,0.602215230756
2.745568,-0.0819092459569,10.1131269228,1.17082704906,0.794478129363,10.887629024,0.496137880546
2.747234,-0.0819092459569,10.1131269228,1.17082704906,0.900555479573,10.9604407263,0.602215230756
2.7489,-0.0357644562901,10.1131269228,1.12544617383,0.93591459631,10.9604407263,0.602215230756
2.750566,0.0565251230437,10.2038886733,1.26158879953,0.93591459631,11.0696582797,0.637574347493
2.752232,0.102669912711,10.2492695485,1.26158879953,0.900555479573,10.9604407263,0.602215230756
2.753898,-0.0357644562901,10.1131269228,1.12544617383,0.865196362836,10.9240348752,0.566856114019
2.755564,-0.0357644562901,10.1131269228,1.17082704906,0.865196362836,10.887629024,0.566856114019
2.75723,-0.0819092459569,10.1131269228,1.12544617383,0.93591459631,10.9968465774,0.602215230756
2.758896,-0.0357644562901,10.1131269228,1.17082704906,0.865196362836,10.887629024,0.531496997282
2.760562,-0.0357644562901,10.1131269228,1.17082704906,0.900555479573,10.9240348752,0.602215230756
2.762228,0.0565251230437,10.2038886733,1.26158879953,0.93591459631,10.9604407263,0.602215230756
2.763894,-0.0357644562901,10.1131269228,1.17082704906,1.04199194652,11.0332524286,0.637574347493
2.76556,-0.0357644562901,10.1131269228,1.17082704906,0.900555479573,10.9604407263,0.602215230756
2.767226,-0.0357644562901,10.1131269228,1.17082704906,0.900555479573,10.9240348752,0.566856114019
2.768892,0.0103803333768,10.158507798,1.17082704906,0.865196362836,10.9240348752,0.602215230756
2.770558,-0.0357644562901,10.1131269228,1.17082704906,0.93591459631,10.9604407263,0.602215230756
2.772224,-0.0357644562901,10.1131269228,1.17082704906,0.829837246099,10.887629024,0.531496997282
2.77389,-0.0357644562901,10.1131269228,1.17082704906,0.900555479573,10.9604407263,0.602215230756
2.775556,-0.0357644562901,10.158507798,1.17082704906,0.900555479573,10.9604407263,0.602215230756
2.777222,0.0103803333768,10.158507798,1.17082704906,1.00663282978,11.0332524286,0.602215230756
2.778888,-0.0357644562901,10.1131269228,1.17082704906,0.900555479573,10.9604407263,0.602215230756
2.780554,-0.0357644562901,10.1131269228,1.12544617383,0.865196362836,10.9240348752,0.531496997282
2.78222,-0.0819092459569,10.1131269228,1.12544617383,0.900555479573,10.9240348752,0.566856114019
2.783886,-0.0357644562901,10.1131269228,1.17082704906,0.93591459631,10.9968465774,0.602215230756
2.785552,-0.0819092459569,10.1131269228,1.12544617383,0.93591459631,11.0696582797,0.67293346423
2.787218,-0.0357644562901,10.1131269228,1.17082704906,0.93591459631,10.9604407263,0.602215230756
2.788884,0.0103803333768,10.1131269228,1.2162079243,0.900555479573,10.9240348752,0.566856114019
2.79055,0.0565251230437,10.158507798,1.26158879953,0.900555479573,10.887629024,0.566856114019
2.792216,-0.0357644562901,10.0677460476,1.12544617383,0.93591459631,10.9604407263,0.602215230756
2.793882,-0.0357644562901,10.1131269228,1.17082704906,0.865196362836,10.887629024,0.496137880546
2.795548,-0.0357644562901,10.1131269228,1.17082704906,0.900555479573,10.9240348752,0.602215230756
2.797214,-0.0357644562901,10.1131269228,1.12544617383,0.900555479573,10.9240348752,0.602215230756
2.79888,-0.0357644562901,10.1131269228,1.17082704906,0.971273713047,10.9968465774,0.602215230756
2.800546,-0.0357644562901,10.1131269228,1.12544617383,0.900555479573,10.9968465774,0.602215230756
2.802212,-0.0357644562901,10.1131269228,1.12544617383,0.900555479573,10.9240348752,0.566856114019
2.803878,-0.0357644562901,10.1131269228,1.17082704906,0.900555479573,10.9240348752,0.602215230756
2.805544,0.0103803333768,10.1131269228,1.17082704906,0.93591459631,10.9968465774,0.602215230756
2.80721,0.0565251230437,10.158507798,1.17082704906,0.865196362836,10.9968465774,0.708292580966
2.808876,0.0103803333768,10.1131269228,1.17082704906,0.900555479573,10.9604407263,0.602215230756
2.810542,-0.0357644562901,10.1131269228,1.17082704906,0.93591459631,10.887629024,0.566856114019
2.812208,-0.0357644562901,10.1131269228,1.17082704906,0.900555479573,10.9240348752,0.566856114019
2.813874,-0.0357644562901,10.1131269228,1.17082704906,0.93591459631,10.9604407263,0.602215230756
2.81554,-0.0357644562901,10.1131269228,1.17082704906,0.865196362836,10.887629024,0.566856114019
2.817206,-0.0357644562901,10.1131269228,1.17082704906,0.865196362836,10.9240348752,0.602215230756
2.818872,-0.0357644562901,10.1131269228,1.12544617383,0.900555479573,10.9968465774,0.602215230756
2.820538,-0.0357644562901,10.1131269228,1.12544617383,0.900555479573,11.0696582797,0.67293346423
2.822204,-0.0357644562901,10.1131269228,1.17082704906,0.93591459631,10.9604407263,0.637574347493
2.82387,0.0103803333768,10.1131269228,1.17082704906,0.865196362836,10.9604407263,0.566856114019
2.825536,0.102669912711,10.2038886733,1.26158879953,0.93591459631,10.9240348752,0.602215230756
2.827202,-0.0357644562901,10.0677460476,1.12544617383,0.93591459631,10.9604407263,0.602215230756
2.828868,-0.0357644562901,10.1131269228,1.12544617383,0.829837246099,10.887629024,0.531496997282
2.830534,-0.0357644562901,10.1131269228,1.17082704906,0.93591459631,10.9240348752,0.602215230756
2.8322,0.0565251230437,10.2038886733,1.2162079243,0.865196362836,10.9604407263,0.602215230756
2.833866,-0.0357644562901,10.0677460476,1.12544617383,0.93591459631,10.9240348752,0.602215230756
2.835532,0.0103803333768,10.1131269228,1.17082704906,0.865196362836,10.9604407263,0.602215230756
2.837198,-0.0357644562901,10.1131269228,1.12544617383,0.865196362836,10.9240348752,0.566856114019
2.838864,-0.0357644562901,10.1131269228,1.12544617383,0.865196362836,10.9240348752,0.566856114019
2.84053,-0.0357644562901,10.1131269228,1.12544617383,0.900555479573,10.9968465774,0.602215230756
2.842196,0.0103803333768,10.158507798,1.17082704906,0.93591459631,11.0696582797,0.708292580966
2.843862,0.102669912711,10.2038886733,1.26158879953,0.900555479573,10.9604407263,0.602215230756
2.845528,-0.0357644562901,10.1131269228,1.17082704906,0.865196362836,10.9240348752,0.566856114019
2.847194,-0.0357644562901,10.1131269228,1.17082704906,0.900555479573,10.9240348752,0.566856114019
2.84886,0.0103803333768,10.1131269228,1.2162079243,0.93591459631,10.9968465774,0.602215230756
2.850526,-0.0357644562901,10.1131269228,1.17082704906,0.865196362836,10.887629024,0.531496997282
2.852192,-0.0357644562901,10.1131269228,1.17082704906,0.900555479573,10.9240348752,0.602215230756
2.853858,-0.0357644562901,10.1131269228,1.17082704906,0.900555479573,10.9604407263,0.637574347493
2.855524,-0.0357644562901,10.1131269228,1.17082704906,0.829837246099,11.0332524286,0.743651697703
2.85719,0.0565251230437,10.158507798,1.17082704906,0.900555479573,10.9968465774,0.602215230756
2.858856,-0.0357644562901,10.1131269228,1.12544617383,0.900555479573,10.9240348752,0.602215230756
2.860522,-0.0357644562901,10.1131269228,1.12544617383,0.900555479573,10.9240348752,0.602215230756
2.862188,0.0103803333768,10.1131269228,1.17082704906,0.93591459631,10.9604407263,0.602215230756
2.863854,-0.0357644562901,10.1131269228,1.08006529859,0.865196362836,10.887629024,0.531496997282
2.86552,-0.0357644562901,10.1131269228,1.12544617383,0.93591459631,10.9604407263,0.602215230756
2.867186,-0.0357644562901,10.1131269228,1.17082704906,0.93591459631,10.9604407263,0.602215230756
2.868852,0.0103803333768,10.158507798,1.17082704906,1.04199194652,11.0332524286,0.637574347493
2.870518,-0.0357644562901,10.1131269228,1.17082704906,0.93591459631,10.9968465774,0.602215230756
2.872184,-0.0357644562901,10.1131269228,1.17082704906,0.900555479573,10.9240348752,0.566856114019
2.87385,-0.0819092459569,10.1131269228,1.12544617383,0.900555479573,10.9240348752,0.566856114019
2.875516,-0.0357644562901,10.1131269228,1.12544617383,0.900555479573,10.9604407263,0.602215230756
2.877182,0.0103803333768,10.158507798,1.17082704906,0.794478129363,10.887629024,0.496137880546
2.878848,0.0103803333768,10.1131269228,1.12544617383,0.900555479573,10.9240348752,0.602215230756
2.880514,-0.0357644562901,10.1131269228,1.17082704906,0.900555479573,10.9240348752,0.602215230756
2.88218,-0.0357644562901,10.1131269228,1.12544617383,0.971273713047,10.9604407263,0.602215230756
2.883846,0.0565251230437,10.2038886733,1.2162079243,0.93591459631,10.9968465774,0.602215230756
2.885512,-0.0357644562901,10.1131269228,1.12544617383,0.900555479573,10.9240348752,0.602215230756
2.887178,-0.0357644562901,10.1131269228,1.17082704906,0.900555479573,10.9240348752,0.602215230756
2.888844,-0.0357644562901,10.1131269228,1.12544617383,0.93591459631,10.9968465774,0.602215230756
2.89051,-0.0357644562901,10.1131269228,1.2162079243,0.865196362836,10.887629024,0.531496997282
2.892176,0.0103803333768,10.1131269228,1.17082704906,0.865196362836,10.9968465774,0.602215230756
2.893842,-0.0357644562901,10.1131269228,1.12544617383,0.93591459631,10.9604407263,0.566856114019
2.895508,-0.0357644562901,10.1131269228,1.12544617383,0.971273713047,11.0696582797,0.637574347493
2.897174,-0.0357644562901,10.1131269228,1.17082704906,0.900555479573,10.9240348752,0.602215230756
2.89884,0.102669912711,10.2492695485,1.26158879953,0.865196362836,10.9240348752,0.566856114019
2.900506,-0.0357644562901,10.1131269228,1.12544617383,0.900555479573,10.9240348752,0.566856114019
2.902172,-0.0357644562901,10.1131269228,1.17082704906,0.900555479573,10.9604407263,0.602215230756
2.903838,0.102669912711,10.2492695485,1.26158879953,0.865196362836,10.887629024,0.566856114019
2.905504,-0.0357644562901,10.1131269228,1.17082704906,0.93591459631,10.9240348752,0.602215230756
2.90717,-0.0357644562901,10.1131269228,1.17082704906,0.900555479573,10.9240348752,0.566856114019
2.908836,-0.0819092459569,10.0677460476,1.12544617383,0.93591459631,10.9240348752,0.566856114019
2.910502,-0.0357644562901,10.1131269228,1.17082704906,0.93591459631,10.9604407263,0.566856114019
2.912168,-0.0357644562901,10.1131269228,1.17082704906,0.865196362836,10.887629024,0.531496997282
2.913834,-0.0357644562901,10.1131269228,1.12544617383,0.93591459631,10.9240348752,0.566856114019
2.9155,-0.0357644562901,10.158507798,1.17082704906,0.900555479573,10.9604407263,0.602215230756
2.917166,-0.0357644562901,10.158507798,1.17082704906,0.865196362836,11.0332524286,0.67293346423
2.918832,0.0565251230437,10.2038886733,1.2162079243,0.93591459631,10.9968465774,0.602215230756
2.920498,-0.0357644562901,10.1131269228,1.17082704906,0.865196362836,10.9240348752,0.566856114019
2.922164,-0.0819092459569,10.1131269228,1.12544617383,0.900555479573,10.9240348752,0.531496997282
2.92383,-0.0357644562901,10.1131269228,1.12544617383,0.900555479573,10.9604407263,0.602215230756
2.925496,-0.0357644562901,10.1131269228,1.17082704906,0.865196362836,10.887629024,0.496137880546
2.927162,-0.0357644562901,10.1131269228,1.17082704906,0.93591459631,10.9604407263,0.566856114019
2.928828,-0.0357644562901,10.1131269228,1.2162079243,0.900555479573,10.9604407263,0.566856114019
2.930494,-0.0357644562901,10.1131269228,1.17082704906,0.971273713047,10.9968465774,0.602215230756
2.93216,-0.0357644562901,10.1131269228,1.17082704906,0.93591459631,10.9604407263,0.602215230756
2.933826,-0.0357644562901,10.1131269228,1.12544617383,0.829837246099,10.9240348752,0.531496997282
2.935492,0.0103803333768,10.158507798,1.17082704906,0.865196362836,10.9240348752,0.602215230756
2.937158,-0.0819092459569,10.1131269228,1.12544617383,0.900555479573,10.9604407263,0.566856114019
2.938824,-0.0819092459569,10.1131269228,1.12544617383,0.971273713047,11.0696582797,0.67293346423
2.94049,-0.0357644562901,10.1131269228,1.17082704906,0.93591459631,10.9604407263,0.602215230756
2.942156,-0.0357644562901,10.1131269228,1.12544617383,0.865196362836,10.9240348752,0.531496997282
2.943822,-0.0357644562901,10.1131269228,1.12544617383,0.900555479573,10.9240348752,0.566856114019
2.945488,-0.0357644562901,10.1131269228,1.17082704906,0.93591459631,10.9604407263,0.602215230756
2.947154,-0.0819092459569,10.1131269228,1.17082704906,0.865196362836,10.887629024,0.496137880546
2.94882,-0.0357644562901,10.1131269228,1.12544617383,0.865196362836,10.9240348752,0.602215230756
2.950486,-0.0357644562901,10.1131269228,1.17082704906,0.900555479573,10.9240348752,0.566856114019
2.952152,-0.0357644562901,10.1131269228,1.12544617383,0.971273713047,10.9968465774,0.566856114019
2.953818,-0.0357644562901,10.158507798,1.12544617383,0.900555479573,10.9968465774,0.602215230756
2.955484,-0.0357644562901,10.158507798,1.17082704906,0.829837246099,10.887629024,0.531496997282
2.95715,0.0103803333768,10.158507798,1.2162079243,0.865196362836,10.9240348752,0.566856114019
2.958816,-0.0819092459569,10.0677460476,1.12544617383,0.865196362836,10.9240348752,0.566856114019
2.960482,-0.0357644562901,10.1131269228,1.17082704906,0.971273713047,10.9968465774,0.602215230756
2.962148,-0.0357644562901,10.1131269228,1.17082704906,0.93591459631,10.9604407263,0.566856114019
2.963814,-0.0357644562901,10.1131269228,1.17082704906,0.865196362836,10.887629024,0.566856114019
2.96548,-0.0357644562901,10.1131269228,1.17082704906,0.865196362836,10.9240348752,0.531496997282
2.967146,-0.0357644562901,10.1131269228,1.17082704906,0.93591459631,10.9604407263,0.602215230756
2.968812,-0.0357644562901,10.1131269228,1.12544617383,0.829837246099,10.887629024,0.67293346423
2.970478,-0.0357644562901,10.1131269228,1.17082704906,0.900555479573,10.9968465774,0.566856114019
2.972144,-0.0357644562901,10.1131269228,1.12544617383,0.865196362836,10.9240348752,0.566856114019
2.97381,-0.0357644562901,10.1131269228,1.12544617383,0.865196362836,10.887629024,0.566856114019
2.975476,-0.0357644562901,10.1131269228,1.17082704906,0.900555479573,10.9240348752,0.602215230756
2.977142,-0.0357644562901,10.1131269228,1.17082704906,0.829837246099,10.887629024,0.602215230756
2.978808,0.0565251230437,10.2038886733,1.2162079243,0.900555479573,10.9240348752,0.602215230756
2.980474,-0.0357644562901,10.1131269228,1.17082704906,0.900555479573,10.9240348752,0.602215230756
2.98214,-0.0357644562901,10.1131269228,1.17082704906,1.00663282978,10.9968465774,0.602215230756
2.983806,-0.0357644562901,10.1131269228,1.17082704906,0.93591459631,10.9604407263,0.602215230756
2.985472,-0.0357644562901,10.1131269228,1.17082704906,0.865196362836,10.9240348752,0.496137880546
2.987138,0.102669912711,10.2492695485,1.30696967477,0.900555479573,10.9240348752,0.602215230756
2.988804,-0.0357644562901,10.1131269228,1.17082704906,0.900555479573,10.9968465774,0.566856114019
2.99047,-0.0357644562901,10.1131269228,1.12544617383,0.93591459631,11.0696582797,0.67293346423
2.992136,-0.0357644562901,10.158507798,1.17082704906,0.900555479573,10.9604407263,0.637574347493
2.993802,0.0565251230437,10.158507798,1.2162079243,0.865196362836,10.9240348752,0.566856114019
2.995468,-0.0357644562901,10.1131269228,1.12544617383,0.900555479573,10.9240348752,0.602215230756
2.997134,-0.0357644562901,10.1131269228,1.17082704906,0.900555479573,10.9604407263,0.602215230756
2.9988,-0.0357644562901,10.1131269228,1.17082704906,0.829837246099,10.8512231729,0.637574347493
3.000466,-0.0357644562901,10.1131269228,1.17082704906,0.900555479573,10.9240348752,0.602215230756
3.002132,-0.0357644562901,10.1131269228,1.17082704906,0.900555479573,10.9240348752,0.566856114019
3.003798,-0.0357644562901,10.1131269228,1.12544617383,0.93591459631,10.9240348752,0.566856114019
3.005464,-0.0357644562901,10.1131269228,1.17082704906,0.900555479573,10.9968465774,0.602215230756
3.00713,-0.0357644562901,10.1131269228,1.12544617383,0.865196362836,10.887629024,0.566856114019
3.008796,-0.0357644562901,10.1131269228,1.17082704906,0.865196362836,10.9604407263,0.566856114019
3.010462,-0.0357644562901,10.1131269228,1.17082704906,0.900555479573,10.9604407263,0.602215230756
3.012128,-0.0357644562901,10.1131269228,1.12544617383,0.971273713047,11.0696582797,0.637574347493
3.013794,-0.0357644562901,10.1131269228,1.17082704906,0.93591459631,10.9240348752,0.602215230756
3.01546,-0.0357644562901,10.1131269228,1.12544617383,0.865196362836,10.9240348752,0.566856114019
3.017126,-0.0357644562901,10.1131269228,1.17082704906,0.900555479573,10.9240348752,0.602215230756
3.018792,-0.0357644562901,10.1131269228,1.17082704906,0.93591459631,10.9604407263,0.602215230756
3.020458,0.102669912711,10.2038886733,1.26158879953,0.829837246099,10.9968465774,0.708292580966
3.022124,0.0103803333768,10.1131269228,1.17082704906,0.93591459631,10.9240348752,0.602215230756
3.02379,-0.0357644562901,10.0677460476,1.17082704906,0.900555479573,10.9240348752,0.566856114019
3.025456,-0.0357644562901,10.1131269228,1.17082704906,0.900555479573,10.9240348752,0.566856114019
3.027122,-0.0357644562901,10.0677460476,1.12544617383,0.93591459631,10.9968465774,0.602215230756
3.028788,-0.0357644562901,10.1131269228,1.17082704906,0.865196362836,10.887629024,0.496137880546
3.030454,0.0103803333768,10.1131269228,1.17082704906,0.900555479573,10.9604407263,0.602215230756
3.03212,-0.0357644562901,10.1131269228,1.17082704906,0.900555479573,10.9604407263,0.602215230756
3.033786,-0.0357644562901,10.158507798,1.2162079243,1.07735106326,10.9968465774,0.496137880546
3.035452,0.0565251230437,10.1131269228,1.48849317571,0.971273713047,10.887629024,0.496137880546
3.037118,0.0103803333768,10.0223651723,1.12544617383,0.971273713047,10.7784114706,0.460778763809
3.038784,-0.0357644562901,10.158507798,0.80778004718,0.865196362836,10.9604407263,0.67293346423
3.04045,-0.0357644562901,10.0223651723,1.26158879953,0.900555479573,11.0696582797,0.637574347493
3.042116,-0.0357644562901,10.2038886733,1.39773142524,0.865196362836,11.0332524286,0.708292580966
3.043782,-0.0357644562901,10.2492695485,1.08006529859,0.971273713047,11.0696582797,0.637574347493
3.045448,0.0103803333768,10.158507798,0.989303548122,0.829837246099,10.9240348752,0.602215230756
3.047114,0.0565251230437,10.1131269228,1.08006529859,0.759119012626,10.9240348752,0.566856114019
3.04878,0.102669912711,10.158507798,1.35235055001,0.93591459631,10.9240348752,0.602215230756
3.050446,-0.0357644562901,10.1131269228,1.12544617383,1.11271017999,10.887629024,0.531496997282
3.052112,-0.0357644562901,10.1131269228,1.12544617383,0.971273713047,10.887629024,0.602215230756
3.053778,-0.0357644562901,10.0223651723,1.17082704906,0.971273713047,10.887629024,0.566856114019
3.055444,-2.34300393963,6.07195998309,17.2855758452,3.16574889552,13.3996327522,1.83978431654
3.05711,-0.497212352959,11.3837914294,24.5011350076,-0.834251185326,14.1254744092,0.283983180125
3.058776,-0.404922773625,12.8359794369,23.5481366277,-4.23093633685,9.17882938648,0.955806398124
3.060442,-0.266488404624,9.56855641998,-6.86385691137,3.34254447921,8.08665385249,0.213264946651
3.062108,-0.497212352959,10.0223651723,-17.3944890097,7.94364954458,9.57929374895,-0.10496710398
3.063774,-0.220343614958,7.88946403627,-9.99513730261,5.74917436211,10.6327880661,-0.423199154611
3.06544,-0.589501932292,8.38865366386,13.4713132816,-1.22320146943,14.4167212183,-1.6585582956
3.067106,-1.18938419796,15.6064818701,1.26158879953,3.41326271268,11.9433987069,-0.670712971769
3.068772,-1.8354112533,12.5183133103,-9.35980504932,-3.91270428622,13.797821749,0.213264946651
3.070438,-1.74312167396,10.929982677,-12.039545732,-8.79668228549,11.433716791,0.425419647072
3.072104,-0.174198825291,8.93322416669,3.48525168607,-5.43314630591,7.72259534115,-0.10496710398
3.07377,0.333393861045,10.340031299,6.88881732873,-0.337013606215,7.94103044795,1.13260198181
3.075436,0.656407388713,12.3821706846,-3.32414864301,11.6585667467,10.9968465774,1.20332021528
3.077102,-0.497212352959,12.0645045579,-14.5808747452,13.8530419292,14.0162568558,1.34475668223
3.078768,-0.77408109096,8.34327278862,-3.32414864301,13.3226551782,11.9433987069,0.213264946651
3.080434,0.471828230046,8.84246241621,4.07520306413,8.827627463,11.5793401956,0.107187596441
3.0821,0.194959492044,10.1131269228,-0.417503584176,7.48398102701,13.6521983445,0.283983180125
3.083766,1.07171049571,8.52479628957,0.626256546238,-0.337013606215,13.3632269011,2.54696665128
3.085432,1.62544797172,9.02398591716,11.610697397,-17.112704553,11.8341811535,2.33481195086
3.087098,2.82521250306,12.3367898093,11.9737443989,-8.01657177249,9.36085864215,2.12265725044
3.088764,2.22533023739,10.6576974256,8.61555963143,4.40331798131,10.8148173218,2.68840311823
3.09043,1.30243444405,12.4275515598,-3.23338689253,10.8806661785,11.5065284933,0.425419647072
3.092096,-0.866370670294,10.9753635523,-7.68071266561,4.12044504742,10.9604407263,-1.12817154455
3.093762,-1.65083209463,7.52414799063,2.94068118325,-3.66519046907,11.4701226422,-1.30496712824
3.095428,-0.358777983958,9.47779466951,11.7014591474,3.908290347,9.86826519232,-1.2696080115
3.097094,-2.01999041197,10.4307930495,6.29886595067,3.37790359595,12.525892325,0.107187596441
3.09876,-0.543357142626,9.29627116857,1.67001667665,-0.0541406723205,10.0138885968,0.425419647072
3.100426,0.425683440379,10.7484591761,2.21458717948,-7.80441707207,9.39726449328,2.01657990023
3.102092,0.425683440379,11.0207444275,-0.00907570705749,-9.92817402107,8.63274161948,0.955806398124
3.103758,0.0103803333768,11.8376001818,-4.50405139913,0.0165775611531,9.75904763892,0.00111024623038
3.105424,-1.09709461863,13.5166925655,-9.99513730261,8.79226834627,12.0890221114,0.955806398124
3.10709,-1.4201081463,11.8376001818,-12.7202588605,-0.0541406723205,11.1788758331,-1.02209419434
3.108756,-1.88155604296,10.0223651723,-5.50243065431,-6.63756621975,10.3051354059,-1.41104447845
3.110422,-0.497212352959,10.4761739247,-1.96045334218,2.21105274363,9.03320598195,1.0265246316
3.112088,0.610262599046,9.65931817045,-1.77892984124,2.21105274363,10.4507588104,1.20332021528
3.113754,1.25628965438,8.66093891527,1.12544617383,-2.03646115438,9.32445279101,2.7591213517
3.11542,2.08689586839,9.38703291904,5.89043807355,-5.25635072222,8.99680013082,2.72376223496
3.117086,1.90231670972,10.0223651723,8.29789350479,-3.27403024017,9.97748274571,1.98122078349
3.118752,0.610262599046,11.6560766808,4.39286919078,8.68619099606,11.3973109399,0.390060530335
3.120418,0.148814702377,11.6560766808,2.71377680707,11.6939258635,14.5623446228,-0.21104445419
3.122084,-0.220343614958,10.6123165504,4.9374396936,3.30718536247,13.9434451535,0.248624063388
3.12375,-0.635646721959,9.16012854286,6.52577032684,-4.72596397117,11.7613694512,-1.09281242781
3.125416,0.0565251230437,9.06936679239,5.98119982402,-3.02651642301,9.97748274571,0.283983180125
3.127082,0.656407388713,9.56855641998,3.03144293372,2.14033451016,10.0867002991,0.814369931177
3.128748,0.287249071378,8.16174928768,6.38962770114,-0.584527423372,11.5793401956,1.59227049939
3.130414,0.425683440379,8.75170066574,7.88946562767,-6.84972092017,9.75904763892,1.30939756549
3.13208,0.0565251230437,9.38703291904,4.07520306413,-4.97347778833,7.35853682982,-0.387840037874
3.133746,-0.727936301293,10.4307930495,-4.82171752577,1.04199194652,9.57929374895,-0.21104445419
3.135412,-1.05094982896,10.3854121742,-6.59157165996,4.15580416415,12.6351098784,-0.175685337454
3.137078,-0.635646721959,10.7484591761,-2.59805463924,-0.9049694188,13.1811976454,0.531496997282
3.138744,0.333393861045,9.65931817045,-0.599027085118,-3.38231753517,10.341541257,1.4154749157
3.14041,0.517973019712,8.93322416669,-1.55202546506,-2.70828437238,10.3051354059,2.01657990023
3.142076,0.887131337047,10.1131269228,-7.04538041231,1.04199194652,11.5065284933,1.62762961612
3.143742,1.02556570605,9.3416520438,-3.59643389442,3.02431242858,12.3438630694,2.33481195086
3.145408,1.16400007505,9.70469904569,-2.05348413641,-1.71822910375,10.4507588104,2.15801636718
3.147074,0.70255217838,9.56855641998,-5.3662880286,0.228732261574,8.74195917288,0.460778763809
3.14874,0.287249071378,9.43241379427,-6.41004815901,5.6430970119,10.1231061502,1.0265246316
3.150406,-0.0819092459569,10.340031299,-4.45867052389,6.73922963074,13.3632269011,0.77901081444
3.152072,0.287249071378,9.06936679239,1.94230192807,4.04972681394,12.8899508364,0.849729047914
3.153738,1.02556570605,9.02398591716,4.48363094125,2.88287596163,11.433716791,1.52155226591
3.155404,1.07171049571,9.70469904569,-1.00745496224,3.44862182942,11.5065284933,1.4154749157
3.15707,0.70255217838,8.5701771648,-1.23435933841,4.15580416415,11.5793401956,1.0265246316
3.158736,-0.174198825291,8.16174928768,7.1157217049,-0.266295372741,10.9240348752,0.0364693629672
3.160402,-0.174198825291,9.2055094181,8.07098912861,-0.372372722952,9.65210545121,-0.10496710398
3.162068,-0.358777983958,9.52317554475,3.53063256131,5.57237877842,9.83185934118,0.142546713178
3.163734,-0.174198825291,9.47779466951,-0.0544565822929,3.80221299679,11.2152816842,0.283983180125
3.1654,-0.174198825291,9.06936679239,2.07844455377,0.370168728521,12.0526162603,0.319342296862
3.167066,0.425683440379,8.16174928768,5.52739107166,-0.834251185326,9.65210545121,1.4154749157
3.168732,0.84098654738,8.29789191339,7.34489512484,-5.57458277285,11.3973109399,1.80442519981
3.170398,0.564117809379,9.38703291904,2.71377680707,-5.89281482348,7.97743629909,0.67293346423
3.172064,-0.0819092459569,9.16012854286,1.53387405095,-1.32927881964,9.14242353535,1.20332021528
3.17373,-0.0357644562901,9.2055094181,2.39611068042,-5.39778718917,10.9968465774,0.849729047914
3.175396,0.425683440379,9.56855641998,0.943922672886,-2.9204390728,8.52352406608,0.248624063388
3.177062,-0.174198825291,10.4761739247,-2.59805463924,1.46630134736,10.9240348752,1.13260198181
3.178728,0.564117809379,10.340031299,-2.77957814018,-0.655245656846,10.9604407263,2.26409371739
3.180394,0.425683440379,8.93322416669,-0.599027085118,-2.42541143848,8.59633576835,0.319342296862
3.18206,0.0565251230437,8.88784329145,1.35235055001,-1.18784235269,8.55992991722,1.20332021528
3.183726,0.0103803333768,9.47779466951,0.762399171945,-0.337013606215,9.57929374895,0.107187596441
3.185392,-0.220343614958,9.38703291904,1.9876828033,3.55469917963,9.90467104345,0.708292580966
3.187058,-0.820225880627,10.5215547999,1.53387405095,2.91823507837,11.7977753024,-0.0696079872432
3.188724,-0.912515459961,10.2946504237,1.94230192807,4.15580416415,11.3973109399,-0.741431205242
3.19039,-1.05094982896,10.9753635523,1.94230192807,6.35027934663,11.3244992376,-1.02209419434
3.192056,-0.958660249627,11.2930296789,0.353971294826,7.13038985964,11.1060641308,-0.352480921138
3.193722,-0.589501932292,10.929982677,-1.5974063403,2.9535941951,10.8148173218,-0.493917388085
3.195388,-0.820225880627,9.9769842971,1.44311230048,2.49392567753,10.6691939172,-0.246403570927
3.197054,-0.681791511626,9.29627116857,4.07520306413,-0.337013606215,11.2516875354,-0.140326220717
3.19872,-0.958660249627,9.61393729522,4.75591619266,-0.0894997890573,9.54288789781,-0.352480921138
3.200386,-0.635646721959,9.43241379427,3.48525168607,1.39558311389,9.79545349005,-0.10496710398
3.202052,-0.681791511626,10.5215547999,0.353971294826,-0.337013606215,10.1959178525,0.0364693629672
3.203718,-0.312633194291,10.340031299,-1.96045334218,-1.04640588575,9.57929374895,-0.317121804401
3.205384,-0.312633194291,10.2492695485,0.898541797651,1.2187875302,10.3051354059,0.319342296862
3.20705,-0.451067563292,11.0207444275,2.39611068042,2.52928479426,11.6157460467,0.531496997282
3.208716,0.102669912711,10.7484591761,0.943922672886,0.759119012626,12.234645516,1.0265246316
3.210382,-0.0819092459569,9.9769842971,3.84829868795,-3.62983135233,11.0332524286,0.566856114019
3.212048,-0.128054035624,10.2492695485,3.34910906036,-2.46077055522,8.85117672628,0.955806398124
3.213714,-0.404922773625,9.79546079616,-0.372122708941,-3.34474847364,9.83185934118,0.390060530335
3.21538,-0.497212352959,9.52317554475,-0.916693211766,0.688400779152,10.1231061502,0.071828479704
3.217046,-0.681791511626,10.4761739247,-0.644407960353,3.80221299679,10.1231061502,0.142546713178
3.218712,-0.589501932292,10.340031299,-1.27974021365,0.299450495047,10.1595120014,-0.140326220717
3.220378,-0.220343614958,10.6576974256,-2.50729288877,2.88287596163,10.4143529593,-0.387840037874
3.222044,-0.77408109096,11.4291723046,-1.09821671271,3.59005829637,11.6521518978,0.142546713178
3.22371,-0.404922773625,11.9737428075,-1.5974063403,2.03425715995,12.3074572182,0.142546713178
3.225376,-0.128054035624,10.7484591761,3.3944899356,1.53701958084,11.7249636001,0.0364693629672
3.227042,-0.266488404624,11.3837914294,5.39124844596,5.07735114411,11.7613694512,0.602215230756
3.228708,-0.497212352959,11.111506178,2.21458717948,5.71381524537,12.234645516,0.00111024623038
3.230374,-0.220343614958,10.4761739247,0.263209544355,6.73922963074,10.3051354059,0.0364693629672
3.23204,-0.312633194291,9.84084167139,0.353971294826,5.6430970119,9.65210545121,0.283983180125
3.233706,-0.451067563292,8.75170066574,2.39611068042,1.07735106326,11.3973109399,0.531496997282
3.235372,0.102669912711,10.1131269228,2.35072980518,2.9535941951,10.0867002991,-0.0696079872432
3.237038,-0.220343614958,10.2038886733,2.07844455377,3.59005829637,12.1254279626,1.16796109854
3.238704,0.0103803333768,10.2038886733,2.21458717948,-1.2939197029,13.071980092,1.0265246316
3.24037,0.70255217838,10.6576974256,2.48687243089,-4.61988662096,10.050294448,0.77901081444
3.242036,0.794841757714,11.111506178,3.75753693748,-3.66519046907,10.887629024,1.4154749157
3.243702,0.517973019712,12.1098854332,1.39773142524,-2.2486158548,12.0890221114,1.20332021528
3.245368,0.194959492044,10.5215547999,1.9876828033,0.511605195468,11.2152816842,0.566856114019
3.247034,0.379538650712,9.75007992092,3.07682380895,0.794478129363,10.4507588104,1.34475668223
3.2487,-0.0357644562901,9.2055094181,2.57763418136,-2.60220702217,9.94107689458,0.708292580966
3.250366,0.425683440379,8.97860504192,3.3944899356,0.334809611784,10.6691939172,0.88508816465
3.252032,0.102669912711,8.47941541433,6.07196157449,0.829837246099,11.1060641308,1.48619314918
3.253698,-0.266488404624,8.25251103815,6.16272332496,-3.48839488538,10.0138885968,0.071828479704
3.255364,0.194959492044,10.2038886733,5.02820144407,0.0872957946267,11.5065284933,0.743651697703
3.25703,-0.128054035624,11.7468384313,3.3944899356,0.440886961995,13.5793866422,0.955806398124
3.258696,-0.358777983958,12.0191236827,-0.417503584176,1.2187875302,11.688557749,-0.281762687664
3.260362,-0.497212352959,11.882981057,-2.32576938783,5.32486496127,11.7977753024,-0.0342488705064
3.262028,-0.404922773625,11.9283619322,-1.82431071647,2.74143949468,14.2346919626,0.566856114019
3.263694,-0.128054035624,11.882981057,-2.28038851259,1.11271017999,12.3802689205,0.00111024623038
3.26536,-0.220343614958,10.9753635523,-1.41588283936,5.00663291063,12.5622981762,0.743651697703
3.267026,-0.174198825291,10.929982677,-0.145218332764,3.908290347,13.071980092,1.0265246316
3.268692,-0.128054035624,10.4761739247,-0.735169710824,3.05967154531,11.7977753024,0.319342296862
3.270358,0.287249071378,10.5215547999,0.30859041959,3.94364946373,12.1618338137,0.849729047914
3.272024,0.241104281711,11.4745531799,1.08006529859,3.69613564658,12.4530806228,1.20332021528
3.27369,0.148814702377,11.111506178,-0.599027085118,3.41326271268,12.0890221114,0.637574347493
3.275356,0.241104281711,10.5669356752,0.943922672886,2.9535941951,11.688557749,0.460778763809
3.277022,0.0103803333768,11.1568870532,1.2162079243,1.36022399715,12.234645516,0.67293346423
3.278688,-0.220343614958,11.1568870532,-0.508265334647,-0.72596389032,12.1618338137,0.213264946651
3.280354,0.102669912711,10.1131269228,1.80615930236,-0.0187815555837,11.2152816842,0.67293346423
3.28202,-0.0819092459569,9.93160342186,3.3944899356,-0.9049694188,10.9240348752,0.67293346423
3.283686,0.102669912711,9.56855641998,2.7591576823,-2.6375661389,10.3051354059,0.67293346423
3.285352,0.194959492044,9.70469904569,3.43987081083,-2.46077055522,10.5235705127,0.88508816465
3.287018,0.287249071378,10.7484591761,2.07844455377,-1.32927881964,10.6691939172,0.566856114019
3.288684,-0.0357644562901,10.6576974256,1.03468442336,1.07735106326,10.9240348752,0.425419647072
3.29035,-0.220343614958,10.9753635523,2.44149155566,1.18342841347,12.0162104092,0.496137880546
3.292016,-0.0357644562901,11.2476488037,3.93906043842,-1.75358822048,11.8341811535,0.283983180125
3.293682,-0.128054035624,11.6106958056,2.53225330613,0.228732261574,12.0890221114,0.602215230756
3.295348,-0.0357644562901,11.4291723046,2.80453855754,1.39558311389,12.4530806228,0.920447281387
3.297014,0.287249071378,11.4291723046,2.03306367854,0.122654911363,11.8705870046,0.920447281387
3.29868,0.333393861045,11.1568870532,0.989303548122,1.00663282978,11.6521518978,0.991165514861
3.300346,0.425683440379,11.1568870532,0.898541797651,0.476246078731,11.7977753024,0.920447281387
3.302012,0.102669912711,11.6106958056,-1.14359758794,1.78453339799,11.0332524286,0.637574347493
3.303678,-0.128054035624,10.2492695485,-1.55202546506,3.30718536247,10.6691939172,0.496137880546
3.305344,-0.0357644562901,10.2946504237,0.580875671003,1.92817980974,10.887629024,0.425419647072
3.30701,-0.220343614958,10.4307930495,1.62463580142,1.46630134736,10.8148173218,0.354701413598
3.308676,-0.128054035624,9.9769842971,0.762399171945,2.10497539342,10.8148173218,0.637574347493
3.310342,0.287249071378,10.0223651723,0.535494795768,2.67072126121,10.8148173218,0.602215230756
3.312008,0.148814702377,9.84084167139,1.71539755189,2.63536214447,10.7784114706,0.88508816465
3.313674,0.241104281711,10.1131269228,2.89530030801,2.10497539342,10.7055997684,0.920447281387
3.31534,0.102669912711,10.2492695485,2.80453855754,1.28950576368,10.341541257,0.637574347493
3.317006,0.0565251230437,9.84084167139,1.30696967477,0.617682545679,10.1959178525,0.566856114019
3.318672,0.0103803333768,9.61393729522,0.989303548122,-0.195577139268,10.596382215,0.602215230756
3.320338,0.241104281711,9.43241379427,2.16920630424,-0.690604773583,10.8148173218,0.88508816465
3.322004,0.194959492044,9.70469904569,2.94068118325,-1.82430645396,10.8512231729,0.637574347493
3.32367,0.471828230046,10.2946504237,1.35235055001,-1.50607440333,11.1788758331,1.06188374833
3.325336,0.517973019712,10.158507798,0.535494795768,-0.372372722952,11.3244992376,1.16796109854
3.327002,0.517973019712,10.2492695485,1.57925492618,-1.11712411922,11.3973109399,1.13260198181
3.328668,0.517973019712,10.158507798,1.85154017759,-0.337013606215,10.8512231729,0.991165514861
3.330334,0.471828230046,10.2038886733,1.76077842712,1.43094223063,10.7055997684,1.0265246316
3.332,0.241104281711,10.2038886733,1.30696967477,1.43094223063,11.4701226422,0.920447281387
3.333666,0.148814702377,9.61393729522,0.943922672886,1.43094223063,10.9968465774,0.88508816465
3.335332,0.287249071378,9.52317554475,0.898541797651,1.99889804321,10.5599763638,1.0265246316
3.336998,0.148814702377,9.52317554475,0.717018296709,2.63536214447,10.7420056195,0.920447281387
3.338664,0.148814702377,9.61393729522,-0.599027085118,3.41326271268,10.7420056195,0.814369931177
3.34033,0.0103803333768,9.43241379427,-0.689788835589,3.59005829637,10.6691939172,0.602215230756
3.341996,-0.0819092459569,9.61393729522,-1.14359758794,2.60000302774,10.6327880661,0.566856114019
3.343662,-0.174198825291,9.56855641998,-1.55202546506,2.2817709771,10.7784114706,0.319342296862
3.345328,0.0103803333768,10.0677460476,-1.91507246695,3.48398094616,10.9240348752,0.637574347493
3.346994,0.0565251230437,9.65931817045,-1.23435933841,2.35248921058,10.8148173218,0.566856114019
3.34866,0.0565251230437,9.2055094181,0.0816860434134,1.53701958084,10.5235705127,0.77901081444
3.350326,0.287249071378,9.43241379427,0.80778004718,2.35248921058,10.4507588104,0.955806398124
3.351992,0.241104281711,9.25089029333,0.626256546238,1.96353892647,10.4143529593,0.991165514861
3.353658,0.333393861045,8.84246241621,1.12544617383,1.53701958084,10.0138885968,0.920447281387
3.355324,0.333393861045,8.93322416669,2.25996805471,0.971273713047,10.1959178525,0.991165514861
3.35699,0.241104281711,8.84246241621,2.6230150566,-0.266295372741,10.5599763638,0.849729047914
3.358656,0.241104281711,9.06936679239,3.07682380895,-0.72596389032,10.6327880661,0.920447281387
3.360322,0.379538650712,9.56855641998,2.53225330613,-0.0894997890573,10.3779471082,1.20332021528
3.361988,0.610262599046,9.3416520438,2.21458717948,-1.01104676901,10.7055997684,1.34475668223
3.363654,0.70255217838,9.2055094181,2.53225330613,-2.81436172259,10.2687295548,1.34475668223
3.36532,0.70255217838,9.38703291904,3.03144293372,-2.60220702217,9.86826519232,1.30939756549
3.366986,0.564117809379,9.16012854286,3.07682380895,-1.9657429209,10.2687295548,1.23867933202
3.368652,0.471828230046,9.02398591716,3.12220468419,-1.01104676901,10.1959178525,1.13260198181
3.370318,0.241104281711,9.06936679239,3.03144293372,-0.160218022531,10.1595120014,0.920447281387
3.371984,0.194959492044,9.3416520438,2.25996805471,0.334809611784,9.94107689458,0.77901081444
3.37365,0.102669912711,9.38703291904,1.57925492618,0.511605195468,9.94107689458,0.531496997282
3.375316,0.102669912711,9.52317554475,1.44311230048,1.53701958084,10.1959178525,0.637574347493
3.376982,0.0565251230437,9.61393729522,1.35235055001,2.03425715995,10.6327880661,0.708292580966
3.378648,-0.0357644562901,9.65931817045,1.48849317571,1.46630134736,10.8148173218,0.602215230756
3.380314,-0.0819092459569,9.79546079616,0.717018296709,1.53701958084,10.7420056195,0.460778763809
3.38198,-0.220343614958,10.0677460476,-0.00907570705749,2.74143949468,10.7055997684,0.496137880546
3.383646,-0.174198825291,10.0677460476,-0.417503584176,2.564643911,10.6327880661,0.354701413598
3.385312,-0.220343614958,9.84084167139,-0.508265334647,2.52928479426,10.5235705127,0.354701413598
3.386978,-0.174198825291,9.93160342186,-0.644407960353,2.03425715995,10.7055997684,0.460778763809
3.388644,-0.128054035624,9.70469904569,-0.462884459412,1.60773781431,10.7055997684,0.566856114019
3.39031,-0.0819092459569,9.75007992092,-0.462884459412,1.85746157626,10.7784114706,0.496137880546
3.391976,-0.0357644562901,9.75007992092,-0.0998374575283,1.892820693,10.887629024,0.637574347493
3.393642,0.0103803333768,9.84084167139,0.671637421474,0.794478129363,11.0332524286,0.708292580966
3.395308,0.0565251230437,10.0677460476,0.762399171945,0.264091378311,11.0332524286,0.77901081444
3.396974,0.0565251230437,10.0223651723,0.399352170061,0.0165775611531,10.8148173218,0.77901081444
3.39864,0.0565251230437,10.0677460476,0.671637421474,-0.230936256004,10.7784114706,0.637574347493
3.400306,-0.0357644562901,10.1131269228,1.2162079243,0.0519366778899,10.887629024,0.637574347493
3.401972,-0.0819092459569,10.158507798,1.08006529859,0.299450495047,10.6691939172,0.496137880546
3.403638,-0.174198825291,9.93160342186,0.898541797651,0.228732261574,10.7055997684,0.460778763809
3.405304,-0.220343614958,9.79546079616,1.57925492618,-0.443090956425,10.7420056195,0.390060530335
3.40697,-0.358777983958,10.0677460476,1.48849317571,-0.798892068589,10.596382215,0.248624063388
3.408636,-0.358777983958,10.2492695485,1.08006529859,-0.0187815555837,10.9240348752,0.177905829914
3.410302,-0.543357142626,10.4307930495,1.26158879953,0.546964312205,11.1060641308,0.071828479704
3.411968,-0.589501932292,10.7030783009,1.12544617383,1.78453339799,10.9968465774,0.00111024623038
3.413634,-0.543357142626,10.8846018018,1.53387405095,1.81989251473,11.3973109399,-0.0696079872432
3.4153,-0.589501932292,11.111506178,1.44311230048,1.25414664694,11.1788758331,-0.10496710398
3.416966,-0.451067563292,11.3384105542,0.0816860434134,2.35248921058,11.2152816842,0.071828479704
3.418632,-0.497212352959,10.8392209266,0.399352170061,1.74917428126,11.1060641308,0.107187596441
3.420298,-0.451067563292,10.7484591761,0.943922672886,0.865196362836,10.887629024,0.071828479704
3.421964,-0.404922773625,10.9753635523,0.353971294826,2.10497539342,11.0696582797,0.177905829914
3.42363,-0.497212352959,10.8392209266,0.444733045297,2.03425715995,11.3973109399,0.177905829914
3.425296,-0.543357142626,10.6123165504,1.30696967477,1.07735106326,11.2880933865,0.071828479704
3.426962,-0.404922773625,10.8846018018,0.717018296709,1.04199194652,10.9240348752,0.248624063388
3.428628,-0.312633194291,10.8392209266,0.172447793884,-0.0541406723205,11.0696582797,0.213264946651
3.430294,-0.312633194291,10.7938400513,0.172447793884,-0.443090956425,10.7055997684,0.213264946651
3.43196,-0.220343614958,10.3854121742,0.898541797651,0.0165775611531,10.7784114706,0.390060530335
3.433626,-0.220343614958,10.340031299,2.21458717948,-0.513809189899,10.9240348752,0.460778763809
3.435292,-0.266488404624,10.5669356752,2.35072980518,-0.869610302063,10.9968465774,0.319342296862
3.436958,-0.266488404624,10.340031299,2.57763418136,-0.513809189899,10.887629024,0.460778763809
3.438624,-0.358777983958,10.2492695485,3.07682380895,-1.01104676901,10.6327880661,0.213264946651
3.44029,-0.451067563292,10.2492695485,3.16758555942,-0.834251185326,10.8148173218,0.319342296862
3.441956,-0.312633194291,10.7484591761,3.03144293372,-0.124858905794,11.0696582797,0.213264946651
3.443622,-0.266488404624,11.111506178,2.25996805471,0.0519366778899,11.142469982,0.177905829914
3.445288,-0.174198825291,10.7030783009,2.25996805471,-0.266295372741,11.3609050888,0.283983180125
3.446954,-0.174198825291,10.7030783009,2.6230150566,-0.690604773583,11.3973109399,0.319342296862
3.44862,-0.0819092459569,10.929982677,1.9876828033,-0.195577139268,11.688557749,0.460778763809
3.450286,-0.0819092459569,10.7030783009,1.57925492618,0.0872957946267,11.8705870046,0.496137880546
3.451952,-0.174198825291,10.5215547999,1.57925492618,0.971273713047,11.433716791,0.354701413598
3.453618,-0.128054035624,10.5215547999,0.762399171945,1.81989251473,11.4701226422,0.566856114019
3.455284,-0.174198825291,10.2946504237,0.353971294826,1.53701958084,11.5793401956,0.496137880546
3.45695,-0.0357644562901,10.4761739247,-0.372122708941,2.03425715995,11.3244992376,0.460778763809
3.458616,-0.0819092459569,10.2946504237,-0.644407960353,2.77679861142,11.3244992376,0.566856114019
3.460282,-0.0357644562901,9.93160342186,0.172447793884,2.60000302774,11.4701226422,0.637574347493
3.461948,-0.0357644562901,10.2946504237,0.399352170061,2.60000302774,11.3244992376,0.566856114019
3.463614,0.0103803333768,10.5669356752,-0.372122708941,2.67072126121,11.5793401956,0.708292580966
3.46528,0.0565251230437,10.4307930495,-0.599027085118,1.74917428126,11.4701226422,0.531496997282
3.466946,-0.128054035624,10.340031299,-0.553646209883,1.74917428126,11.3973109399,0.566856114019
3.468612,-0.220343614958,10.2492695485,-0.735169710824,1.53701958084,11.4701226422,0.566856114019
3.470278,-0.128054035624,10.2946504237,-0.508265334647,0.865196362836,11.3244992376,0.390060530335
3.471944,-0.0819092459569,10.340031299,-0.508265334647,1.07735106326,11.3609050888,0.531496997282
3.47361,-0.0357644562901,9.75007992092,0.0816860434134,0.865196362836,11.2152816842,0.637574347493
3.475276,0.102669912711,9.84084167139,1.12544617383,0.1580140281,10.9968465774,0.602215230756
3.476942,0.102669912711,10.0223651723,1.89692105283,0.193373144837,11.2152816842,0.814369931177
3.478608,0.194959492044,10.0223651723,2.12382542901,0.264091378311,11.0332524286,0.814369931177
3.480274,0.148814702377,9.79546079616,2.7591576823,0.122654911363,10.9240348752,0.849729047914
3.48194,0.148814702377,9.75007992092,3.21296643466,0.193373144837,10.7420056195,0.77901081444
3.483606,0.241104281711,9.93160342186,2.6230150566,0.370168728521,10.6691939172,0.708292580966
3.485272,0.241104281711,9.84084167139,2.57763418136,0.688400779152,10.6691939172,0.77901081444
3.486938,0.287249071378,9.88622254663,2.80453855754,0.476246078731,10.6327880661,0.77901081444
3.488604,0.148814702377,9.65931817045,2.98606205848,0.0165775611531,10.5599763638,0.743651697703
3.49027,0.194959492044,10.0677460476,2.39611068042,0.122654911363,10.8512231729,0.77901081444
3.491936,0.148814702377,10.2492695485,1.48849317571,0.264091378311,11.0332524286,0.743651697703
3.493602,0.148814702377,10.0223651723,0.943922672886,0.546964312205,10.9240348752,0.708292580966
3.495268,0.194959492044,10.0677460476,1.35235055001,0.688400779152,10.887629024,0.67293346423
3.496934,0.0565251230437,10.158507798,1.35235055001,0.865196362836,10.9968465774,0.637574347493
3.4986,0.0565251230437,10.340031299,0.853160922416,1.67845604778,10.7420056195,0.602215230756
3.500266,0.0565251230437,10.2038886733,0.580875671003,2.63536214447,10.5599763638,0.566856114019
3.501932,-0.128054035624,9.75007992092,0.671637421474,1.78453339799,10.4143529593,0.566856114019
3.503598,-0.0819092459569,9.88622254663,0.626256546238,0.900555479573,10.341541257,0.531496997282
3.505264,-0.0357644562901,9.79546079616,0.353971294826,1.36022399715,10.341541257,0.425419647072
3.50693,-0.220343614958,9.65931817045,0.127066918649,2.10497539342,10.1959178525,0.496137880546
3.508596,-0.174198825291,9.47779466951,1.48849317571,1.64309693105,10.1959178525,0.637574347493
3.510262,-0.128054035624,9.88622254663,1.71539755189,1.07735106326,10.0867002991,0.496137880546
3.511928,0.148814702377,10.158507798,0.399352170061,0.405527845258,10.6691939172,0.77901081444
3.513594,0.194959492044,9.88622254663,0.353971294826,0.0165775611531,10.4871646616,0.566856114019
3.51526,0.102669912711,9.88622254663,0.490113920532,1.60773781431,10.341541257,0.77901081444
3.516926,0.102669912711,9.16012854286,2.53225330613,0.228732261574,10.8148173218,0.77901081444
3.518592,0.102669912711,9.65931817045,3.62139431178,-0.195577139268,10.2687295548,0.566856114019
3.520258,0.287249071378,10.0677460476,1.17082704906,1.2187875302,10.3779471082,0.743651697703
3.521924,0.102669912711,9.02398591716,2.57763418136,1.11271017999,10.9604407263,0.955806398124
3.52359,0.241104281711,9.43241379427,3.03144293372,0.0872957946267,10.4143529593,0.743651697703
3.525256,0.241104281711,9.93160342186,1.44311230048,1.46630134736,10.5599763638,0.920447281387
3.526922,0.241104281711,9.70469904569,0.853160922416,0.93591459631,10.8512231729,0.77901081444
3.528588,0.102669912711,9.75007992092,1.53387405095,1.5016604641,10.4871646616,0.637574347493
3.530254,-0.0819092459569,9.43241379427,1.62463580142,2.10497539342,10.7420056195,0.88508816465
3.53192,0.0103803333768,10.0677460476,1.39773142524,0.1580140281,10.887629024,0.496137880546
3.533586,0.148814702377,10.4761739247,-0.145218332764,1.36022399715,10.9240348752,0.531496997282
3.535252,-0.128054035624,9.56855641998,-1.41588283936,2.88287596163,10.8148173218,0.708292580966
3.536918,-0.174198825291,9.65931817045,0.127066918649,1.53701958084,10.341541257,0.390060530335
3.538584,0.0103803333768,10.158507798,0.0816860434134,2.2817709771,10.887629024,0.637574347493
3.54025,0.0103803333768,10.1131269228,-1.05283583747,3.05967154531,10.7420056195,0.743651697703
3.541916,0.148814702377,9.88622254663,-0.28136095847,1.25414664694,10.8148173218,0.637574347493
3.543582,-0.0819092459569,9.29627116857,0.353971294826,1.96353892647,10.4143529593,0.814369931177
3.545248,0.148814702377,9.65931817045,0.490113920532,1.04199194652,10.9240348752,0.77901081444
3.546914,0.287249071378,10.0677460476,0.399352170061,1.36022399715,10.8148173218,0.849729047914
3.54858,0.148814702377,9.16012854286,1.08006529859,1.32486488041,10.8512231729,0.849729047914
3.550246,0.241104281711,9.88622254663,0.535494795768,0.794478129363,10.1595120014,0.67293346423
3.551912,0.287249071378,9.47779466951,2.16920630424,1.14806929673,10.7055997684,0.991165514861
3.553578,0.333393861045,9.84084167139,1.94230192807,0.334809611784,11.0332524286,0.88508816465
3.555244,0.425683440379,9.75007992092,1.76077842712,0.511605195468,10.9240348752,1.27403844876
3.55691,0.425683440379,9.02398591716,3.57601343654,-0.869610302063,10.7420056195,0.920447281387
3.558576,0.379538650712,9.93160342186,2.6230150566,0.794478129363,10.3051354059,0.955806398124
3.560242,0.471828230046,9.47779466951,3.16758555942,-0.798892068589,11.2880933865,1.06188374833
3.561908,0.471828230046,10.0677460476,3.03144293372,0.228732261574,10.4871646616,0.849729047914
3.563574,0.241104281711,9.88622254663,2.6230150566,0.193373144837,11.3244992376,0.77901081444
3.56524,0.194959492044,10.0223651723,3.03144293372,-0.443090956425,11.0696582797,0.814369931177
3.566906,0.194959492044,10.7938400513,1.76077842712,0.0165775611531,11.1788758331,0.743651697703
3.568572,0.102669912711,10.2038886733,1.03468442336,1.892820693,11.688557749,0.920447281387
3.570238,0.102669912711,10.0677460476,0.943922672886,0.546964312205,11.142469982,0.566856114019
3.571904,0.0565251230437,9.84084167139,1.76077842712,-1.22320146943,11.142469982,0.920447281387
3.57357,0.194959492044,10.3854121742,-0.235980083235,1.07735106326,10.887629024,0.67293346423
3.575236,0.0565251230437,10.340031299,-0.508265334647,0.334809611784,11.8341811535,0.88508816465
3.576902,0.0565251230437,10.0677460476,0.172447793884,0.971273713047,11.1060641308,0.920447281387
3.578568,-0.0357644562901,9.75007992092,0.0816860434134,2.564643911,10.9968465774,0.88508816465
3.580234,-0.0357644562901,10.3854121742,-0.553646209883,0.511605195468,11.3609050888,0.354701413598
3.5819,0.0103803333768,10.4307930495,-0.417503584176,2.49392567753,10.887629024,0.67293346423
3.583566,0.148814702377,10.2946504237,-0.553646209883,1.96353892647,11.4701226422,0.743651697703
3.585232,0.102669912711,10.0223651723,1.85154017759,1.60773781431,11.0332524286,0.460778763809
3.586898,0.102669912711,10.4307930495,0.717018296709,0.971273713047,12.0162104092,0.77901081444
3.588564,0.241104281711,10.929982677,0.490113920532,1.25414664694,11.9069928558,0.920447281387
3.59023,0.287249071378,10.7938400513,-0.145218332764,1.11271017999,11.8341811535,0.67293346423
3.591896,-0.0819092459569,10.2946504237,1.44311230048,-0.230936256004,11.6157460467,0.496137880546
3.593562,0.194959492044,10.7938400513,1.53387405095,1.00663282978,11.5793401956,0.849729047914
3.595228,0.102669912711,10.7938400513,1.17082704906,0.546964312205,11.7249636001,0.496137880546
3.596894,-0.0357644562901,10.3854121742,1.12544617383,-0.443090956425,11.4701226422,0.460778763809
3.59856,0.0103803333768,10.6123165504,0.762399171945,0.405527845258,11.3244992376,0.602215230756
3.600226,0.0103803333768,10.5215547999,1.67001667665,-0.372372722952,11.9433987069,0.77901081444
3.601892,-0.0357644562901,10.4307930495,2.6230150566,-1.11712411922,11.5793401956,0.460778763809
3.603558,-0.220343614958,10.7938400513,1.62463580142,1.04199194652,11.3973109399,0.496137880546
3.605224,-0.0819092459569,10.2946504237,1.53387405095,1.18342841347,11.3609050888,0.67293346423
3.60689,-0.266488404624,10.7030783009,2.03306367854,-0.160218022531,10.9240348752,0.0364693629672
3.608556,-0.266488404624,10.8392209266,0.943922672886,1.5016604641,11.1060641308,0.390060530335
3.610222,-0.128054035624,10.6576974256,-0.0544565822929,1.64309693105,11.2152816842,0.531496997282
3.611888,-0.174198825291,10.2492695485,1.44311230048,-0.407731839688,11.2880933865,0.390060530335
3.613554,-0.220343614958,10.4761739247,0.989303548122,0.971273713047,11.0696582797,0.460778763809
3.61522,-0.0819092459569,10.6123165504,0.717018296709,1.18342841347,11.6157460467,0.743651697703
3.616886,-0.0357644562901,10.7938400513,0.762399171945,0.688400779152,11.2152816842,0.354701413598
3.618552,-0.312633194291,10.8392209266,-0.372122708941,1.96353892647,11.0332524286,0.354701413598
3.620218,-0.0819092459569,10.4761739247,-0.00907570705749,1.32486488041,11.0332524286,0.319342296862
3.621884,-0.312633194291,10.4761739247,1.08006529859,0.264091378311,10.9240348752,0.213264946651
3.62355,-0.451067563292,10.4307930495,1.12544617383,1.60773781431,10.887629024,0.177905829914
3.625216,-0.404922773625,10.6123165504,0.762399171945,2.67072126121,10.7055997684,0.283983180125
3.626882,-0.404922773625,10.158507798,1.9876828033,1.14806929673,10.7420056195,0.248624063388
3.628548,-0.451067563292,10.3854121742,2.44149155566,0.93591459631,10.4871646616,0.071828479704
3.630214,-0.358777983958,10.6123165504,1.76077842712,1.57237869757,10.7784114706,0.213264946651
3.63188,-0.358777983958,10.340031299,2.80453855754,0.546964312205,10.7420056195,0.213264946651
3.633546,-0.497212352959,10.8392209266,2.71377680707,0.794478129363,10.7055997684,0.107187596441
3.635212,-0.312633194291,10.7030783009,1.71539755189,0.971273713047,11.1788758331,0.248624063388
3.636878,-0.174198825291,10.6123165504,1.76077842712,-0.9049694188,11.3973109399,0.319342296862
3.638544,-0.174198825291,10.7030783009,1.62463580142,-0.0187815555837,11.0696582797,0.425419647072
3.64021,-0.174198825291,10.6576974256,1.08006529859,0.794478129363,11.1788758331,0.496137880546
3.641876,-0.0819092459569,10.3854121742,2.03306367854,-0.407731839688,10.9968465774,0.425419647072
3.643542,-0.174198825291,10.4761739247,2.07844455377,0.0165775611531,10.9604407263,0.460778763809
3.645208,-0.220343614958,10.4307930495,0.898541797651,1.2187875302,10.9968465774,0.460778763809
3.646874,-0.358777983958,10.0223651723,1.53387405095,0.546964312205,10.6327880661,0.213264946651
3.64854,-0.404922773625,10.4307930495,1.30696967477,1.36022399715,10.596382215,0.213264946651
3.650206,-0.497212352959,10.340031299,0.717018296709,2.38784832731,10.6327880661,0.213264946651
3.651872,-0.497212352959,10.2492695485,1.35235055001,1.39558311389,10.9968465774,0.071828479704
3.653538,-0.451067563292,10.2946504237,0.853160922416,2.38784832731,10.6327880661,0.142546713178
3.655204,-0.451067563292,10.340031299,0.172447793884,2.91823507837,10.9240348752,0.213264946651
3.65687,-0.404922773625,10.340031299,0.535494795768,1.92817980974,10.9604407263,0.142546713178
3.658536,-0.404922773625,10.2946504237,0.626256546238,1.36022399715,11.142469982,0.177905829914
3.660202,-0.266488404624,10.3854121742,0.444733045297,2.06961627668,11.1788758331,0.390060530335
3.661868,-0.404922773625,10.158507798,0.671637421474,1.39558311389,11.1060641308,0.248624063388
3.663534,-0.266488404624,10.158507798,0.80778004718,1.18342841347,10.9968465774,0.213264946651
3.6652,-0.174198825291,10.2038886733,0.762399171945,2.10497539342,10.7055997684,0.354701413598
3.666866,-0.220343614958,9.84084167139,1.17082704906,1.64309693105,10.9240348752,0.460778763809
3.668532,-0.220343614958,9.79546079616,1.85154017759,1.14806929673,10.596382215,0.319342296862
3.670198,-0.174198825291,9.84084167139,2.25996805471,1.32486488041,10.7420056195,0.531496997282
3.671864,-0.128054035624,9.61393729522,3.03144293372,0.759119012626,10.7055997684,0.531496997282
3.67353,-0.128054035624,9.47779466951,3.07682380895,0.476246078731,10.6327880661,0.566856114019
3.675196,-0.0819092459569,9.52317554475,2.30534892995,0.794478129363,10.3779471082,0.637574347493
3.676862,0.148814702377,9.65931817045,2.35072980518,0.299450495047,10.4871646616,0.67293346423
3.678528,0.0103803333768,9.61393729522,2.30534892995,-0.0187815555837,10.6327880661,0.67293346423
3.680194,0.0565251230437,9.65931817045,2.25996805471,0.582323428942,10.7055997684,0.77901081444
3.68186,0.102669912711,9.65931817045,2.35072980518,0.334809611784,10.7420056195,0.849729047914
3.683526,0.0103803333768,9.75007992092,2.25996805471,0.193373144837,10.887629024,0.637574347493
3.685192,0.0103803333768,9.84084167139,1.62463580142,0.546964312205,10.9968465774,0.637574347493
3.686858,0.0565251230437,9.79546079616,1.80615930236,0.476246078731,10.9240348752,0.566856114019
3.688524,-0.0819092459569,9.65931817045,1.89692105283,0.794478129363,10.887629024,0.566856114019
3.69019,-0.0819092459569,9.70469904569,1.53387405095,1.99889804321,10.6327880661,0.496137880546
3.691856,-0.0357644562901,9.79546079616,1.44311230048,2.03425715995,10.6327880661,0.602215230756
3.693522,0.0565251230437,9.75007992092,1.53387405095,1.92817980974,10.4871646616,0.496137880546
3.695188,-0.0357644562901,9.70469904569,1.30696967477,2.17569362689,10.5599763638,0.637574347493
3.696854,-0.0357644562901,9.56855641998,1.12544617383,2.10497539342,10.6327880661,0.602215230756
3.69852,-0.0357644562901,9.65931817045,1.17082704906,1.64309693105,10.7420056195,0.566856114019
3.700186,-0.0357644562901,9.88622254663,1.17082704906,1.60773781431,10.887629024,0.637574347493
3.701852,0.0565251230437,9.88622254663,1.08006529859,1.60773781431,10.887629024,0.637574347493
3.703518,0.148814702377,10.0223651723,1.08006529859,1.25414664694,10.9968465774,0.743651697703
3.705184,0.241104281711,10.158507798,0.898541797651,1.39558311389,11.0696582797,0.814369931177
3.70685,0.194959492044,10.1131269228,0.762399171945,1.2187875302,11.0696582797,0.77901081444
3.708516,0.194959492044,10.0677460476,1.12544617383,0.900555479573,11.1788758331,0.814369931177
3.710182,0.194959492044,9.9769842971,1.48849317571,0.511605195468,11.142469982,0.849729047914
3.711848,0.194959492044,10.0677460476,1.53387405095,0.476246078731,11.0696582797,0.77901081444
3.713514,0.148814702377,10.0223651723,1.57925492618,0.370168728521,11.1060641308,0.77901081444
3.71518,0.148814702377,10.0223651723,1.71539755189,0.299450495047,11.0696582797,0.77901081444
3.716846,0.102669912711,10.0677460476,1.53387405095,0.582323428942,11.0332524286,0.814369931177
3.718512,0.102669912711,10.0677460476,1.44311230048,0.688400779152,10.9968465774,0.743651697703
3.720178,0.0565251230437,10.158507798,1.26158879953,0.723759895889,10.9240348752,0.637574347493
3.721844,0.0565251230437,10.2038886733,1.12544617383,0.865196362836,10.887629024,0.637574347493
3.72351,-0.0357644562901,10.1131269228,1.17082704906,0.794478129363,10.9604407263,0.637574347493
3.725176,0.0103803333768,10.1131269228,1.03468442336,0.546964312205,10.9604407263,0.602215230756
3.726842,0.0103803333768,10.2038886733,0.762399171945,0.759119012626,11.0332524286,0.67293346423
3.728508,-0.0357644562901,10.158507798,0.80778004718,0.93591459631,11.1060641308,0.602215230756
3.730174,0.0103803333768,10.2492695485,0.717018296709,1.32486488041,11.1060641308,0.602215230756
3.73184,0.0103803333768,10.3854121742,0.490113920532,1.74917428126,11.0696582797,0.566856114019
3.733506,0.0565251230437,10.5215547999,0.353971294826,1.99889804321,11.0332524286,0.496137880546
3.735172,-0.0357644562901,10.4761739247,0.353971294826,1.57237869757,11.1060641308,0.566856114019
3.736838,0.0565251230437,10.4761739247,0.30859041959,1.46630134736,11.0696582797,0.602215230756
3.738504,0.0565251230437,10.340031299,0.535494795768,1.2187875302,11.142469982,0.743651697703
3.74017,0.0565251230437,10.3854121742,0.762399171945,1.18342841347,11.1060641308,0.67293346423
3.741836,0.148814702377,10.340031299,0.80778004718,1.2187875302,11.0332524286,0.743651697703
3.743502,0.148814702377,10.2946504237,0.943922672886,0.93591459631,11.0332524286,0.77901081444
3.745168,0.148814702377,10.4761739247,0.943922672886,0.582323428942,10.9604407263,0.77901081444
3.746834,0.148814702377,10.4307930495,1.03468442336,0.299450495047,10.887629024,0.637574347493
3.7485,0.0565251230437,10.340031299,0.717018296709,0.476246078731,10.887629024,0.708292580966
3.750166,0.0103803333768,10.158507798,1.35235055001,-0.0541406723205,11.1788758331,0.67293346423
3.751832,0.102669912711,10.2946504237,1.39773142524,-0.230936256004,10.9604407263,0.743651697703
3.753498,0.194959492044,10.340031299,1.44311230048,-0.372372722952,11.1788758331,0.743651697703
3.755164,0.194959492044,10.340031299,1.71539755189,-0.337013606215,11.1788758331,0.814369931177
3.75683,0.194959492044,10.3854121742,1.57925492618,-0.160218022531,11.0696582797,0.743651697703
3.758496,0.241104281711,10.2946504237,1.53387405095,0.0519366778899,11.1788758331,0.88508816465
3.760162,0.333393861045,10.4307930495,1.39773142524,-0.0894997890573,11.0696582797,0.743651697703
3.761828,0.194959492044,10.2946504237,1.2162079243,0.0165775611531,11.1060641308,0.77901081444
3.763494,0.194959492044,10.2946504237,0.717018296709,0.794478129363,11.1060641308,0.77901081444
3.76516,0.148814702377,10.158507798,0.989303548122,0.476246078731,11.1060641308,0.708292580966
3.766826,0.148814702377,10.2946504237,0.80778004718,0.582323428942,11.142469982,0.77901081444
3.768492,0.194959492044,10.340031299,0.263209544355,0.93591459631,11.2516875354,0.77901081444
3.770158,0.194959492044,10.2946504237,0.21782866912,0.93591459631,11.3244992376,0.77901081444
3.771824,0.148814702377,10.340031299,-0.00907570705749,1.18342841347,11.2152816842,0.743651697703
3.77349,0.102669912711,10.2946504237,-0.145218332764,1.25414664694,11.2880933865,0.708292580966
3.775156,0.102669912711,10.340031299,-0.145218332764,1.00663282978,11.2880933865,0.67293346423
3.776822,0.0565251230437,10.2492695485,-0.28136095847,1.04199194652,11.2880933865,0.637574347493
3.778488,0.0565251230437,10.158507798,-0.28136095847,1.25414664694,11.1788758331,0.77901081444
3.780154,0.102669912711,10.1131269228,0.0816860434134,1.11271017999,11.2152816842,0.708292580966
3.78182,0.148814702377,10.1131269228,0.21782866912,0.93591459631,11.1788758331,0.77901081444
3.783486,0.194959492044,10.0677460476,0.0816860434134,0.865196362836,11.1060641308,0.814369931177
3.785152,0.194959492044,10.0223651723,0.30859041959,0.334809611784,11.142469982,0.849729047914
3.786818,0.194959492044,9.84084167139,0.580875671003,0.0165775611531,11.0332524286,0.77901081444
3.788484,0.148814702377,9.84084167139,0.853160922416,0.0519366778899,11.0332524286,0.77901081444
3.79015,0.148814702377,9.79546079616,0.898541797651,0.0165775611531,11.0696582797,0.814369931177
3.791816,0.148814702377,9.70469904569,0.898541797651,0.0872957946267,10.9604407263,0.77901081444
3.793482,0.148814702377,9.75007992092,1.12544617383,0.0872957946267,10.9240348752,0.77901081444
3.795148,0.194959492044,9.75007992092,1.44311230048,0.0872957946267,10.8512231729,0.77901081444
3.796814,0.241104281711,9.79546079616,1.80615930236,-0.0187815555837,10.8512231729,0.77901081444
3.79848,0.194959492044,9.79546079616,1.57925492618,0.264091378311,10.8512231729,0.77901081444
3.800146,0.148814702377,9.70469904569,1.67001667665,0.334809611784,10.9240348752,0.88508816465
3.801812,0.102669912711,9.70469904569,1.67001667665,0.334809611784,10.8148173218,0.67293346423
3.803478,0.0565251230437,9.75007992092,1.48849317571,0.582323428942,10.7420056195,0.602215230756
3.805144,0.0565251230437,9.84084167139,1.26158879953,0.93591459631,10.7055997684,0.602215230756
3.80681,-0.0819092459569,9.79546079616,0.989303548122,0.93591459631,10.6691939172,0.566856114019
3.808476,-0.174198825291,9.75007992092,0.80778004718,0.865196362836,10.596382215,0.425419647072
3.810142,-0.174198825291,9.75007992092,0.535494795768,0.93591459631,10.596382215,0.460778763809
3.811808,-0.174198825291,9.70469904569,0.535494795768,0.865196362836,10.6327880661,0.496137880546
3.813474,-0.220343614958,9.65931817045,0.535494795768,0.759119012626,10.596382215,0.531496997282
3.81514,-0.220343614958,9.70469904569,0.490113920532,1.07735106326,10.4507588104,0.460778763809
3.816806,-0.220343614958,9.61393729522,0.626256546238,1.04199194652,10.3779471082,0.460778763809
3.818472,-0.220343614958,9.65931817045,0.943922672886,0.93591459631,10.341541257,0.460778763809
3.820138,-0.174198825291,9.65931817045,0.80778004718,1.18342841347,10.341541257,0.460778763809
3.821804,-0.174198825291,9.65931817045,0.80778004718,1.04199194652,10.1959178525,0.390060530335
3.82347,-0.174198825291,9.61393729522,1.17082704906,0.617682545679,10.341541257,0.460778763809
3.825136,-0.128054035624,9.79546079616,1.30696967477,0.582323428942,10.4143529593,0.460778763809
3.826802,-0.220343614958,9.61393729522,1.48849317571,0.334809611784,10.596382215,0.496137880546
3.828468,-0.220343614958,9.75007992092,1.71539755189,0.0872957946267,10.4507588104,0.425419647072
3.830134,-0.220343614958,9.75007992092,1.57925492618,0.405527845258,10.4507588104,0.390060530335
3.8318,-0.220343614958,9.88622254663,1.62463580142,0.264091378311,10.341541257,0.319342296862
3.833466,-0.266488404624,9.88622254663,1.71539755189,0.334809611784,10.3779471082,0.354701413598
3.835132,-0.266488404624,9.84084167139,1.67001667665,0.476246078731,10.2687295548,0.283983180125
3.836798,-0.220343614958,9.88622254663,1.76077842712,0.511605195468,10.2323237036,0.283983180125
3.838464,-0.312633194291,9.79546079616,1.85154017759,0.688400779152,10.3051354059,0.283983180125
3.84013,-0.358777983958,9.79546079616,1.80615930236,1.07735106326,10.4871646616,0.354701413598
3.841796,-0.358777983958,9.79546079616,1.57925492618,1.18342841347,10.4871646616,0.319342296862
3.843462,-0.358777983958,9.84084167139,1.44311230048,1.14806929673,10.4507588104,0.213264946651
3.845128,-0.358777983958,9.9769842971,1.08006529859,1.5016604641,10.3779471082,0.283983180125
3.846794,-0.312633194291,10.1131269228,0.943922672886,1.60773781431,10.4871646616,0.319342296862
3.84846,-0.404922773625,9.93160342186,0.80778004718,1.32486488041,10.3779471082,0.177905829914
3.850126,-0.404922773625,10.0223651723,0.580875671003,1.46630134736,10.4871646616,0.213264946651
3.851792,-0.404922773625,10.0223651723,0.30859041959,1.64309693105,10.5599763638,0.248624063388
3.853458,-0.358777983958,9.9769842971,0.399352170061,1.39558311389,10.6327880661,0.283983180125
3.855124,-0.312633194291,10.1131269228,0.535494795768,1.43094223063,10.4871646616,0.213264946651
3.85679,-0.358777983958,10.0677460476,0.490113920532,1.71381516452,10.5235705127,0.319342296862
3.858456,-0.358777983958,9.9769842971,0.80778004718,1.36022399715,10.4871646616,0.283983180125
3.860122,-0.312633194291,9.9769842971,0.943922672886,1.5016604641,10.4871646616,0.319342296862
3.861788,-0.266488404624,9.93160342186,1.12544617383,1.53701958084,10.4507588104,0.390060530335
3.863454,-0.220343614958,9.93160342186,1.44311230048,1.18342841347,10.5235705127,0.390060530335
3.86512,-0.220343614958,9.9769842971,1.53387405095,0.971273713047,10.5235705127,0.354701413598
3.866786,-0.174198825291,9.9769842971,1.62463580142,1.14806929673,10.596382215,0.460778763809
3.868452,-0.174198825291,9.9769842971,1.80615930236,0.794478129363,10.6327880661,0.460778763809
3.870118,-0.0819092459569,10.0677460476,2.21458717948,0.582323428942,10.596382215,0.390060530335
3.871784,-0.0819092459569,10.2038886733,2.07844455377,0.688400779152,10.7420056195,0.460778763809
3.87345,-0.174198825291,10.1131269228,2.03306367854,0.617682545679,10.8148173218,0.460778763809
3.875116,-0.128054035624,10.2038886733,2.03306367854,0.511605195468,10.9240348752,0.531496997282
3.876782,-0.128054035624,10.340031299,1.9876828033,0.653041662415,10.9968465774,0.460778763809
3.878448,-0.174198825291,10.2946504237,2.07844455377,0.617682545679,11.0332524286,0.390060530335
3.880114,-0.128054035624,10.3854121742,2.03306367854,0.865196362836,11.0696582797,0.460778763809
3.88178,-0.0357644562901,10.5215547999,1.94230192807,1.18342841347,11.142469982,0.531496997282
3.883446,0.0103803333768,10.4761739247,1.80615930236,1.07735106326,11.1060641308,0.460778763809
3.885112,0.0103803333768,10.4307930495,1.67001667665,1.11271017999,11.2152816842,0.602215230756
3.886778,-0.0357644562901,10.4761739247,1.35235055001,1.25414664694,11.2880933865,0.566856114019
3.888444,-0.0357644562901,10.5215547999,1.12544617383,1.36022399715,11.3609050888,0.602215230756
3.89011,-0.0357644562901,10.4761739247,0.989303548122,1.43094223063,11.2880933865,0.637574347493
3.891776,-0.0357644562901,10.4761739247,0.853160922416,1.36022399715,11.3609050888,0.602215230756
3.893442,-0.0357644562901,10.5215547999,0.762399171945,1.14806929673,11.3609050888,0.602215230756
3.895108,0.0103803333768,10.4761739247,0.80778004718,1.25414664694,11.3609050888,0.602215230756
3.896774,0.0103803333768,10.5215547999,0.853160922416,1.39558311389,11.3244992376,0.67293346423
3.89844,0.102669912711,10.5669356752,1.12544617383,1.25414664694,11.4701226422,0.637574347493
3.900106,0.0103803333768,10.4761739247,1.2162079243,1.14806929673,11.4701226422,0.637574347493
3.901772,0.0565251230437,10.5215547999,1.26158879953,1.11271017999,11.4701226422,0.637574347493
3.903438,0.102669912711,10.5215547999,1.35235055001,1.18342841347,11.5793401956,0.743651697703
3.905104,0.148814702377,10.5215547999,1.57925492618,1.04199194652,11.5429343444,0.67293346423
3.90677,0.194959492044,10.5215547999,1.76077842712,0.971273713047,11.6157460467,0.77901081444
3.908436,0.194959492044,10.5215547999,1.85154017759,0.865196362836,11.688557749,0.814369931177
3.910102,0.241104281711,10.5215547999,1.89692105283,0.900555479573,11.7977753024,0.88508816465
3.911768,0.194959492044,10.5669356752,1.89692105283,0.900555479573,11.7249636001,0.849729047914
3.913434,0.241104281711,10.6123165504,1.85154017759,0.759119012626,11.7977753024,0.77901081444
3.9151,0.287249071378,10.7938400513,1.89692105283,0.653041662415,11.7977753024,0.77901081444
3.916766,0.148814702377,10.7484591761,1.57925492618,0.794478129363,11.8341811535,0.77901081444
3.918432,0.148814702377,10.7484591761,1.48849317571,0.900555479573,11.9433987069,0.920447281387
3.920098,0.148814702377,10.7484591761,1.48849317571,0.971273713047,11.8705870046,0.814369931177
3.921764,0.194959492044,10.7484591761,1.39773142524,1.11271017999,11.7613694512,0.743651697703
3.92343,0.148814702377,10.7484591761,1.26158879953,1.2187875302,11.7977753024,0.77901081444
3.925096,0.287249071378,10.8846018018,1.17082704906,1.39558311389,11.7977753024,0.814369931177
3.926762,0.148814702377,10.7030783009,0.898541797651,1.32486488041,11.6521518978,0.743651697703
3.928428,0.194959492044,10.7030783009,0.853160922416,1.36022399715,11.688557749,0.77901081444
3.930094,0.194959492044,10.6576974256,0.898541797651,1.46630134736,11.688557749,0.77901081444
3.93176,0.148814702377,10.6576974256,0.80778004718,1.64309693105,11.7249636001,0.849729047914
3.933426,0.148814702377,10.6576974256,0.762399171945,1.5016604641,11.5793401956,0.77901081444
3.935092,0.241104281711,10.7030783009,0.989303548122,1.36022399715,11.5065284933,0.708292580966
3.936758,0.148814702377,10.5669356752,0.989303548122,1.32486488041,11.3973109399,0.743651697703
3.938424,0.148814702377,10.5669356752,1.03468442336,1.28950576368,11.3973109399,0.77901081444
3.94009,0.194959492044,10.5215547999,1.17082704906,1.07735106326,11.3244992376,0.814369931177
3.941756,0.148814702377,10.5215547999,1.30696967477,1.04199194652,11.3973109399,0.77901081444
3.943422,0.194959492044,10.5215547999,1.53387405095,0.93591459631,11.3973109399,0.743651697703
3.945088,0.194959492044,10.5215547999,1.76077842712,0.900555479573,11.3609050888,0.77901081444
3.946754,0.241104281711,10.5669356752,1.85154017759,0.971273713047,11.3609050888,0.77901081444
3.94842,0.333393861045,10.6123165504,2.03306367854,0.794478129363,11.2880933865,0.77901081444
3.950086,0.194959492044,10.5215547999,1.85154017759,0.582323428942,11.3609050888,0.849729047914
3.951752,0.241104281711,10.4761739247,1.80615930236,0.582323428942,11.3244992376,0.814369931177
3.953418,0.241104281711,10.4761739247,1.85154017759,0.582323428942,11.3609050888,0.920447281387
3.955084,0.194959492044,10.5215547999,1.80615930236,0.617682545679,11.2880933865,0.77901081444
3.95675,0.148814702377,10.4307930495,1.62463580142,0.688400779152,11.2152816842,0.743651697703
3.958416,0.102669912711,10.4307930495,1.48849317571,0.759119012626,11.142469982,0.67293346423
3.960082,0.102669912711,10.3854121742,1.39773142524,0.865196362836,11.1788758331,0.708292580966
3.961748,0.102669912711,10.3854121742,1.17082704906,1.00663282978,11.0332524286,0.67293346423
3.963414,0.0565251230437,10.3854121742,0.989303548122,1.2187875302,11.0696582797,0.67293346423
3.96508,0.0565251230437,10.2946504237,0.989303548122,1.25414664694,11.0696582797,0.67293346423
3.966746,0.0565251230437,10.2038886733,0.989303548122,1.43094223063,11.0332524286,0.67293346423
3.968412,0.0565251230437,10.158507798,0.853160922416,1.5016604641,11.0332524286,0.708292580966
3.970078,0.0565251230437,10.158507798,0.80778004718,1.53701958084,10.887629024,0.67293346423
3.971744,0.0565251230437,10.1131269228,0.671637421474,1.57237869757,10.887629024,0.67293346423
3.97341,0.102669912711,10.0223651723,0.717018296709,1.57237869757,10.8512231729,0.708292580966
3.975076,0.102669912711,9.9769842971,0.762399171945,1.46630134736,10.9240348752,0.814369931177
3.976742,0.102669912711,9.93160342186,0.671637421474,1.39558311389,10.8148173218,0.708292580966
3.978408,0.102669912711,9.84084167139,0.762399171945,1.18342841347,10.7420056195,0.67293346423
3.980074,0.241104281711,9.88622254663,1.03468442336,1.04199194652,10.7055997684,0.708292580966
3.98174,0.148814702377,9.70469904569,1.12544617383,0.971273713047,10.7420056195,0.77901081444
3.983406,0.102669912711,9.65931817045,1.26158879953,0.865196362836,10.596382215,0.67293346423
3.985072,0.148814702377,9.70469904569,1.35235055001,1.00663282978,10.596382215,0.77901081444
3.986738,0.148814702377,9.61393729522,1.48849317571,0.900555479573,10.6327880661,0.77901081444
3.988404,0.148814702377,9.61393729522,1.57925492618,0.829837246099,10.5599763638,0.77901081444
3.99007,0.148814702377,9.61393729522,1.62463580142,0.794478129363,10.6327880661,0.814369931177
3.991736,0.194959492044,9.61393729522,1.67001667665,0.617682545679,10.596382215,0.77901081444
3.993402,0.102669912711,9.56855641998,1.62463580142,0.546964312205,10.596382215,0.77901081444
3.995068,0.148814702377,9.56855641998,1.57925492618,0.653041662415,10.6691939172,0.814369931177
3.996734,0.148814702377,9.65931817045,1.48849317571,0.546964312205,10.596382215,0.708292580966
3.9984,0.148814702377,9.70469904569,1.26158879953,0.653041662415,10.7055997684,0.77901081444
4.000066,0.102669912711,9.70469904569,1.03468442336,0.829837246099,10.6327880661,0.77901081444
4.001732,0.102669912711,9.65931817045,1.03468442336,0.865196362836,10.7055997684,0.77901081444
4.003398,0.194959492044,9.70469904569,1.03468442336,0.900555479573,10.6327880661,0.77901081444
4.005064,0.0565251230437,9.56855641998,0.80778004718,1.04199194652,10.5599763638,0.67293346423
4.00673,0.0565251230437,9.52317554475,0.853160922416,1.14806929673,10.4871646616,0.67293346423
4.008396,0.0565251230437,9.47779466951,0.853160922416,1.2187875302,10.4507588104,0.67293346423
4.010062,0.0565251230437,9.47779466951,0.853160922416,1.36022399715,10.5235705127,0.743651697703
4.011728,-0.0357644562901,9.43241379427,0.898541797651,1.25414664694,10.341541257,0.637574347493
4.013394,0.0565251230437,9.43241379427,0.898541797651,1.14806929673,10.3051354059,0.602215230756
4.01506,0.0565251230437,9.43241379427,0.898541797651,1.14806929673,10.3051354059,0.602215230756
4.016726,-0.0357644562901,9.38703291904,0.80778004718,0.971273713047,10.4143529593,0.637574347493
4.018392,-0.0357644562901,9.43241379427,0.898541797651,0.582323428942,10.341541257,0.602215230756
4.020058,-0.0357644562901,9.47779466951,0.943922672886,0.546964312205,10.4143529593,0.602215230756
4.021724,0.102669912711,9.61393729522,1.12544617383,0.582323428942,10.4871646616,0.637574347493
4.02339,0.0103803333768,9.56855641998,1.17082704906,0.370168728521,10.5599763638,0.743651697703
4.025056,-0.0357644562901,9.61393729522,1.26158879953,0.334809611784,10.4871646616,0.602215230756
4.026722,-0.0357644562901,9.61393729522,1.30696967477,0.334809611784,10.4871646616,0.602215230756
4.028388,-0.0819092459569,9.61393729522,1.35235055001,0.370168728521,10.5235705127,0.566856114019
4.030054,-0.128054035624,9.70469904569,1.39773142524,0.476246078731,10.4871646616,0.531496997282
4.03172,-0.128054035624,9.70469904569,1.39773142524,0.405527845258,10.4871646616,0.425419647072
4.033386,-0.174198825291,9.79546079616,1.39773142524,0.370168728521,10.5599763638,0.460778763809
4.035052,-0.174198825291,9.88622254663,1.26158879953,0.511605195468,10.5599763638,0.460778763809
4.036718,-0.220343614958,9.93160342186,1.12544617383,0.653041662415,10.7055997684,0.460778763809
4.038384,-0.220343614958,9.93160342186,1.03468442336,0.546964312205,10.6691939172,0.425419647072
4.04005,-0.266488404624,9.9769842971,0.853160922416,0.582323428942,10.7055997684,0.354701413598
4.041716,-0.266488404624,9.9769842971,0.671637421474,0.582323428942,10.6691939172,0.319342296862
4.043382,-0.312633194291,10.0223651723,0.580875671003,0.759119012626,10.7420056195,0.319342296862
4.045048,-0.312633194291,10.0677460476,0.444733045297,0.829837246099,10.6327880661,0.283983180125
4.046714,-0.266488404624,10.1131269228,0.490113920532,0.93591459631,10.6691939172,0.283983180125
4.04838,-0.312633194291,10.0677460476,0.490113920532,0.93591459631,10.6327880661,0.283983180125
4.050046,-0.312633194291,10.0677460476,0.444733045297,1.04199194652,10.6327880661,0.248624063388
4.051712,-0.358777983958,10.0223651723,0.535494795768,1.04199194652,10.6327880661,0.283983180125
4.053378,-0.358777983958,10.0677460476,0.580875671003,0.794478129363,10.5599763638,0.248624063388
4.055044,-0.312633194291,10.1131269228,0.626256546238,0.794478129363,10.596382215,0.283983180125
4.05671,-0.312633194291,10.158507798,0.626256546238,0.688400779152,10.6327880661,0.319342296862
4.058376,-0.312633194291,10.2038886733,0.671637421474,0.546964312205,10.7420056195,0.390060530335
4.060042,-0.312633194291,10.2038886733,0.80778004718,0.546964312205,10.7055997684,0.319342296862
4.061708,-0.312633194291,10.2038886733,0.943922672886,0.299450495047,10.7420056195,0.283983180125
4.063374,-0.266488404624,10.2946504237,0.989303548122,0.193373144837,10.7784114706,0.283983180125
4.06504,-0.266488404624,10.2946504237,1.08006529859,0.193373144837,10.887629024,0.390060530335
4.066706,-0.266488404624,10.3854121742,1.17082704906,0.0165775611531,10.8512231729,0.248624063388
4.068372,-0.174198825291,10.5215547999,1.35235055001,0.0519366778899,10.9240348752,0.319342296862
4.070038,-0.266488404624,10.4307930495,1.30696967477,0.0872957946267,10.9604407263,0.319342296862
4.071704,-0.266488404624,10.5215547999,1.30696967477,0.228732261574,11.0332524286,0.354701413598
4.07337,-0.312633194291,10.4761739247,1.26158879953,0.264091378311,11.0332524286,0.354701413598
4.075036,-0.266488404624,10.5215547999,1.26158879953,0.334809611784,10.9968465774,0.319342296862
4.076702,-0.266488404624,10.4761739247,1.2162079243,0.334809611784,10.9968465774,0.319342296862
4.078368,-0.266488404624,10.4761739247,1.17082704906,0.511605195468,11.0332524286,0.319342296862
4.080034,-0.266488404624,10.4761739247,1.03468442336,0.511605195468,11.0332524286,0.425419647072
4.0817,-0.266488404624,10.4307930495,0.853160922416,0.653041662415,11.0696582797,0.354701413598
4.083366,-0.220343614958,10.4307930495,0.762399171945,0.723759895889,11.0696582797,0.354701413598
4.085032,-0.220343614958,10.4307930495,0.717018296709,0.865196362836,11.142469982,0.425419647072
4.086698,-0.174198825291,10.4307930495,0.671637421474,0.900555479573,11.1060641308,0.425419647072
4.088364,-0.220343614958,10.4307930495,0.626256546238,0.93591459631,11.0696582797,0.390060530335
4.09003,-0.174198825291,10.4307930495,0.580875671003,0.865196362836,11.1060641308,0.425419647072
4.091696,-0.174198825291,10.3854121742,0.626256546238,0.865196362836,11.1788758331,0.496137880546
4.093362,-0.128054035624,10.340031299,0.626256546238,0.794478129363,11.1788758331,0.531496997282
4.095028,-0.128054035624,10.340031299,0.717018296709,0.829837246099,11.142469982,0.496137880546
4.096694,-0.0357644562901,10.4307930495,0.943922672886,0.829837246099,11.1788758331,0.496137880546
4.09836,-0.0819092459569,10.2946504237,0.943922672886,0.900555479573,11.2152816842,0.566856114019
4.100026,-0.0819092459569,10.2492695485,1.03468442336,0.759119012626,11.142469982,0.566856114019
4.101692,-0.0819092459569,10.2038886733,1.08006529859,0.653041662415,11.0696582797,0.460778763809
4.103358,0.0103803333768,10.2946504237,1.2162079243,0.617682545679,11.142469982,0.602215230756
4.105024,-0.0357644562901,10.2038886733,1.26158879953,0.546964312205,11.2152816842,0.602215230756
4.10669,0.0103803333768,10.2038886733,1.39773142524,0.582323428942,11.3244992376,0.743651697703
4.108356,0.0103803333768,10.2492695485,1.35235055001,0.511605195468,11.3244992376,0.67293346423
4.110022,0.0565251230437,10.2946504237,1.39773142524,0.582323428942,11.2516875354,0.637574347493
4.111688,0.0565251230437,10.2492695485,1.39773142524,0.653041662415,11.3244992376,0.708292580966
4.113354,0.102669912711,10.2946504237,1.39773142524,0.723759895889,11.3609050888,0.67293346423
4.11502,0.102669912711,10.2946504237,1.39773142524,0.759119012626,11.3244992376,0.77901081444
4.116686,0.0565251230437,10.2492695485,1.30696967477,0.93591459631,11.3244992376,0.67293346423
4.118352,0.148814702377,10.340031299,1.30696967477,0.93591459631,11.2152816842,0.67293346423
4.120018,0.0565251230437,10.2038886733,1.17082704906,1.14806929673,11.2152816842,0.67293346423
4.121684,0.0565251230437,10.158507798,1.17082704906,1.18342841347,11.1788758331,0.708292580966
4.12335,0.102669912711,10.1131269228,1.08006529859,1.14806929673,11.0696582797,0.67293346423
4.125016,0.102669912711,10.1131269228,0.989303548122,1.2187875302,11.0696582797,0.708292580966
4.126682,0.194959492044,10.158507798,1.08006529859,1.28950576368,11.0696582797,0.743651697703
4.128348,0.102669912711,10.0223651723,0.989303548122,1.18342841347,10.9240348752,0.77901081444
4.130014,0.102669912711,10.0223651723,0.989303548122,1.25414664694,11.0332524286,0.77901081444
4.13168,0.148814702377,9.9769842971,1.08006529859,1.18342841347,10.9968465774,0.77901081444
4.133346,0.148814702377,9.9769842971,1.08006529859,1.2187875302,10.9968465774,0.77901081444
4.135012,0.194959492044,9.9769842971,1.26158879953,1.11271017999,10.9968465774,0.814369931177
4.136678,0.148814702377,9.93160342186,1.35235055001,1.00663282978,10.887629024,0.708292580966
4.138344,0.148814702377,9.93160342186,1.44311230048,1.07735106326,10.9240348752,0.77901081444
4.14001,0.241104281711,10.0223651723,1.62463580142,1.04199194652,10.9240348752,0.814369931177
4.141676,0.148814702377,9.9769842971,1.57925492618,1.04199194652,10.9968465774,0.77901081444
4.143342,0.148814702377,9.93160342186,1.71539755189,0.865196362836,10.9240348752,0.849729047914
4.145008,0.194959492044,9.9769842971,1.71539755189,0.900555479573,10.887629024,0.743651697703
4.146674,0.148814702377,9.88622254663,1.80615930236,0.900555479573,10.887629024,0.77901081444
4.14834,0.194959492044,9.9769842971,1.85154017759,1.00663282978,10.9240348752,0.814369931177
4.150006,0.148814702377,9.9769842971,1.76077842712,0.971273713047,10.887629024,0.743651697703
4.151672,0.148814702377,9.9769842971,1.76077842712,1.04199194652,10.887629024,0.77901081444
4.153338,0.194959492044,10.0223651723,1.67001667665,1.07735106326,10.887629024,0.77901081444
4.155004,0.148814702377,10.0223651723,1.57925492618,1.32486488041,10.9240348752,0.77901081444
4.15667,0.148814702377,10.0223651723,1.62463580142,1.32486488041,10.9240348752,0.77901081444
4.158336,0.0565251230437,9.93160342186,1.44311230048,1.36022399715,10.887629024,0.637574347493
4.160002,0.0565251230437,9.93160342186,1.30696967477,1.46630134736,10.8148173218,0.67293346423
4.161668,0.0565251230437,9.9769842971,1.2162079243,1.57237869757,10.8148173218,0.67293346423
4.163334,0.0565251230437,9.9769842971,1.08006529859,1.71381516452,10.9240348752,0.743651697703
4.165,0.0565251230437,9.93160342186,1.08006529859,1.60773781431,10.8148173218,0.67293346423
4.166666,0.0565251230437,9.93160342186,1.03468442336,1.57237869757,10.7420056195,0.637574347493
4.168332,0.102669912711,9.93160342186,0.989303548122,1.57237869757,10.7784114706,0.67293346423
4.169998,0.0565251230437,9.93160342186,0.943922672886,1.53701958084,10.7784114706,0.708292580966
4.171664,0.0565251230437,9.93160342186,0.989303548122,1.43094223063,10.7420056195,0.602215230756
4.17333,0.0565251230437,9.93160342186,1.12544617383,1.46630134736,10.7784114706,0.67293346423
4.174996,0.0565251230437,9.9769842971,1.17082704906,1.43094223063,10.7784114706,0.67293346423
4.176662,0.0565251230437,9.9769842971,1.26158879953,1.5016604641,10.887629024,0.743651697703
4.178328,0.102669912711,9.9769842971,1.35235055001,1.32486488041,10.8512231729,0.743651697703
4.179994,0.102669912711,10.0223651723,1.48849317571,1.2187875302,10.8512231729,0.637574347493
4.18166,0.148814702377,10.1131269228,1.57925492618,1.11271017999,10.887629024,0.708292580966
4.183326,0.0565251230437,10.0223651723,1.62463580142,1.00663282978,10.9240348752,0.708292580966
4.184992,0.0565251230437,10.0677460476,1.62463580142,0.900555479573,10.9240348752,0.77901081444
4.186658,0.0565251230437,10.0677460476,1.67001667665,0.93591459631,10.9604407263,0.708292580966
4.188324,0.194959492044,10.2492695485,1.80615930236,0.900555479573,10.9240348752,0.67293346423
4.18999,0.0565251230437,10.1131269228,1.62463580142,0.93591459631,10.9240348752,0.67293346423
4.191656,0.102669912711,10.2038886733,1.57925492618,0.93591459631,11.0332524286,0.67293346423
4.193322,0.0565251230437,10.1131269228,1.53387405095,0.900555479573,10.9240348752,0.602215230756
4.194988,0.148814702377,10.2492695485,1.57925492618,0.93591459631,10.9968465774,0.637574347493
4.196654,0.0103803333768,10.1131269228,1.44311230048,1.04199194652,11.0696582797,0.637574347493
4.19832,0.0103803333768,10.158507798,1.39773142524,1.14806929673,11.142469982,0.743651697703
4.199986,0.0565251230437,10.158507798,1.26158879953,1.14806929673,11.0696582797,0.67293346423
4.201652,0.0103803333768,10.158507798,1.2162079243,1.07735106326,11.0332524286,0.602215230756
4.203318,0.0565251230437,10.2038886733,1.26158879953,1.14806929673,10.9968465774,0.602215230756
4.204984,0.0103803333768,10.158507798,1.08006529859,1.2187875302,11.0696582797,0.637574347493
4.20665,0.0103803333768,10.158507798,1.12544617383,1.07735106326,11.0332524286,0.566856114019
4.208316,0.0103803333768,10.158507798,1.12544617383,1.11271017999,11.0696582797,0.637574347493
4.209982,0.0103803333768,10.158507798,1.08006529859,0.971273713047,11.142469982,0.67293346423
4.211648,0.0565251230437,10.2038886733,1.08006529859,0.93591459631,11.2152816842,0.743651697703
4.213314,0.0565251230437,10.2038886733,0.943922672886,0.93591459631,11.142469982,0.637574347493
4.21498,0.0565251230437,10.2038886733,1.17082704906,0.794478129363,11.1788758331,0.637574347493
4.216646,0.0103803333768,10.2038886733,1.30696967477,0.794478129363,11.1060641308,0.602215230756
4.218312,0.0565251230437,10.2038886733,1.30696967477,1.00663282978,11.2516875354,0.708292580966
4.219978,0.0565251230437,10.2038886733,1.44311230048,0.688400779152,11.1788758331,0.637574347493
4.221644,0.0565251230437,10.2492695485,1.44311230048,0.688400779152,11.2152816842,0.637574347493
4.22331,0.0103803333768,10.2492695485,1.26158879953,0.653041662415,11.2880933865,0.602215230756
4.224976,0.0103803333768,10.2492695485,1.39773142524,0.476246078731,11.2516875354,0.602215230756
4.226642,0.0103803333768,10.3854121742,1.35235055001,0.688400779152,11.2880933865,0.637574347493
4.228308,0.0103803333768,10.340031299,1.2162079243,0.759119012626,11.2880933865,0.566856114019
4.229974,-0.0357644562901,10.340031299,1.44311230048,0.582323428942,11.3244992376,0.602215230756
4.23164,-0.0819092459569,10.4307930495,1.2162079243,0.723759895889,11.3244992376,0.602215230756
4.233306,-0.0819092459569,10.3854121742,1.08006529859,0.865196362836,11.3973109399,0.602215230756
4.234972,-0.0819092459569,10.4307930495,1.03468442336,0.653041662415,11.3609050888,0.531496997282
4.236638,-0.128054035624,10.3854121742,1.03468442336,0.829837246099,11.2880933865,0.460778763809
4.238304,-0.128054035624,10.3854121742,0.898541797651,0.794478129363,11.2880933865,0.496137880546
4.23997,-0.128054035624,10.3854121742,0.943922672886,0.794478129363,11.2880933865,0.496137880546
4.241636,-0.128054035624,10.3854121742,0.762399171945,0.971273713047,11.2152816842,0.566856114019
4.243302,-0.0819092459569,10.4307930495,0.717018296709,1.00663282978,11.1788758331,0.496137880546
4.244968,-0.0819092459569,10.4307930495,0.898541797651,0.865196362836,11.2152816842,0.460778763809
4.246634,-0.174198825291,10.3854121742,0.762399171945,0.971273713047,11.1788758331,0.460778763809
4.2483,-0.220343614958,10.3854121742,0.762399171945,0.93591459631,11.1060641308,0.460778763809
4.249966,-0.128054035624,10.4761739247,0.898541797651,0.794478129363,11.1060641308,0.390060530335
4.251632,-0.128054035624,10.4761739247,1.03468442336,0.653041662415,11.1060641308,0.390060530335
4.253298,-0.220343614958,10.4307930495,0.943922672886,0.759119012626,11.1060641308,0.390060530335
4.254964,-0.174198825291,10.3854121742,1.08006529859,0.617682545679,11.0696582797,0.460778763809
4.25663,-0.220343614958,10.4307930495,1.17082704906,0.617682545679,11.0696582797,0.390060530335
4.258296,-0.220343614958,10.4761739247,1.12544617383,0.794478129363,11.0332524286,0.319342296862
4.259962,-0.220343614958,10.4307930495,1.26158879953,0.582323428942,11.0696582797,0.390060530335
4.261628,-0.128054035624,10.5215547999,1.44311230048,0.405527845258,11.0332524286,0.390060530335
4.263294,-0.220343614958,10.4307930495,1.30696967477,0.511605195468,11.0332524286,0.319342296862
4.26496,-0.220343614958,10.3854121742,1.35235055001,0.440886961995,10.9968465774,0.390060530335
4.266626,-0.174198825291,10.4761739247,1.53387405095,0.405527845258,10.9240348752,0.354701413598
4.268292,-0.220343614958,10.4307930495,1.35235055001,0.759119012626,11.0332524286,0.460778763809
4.269958,-0.266488404624,10.340031299,1.30696967477,0.582323428942,10.9240348752,0.354701413598
4.271624,-0.312633194291,10.340031299,1.26158879953,0.511605195468,10.8148173218,0.319342296862
4.27329,-0.312633194291,10.340031299,1.08006529859,0.794478129363,10.7784114706,0.319342296862
4.274956,-0.312633194291,10.2946504237,1.17082704906,0.759119012626,10.8512231729,0.319342296862
4.276622,-0.358777983958,10.2492695485,1.08006529859,0.723759895889,10.8148173218,0.390060530335
4.278288,-0.312633194291,10.2492695485,0.943922672886,0.93591459631,10.8148173218,0.319342296862
4.279954,-0.312633194291,10.2946504237,0.989303548122,0.865196362836,10.7420056195,0.283983180125
4.28162,-0.266488404624,10.2492695485,0.989303548122,0.93591459631,10.7420056195,0.319342296862
4.283286,-0.266488404624,10.2492695485,0.898541797651,1.07735106326,10.7784114706,0.390060530335
4.284952,-0.266488404624,10.2038886733,0.943922672886,0.971273713047,10.7055997684,0.283983180125
4.286618,-0.266488404624,10.158507798,0.943922672886,1.00663282978,10.7420056195,0.319342296862
4.288284,-0.312633194291,10.1131269228,0.853160922416,1.04199194652,10.7055997684,0.319342296862
4.28995,-0.266488404624,10.0677460476,0.989303548122,1.04199194652,10.8148173218,0.390060530335
4.291616,-0.128054035624,10.1131269228,1.26158879953,0.971273713047,10.7055997684,0.390060530335
4.293282,-0.220343614958,10.0223651723,1.17082704906,1.04199194652,10.6327880661,0.354701413598
4.294948,-0.220343614958,10.0223651723,1.17082704906,0.971273713047,10.6691939172,0.390060530335
4.296614,-0.174198825291,9.9769842971,1.26158879953,0.865196362836,10.7055997684,0.460778763809
4.29828,-0.128054035624,10.0223651723,1.30696967477,0.794478129363,10.6327880661,0.354701413598
4.299946,-0.174198825291,9.93160342186,1.30696967477,0.829837246099,10.7420056195,0.496137880546
4.301612,-0.128054035624,9.9769842971,1.39773142524,0.794478129363,10.7420056195,0.496137880546
4.303278,-0.128054035624,9.93160342186,1.44311230048,0.900555479573,10.8148173218,0.566856114019
4.304944,-0.128054035624,9.93160342186,1.39773142524,0.900555479573,10.7420056195,0.531496997282
4.30661,-0.0819092459569,9.88622254663,1.35235055001,0.865196362836,10.7055997684,0.496137880546
4.308276,-0.0819092459569,9.84084167139,1.35235055001,0.900555479573,10.7055997684,0.496137880546
4.309942,-0.0819092459569,9.84084167139,1.35235055001,0.93591459631,10.7420056195,0.602215230756
4.311608,-0.0819092459569,9.75007992092,1.39773142524,0.865196362836,10.6327880661,0.496137880546
4.313274,-0.0819092459569,9.75007992092,1.30696967477,0.971273713047,10.7055997684,0.566856114019
4.31494,-0.0357644562901,9.75007992092,1.2162079243,1.07735106326,10.6691939172,0.566856114019
4.316606,0.0565251230437,9.84084167139,1.2162079243,1.14806929673,10.7055997684,0.602215230756
4.318272,-0.0357644562901,9.70469904569,1.08006529859,1.07735106326,10.6691939172,0.637574347493
4.319938,-0.0357644562901,9.70469904569,1.08006529859,1.11271017999,10.6327880661,0.602215230756
4.321604,0.0103803333768,9.65931817045,1.17082704906,1.18342841347,10.6327880661,0.637574347493
4.32327,-0.0357644562901,9.65931817045,1.12544617383,1.2187875302,10.7055997684,0.67293346423
4.324936,0.0103803333768,9.65931817045,1.12544617383,1.14806929673,10.6327880661,0.637574347493
4.326602,0.0565251230437,9.65931817045,1.17082704906,1.11271017999,10.7055997684,0.67293346423
4.328268,0.0565251230437,9.70469904569,1.17082704906,1.07735106326,10.7055997684,0.67293346423
4.329934,0.102669912711,9.70469904569,1.2162079243,1.18342841347,10.7784114706,0.708292580966
4.3316,0.102669912711,9.70469904569,1.35235055001,1.04199194652,10.7784114706,0.743651697703
4.333266,0.102669912711,9.75007992092,1.35235055001,0.971273713047,10.7420056195,0.67293346423
4.334932,0.241104281711,9.84084167139,1.44311230048,0.900555479573,10.7784114706,0.743651697703
4.336598,0.102669912711,9.70469904569,1.39773142524,0.865196362836,10.8148173218,0.743651697703
4.338264,0.102669912711,9.75007992092,1.44311230048,0.688400779152,10.7420056195,0.77901081444
4.33993,0.241104281711,9.88622254663,1.62463580142,0.759119012626,10.8148173218,0.743651697703
4.341596,0.102669912711,9.75007992092,1.48849317571,0.865196362836,10.8148173218,0.708292580966
4.343262,0.102669912711,9.79546079616,1.48849317571,0.900555479573,10.887629024,0.743651697703
4.344928,0.241104281711,9.9769842971,1.53387405095,0.829837246099,10.887629024,0.743651697703
4.346594,0.102669912711,9.84084167139,1.39773142524,0.794478129363,10.8512231729,0.67293346423
4.34826,0.148814702377,9.88622254663,1.39773142524,0.865196362836,10.9240348752,0.77901081444
4.349926,0.148814702377,9.93160342186,1.39773142524,0.865196362836,10.9240348752,0.743651697703
4.351592,0.194959492044,10.0677460476,1.35235055001,1.00663282978,11.0696582797,0.814369931177
4.353258,0.102669912711,9.93160342186,1.17082704906,0.900555479573,10.9968465774,0.743651697703
4.354924,0.102669912711,9.9769842971,1.08006529859,0.93591459631,10.9240348752,0.67293346423
4.35659,0.102669912711,10.0223651723,0.989303548122,1.04199194652,10.9240348752,0.67293346423
4.358256,0.102669912711,9.9769842971,0.943922672886,1.07735106326,10.9968465774,0.708292580966
4.359922,0.102669912711,10.0223651723,0.898541797651,1.04199194652,10.887629024,0.602215230756
4.361588,0.102669912711,10.0677460476,0.898541797651,1.14806929673,10.9604407263,0.67293346423
4.363254,0.0565251230437,10.0223651723,0.898541797651,1.14806929673,10.9604407263,0.67293346423
4.36492,0.0565251230437,10.0677460476,0.943922672886,1.2187875302,10.9968465774,0.67293346423
4.366586,0.102669912711,10.1131269228,0.943922672886,1.11271017999,10.9968465774,0.708292580966
4.368252,0.0565251230437,10.158507798,0.989303548122,1.00663282978,10.9604407263,0.637574347493
4.369918,0.0565251230437,10.158507798,0.989303548122,1.00663282978,11.0332524286,0.67293346423
4.371584,0.0565251230437,10.2038886733,0.989303548122,1.04199194652,11.0696582797,0.708292580966
4.37325,0.0565251230437,10.2492695485,0.989303548122,1.04199194652,11.1788758331,0.77901081444
4.374916,0.148814702377,10.3854121742,1.08006529859,0.900555479573,11.1060641308,0.67293346423
4.376582,0.148814702377,10.3854121742,1.12544617383,0.759119012626,11.0696582797,0.637574347493
4.378248,0.0565251230437,10.2946504237,1.03468442336,0.688400779152,11.142469982,0.637574347493
4.379914,0.0565251230437,10.340031299,1.12544617383,0.688400779152,11.1788758331,0.67293346423
4.38158,0.0565251230437,10.340031299,1.17082704906,0.653041662415,11.0696582797,0.602215230756
4.383246,0.102669912711,10.4307930495,1.2162079243,0.759119012626,11.1060641308,0.67293346423
4.384912,0.0565251230437,10.340031299,1.17082704906,0.759119012626,11.142469982,0.637574347493
4.386578,0.0565251230437,10.340031299,1.17082704906,0.794478129363,11.0696582797,0.67293346423
4.388244,0.0565251230437,10.3854121742,1.12544617383,0.794478129363,11.142469982,0.67293346423
4.38991,0.0103803333768,10.340031299,1.12544617383,0.688400779152,11.0696582797,0.602215230756
4.391576,0.0565251230437,10.340031299,1.08006529859,0.723759895889,11.0696582797,0.637574347493
4.393242,0.0103803333768,10.3854121742,0.989303548122,0.794478129363,11.1788758331,0.637574347493
4.394908,0.0565251230437,10.4307930495,0.989303548122,0.688400779152,11.0696582797,0.566856114019
4.396574,0.0565251230437,10.4307930495,0.943922672886,0.794478129363,11.1788758331,0.67293346423
4.39824,0.0565251230437,10.4307930495,0.898541797651,0.794478129363,11.1788758331,0.637574347493
4.399906,0.0565251230437,10.4307930495,0.853160922416,0.900555479573,11.2152816842,0.637574347493
4.401572,0.0565251230437,10.4307930495,0.762399171945,0.865196362836,11.2152816842,0.637574347493
4.403238,0.0103803333768,10.4307930495,0.80778004718,0.794478129363,11.1060641308,0.566856114019
4.404904,0.0103803333768,10.3854121742,0.853160922416,0.759119012626,11.1788758331,0.602215230756
4.40657,-0.0357644562901,10.340031299,0.898541797651,0.794478129363,11.2152816842,0.602215230756
4.408236,0.0103803333768,10.340031299,0.943922672886,0.900555479573,11.2152816842,0.637574347493
4.409902,0.0103803333768,10.340031299,0.989303548122,0.794478129363,11.1788758331,0.637574347493
4.411568,0.0103803333768,10.340031299,0.989303548122,0.688400779152,11.1788758331,0.602215230756
4.413234,0.0565251230437,10.340031299,0.989303548122,0.653041662415,11.1788758331,0.602215230756
4.4149,0.0565251230437,10.340031299,1.03468442336,0.617682545679,11.2152816842,0.637574347493
4.416566,0.0103803333768,10.2946504237,1.03468442336,0.511605195468,11.1060641308,0.67293346423
4.418232,0.0565251230437,10.2492695485,1.08006529859,0.582323428942,11.2152816842,0.637574347493
4.419898,0.0565251230437,10.2492695485,1.08006529859,0.546964312205,11.142469982,0.637574347493
4.421564,0.0565251230437,10.2038886733,1.12544617383,0.582323428942,11.142469982,0.637574347493
4.42323,0.0103803333768,10.158507798,1.08006529859,0.617682545679,11.142469982,0.67293346423
4.424896,0.0565251230437,10.158507798,1.08006529859,0.617682545679,11.0332524286,0.602215230756
4.426562,0.0565251230437,10.158507798,1.12544617383,0.653041662415,11.0696582797,0.637574347493
4.428228,0.0103803333768,10.1131269228,1.08006529859,0.653041662415,11.0696582797,0.602215230756
4.429894,-0.0357644562901,10.1131269228,1.03468442336,0.794478129363,11.1788758331,0.67293346423
4.43156,-0.0357644562901,10.0677460476,0.989303548122,0.794478129363,11.0696582797,0.602215230756
4.433226,-0.0357644562901,10.0677460476,0.989303548122,0.794478129363,11.0332524286,0.566856114019
4.434892,-0.0357644562901,10.0223651723,0.943922672886,0.829837246099,10.9968465774,0.566856114019
4.436558,-0.0357644562901,10.0223651723,0.943922672886,0.829837246099,10.9968465774,0.602215230756
4.438224,-0.0357644562901,10.0223651723,0.943922672886,0.794478129363,10.887629024,0.531496997282
4.43989,-0.0357644562901,9.9769842971,0.943922672886,0.900555479573,10.9604407263,0.566856114019
4.441556,-0.0819092459569,9.93160342186,0.943922672886,0.900555479573,10.887629024,0.566856114019
4.443222,-0.0819092459569,9.93160342186,0.989303548122,0.971273713047,10.9240348752,0.566856114019
4.444888,-0.0819092459569,9.93160342186,0.989303548122,0.93591459631,10.887629024,0.566856114019
4.446554,-0.0819092459569,9.93160342186,1.08006529859,0.794478129363,10.7420056195,0.496137880546
4.44822,-0.0357644562901,9.93160342186,1.08006529859,0.900555479573,10.7784114706,0.566856114019
4.449886,-0.0819092459569,9.93160342186,1.12544617383,0.794478129363,10.8148173218,0.602215230756
4.451552,-0.0819092459569,9.88622254663,1.30696967477,0.794478129363,10.8512231729,0.566856114019
4.453218,-0.0819092459569,9.88622254663,1.26158879953,0.759119012626,10.7784114706,0.566856114019
4.454884,0.0103803333768,10.0223651723,1.30696967477,0.653041662415,10.7420056195,0.496137880546
4.45655,-0.128054035624,9.88622254663,1.26158879953,0.653041662415,10.6327880661,0.496137880546
4.458216,-0.128054035624,9.88622254663,1.26158879953,0.794478129363,10.7420056195,0.531496997282
4.459882,-0.128054035624,9.88622254663,1.44311230048,0.617682545679,10.5599763638,0.496137880546
4.461548,-0.0819092459569,9.88622254663,1.35235055001,0.759119012626,10.6327880661,0.496137880546
4.463214,-0.174198825291,9.84084167139,1.26158879953,0.900555479573,10.6327880661,0.531496997282
4.46488,-0.128054035624,9.79546079616,1.39773142524,0.794478129363,10.6327880661,0.496137880546
4.466546,-0.174198825291,9.84084167139,1.39773142524,0.688400779152,10.596382215,0.460778763809
4.468212,-0.174198825291,9.88622254663,1.26158879953,0.900555479573,10.5235705127,0.390060530335
4.469878,-0.128054035624,9.93160342186,1.39773142524,0.794478129363,10.5235705127,0.354701413598
4.471544,-0.128054035624,9.9769842971,1.35235055001,1.04199194652,10.5235705127,0.460778763809
4.47321,-0.128054035624,9.93160342186,1.17082704906,0.93591459631,10.4871646616,0.460778763809
4.474876,-0.174198825291,10.0223651723,1.35235055001,0.93591459631,10.5235705127,0.390060530335
4.476542,-0.174198825291,9.9769842971,1.2162079243,1.14806929673,10.5235705127,0.390060530335
4.478208,-0.266488404624,9.84084167139,1.17082704906,1.14806929673,10.596382215,0.390060530335
4.479874,-0.220343614958,9.93160342186,1.26158879953,0.971273713047,10.5599763638,0.390060530335
4.48154,-0.266488404624,9.88622254663,1.12544617383,1.14806929673,10.596382215,0.354701413598
4.483206,-0.220343614958,9.93160342186,1.17082704906,1.07735106326,10.5235705127,0.390060530335
4.484872,-0.220343614958,9.9769842971,1.17082704906,1.04199194652,10.596382215,0.390060530335
4.486538,-0.266488404624,9.93160342186,1.12544617383,1.14806929673,10.6691939172,0.496137880546
4.488204,-0.266488404624,9.93160342186,1.17082704906,1.07735106326,10.596382215,0.390060530335
4.48987,-0.220343614958,9.9769842971,1.2162079243,0.971273713047,10.596382215,0.354701413598
4.491536,-0.266488404624,9.88622254663,1.26158879953,1.00663282978,10.5599763638,0.390060530335
4.493202,-0.220343614958,9.9769842971,1.30696967477,1.00663282978,10.596382215,0.390060530335
4.494868,-0.220343614958,9.93160342186,1.39773142524,0.93591459631,10.6327880661,0.354701413598
4.496534,-0.128054035624,10.0677460476,1.48849317571,0.93591459631,10.596382215,0.354701413598
4.4982,-0.174198825291,10.0677460476,1.39773142524,1.04199194652,10.6327880661,0.425419647072
4.499866,-0.174198825291,10.0223651723,1.39773142524,0.971273713047,10.596382215,0.496137880546
4.501532,-0.128054035624,10.1131269228,1.44311230048,1.00663282978,10.6327880661,0.425419647072
4.503198,-0.174198825291,10.0223651723,1.35235055001,1.14806929673,10.6691939172,0.460778763809
4.504864,-0.128054035624,10.0223651723,1.39773142524,1.04199194652,10.7420056195,0.460778763809
4.50653,-0.128054035624,10.0223651723,1.39773142524,0.971273713047,10.7420056195,0.496137880546
4.508196,-0.128054035624,10.0677460476,1.30696967477,1.11271017999,10.7420056195,0.460778763809
4.509862,-0.0819092459569,10.0677460476,1.35235055001,0.971273713047,10.7784114706,0.496137880546
4.511528,-0.128054035624,10.158507798,1.30696967477,1.07735106326,10.8148173218,0.531496997282
4.513194,-0.0819092459569,10.1131269228,1.2162079243,1.11271017999,10.7784114706,0.496137880546
4.51486,-0.0819092459569,10.158507798,1.30696967477,1.07735106326,10.887629024,0.566856114019
4.516526,-0.0819092459569,10.2038886733,1.26158879953,1.07735106326,10.9240348752,0.531496997282
4.518192,-0.0819092459569,10.2038886733,1.2162079243,1.28950576368,11.0696582797,0.602215230756
4.519858,0.0565251230437,10.2946504237,1.39773142524,1.04199194652,10.9968465774,0.602215230756
4.521524,-0.0357644562901,10.2038886733,1.30696967477,1.07735106326,11.0332524286,0.566856114019
4.52319,0.0103803333768,10.2492695485,1.26158879953,1.04199194652,11.0696582797,0.637574347493
4.524856,0.0103803333768,10.2492695485,1.30696967477,0.93591459631,11.1060641308,0.67293346423
4.526522,0.0565251230437,10.2492695485,1.30696967477,0.93591459631,11.1788758331,0.77901081444
4.528188,0.102669912711,10.2492695485,1.26158879953,1.04199194652,11.1788758331,0.67293346423
4.529854,0.102669912711,10.2492695485,1.35235055001,0.93591459631,11.142469982,0.67293346423
4.53152,0.102669912711,10.2946504237,1.35235055001,0.93591459631,11.2152816842,0.67293346423
4.533186,0.194959492044,10.3854121742,1.44311230048,0.900555479573,11.2516875354,0.743651697703
4.534852,0.102669912711,10.2946504237,1.39773142524,0.865196362836,11.2152816842,0.67293346423
4.536518,0.148814702377,10.2946504237,1.44311230048,0.93591459631,11.2880933865,0.743651697703
4.538184,0.194959492044,10.340031299,1.44311230048,0.93591459631,11.3244992376,0.708292580966
4.53985,0.148814702377,10.340031299,1.35235055001,1.04199194652,11.4701226422,0.814369931177
4.541516,0.148814702377,10.340031299,1.35235055001,0.971273713047,11.3609050888,0.77901081444
4.543182,0.194959492044,10.3854121742,1.35235055001,1.00663282978,11.3609050888,0.743651697703
4.544848,0.194959492044,10.3854121742,1.35235055001,1.04199194652,11.3973109399,0.77901081444
4.546514,0.287249071378,10.5215547999,1.39773142524,1.00663282978,11.4701226422,0.814369931177
4.54818,0.148814702377,10.3854121742,1.26158879953,0.93591459631,11.3973109399,0.743651697703
4.549846,0.194959492044,10.4307930495,1.2162079243,1.04199194652,11.5065284933,0.814369931177
4.551512,0.241104281711,10.4307930495,1.2162079243,1.04199194652,11.5065284933,0.77901081444
4.553178,0.194959492044,10.4761739247,1.2162079243,1.18342841347,11.5793401956,0.849729047914
4.554844,0.194959492044,10.4761739247,1.17082704906,1.07735106326,11.5065284933,0.849729047914
4.55651,0.148814702377,10.4761739247,1.12544617383,1.07735106326,11.4701226422,0.743651697703
4.558176,0.148814702377,10.4307930495,1.12544617383,1.11271017999,11.4701226422,0.77901081444
4.559842,0.194959492044,10.4307930495,1.17082704906,1.14806929673,11.5429343444,0.77901081444
4.561508,0.194959492044,10.4761739247,1.12544617383,1.04199194652,11.3973109399,0.743651697703
4.563174,0.287249071378,10.5669356752,1.26158879953,1.04199194652,11.5065284933,0.814369931177
4.56484,0.194959492044,10.4761739247,1.17082704906,1.04199194652,11.4701226422,0.77901081444
4.566506,0.194959492044,10.4761739247,1.26158879953,1.04199194652,11.5065284933,0.77901081444
4.568172,0.194959492044,10.5215547999,1.26158879953,1.00663282978,11.4701226422,0.814369931177
4.569838,0.148814702377,10.4761739247,1.17082704906,0.93591459631,11.3973109399,0.77901081444
4.571504,0.148814702377,10.4761739247,1.2162079243,0.971273713047,11.3973109399,0.77901081444
4.57317,0.148814702377,10.4761739247,1.30696967477,0.971273713047,11.433716791,0.77901081444
4.574836,0.194959492044,10.4761739247,1.35235055001,0.865196362836,11.3609050888,0.814369931177
4.576502,0.148814702377,10.4307930495,1.35235055001,0.93591459631,11.3609050888,0.77901081444
4.578168,0.148814702377,10.4307930495,1.35235055001,0.93591459631,11.3609050888,0.743651697703
4.579834,0.148814702377,10.4307930495,1.39773142524,0.93591459631,11.3609050888,0.743651697703
4.5815,0.148814702377,10.4307930495,1.39773142524,0.971273713047,11.3609050888,0.77901081444
4.583166,0.148814702377,10.4307930495,1.35235055001,0.900555479573,11.2880933865,0.67293346423
4.584832,0.102669912711,10.4307930495,1.30696967477,0.971273713047,11.2880933865,0.67293346423
4.586498,0.102669912711,10.4307930495,1.26158879953,1.00663282978,11.2880933865,0.708292580966
4.588164,0.102669912711,10.4307930495,1.26158879953,1.07735106326,11.3244992376,0.743651697703
4.58983,0.194959492044,10.4761739247,1.35235055001,1.00663282978,11.2152816842,0.708292580966
4.591496,0.0565251230437,10.3854121742,1.17082704906,0.971273713047,11.1788758331,0.637574347493
4.593162,0.0565251230437,10.3854121742,1.17082704906,0.93591459631,11.142469982,0.67293346423
4.594828,0.102669912711,10.3854121742,1.17082704906,1.00663282978,11.1788758331,0.708292580966
4.596494,0.0565251230437,10.340031299,1.17082704906,0.93591459631,11.0696582797,0.637574347493
4.59816,0.0565251230437,10.340031299,1.17082704906,1.04199194652,11.1060641308,0.67293346423
4.599826,0.0103803333768,10.2946504237,1.12544617383,1.04199194652,11.0696582797,0.637574347493
4.601492,0.0103803333768,10.2946504237,1.08006529859,1.11271017999,11.0696582797,0.637574347493
4.603158,0.0565251230437,10.2492695485,1.17082704906,1.04199194652,11.0332524286,0.637574347493
4.604824,0.0103803333768,10.2492695485,1.17082704906,0.971273713047,10.9240348752,0.602215230756
4.60649,0.0103803333768,10.2038886733,1.2162079243,0.971273713047,10.9604407263,0.602215230756
4.608156,0.0565251230437,10.158507798,1.26158879953,0.971273713047,10.9240348752,0.637574347493
4.609822,0.0103803333768,10.1131269228,1.2162079243,1.04199194652,10.9968465774,0.743651697703
4.611488,0.0565251230437,10.1131269228,1.26158879953,0.971273713047,10.887629024,0.637574347493
4.613154,0.102669912711,10.1131269228,1.30696967477,0.93591459631,10.8148173218,0.602215230756
4.61482,-0.0357644562901,9.9769842971,1.2162079243,0.93591459631,10.8148173218,0.602215230756
4.616486,-0.0357644562901,9.9769842971,1.26158879953,1.00663282978,10.8148173218,0.637574347493
4.618152,-0.0357644562901,9.9769842971,1.2162079243,0.900555479573,10.7420056195,0.67293346423
4.619818,-0.0357644562901,9.93160342186,1.2162079243,1.00663282978,10.7420056195,0.602215230756
4.621484,0.0103803333768,9.93160342186,1.17082704906,0.93591459631,10.7420056195,0.602215230756
4.62315,-0.0357644562901,9.88622254663,1.17082704906,1.04199194652,10.7420056195,0.602215230756
4.624816,-0.0357644562901,9.88622254663,1.17082704906,0.971273713047,10.7420056195,0.637574347493
4.626482,-0.0357644562901,9.88622254663,1.12544617383,0.93591459631,10.6691939172,0.531496997282
4.628148,-0.0357644562901,9.84084167139,1.12544617383,1.04199194652,10.6691939172,0.602215230756
4.629814,0.0565251230437,9.88622254663,1.17082704906,0.971273713047,10.6691939172,0.602215230756
4.63148,0.0565251230437,9.88622254663,1.17082704906,1.07735106326,10.7420056195,0.602215230756
4.633146,-0.0357644562901,9.75007992092,1.03468442336,0.971273713047,10.6691939172,0.602215230756
4.634812,-0.0357644562901,9.75007992092,1.08006529859,0.900555479573,10.596382215,0.566856114019
4.636478,-0.0357644562901,9.75007992092,1.08006529859,0.93591459631,10.596382215,0.602215230756
4.638144,-0.0357644562901,9.70469904569,1.12544617383,0.93591459631,10.6327880661,0.602215230756
4.63981,0.0565251230437,9.79546079616,1.2162079243,0.829837246099,10.5599763638,0.637574347493
4.641476,-0.0819092459569,9.70469904569,1.08006529859,0.900555479573,10.596382215,0.602215230756
4.643142,-0.0357644562901,9.70469904569,1.12544617383,0.865196362836,10.5235705127,0.566856114019
4.644808,-0.0357644562901,9.70469904569,1.17082704906,0.829837246099,10.5235705127,0.566856114019
4.646474,-0.0357644562901,9.65931817045,1.17082704906,0.794478129363,10.5599763638,0.602215230756
4.64814,-0.0357644562901,9.65931817045,1.2162079243,0.688400779152,10.4871646616,0.496137880546
4.649806,-0.0357644562901,9.65931817045,1.26158879953,0.723759895889,10.5235705127,0.566856114019
4.651472,-0.0819092459569,9.61393729522,1.2162079243,0.723759895889,10.5235705127,0.566856114019
4.653138,-0.0819092459569,9.61393729522,1.26158879953,0.617682545679,10.596382215,0.67293346423
4.654804,-0.0357644562901,9.65931817045,1.26158879953,0.688400779152,10.5235705127,0.602215230756
4.65647,-0.0819092459569,9.61393729522,1.17082704906,0.653041662415,10.5235705127,0.531496997282
4.658136,-0.0819092459569,9.65931817045,1.17082704906,0.759119012626,10.5235705127,0.566856114019
4.659802,-0.0819092459569,9.65931817045,1.17082704906,0.653041662415,10.5599763638,0.566856114019
4.661468,0.0103803333768,9.79546079616,1.2162079243,0.582323428942,10.5235705127,0.496137880546
4.663134,-0.128054035624,9.70469904569,1.08006529859,0.653041662415,10.5599763638,0.496137880546
4.6648,-0.128054035624,9.70469904569,1.08006529859,0.653041662415,10.596382215,0.496137880546
4.666466,-0.128054035624,9.75007992092,1.03468442336,0.759119012626,10.7055997684,0.566856114019
4.668132,-0.174198825291,9.75007992092,0.989303548122,0.688400779152,10.596382215,0.460778763809
4.669798,-0.174198825291,9.79546079616,0.943922672886,0.688400779152,10.596382215,0.425419647072
4.671464,-0.174198825291,9.79546079616,0.898541797651,0.653041662415,10.596382215,0.460778763809
4.67313,-0.0819092459569,9.93160342186,0.989303548122,0.723759895889,10.6327880661,0.460778763809
4.674796,-0.220343614958,9.84084167139,0.853160922416,0.653041662415,10.5599763638,0.496137880546
4.676462,-0.174198825291,9.84084167139,0.898541797651,0.723759895889,10.6327880661,0.460778763809
4.678128,-0.174198825291,9.88622254663,0.853160922416,0.688400779152,10.596382215,0.425419647072
4.679794,-0.174198825291,9.88622254663,0.853160922416,0.794478129363,10.7055997684,0.460778763809
4.68146,-0.174198825291,9.93160342186,0.853160922416,0.653041662415,10.6691939172,0.460778763809
4.683126,-0.174198825291,9.93160342186,0.898541797651,0.617682545679,10.596382215,0.354701413598
4.684792,-0.174198825291,9.9769842971,0.898541797651,0.653041662415,10.6327880661,0.390060530335
4.686458,-0.174198825291,10.0223651723,0.898541797651,0.617682545679,10.7055997684,0.425419647072
4.688124,-0.220343614958,10.0223651723,0.898541797651,0.511605195468,10.6327880661,0.354701413598
4.68979,-0.220343614958,10.0677460476,0.943922672886,0.582323428942,10.7420056195,0.425419647072
4.691456,-0.220343614958,10.0677460476,0.943922672886,0.582323428942,10.7055997684,0.390060530335
4.693122,-0.220343614958,10.0677460476,0.943922672886,0.617682545679,10.7055997684,0.354701413598
4.694788,-0.220343614958,10.1131269228,0.943922672886,0.582323428942,10.7420056195,0.390060530335
4.696454,-0.220343614958,10.158507798,0.943922672886,0.511605195468,10.7055997684,0.354701413598
4.69812,-0.220343614958,10.158507798,0.943922672886,0.511605195468,10.7420056195,0.390060530335
4.699786,-0.220343614958,10.158507798,0.943922672886,0.582323428942,10.7784114706,0.425419647072
4.701452,-0.174198825291,10.2038886733,0.898541797651,0.617682545679,10.887629024,0.460778763809
4.703118,-0.220343614958,10.2492695485,0.898541797651,0.582323428942,10.8512231729,0.425419647072
4.704784,-0.220343614958,10.2492695485,0.898541797651,0.582323428942,10.8512231729,0.390060530335
4.70645,-0.174198825291,10.2492695485,0.898541797651,0.617682545679,10.8512231729,0.390060530335
4.708116,-0.174198825291,10.2946504237,0.898541797651,0.617682545679,10.887629024,0.460778763809
4.709782,-0.174198825291,10.2946504237,0.898541797651,0.582323428942,10.8512231729,0.460778763809
4.711448,-0.0819092459569,10.4307930495,0.989303548122,0.617682545679,10.9240348752,0.460778763809
4.713114,-0.174198825291,10.340031299,0.898541797651,0.617682545679,10.9240348752,0.390060530335
4.71478,-0.174198825291,10.2946504237,0.853160922416,0.688400779152,10.9604407263,0.425419647072
4.716446,-0.174198825291,10.2946504237,0.898541797651,0.653041662415,10.9968465774,0.460778763809
4.718112,-0.128054035624,10.2946504237,0.898541797651,0.582323428942,10.9604407263,0.425419647072
4.719778,-0.128054035624,10.340031299,0.943922672886,0.653041662415,10.9604407263,0.460778763809
4.721444,-0.128054035624,10.2946504237,0.943922672886,0.653041662415,11.0332524286,0.531496997282
4.72311,-0.128054035624,10.2946504237,0.943922672886,0.617682545679,11.1060641308,0.602215230756
4.724776,-0.0819092459569,10.2946504237,0.989303548122,0.653041662415,11.0696582797,0.531496997282
4.726442,-0.0819092459569,10.2492695485,0.989303548122,0.617682545679,11.0696582797,0.496137880546
4.728108,-0.0357644562901,10.2946504237,1.08006529859,0.723759895889,11.1060641308,0.566856114019
4.729774,-0.0357644562901,10.340031299,0.989303548122,0.653041662415,11.142469982,0.602215230756
4.73144,-0.0357644562901,10.2946504237,1.08006529859,0.617682545679,11.0696582797,0.531496997282
4.733106,-0.0357644562901,10.2946504237,1.08006529859,0.653041662415,11.1060641308,0.566856114019
4.734772,0.0565251230437,10.2946504237,1.08006529859,0.688400779152,11.1788758331,0.637574347493
4.736438,0.0103803333768,10.2946504237,1.08006529859,0.617682545679,11.0696582797,0.637574347493
4.738104,0.0103803333768,10.2946504237,1.08006529859,0.759119012626,11.2152816842,0.637574347493
4.73977,0.0565251230437,10.2946504237,1.08006529859,0.723759895889,11.1788758331,0.637574347493
4.741436,0.0565251230437,10.2492695485,1.03468442336,0.829837246099,11.2152816842,0.637574347493
4.743102,0.102669912711,10.2946504237,1.08006529859,0.865196362836,11.2152816842,0.67293346423
4.744768,0.102669912711,10.2946504237,1.03468442336,0.865196362836,11.142469982,0.637574347493
4.746434,0.102669912711,10.2492695485,1.03468442336,0.900555479573,11.2152816842,0.743651697703
4.7481,0.102669912711,10.2492695485,1.03468442336,0.93591459631,11.2152816842,0.708292580966
4.749766,0.102669912711,10.2038886733,1.08006529859,1.07735106326,11.3244992376,0.743651697703
4.751432,0.102669912711,10.158507798,1.08006529859,0.971273713047,11.2152816842,0.743651697703
4.753098,0.148814702377,10.2492695485,1.17082704906,0.971273713047,11.2152816842,0.67293346423
4.754764,0.102669912711,10.158507798,1.12544617383,1.00663282978,11.1788758331,0.743651697703
4.75643,0.148814702377,10.1131269228,1.12544617383,1.04199194652,11.2152816842,0.77901081444
4.758096,0.148814702377,10.1131269228,1.12544617383,0.971273713047,11.1060641308,0.814369931177
4.759762,0.148814702377,10.1131269228,1.2162079243,1.04199194652,11.1788758331,0.77901081444
4.761428,0.194959492044,10.1131269228,1.2162079243,0.971273713047,11.142469982,0.77901081444
4.763094,0.148814702377,10.0677460476,1.26158879953,1.04199194652,11.1060641308,0.77901081444
4.76476,0.194959492044,10.1131269228,1.30696967477,1.04199194652,11.1788758331,0.77901081444
4.766426,0.194959492044,10.0677460476,1.35235055001,0.971273713047,11.0696582797,0.743651697703
4.768092,0.194959492044,10.0677460476,1.39773142524,1.04199194652,11.1060641308,0.814369931177
4.769758,0.194959492044,10.0677460476,1.39773142524,1.04199194652,11.1060641308,0.77901081444
4.771424,0.194959492044,10.0677460476,1.44311230048,1.18342841347,11.2152816842,0.814369931177
4.77309,0.287249071378,10.158507798,1.53387405095,1.07735106326,11.1060641308,0.77901081444
4.774756,0.148814702377,10.0677460476,1.44311230048,1.07735106326,11.0696582797,0.77901081444
4.776422,0.194959492044,10.1131269228,1.48849317571,1.07735106326,11.0696582797,0.743651697703
4.778088,0.194959492044,10.1131269228,1.53387405095,1.07735106326,11.0696582797,0.77901081444
4.779754,0.148814702377,10.0677460476,1.44311230048,1.07735106326,10.9968465774,0.708292580966
4.78142,0.102669912711,10.0677460476,1.44311230048,1.18342841347,11.0696582797,0.77901081444
4.783086,0.102669912711,10.0677460476,1.44311230048,1.2187875302,11.0696582797,0.77901081444
4.784752,0.148814702377,10.0677460476,1.44311230048,1.28950576368,11.0696582797,0.743651697703
4.786418,0.148814702377,10.0677460476,1.44311230048,1.25414664694,11.0332524286,0.743651697703
4.788084,0.194959492044,10.1131269228,1.48849317571,1.2187875302,10.9604407263,0.67293346423
4.78975,0.194959492044,10.158507798,1.53387405095,1.25414664694,10.9968465774,0.743651697703
4.791416,0.102669912711,10.0223651723,1.44311230048,1.25414664694,10.9968465774,0.708292580966
4.793082,0.0565251230437,10.0223651723,1.44311230048,1.36022399715,11.0696582797,0.77901081444
4.794748,0.0565251230437,10.0677460476,1.39773142524,1.32486488041,10.9240348752,0.743651697703
4.796414,0.0565251230437,10.0677460476,1.44311230048,1.28950576368,10.887629024,0.637574347493
4.79808,0.0565251230437,10.0677460476,1.44311230048,1.32486488041,10.887629024,0.67293346423
4.799746,0.148814702377,10.158507798,1.53387405095,1.28950576368,10.887629024,0.67293346423
4.801412,0.0565251230437,10.0677460476,1.44311230048,1.2187875302,10.9604407263,0.77901081444
4.803078,0.0565251230437,10.0677460476,1.48849317571,1.25414664694,10.9240348752,0.67293346423
4.804744,0.0565251230437,10.1131269228,1.48849317571,1.32486488041,10.887629024,0.602215230756
4.80641,0.0103803333768,10.0677460476,1.44311230048,1.25414664694,10.887629024,0.637574347493
4.808076,0.0103803333768,10.1131269228,1.48849317571,1.28950576368,10.9240348752,0.602215230756
4.809742,0.0565251230437,10.1131269228,1.53387405095,1.25414664694,10.8512231729,0.566856114019
4.811408,0.0103803333768,10.0677460476,1.48849317571,1.25414664694,10.9240348752,0.602215230756
4.813074,0.0103803333768,10.1131269228,1.48849317571,1.28950576368,10.887629024,0.602215230756
4.81474,-0.0357644562901,10.1131269228,1.48849317571,1.36022399715,10.9604407263,0.602215230756
4.816406,-0.0357644562901,10.1131269228,1.48849317571,1.28950576368,10.9240348752,0.602215230756
4.818072,-0.0357644562901,10.158507798,1.44311230048,1.2187875302,10.9240348752,0.566856114019
4.819738,-0.0357644562901,10.158507798,1.44311230048,1.25414664694,10.887629024,0.566856114019
4.821404,-0.0357644562901,10.158507798,1.39773142524,1.28950576368,10.9604407263,0.602215230756
4.82307,-0.0357644562901,10.2038886733,1.44311230048,1.2187875302,10.887629024,0.496137880546
4.824736,0.0565251230437,10.2946504237,1.44311230048,1.28950576368,10.9240348752,0.602215230756
4.826402,-0.0357644562901,10.2038886733,1.39773142524,1.28950576368,10.9968465774,0.566856114019
4.828068,-0.0357644562901,10.2038886733,1.39773142524,1.36022399715,10.9968465774,0.566856114019
4.829734,-0.0819092459569,10.158507798,1.39773142524,1.2187875302,10.9968465774,0.566856114019
4.8314,-0.0357644562901,10.2038886733,1.39773142524,1.18342841347,10.9240348752,0.496137880546
4.833066,-0.0819092459569,10.158507798,1.35235055001,1.18342841347,10.9604407263,0.566856114019
4.834732,-0.0357644562901,10.2038886733,1.39773142524,1.18342841347,11.0332524286,0.602215230756
4.836398,0.0565251230437,10.2946504237,1.48849317571,1.04199194652,10.9240348752,0.566856114019
4.838064,-0.0357644562901,10.2492695485,1.39773142524,1.04199194652,11.0332524286,0.566856114019
4.83973,-0.0357644562901,10.2038886733,1.39773142524,1.07735106326,11.0332524286,0.531496997282
4.841396,0.0103803333768,10.2492695485,1.39773142524,1.04199194652,11.0696582797,0.566856114019
4.843062,-0.0819092459569,10.2038886733,1.39773142524,1.00663282978,11.0696582797,0.602215230756
4.844728,-0.0819092459569,10.2038886733,1.39773142524,0.900555479573,10.9968465774,0.496137880546
4.846394,-0.0819092459569,10.2038886733,1.39773142524,0.93591459631,11.0696582797,0.566856114019
4.84806,-0.0357644562901,10.2038886733,1.39773142524,0.93591459631,11.0696582797,0.566856114019
4.849726,-0.0357644562901,10.2492695485,1.39773142524,0.829837246099,11.0332524286,0.602215230756
4.851392,-0.0357644562901,10.2946504237,1.44311230048,0.900555479573,11.1060641308,0.566856114019
4.853058,-0.0819092459569,10.2492695485,1.35235055001,0.829837246099,11.1060641308,0.531496997282
4.854724,-0.0819092459569,10.2946504237,1.30696967477,0.93591459631,11.142469982,0.531496997282
4.85639,-0.0819092459569,10.2946504237,1.30696967477,0.865196362836,11.2152816842,0.566856114019
4.858056,-0.0819092459569,10.2946504237,1.30696967477,0.794478129363,11.1060641308,0.460778763809
4.859722,-0.0357644562901,10.3854121742,1.35235055001,0.865196362836,11.1788758331,0.531496997282
4.861388,-0.0819092459569,10.2946504237,1.2162079243,0.865196362836,11.2152816842,0.531496997282
4.863054,-0.0819092459569,10.2946504237,1.2162079243,0.93591459631,11.2152816842,0.531496997282
4.86472,-0.0819092459569,10.2946504237,1.17082704906,0.865196362836,11.2152816842,0.531496997282
4.866386,-0.0819092459569,10.340031299,1.17082704906,0.794478129363,11.1060641308,0.460778763809
4.868052,-0.0819092459569,10.2946504237,1.12544617383,0.794478129363,11.1788758331,0.496137880546
4.869718,-0.128054035624,10.2946504237,1.12544617383,0.865196362836,11.1788758331,0.531496997282
4.871384,-0.128054035624,10.2492695485,1.03468442336,0.723759895889,11.0696582797,0.460778763809
4.87305,-0.128054035624,10.2492695485,1.03468442336,0.759119012626,11.142469982,0.496137880546
4.874716,-0.128054035624,10.2492695485,1.03468442336,0.794478129363,11.142469982,0.460778763809
4.876382,-0.128054035624,10.2946504237,1.08006529859,0.794478129363,11.142469982,0.460778763809
4.878048,-0.128054035624,10.2946504237,1.08006529859,0.759119012626,11.142469982,0.496137880546
4.879714,-0.174198825291,10.2946504237,1.03468442336,0.723759895889,11.0696582797,0.390060530335
4.88138,-0.128054035624,10.2946504237,1.03468442336,0.653041662415,11.0696582797,0.460778763809
4.883046,-0.0819092459569,10.340031299,1.12544617383,0.653041662415,11.1060641308,0.460778763809
4.884712,-0.0357644562901,10.3854121742,1.12544617383,0.688400779152,11.1788758331,0.531496997282
4.886378,-0.0819092459569,10.3854121742,1.12544617383,0.653041662415,11.1060641308,0.496137880546
4.888044,-0.0819092459569,10.3854121742,1.17082704906,0.617682545679,11.0696582797,0.425419647072
4.88971,-0.0819092459569,10.3854121742,1.12544617383,0.653041662415,11.0696582797,0.460778763809
4.891376,-0.128054035624,10.340031299,1.12544617383,0.617682545679,11.0696582797,0.425419647072
4.893042,-0.174198825291,10.340031299,1.08006529859,0.617682545679,10.9968465774,0.354701413598
4.894708,-0.174198825291,10.2946504237,1.03468442336,0.653041662415,11.0332524286,0.425419647072
4.896374,-0.174198825291,10.2946504237,1.08006529859,0.617682545679,10.9968465774,0.425419647072
4.89804,-0.220343614958,10.2946504237,1.03468442336,0.759119012626,11.0696582797,0.496137880546
4.899706,-0.174198825291,10.2946504237,1.03468442336,0.688400779152,10.9968465774,0.425419647072
4.901372,-0.174198825291,10.2946504237,0.989303548122,0.653041662415,10.9240348752,0.354701413598
4.903038,-0.174198825291,10.2492695485,0.989303548122,0.653041662415,10.887629024,0.390060530335
4.904704,-0.174198825291,10.2492695485,0.989303548122,0.723759895889,10.9240348752,0.460778763809
4.90637,-0.220343614958,10.2038886733,0.989303548122,0.582323428942,10.8148173218,0.319342296862
4.908036,-0.220343614958,10.2038886733,0.943922672886,0.688400779152,10.8512231729,0.390060530335
4.909702,-0.174198825291,10.2038886733,0.943922672886,0.688400779152,10.8148173218,0.390060530335
4.911368,-0.174198825291,10.2038886733,0.943922672886,0.759119012626,10.8148173218,0.460778763809
4.913034,-0.174198825291,10.158507798,0.943922672886,0.653041662415,10.7784114706,0.460778763809
4.9147,-0.174198825291,10.1131269228,0.943922672886,0.688400779152,10.7420056195,0.390060530335
4.916366,-0.174198825291,10.1131269228,0.943922672886,0.688400779152,10.7420056195,0.425419647072
4.918032,-0.174198825291,10.1131269228,0.989303548122,0.688400779152,10.7420056195,0.460778763809
4.919698,-0.174198825291,10.1131269228,0.989303548122,0.617682545679,10.6327880661,0.390060530335
4.921364,-0.174198825291,10.0677460476,0.989303548122,0.688400779152,10.7420056195,0.460778763809
4.92303,-0.174198825291,10.0223651723,1.03468442336,0.688400779152,10.7055997684,0.460778763809
4.924696,-0.174198825291,10.0223651723,1.03468442336,0.759119012626,10.7420056195,0.460778763809
4.926362,-0.0819092459569,10.0677460476,1.08006529859,0.723759895889,10.7420056195,0.496137880546
4.928028,-0.128054035624,9.9769842971,0.989303548122,0.688400779152,10.6691939172,0.460778763809
4.929694,-0.128054035624,9.9769842971,1.03468442336,0.688400779152,10.6691939172,0.460778763809
4.93136,-0.0819092459569,9.9769842971,0.989303548122,0.759119012626,10.7055997684,0.496137880546
4.933026,-0.0819092459569,9.93160342186,1.03468442336,0.653041662415,10.6327880661,0.566856114019
4.934692,-0.0819092459569,9.88622254663,0.989303548122,0.794478129363,10.7055997684,0.566856114019
4.936358,-0.0357644562901,9.93160342186,1.08006529859,0.794478129363,10.7055997684,0.531496997282
4.938024,-0.0819092459569,9.88622254663,0.989303548122,0.829837246099,10.6691939172,0.496137880546
4.93969,-0.0819092459569,9.88622254663,0.989303548122,0.865196362836,10.7055997684,0.566856114019
4.941356,-0.0819092459569,9.84084167139,0.989303548122,0.794478129363,10.6327880661,0.496137880546
4.943022,-0.0357644562901,9.79546079616,0.989303548122,0.865196362836,10.6327880661,0.566856114019
4.944688,-0.0357644562901,9.79546079616,0.989303548122,0.900555479573,10.7055997684,0.602215230756
4.946354,-0.0819092459569,9.79546079616,0.943922672886,0.794478129363,10.596382215,0.637574347493
4.94802,0.0565251230437,9.79546079616,1.03468442336,0.865196362836,10.6327880661,0.602215230756
4.949686,0.0103803333768,9.75007992092,0.989303548122,0.829837246099,10.6691939172,0.602215230756
4.951352,0.0103803333768,9.70469904569,0.989303548122,0.900555479573,10.6691939172,0.637574347493
4.953018,0.0103803333768,9.70469904569,0.989303548122,0.900555479573,10.7055997684,0.67293346423
4.954684,0.0565251230437,9.70469904569,1.03468442336,0.865196362836,10.6327880661,0.602215230756
4.95635,0.148814702377,9.75007992092,1.12544617383,0.865196362836,10.6327880661,0.67293346423
4.958016,0.194959492044,9.75007992092,1.17082704906,0.865196362836,10.6327880661,0.67293346423
4.959682,0.148814702377,9.75007992092,1.2162079243,0.971273713047,10.6691939172,0.708292580966
4.961348,0.102669912711,9.65931817045,1.12544617383,0.865196362836,10.7055997684,0.743651697703
4.963014,0.102669912711,9.70469904569,1.2162079243,0.794478129363,10.6327880661,0.67293346423
4.96468,0.194959492044,9.70469904569,1.26158879953,0.794478129363,10.7055997684,0.743651697703
4.966346,0.194959492044,9.75007992092,1.26158879953,0.865196362836,10.7055997684,0.743651697703
4.968012,0.102669912711,9.65931817045,1.17082704906,0.93591459631,10.8148173218,0.849729047914
4.969678,0.102669912711,9.70469904569,1.17082704906,0.865196362836,10.7784114706,0.77901081444
4.971344,0.102669912711,9.70469904569,1.17082704906,0.829837246099,10.7420056195,0.743651697703
4.97301,0.102669912711,9.70469904569,1.17082704906,0.829837246099,10.7784114706,0.743651697703
4.974676,0.194959492044,9.79546079616,1.26158879953,0.865196362836,10.8148173218,0.77901081444
4.976342,0.148814702377,9.75007992092,1.2162079243,0.829837246099,10.7420056195,0.708292580966
4.978008,0.148814702377,9.79546079616,1.17082704906,0.900555479573,10.8148173218,0.77901081444
4.979674,0.102669912711,9.79546079616,1.17082704906,0.900555479573,10.8148173218,0.77901081444
4.98134,0.102669912711,9.75007992092,1.12544617383,1.00663282978,10.8148173218,0.77901081444
4.983006,0.102669912711,9.84084167139,1.17082704906,0.971273713047,10.887629024,0.77901081444
4.984672,0.102669912711,9.79546079616,1.17082704906,0.93591459631,10.8148173218,0.743651697703
4.986338,0.148814702377,9.88622254663,1.17082704906,0.93591459631,10.8512231729,0.708292580966
4.988004,0.148814702377,9.88622254663,1.12544617383,0.971273713047,10.887629024,0.743651697703
4.98967,0.102669912711,9.88622254663,1.12544617383,0.900555479573,10.887629024,0.849729047914
4.991336,0.102669912711,9.88622254663,1.08006529859,0.93591459631,10.9240348752,0.77901081444
4.993002,0.102669912711,9.93160342186,1.12544617383,0.93591459631,10.887629024,0.708292580966
4.994668,0.102669912711,9.9769842971,1.12544617383,0.93591459631,10.9240348752,0.708292580966
4.996334,0.102669912711,9.9769842971,1.12544617383,0.971273713047,10.9604407263,0.743651697703
4.998,0.0565251230437,10.0223651723,1.17082704906,0.865196362836,10.887629024,0.67293346423
4.999666,0.102669912711,10.0223651723,1.17082704906,0.93591459631,10.9604407263,0.708292580966
5.001332,0.0565251230437,10.0677460476,1.17082704906,0.93591459631,10.9968465774,0.708292580966
5.002998,0.102669912711,10.1131269228,1.17082704906,0.865196362836,10.9968465774,0.77901081444
5.004664,0.0565251230437,10.1131269228,1.17082704906,0.93591459631,11.0332524286,0.67293346423
5.00633,0.0565251230437,10.158507798,1.17082704906,0.93591459631,11.0332524286,0.602215230756
5.007996,0.0565251230437,10.2038886733,1.17082704906,0.93591459631,10.9968465774,0.602215230756
5.009662,0.0565251230437,10.2492695485,1.12544617383,0.93591459631,11.0696582797,0.637574347493
5.011328,0.102669912711,10.2946504237,1.17082704906,0.900555479573,10.9968465774,0.566856114019
5.012994,0.102669912711,10.3854121742,1.2162079243,0.93591459631,11.0696582797,0.637574347493
5.01466,0.0103803333768,10.2946504237,1.12544617383,0.971273713047,11.1060641308,0.602215230756
5.016326,-0.0357644562901,10.340031299,1.17082704906,0.971273713047,11.2152816842,0.708292580966
5.017992,0.0565251230437,10.3854121742,1.17082704906,0.971273713047,11.142469982,0.637574347493
5.019658,0.0103803333768,10.340031299,1.12544617383,0.93591459631,11.0696582797,0.566856114019
5.021324,0.0103803333768,10.3854121742,1.12544617383,0.93591459631,11.142469982,0.566856114019
5.02299,-0.0357644562901,10.340031299,1.12544617383,1.00663282978,11.142469982,0.602215230756
5.024656,-0.0357644562901,10.3854121742,1.12544617383,0.865196362836,11.0696582797,0.566856114019
5.026322,-0.0357644562901,10.4307930495,1.17082704906,0.93591459631,11.1788758331,0.602215230756
5.027988,-0.0357644562901,10.4307930495,1.12544617383,0.971273713047,11.142469982,0.566856114019
5.029654,-0.0819092459569,10.3854121742,1.12544617383,1.04199194652,11.2152816842,0.602215230756
5.03132,-0.0357644562901,10.4761739247,1.12544617383,0.900555479573,11.1788758331,0.602215230756
5.032986,-0.0819092459569,10.4307930495,1.12544617383,0.865196362836,11.1060641308,0.496137880546
5.034652,-0.0357644562901,10.4761739247,1.2162079243,0.93591459631,11.1788758331,0.566856114019
5.036318,-0.0357644562901,10.4761739247,1.2162079243,0.93591459631,11.1788758331,0.566856114019
5.037984,-0.0819092459569,10.4307930495,1.17082704906,0.829837246099,11.1060641308,0.637574347493
5.03965,-0.0357644562901,10.4307930495,1.2162079243,0.900555479573,11.2152816842,0.566856114019
5.041316,0.0103803333768,10.4761739247,1.26158879953,0.829837246099,11.2152816842,0.531496997282
5.042982,-0.0819092459569,10.4307930495,1.26158879953,0.900555479573,11.1788758331,0.566856114019
5.044648,-0.0357644562901,10.4761739247,1.26158879953,0.900555479573,11.2152816842,0.566856114019
5.046314,-0.0357644562901,10.4307930495,1.2162079243,0.829837246099,11.2152816842,0.496137880546
5.04798,-0.0357644562901,10.4761739247,1.2162079243,0.829837246099,11.2880933865,0.531496997282
5.049646,-0.0819092459569,10.4761739247,1.2162079243,0.865196362836,11.2516875354,0.566856114019
5.051312,-0.0819092459569,10.4307930495,1.2162079243,0.794478129363,11.1788758331,0.602215230756
5.052978,-0.0819092459569,10.4761739247,1.26158879953,0.900555479573,11.2516875354,0.566856114019
5.054644,0.0565251230437,10.5215547999,1.35235055001,0.865196362836,11.2152816842,0.566856114019
5.05631,-0.0357644562901,10.4307930495,1.2162079243,0.93591459631,11.2516875354,0.566856114019
5.057976,-0.0357644562901,10.4307930495,1.2162079243,0.93591459631,11.2516875354,0.566856114019
5.059642,-0.0819092459569,10.3854121742,1.17082704906,0.900555479573,11.2152816842,0.496137880546
5.061308,-0.0819092459569,10.3854121742,1.2162079243,0.93591459631,11.2152816842,0.531496997282
5.062974,-0.0819092459569,10.3854121742,1.2162079243,0.900555479573,11.2152816842,0.566856114019
5.06464,0.0565251230437,10.4307930495,1.30696967477,1.04199194652,11.2880933865,0.602215230756
5.066306,-0.0819092459569,10.2946504237,1.2162079243,0.971273713047,11.142469982,0.566856114019
5.067972,-0.0357644562901,10.340031299,1.17082704906,0.93591459631,11.1060641308,0.496137880546
5.069638,-0.0819092459569,10.2492695485,1.17082704906,0.93591459631,11.142469982,0.531496997282
5.071304,-0.0819092459569,10.2492695485,1.2162079243,0.93591459631,11.142469982,0.531496997282
5.07297,-0.0819092459569,10.2492695485,1.2162079243,0.865196362836,10.9968465774,0.566856114019
5.074636,0.0103803333768,10.2946504237,1.35235055001,0.93591459631,11.0696582797,0.566856114019
5.076302,-0.128054035624,10.158507798,1.26158879953,0.93591459631,11.0696582797,0.531496997282
5.077968,-0.0819092459569,10.158507798,1.26158879953,1.00663282978,11.0696582797,0.531496997282
5.079634,-0.0819092459569,10.158507798,1.26158879953,0.93591459631,11.0696582797,0.566856114019
5.0813,-0.0819092459569,10.158507798,1.26158879953,0.865196362836,10.9968465774,0.496137880546
5.082966,-0.0819092459569,10.158507798,1.30696967477,0.93591459631,10.9968465774,0.531496997282
5.084632,-0.0819092459569,10.158507798,1.30696967477,0.900555479573,11.0332524286,0.531496997282
5.086298,-0.0819092459569,10.1131269228,1.30696967477,0.900555479573,10.9240348752,0.602215230756
5.087964,-0.0819092459569,10.1131269228,1.35235055001,0.93591459631,10.9604407263,0.531496997282
5.08963,-0.128054035624,10.1131269228,1.30696967477,0.93591459631,10.9240348752,0.496137880546
5.091296,-0.128054035624,10.1131269228,1.30696967477,0.93591459631,10.9240348752,0.496137880546
5.092962,-0.128054035624,10.0677460476,1.35235055001,0.900555479573,10.887629024,0.496137880546
5.094628,-0.128054035624,10.1131269228,1.30696967477,0.971273713047,10.8148173218,0.460778763809
5.096294,-0.0819092459569,10.1131269228,1.39773142524,0.971273713047,10.887629024,0.496137880546
5.09796,-0.128054035624,10.0223651723,1.39773142524,0.93591459631,10.8148173218,0.460778763809
5.099626,-0.128054035624,10.0677460476,1.30696967477,1.2187875302,10.8512231729,0.531496997282
5.101292,-0.0357644562901,10.1131269228,1.30696967477,1.00663282978,10.8148173218,0.496137880546
5.102958,-0.128054035624,9.9769842971,1.35235055001,0.900555479573,10.7420056195,0.460778763809
5.104624,-0.128054035624,10.0223651723,1.26158879953,1.00663282978,10.7420056195,0.496137880546
5.10629,-0.0357644562901,10.0677460476,1.30696967477,0.971273713047,10.7784114706,0.566856114019
5.107956,-0.174198825291,9.9769842971,1.30696967477,0.865196362836,10.7420056195,0.566856114019
5.109622,-0.128054035624,9.9769842971,1.26158879953,1.11271017999,10.7055997684,0.531496997282
5.111288,-0.128054035624,9.93160342186,1.35235055001,0.900555479573,10.7055997684,0.460778763809
5.112954,-0.128054035624,9.9769842971,1.30696967477,0.971273713047,10.7055997684,0.460778763809
5.11462,-0.128054035624,9.93160342186,1.26158879953,1.07735106326,10.7420056195,0.496137880546
5.116286,-0.128054035624,9.9769842971,1.30696967477,0.900555479573,10.6327880661,0.390060530335
5.117952,-0.0357644562901,10.0677460476,1.44311230048,0.971273713047,10.6691939172,0.496137880546
5.119618,-0.128054035624,9.93160342186,1.30696967477,1.04199194652,10.7420056195,0.496137880546
5.121284,-0.128054035624,9.9769842971,1.30696967477,1.00663282978,10.7055997684,0.531496997282
5.12295,-0.0819092459569,9.9769842971,1.30696967477,0.971273713047,10.7420056195,0.531496997282
5.124616,-0.128054035624,9.9769842971,1.26158879953,1.00663282978,10.6691939172,0.496137880546
5.126282,-0.128054035624,9.9769842971,1.30696967477,0.93591459631,10.6327880661,0.496137880546
5.127948,-0.0819092459569,9.9769842971,1.26158879953,0.971273713047,10.7420056195,0.531496997282
5.129614,-0.0357644562901,10.0677460476,1.35235055001,0.93591459631,10.596382215,0.566856114019
5.13128,-0.0819092459569,9.9769842971,1.26158879953,1.04199194652,10.7055997684,0.566856114019
5.132946,-0.128054035624,9.93160342186,1.26158879953,1.00663282978,10.7055997684,0.531496997282
5.134612,-0.0819092459569,9.9769842971,1.2162079243,1.00663282978,10.6327880661,0.496137880546
5.136278,-0.0819092459569,9.9769842971,1.17082704906,1.11271017999,10.7420056195,0.566856114019
5.137944,0.0565251230437,10.0677460476,1.30696967477,0.93591459631,10.6327880661,0.460778763809
5.13961,-0.0819092459569,9.9769842971,1.17082704906,1.07735106326,10.7055997684,0.566856114019
5.141276,-0.0357644562901,9.9769842971,1.12544617383,1.04199194652,10.7420056195,0.602215230756
5.142942,-0.0357644562901,9.9769842971,1.2162079243,1.04199194652,10.7420056195,0.602215230756
5.144608,0.0103803333768,10.0223651723,1.17082704906,1.04199194652,10.7420056195,0.602215230756
5.146274,0.0565251230437,10.0223651723,1.17082704906,1.04199194652,10.7420056195,0.566856114019
5.14794,0.0103803333768,9.9769842971,1.2162079243,0.93591459631,10.7420056195,0.602215230756
5.149606,0.0103803333768,9.9769842971,1.12544617383,1.07735106326,10.8148173218,0.637574347493
5.151272,0.0565251230437,9.9769842971,1.12544617383,0.93591459631,10.7420056195,0.602215230756
5.152938,0.0565251230437,10.0223651723,1.2162079243,0.900555479573,10.8512231729,0.637574347493
5.154604,0.0103803333768,9.9769842971,1.08006529859,0.971273713047,10.887629024,0.637574347493
5.15627,0.0565251230437,10.0677460476,1.2162079243,1.00663282978,10.9240348752,0.67293346423
5.157936,0.102669912711,10.0677460476,1.2162079243,0.900555479573,10.9240348752,0.708292580966
5.159602,0.0565251230437,10.0223651723,1.17082704906,0.93591459631,10.887629024,0.67293346423
5.161268,0.102669912711,10.0223651723,1.17082704906,0.865196362836,10.9240348752,0.708292580966
5.162934,0.241104281711,10.158507798,1.30696967477,0.865196362836,11.0332524286,0.743651697703
5.1646,0.102669912711,10.0677460476,1.17082704906,0.865196362836,10.9240348752,0.814369931177
5.166266,0.148814702377,10.0677460476,1.17082704906,0.865196362836,11.0332524286,0.743651697703
5.167932,0.241104281711,10.2038886733,1.26158879953,0.900555479573,11.0696582797,0.743651697703
5.169598,0.148814702377,10.1131269228,1.12544617383,0.93591459631,11.1060641308,0.77901081444
5.171264,0.148814702377,10.158507798,1.17082704906,0.829837246099,11.1060641308,0.77901081444
5.17293,0.148814702377,10.0677460476,1.12544617383,0.829837246099,11.0696582797,0.743651697703
5.174596,0.148814702377,10.1131269228,1.12544617383,0.865196362836,11.1060641308,0.77901081444
5.176262,0.194959492044,10.158507798,1.12544617383,0.865196362836,11.142469982,0.77901081444
5.177928,0.148814702377,10.158507798,1.12544617383,0.900555479573,11.2880933865,0.88508816465
5.179594,0.148814702377,10.158507798,1.08006529859,0.865196362836,11.142469982,0.814369931177
5.18126,0.241104281711,10.2492695485,1.12544617383,0.865196362836,11.1788758331,0.77901081444
5.182926,0.194959492044,10.158507798,1.08006529859,0.900555479573,11.1788758331,0.77901081444
5.184592,0.241104281711,10.2038886733,1.12544617383,0.865196362836,11.2152816842,0.77901081444
5.186258,0.194959492044,10.158507798,1.03468442336,0.829837246099,11.1788758331,0.708292580966
5.187924,0.194959492044,10.2038886733,1.08006529859,0.900555479573,11.2152816842,0.814369931177
5.18959,0.148814702377,10.2038886733,1.08006529859,0.865196362836,11.2516875354,0.77901081444
5.191256,0.194959492044,10.2492695485,1.08006529859,0.93591459631,11.2880933865,0.814369931177
5.192922,0.194959492044,10.2038886733,1.08006529859,0.794478129363,11.2880933865,0.814369931177
5.194588,0.194959492044,10.2492695485,1.08006529859,0.794478129363,11.1788758331,0.743651697703
5.196254,0.148814702377,10.2492695485,1.08006529859,0.829837246099,11.2152816842,0.77901081444
5.19792,0.148814702377,10.2492695485,1.08006529859,0.865196362836,11.2880933865,0.77901081444
5.199586,0.148814702377,10.2492695485,1.08006529859,0.794478129363,11.1788758331,0.743651697703
5.201252,0.148814702377,10.2492695485,1.08006529859,0.794478129363,11.2880933865,0.77901081444
5.202918,0.148814702377,10.2946504237,1.08006529859,0.829837246099,11.2516875354,0.743651697703
5.204584,0.148814702377,10.2492695485,1.08006529859,0.93591459631,11.3244992376,0.77901081444
5.20625,0.148814702377,10.2946504237,1.08006529859,0.865196362836,11.2516875354,0.77901081444
5.207916,0.102669912711,10.2946504237,1.03468442336,0.865196362836,11.1788758331,0.708292580966
5.209582,0.102669912711,10.2946504237,1.03468442336,0.794478129363,11.2152816842,0.708292580966
5.211248,0.148814702377,10.340031299,1.12544617383,0.829837246099,11.2152816842,0.743651697703
5.212914,0.194959492044,10.3854121742,1.17082704906,0.794478129363,11.142469982,0.77901081444
5.21458,0.102669912711,10.2946504237,1.08006529859,0.865196362836,11.2152816842,0.67293346423
5.216246,0.102669912711,10.2946504237,1.08006529859,0.865196362836,11.142469982,0.67293346423
5.217912,0.0565251230437,10.2946504237,1.03468442336,0.900555479573,11.142469982,0.637574347493
5.219578,0.0565251230437,10.2946504237,1.08006529859,0.865196362836,11.1788758331,0.637574347493
5.221244,0.0103803333768,10.2946504237,1.08006529859,0.829837246099,11.0696582797,0.602215230756
5.22291,0.0103803333768,10.2946504237,1.03468442336,0.865196362836,11.0696582797,0.637574347493
5.224576,0.0103803333768,10.2946504237,1.08006529859,0.93591459631,11.1060641308,0.637574347493
5.226242,0.0103803333768,10.2946504237,1.12544617383,0.794478129363,11.0332524286,0.67293346423
5.227908,0.102669912711,10.3854121742,1.2162079243,0.900555479573,11.0696582797,0.602215230756
5.229574,0.0103803333768,10.2492695485,1.12544617383,0.865196362836,11.0332524286,0.602215230756
5.23124,-0.0357644562901,10.2492695485,1.12544617383,0.829837246099,11.0332524286,0.566856114019
5.232906,-0.0357644562901,10.2492695485,1.12544617383,0.829837246099,11.0696582797,0.602215230756
5.234572,-0.0357644562901,10.2492695485,1.17082704906,0.794478129363,10.9604407263,0.496137880546
5.236238,-0.0819092459569,10.2492695485,1.17082704906,0.865196362836,10.9968465774,0.566856114019
5.237904,-0.0819092459569,10.2492695485,1.17082704906,0.865196362836,10.9968465774,0.496137880546
5.23957,-0.0819092459569,10.2038886733,1.12544617383,0.971273713047,10.9968465774,0.566856114019
5.241236,-0.0819092459569,10.2038886733,1.17082704906,0.829837246099,10.9604407263,0.531496997282
5.242902,-0.0819092459569,10.2038886733,1.17082704906,0.794478129363,10.887629024,0.496137880546
5.244568,-0.0819092459569,10.158507798,1.2162079243,0.865196362836,10.887629024,0.531496997282
5.246234,-0.0819092459569,10.158507798,1.2162079243,0.900555479573,10.887629024,0.531496997282
5.2479,-0.0819092459569,10.1131269228,1.17082704906,0.865196362836,10.9240348752,0.637574347493
5.249566,-0.0819092459569,10.1131269228,1.17082704906,0.900555479573,10.8148173218,0.496137880546
5.251232,-0.0819092459569,10.1131269228,1.17082704906,0.865196362836,10.8148173218,0.496137880546
5.252898,-0.128054035624,10.0677460476,1.17082704906,0.971273713047,10.7784114706,0.496137880546
5.254564,-0.0819092459569,10.0677460476,1.17082704906,0.971273713047,10.8148173218,0.531496997282
5.25623,-0.128054035624,10.0223651723,1.17082704906,0.900555479573,10.7420056195,0.460778763809
5.257896,-0.0819092459569,10.0223651723,1.12544617383,0.93591459631,10.7784114706,0.496137880546
5.259562,-0.128054035624,9.9769842971,1.17082704906,0.971273713047,10.7420056195,0.496137880546
5.261228,-0.0819092459569,9.9769842971,1.17082704906,0.971273713047,10.7784114706,0.496137880546
5.262894,-0.128054035624,9.9769842971,1.17082704906,0.971273713047,10.7420056195,0.496137880546
5.26456,-0.128054035624,9.93160342186,1.17082704906,0.971273713047,10.7055997684,0.496137880546
5.266226,-0.0819092459569,9.9769842971,1.2162079243,0.93591459631,10.7055997684,0.496137880546
5.267892,-0.128054035624,9.93160342186,1.2162079243,0.93591459631,10.7420056195,0.496137880546
5.269558,-0.128054035624,9.88622254663,1.17082704906,0.865196362836,10.6327880661,0.425419647072
5.271224,-0.128054035624,9.88622254663,1.17082704906,0.900555479573,10.7055997684,0.531496997282
5.27289,-0.128054035624,9.88622254663,1.2162079243,0.865196362836,10.7055997684,0.496137880546
5.274556,-0.128054035624,9.88622254663,1.2162079243,1.04199194652,10.7420056195,0.531496997282
5.276222,-0.128054035624,9.84084167139,1.2162079243,0.93591459631,10.7420056195,0.566856114019
5.277888,-0.0819092459569,9.84084167139,1.26158879953,0.865196362836,10.6327880661,0.460778763809
5.279554,-0.0819092459569,9.84084167139,1.2162079243,0.865196362836,10.6327880661,0.496137880546
5.28122,-0.0819092459569,9.84084167139,1.2162079243,0.865196362836,10.7055997684,0.531496997282
5.282886,-0.0819092459569,9.84084167139,1.30696967477,0.829837246099,10.596382215,0.460778763809
5.284552,-0.0819092459569,9.84084167139,1.26158879953,0.900555479573,10.7055997684,0.496137880546
5.286218,-0.0819092459569,9.84084167139,1.26158879953,0.900555479573,10.6691939172,0.496137880546
5.287884,-0.128054035624,9.84084167139,1.26158879953,0.93591459631,10.7055997684,0.496137880546
5.28955,-0.128054035624,9.84084167139,1.2162079243,0.900555479573,10.7055997684,0.566856114019
5.291216,-0.128054035624,9.84084167139,1.2162079243,0.829837246099,10.6327880661,0.460778763809
5.292882,-0.128054035624,9.84084167139,1.2162079243,0.865196362836,10.6691939172,0.496137880546
5.294548,-0.128054035624,9.84084167139,1.2162079243,0.900555479573,10.6691939172,0.496137880546
5.296214,-0.128054035624,9.84084167139,1.17082704906,0.93591459631,10.7784114706,0.566856114019
5.29788,-0.0357644562901,9.93160342186,1.30696967477,0.900555479573,10.7055997684,0.496137880546
5.299546,-0.128054035624,9.79546079616,1.2162079243,0.829837246099,10.6327880661,0.496137880546
5.301212,-0.128054035624,9.84084167139,1.17082704906,0.829837246099,10.6691939172,0.496137880546
5.302878,-0.128054035624,9.88622254663,1.17082704906,0.900555479573,10.7420056195,0.531496997282
5.304544,-0.128054035624,9.88622254663,1.17082704906,0.794478129363,10.6327880661,0.425419647072
5.30621,-0.0357644562901,10.0223651723,1.26158879953,0.865196362836,10.7055997684,0.496137880546
5.307876,-0.0357644562901,10.0223651723,1.2162079243,0.829837246099,10.7055997684,0.460778763809
5.309542,-0.0357644562901,10.0223651723,1.2162079243,0.794478129363,10.7420056195,0.460778763809
5.311208,-0.128054035624,9.9769842971,1.12544617383,0.794478129363,10.7420056195,0.496137880546
5.312874,-0.128054035624,9.9769842971,1.12544617383,0.759119012626,10.7055997684,0.425419647072
5.31454,-0.128054035624,9.9769842971,1.12544617383,0.794478129363,10.7420056195,0.496137880546
5.316206,-0.128054035624,10.0223651723,1.12544617383,0.794478129363,10.7784114706,0.496137880546
5.317872,-0.128054035624,10.0223651723,1.12544617383,0.865196362836,10.887629024,0.566856114019
5.319538,-0.128054035624,10.0223651723,1.12544617383,0.759119012626,10.8148173218,0.496137880546
5.321204,-0.128054035624,10.0677460476,1.08006529859,0.759119012626,10.7784114706,0.460778763809
5.32287,-0.128054035624,10.0677460476,1.08006529859,0.794478129363,10.8148173218,0.460778763809
5.324536,-0.0357644562901,10.158507798,1.17082704906,0.794478129363,10.887629024,0.496137880546
5.326202,-0.128054035624,10.1131269228,1.08006529859,0.759119012626,10.7784114706,0.425419647072
5.327868,-0.128054035624,10.1131269228,1.08006529859,0.794478129363,10.8512231729,0.496137880546
5.329534,-0.128054035624,10.1131269228,1.08006529859,0.794478129363,10.887629024,0.496137880546
5.3312,-0.128054035624,10.158507798,1.03468442336,0.829837246099,10.9968465774,0.566856114019
5.332866,-0.128054035624,10.158507798,0.989303548122,0.794478129363,10.9240348752,0.531496997282
5.334532,-0.0819092459569,10.2038886733,1.03468442336,0.759119012626,10.887629024,0.496137880546
5.336198,-0.0819092459569,10.2038886733,0.989303548122,0.794478129363,10.887629024,0.496137880546
5.337864,-0.0819092459569,10.2038886733,0.989303548122,0.865196362836,10.9240348752,0.496137880546
5.33953,-0.0819092459569,10.2038886733,0.989303548122,0.723759895889,10.887629024,0.566856114019
5.341196,-0.0819092459569,10.2492695485,0.989303548122,0.794478129363,10.9604407263,0.566856114019
5.342862,-0.0819092459569,10.2492695485,0.989303548122,0.759119012626,10.9604407263,0.496137880546
5.344528,-0.0819092459569,10.2492695485,1.03468442336,0.829837246099,10.9604407263,0.496137880546
5.346194,-0.0819092459569,10.2492695485,0.989303548122,0.794478129363,10.9968465774,0.566856114019
5.34786,-0.0357644562901,10.2946504237,0.989303548122,0.723759895889,10.9604407263,0.496137880546
5.349526,-0.0357644562901,10.2946504237,1.03468442336,0.759119012626,11.0332524286,0.602215230756
5.351192,-0.0357644562901,10.340031299,1.03468442336,0.723759895889,11.0332524286,0.566856114019
5.352858,-0.0357644562901,10.2946504237,1.03468442336,0.865196362836,11.0696582797,0.602215230756
5.354524,-0.0357644562901,10.2946504237,1.08006529859,0.759119012626,11.1060641308,0.602215230756
5.35619,-0.0357644562901,10.2946504237,1.08006529859,0.759119012626,11.0332524286,0.566856114019
5.357856,0.102669912711,10.3854121742,1.17082704906,0.723759895889,11.0696582797,0.602215230756
5.359522,0.0103803333768,10.2946504237,1.08006529859,0.759119012626,11.1060641308,0.637574347493
5.361188,0.0103803333768,10.2946504237,1.08006529859,0.688400779152,11.0332524286,0.566856114019
5.362854,0.0103803333768,10.2946504237,1.08006529859,0.794478129363,11.1788758331,0.637574347493
5.36452,0.0565251230437,10.2946504237,1.08006529859,0.759119012626,11.142469982,0.637574347493
5.366186,0.0565251230437,10.2946504237,1.03468442336,0.865196362836,11.1788758331,0.637574347493
5.367852,0.0565251230437,10.2946504237,1.03468442336,0.794478129363,11.1788758331,0.67293346423
5.369518,0.0565251230437,10.2492695485,1.08006529859,0.759119012626,11.1060641308,0.637574347493
5.371184,0.0565251230437,10.2492695485,1.08006529859,0.759119012626,11.142469982,0.67293346423
5.37285,0.0565251230437,10.2492695485,1.08006529859,0.865196362836,11.1788758331,0.67293346423
5.374516,0.102669912711,10.2492695485,1.08006529859,0.794478129363,11.2880933865,0.77901081444
5.376182,0.102669912711,10.2492695485,1.08006529859,0.794478129363,11.1788758331,0.743651697703
5.377848,0.102669912711,10.2492695485,1.08006529859,0.829837246099,11.1788758331,0.708292580966
5.379514,0.102669912711,10.2038886733,1.08006529859,0.865196362836,11.1788758331,0.708292580966
5.38118,0.148814702377,10.2038886733,1.08006529859,0.865196362836,11.2152816842,0.77901081444
5.382846,0.102669912711,10.2038886733,1.08006529859,0.829837246099,11.1788758331,0.67293346423
5.384512,0.194959492044,10.2492695485,1.17082704906,0.900555479573,11.1788758331,0.77901081444
5.386178,0.148814702377,10.158507798,1.12544617383,0.900555479573,11.2152816842,0.77901081444
5.387844,0.148814702377,10.158507798,1.12544617383,1.04199194652,11.2880933865,0.814369931177
5.38951,0.148814702377,10.158507798,1.17082704906,0.93591459631,11.2152816842,0.77901081444
5.391176,0.148814702377,10.158507798,1.17082704906,0.900555479573,11.1788758331,0.708292580966
5.392842,0.102669912711,10.1131269228,1.17082704906,0.93591459631,11.1788758331,0.743651697703
5.394508,0.148814702377,10.158507798,1.17082704906,0.93591459631,11.2152816842,0.77901081444
5.396174,0.148814702377,10.158507798,1.2162079243,0.900555479573,11.1060641308,0.67293346423
5.39784,0.148814702377,10.1131269228,1.2162079243,0.971273713047,11.1788758331,0.77901081444
5.399506,0.148814702377,10.1131269228,1.26158879953,0.971273713047,11.1788758331,0.743651697703
5.401172,0.241104281711,10.2038886733,1.35235055001,1.04199194652,11.142469982,0.77901081444
5.402838,0.148814702377,10.1131269228,1.26158879953,1.04199194652,11.142469982,0.77901081444
5.404504,0.148814702377,10.0677460476,1.30696967477,0.971273713047,11.0696582797,0.708292580966
5.40617,0.102669912711,10.0677460476,1.26158879953,0.971273713047,11.0696582797,0.743651697703
5.407836,0.148814702377,10.0677460476,1.26158879953,1.04199194652,11.1060641308,0.77901081444
5.409502,0.148814702377,10.0677460476,1.26158879953,1.07735106326,11.142469982,0.849729047914
5.411168,0.102669912711,10.0677460476,1.26158879953,1.04199194652,11.1060641308,0.77901081444
5.412834,0.102669912711,10.0677460476,1.30696967477,1.04199194652,11.0332524286,0.67293346423
5.4145,0.102669912711,10.0677460476,1.30696967477,1.14806929673,11.0332524286,0.67293346423
5.416166,0.0565251230437,10.0677460476,1.30696967477,1.11271017999,11.0696582797,0.743651697703
5.417832,0.102669912711,10.0677460476,1.35235055001,1.07735106326,10.9604407263,0.637574347493
5.419498,0.102669912711,10.0677460476,1.35235055001,1.14806929673,10.9968465774,0.67293346423
5.421164,0.102669912711,10.1131269228,1.39773142524,1.07735106326,10.9968465774,0.67293346423
5.42283,0.0565251230437,10.0223651723,1.35235055001,1.18342841347,11.0696582797,0.743651697703
5.424496,0.0565251230437,10.0677460476,1.35235055001,1.14806929673,10.9240348752,0.637574347493
5.426162,0.102669912711,10.1131269228,1.44311230048,1.14806929673,10.9240348752,0.637574347493
5.427828,0.0565251230437,10.0677460476,1.39773142524,1.11271017999,10.887629024,0.602215230756
5.429494,0.0103803333768,10.0677460476,1.39773142524,1.14806929673,10.9604407263,0.637574347493
5.43116,0.0103803333768,10.0677460476,1.39773142524,1.07735106326,10.8148173218,0.566856114019
5.432826,0.102669912711,10.2038886733,1.48849317571,1.11271017999,10.887629024,0.602215230756
5.434492,-0.0357644562901,10.0677460476,1.39773142524,1.18342841347,10.887629024,0.602215230756
5.436158,0.0103803333768,10.0677460476,1.44311230048,1.18342841347,10.887629024,0.602215230756
5.437824,-0.0357644562901,10.0677460476,1.39773142524,1.18342841347,10.9240348752,0.602215230756
5.43949,-0.0357644562901,10.1131269228,1.39773142524,1.18342841347,10.8512231729,0.566856114019
5.441156,-0.0357644562901,10.1131269228,1.44311230048,1.14806929673,10.8512231729,0.566856114019
5.442822,-0.0819092459569,10.0677460476,1.39773142524,1.18342841347,10.8512231729,0.602215230756
5.444488,-0.0819092459569,10.1131269228,1.39773142524,1.11271017999,10.8148173218,0.460778763809
5.446154,-0.0819092459569,10.1131269228,1.39773142524,1.14806929673,10.887629024,0.566856114019
5.44782,-0.0819092459569,10.158507798,1.44311230048,1.14806929673,10.887629024,0.496137880546
5.449486,-0.0819092459569,10.158507798,1.39773142524,1.28950576368,10.9240348752,0.566856114019
5.451152,-0.128054035624,10.1131269228,1.35235055001,1.14806929673,10.887629024,0.531496997282
5.452818,-0.0819092459569,10.1131269228,1.39773142524,1.14806929673,10.8148173218,0.460778763809
5.454484,0.0103803333768,10.2492695485,1.48849317571,1.14806929673,10.8512231729,0.496137880546
5.45615,-0.128054035624,10.1131269228,1.35235055001,1.18342841347,10.887629024,0.496137880546
5.457816,-0.128054035624,10.158507798,1.35235055001,1.07735106326,10.7784114706,0.425419647072
5.459482,-0.128054035624,10.158507798,1.39773142524,1.14806929673,10.887629024,0.460778763809
5.461148,-0.128054035624,10.158507798,1.35235055001,1.14806929673,10.9240348752,0.460778763809
5.462814,-0.0357644562901,10.2492695485,1.48849317571,1.2187875302,10.9968465774,0.531496997282
5.46448,-0.128054035624,10.158507798,1.39773142524,1.11271017999,10.9240348752,0.496137880546
5.466146,-0.128054035624,10.158507798,1.35235055001,1.11271017999,10.887629024,0.460778763809
5.467812,-0.128054035624,10.158507798,1.39773142524,1.07735106326,10.9240348752,0.496137880546
5.469478,-0.128054035624,10.2038886733,1.44311230048,1.07735106326,10.9240348752,0.496137880546
5.471144,-0.128054035624,10.158507798,1.39773142524,0.971273713047,10.887629024,0.460778763809
5.47281,-0.0819092459569,10.2038886733,1.39773142524,1.00663282978,10.9240348752,0.460778763809
5.474476,-0.128054035624,10.2038886733,1.39773142524,1.04199194652,10.9604407263,0.496137880546
5.476142,-0.128054035624,10.2038886733,1.39773142524,0.93591459631,11.0696582797,0.602215230756
5.477808,-0.128054035624,10.158507798,1.35235055001,0.971273713047,10.9968465774,0.496137880546
5.479474,-0.128054035624,10.2038886733,1.35235055001,0.971273713047,10.9968465774,0.460778763809
5.48114,-0.128054035624,10.2038886733,1.30696967477,0.93591459631,10.9968465774,0.460778763809
5.482806,-0.0357644562901,10.2946504237,1.39773142524,0.93591459631,11.0332524286,0.460778763809
5.484472,-0.128054035624,10.2038886733,1.30696967477,0.900555479573,10.9604407263,0.460778763809
5.486138,-0.128054035624,10.2038886733,1.30696967477,0.93591459631,11.0332524286,0.460778763809
5.487804,-0.0819092459569,10.2492695485,1.30696967477,0.93591459631,11.0696582797,0.496137880546
5.48947,-0.0819092459569,10.2946504237,1.35235055001,0.829837246099,11.1060641308,0.602215230756
5.491136,-0.0357644562901,10.340031299,1.35235055001,0.865196362836,11.0696582797,0.531496997282
5.492802,-0.0357644562901,10.2946504237,1.35235055001,0.900555479573,11.0696582797,0.460778763809
5.494468,-0.128054035624,10.2492695485,1.26158879953,0.900555479573,11.0696582797,0.460778763809
5.496134,-0.128054035624,10.2492695485,1.26158879953,0.865196362836,11.0696582797,0.496137880546
5.4978,-0.128054035624,10.2492695485,1.26158879953,0.794478129363,11.0332524286,0.390060530335
5.499466,-0.174198825291,10.2492695485,1.2162079243,0.829837246099,11.0696582797,0.496137880546
5.501132,-0.128054035624,10.2492695485,1.17082704906,0.829837246099,11.1060641308,0.496137880546
5.502798,-0.128054035624,10.2492695485,1.17082704906,0.865196362836,11.1788758331,0.566856114019
5.504464,-0.128054035624,10.2492695485,1.17082704906,0.865196362836,11.1060641308,0.496137880546
5.50613,-0.128054035624,10.2946504237,1.17082704906,0.794478129363,11.0696582797,0.460778763809
5.507796,-0.128054035624,10.2492695485,1.17082704906,0.794478129363,11.0696582797,0.496137880546
5.509462,-0.128054035624,10.2946504237,1.12544617383,0.794478129363,11.1060641308,0.496137880546
5.511128,-0.0819092459569,10.2946504237,1.17082704906,0.688400779152,11.0332524286,0.425419647072
5.512794,-0.174198825291,10.2492695485,1.08006529859,0.723759895889,11.0696582797,0.460778763809
5.51446,-0.128054035624,10.2946504237,1.12544617383,0.723759895889,11.0696582797,0.496137880546
5.516126,-0.128054035624,10.2946504237,1.08006529859,0.865196362836,11.142469982,0.496137880546
5.517792,-0.0357644562901,10.340031299,1.17082704906,0.759119012626,11.0696582797,0.496137880546
5.519458,-0.128054035624,10.2492695485,1.03468442336,0.688400779152,10.9968465774,0.460778763809
5.521124,-0.128054035624,10.2492695485,1.03468442336,0.688400779152,11.0332524286,0.460778763809
5.52279,-0.128054035624,10.2492695485,1.03468442336,0.723759895889,11.0696582797,0.496137880546
5.524456,-0.0357644562901,10.340031299,1.08006529859,0.653041662415,10.9604407263,0.460778763809
5.526122,-0.174198825291,10.2038886733,0.989303548122,0.723759895889,11.0332524286,0.496137880546
5.527788,-0.128054035624,10.2492695485,1.03468442336,0.759119012626,11.0332524286,0.496137880546
5.529454,-0.128054035624,10.2492695485,0.989303548122,0.794478129363,11.1060641308,0.566856114019
5.53112,-0.0819092459569,10.2492695485,1.03468442336,0.688400779152,10.9968465774,0.496137880546
5.532786,-0.128054035624,10.2038886733,0.989303548122,0.688400779152,10.9968465774,0.460778763809
5.534452,-0.128054035624,10.2038886733,0.989303548122,0.723759895889,10.9968465774,0.496137880546
5.536118,-0.128054035624,10.2038886733,0.989303548122,0.723759895889,10.9604407263,0.496137880546
5.537784,-0.128054035624,10.2038886733,0.989303548122,0.653041662415,10.887629024,0.460778763809
5.53945,-0.128054035624,10.158507798,0.989303548122,0.688400779152,10.887629024,0.460778763809
5.541116,-0.0357644562901,10.2492695485,1.08006529859,0.688400779152,10.9240348752,0.460778763809
5.542782,-0.128054035624,10.158507798,0.943922672886,0.688400779152,10.9968465774,0.602215230756
5.544448,-0.128054035624,10.158507798,0.989303548122,0.688400779152,10.9240348752,0.531496997282
5.546114,-0.128054035624,10.158507798,0.989303548122,0.653041662415,10.8512231729,0.496137880546
5.54778,-0.0819092459569,10.1131269228,0.989303548122,0.688400779152,10.8512231729,0.496137880546
5.549446,-0.0819092459569,10.158507798,0.989303548122,0.688400779152,10.887629024,0.566856114019
5.551112,-0.0357644562901,10.158507798,1.03468442336,0.653041662415,10.7784114706,0.460778763809
5.552778,-0.0357644562901,10.1131269228,0.989303548122,0.653041662415,10.8148173218,0.566856114019
5.554444,0.0565251230437,10.158507798,1.08006529859,0.653041662415,10.8148173218,0.531496997282
5.55611,-0.0819092459569,10.0223651723,0.989303548122,0.617682545679,10.887629024,0.67293346423
5.557776,-0.0819092459569,10.0223651723,0.989303548122,0.688400779152,10.8148173218,0.566856114019
5.559442,-0.0819092459569,9.9769842971,0.943922672886,0.653041662415,10.7784114706,0.566856114019
5.561108,-0.0357644562901,10.0223651723,0.989303548122,0.794478129363,10.8148173218,0.566856114019
5.562774,-0.0357644562901,10.0223651723,0.943922672886,0.759119012626,10.7784114706,0.602215230756
5.56444,-0.0357644562901,9.93160342186,0.943922672886,0.688400779152,10.7055997684,0.566856114019
5.566106,-0.0357644562901,9.93160342186,0.989303548122,0.723759895889,10.7420056195,0.602215230756
5.567772,-0.0357644562901,9.93160342186,0.989303548122,0.759119012626,10.7420056195,0.602215230756
5.569438,-0.0357644562901,9.93160342186,0.943922672886,0.688400779152,10.7420056195,0.67293346423
5.571104,0.0103803333768,9.88622254663,0.943922672886,0.759119012626,10.7420056195,0.637574347493
5.57277,0.0565251230437,9.88622254663,0.989303548122,0.794478129363,10.7420056195,0.602215230756
5.574436,0.0565251230437,9.88622254663,0.989303548122,0.794478129363,10.7420056195,0.637574347493
5.576102,0.0103803333768,9.84084167139,0.989303548122,0.794478129363,10.7420056195,0.67293346423
5.577768,0.0565251230437,9.84084167139,0.989303548122,0.759119012626,10.6327880661,0.566856114019
5.579434,0.0565251230437,9.84084167139,0.989303548122,0.829837246099,10.7055997684,0.67293346423
5.5811,0.0565251230437,9.79546079616,0.943922672886,0.794478129363,10.7420056195,0.67293346423
5.582766,0.0565251230437,9.84084167139,0.989303548122,0.900555479573,10.8148173218,0.77901081444
5.584432,0.0565251230437,9.79546079616,0.989303548122,0.829837246099,10.7055997684,0.67293346423
5.586098,0.102669912711,9.79546079616,1.03468442336,0.829837246099,10.7055997684,0.637574347493
5.587764,0.102669912711,9.79546079616,1.03468442336,0.829837246099,10.7055997684,0.708292580966
5.58943,0.102669912711,9.79546079616,1.03468442336,0.829837246099,10.7420056195,0.708292580966
5.591096,0.102669912711,9.75007992092,1.03468442336,0.759119012626,10.7784114706,0.849729047914
5.592762,0.0565251230437,9.70469904569,0.989303548122,0.794478129363,10.7420056195,0.743651697703
5.594428,0.194959492044,9.84084167139,1.17082704906,0.865196362836,10.7055997684,0.67293346423
5.596094,0.148814702377,9.75007992092,1.12544617383,0.865196362836,10.7055997684,0.743651697703
5.59776,0.194959492044,9.84084167139,1.17082704906,0.865196362836,10.7420056195,0.743651697703
5.599426,0.102669912711,9.70469904569,1.03468442336,0.794478129363,10.7055997684,0.67293346423
5.601092,0.102669912711,9.70469904569,1.08006529859,0.829837246099,10.7420056195,0.743651697703
5.602758,0.102669912711,9.75007992092,1.08006529859,0.900555479573,10.7420056195,0.743651697703
5.604424,0.102669912711,9.75007992092,1.08006529859,0.794478129363,10.7784114706,0.849729047914
5.60609,0.102669912711,9.75007992092,1.08006529859,0.900555479573,10.7420056195,0.743651697703
5.607756,0.194959492044,9.84084167139,1.17082704906,0.865196362836,10.7420056195,0.708292580966
5.609422,0.102669912711,9.75007992092,1.08006529859,0.900555479573,10.7420056195,0.708292580966
5.611088,0.102669912711,9.79546079616,1.08006529859,0.865196362836,10.7784114706,0.743651697703
5.612754,0.102669912711,9.79546079616,1.12544617383,0.794478129363,10.7420056195,0.637574347493
5.61442,0.102669912711,9.79546079616,1.12544617383,0.93591459631,10.7784114706,0.743651697703
5.616086,0.148814702377,9.84084167139,1.17082704906,0.900555479573,10.7784114706,0.708292580966
5.617752,0.194959492044,9.93160342186,1.26158879953,0.971273713047,10.8512231729,0.743651697703
5.619418,0.194959492044,9.93160342186,1.26158879953,0.93591459631,10.8148173218,0.743651697703
5.621084,0.194959492044,9.9769842971,1.26158879953,0.900555479573,10.8148173218,0.67293346423
5.62275,0.194959492044,9.9769842971,1.26158879953,0.900555479573,10.7784114706,0.67293346423
5.624416,0.102669912711,9.93160342186,1.2162079243,0.93591459631,10.887629024,0.708292580966
5.626082,0.102669912711,9.9769842971,1.26158879953,0.865196362836,10.7784114706,0.602215230756
5.627748,0.148814702377,10.0677460476,1.26158879953,0.900555479573,10.887629024,0.67293346423
5.629414,0.102669912711,10.0223651723,1.2162079243,0.93591459631,10.887629024,0.67293346423
5.63108,0.102669912711,10.0223651723,1.2162079243,1.00663282978,10.9604407263,0.708292580966
5.632746,0.0565251230437,9.9769842971,1.17082704906,0.900555479573,10.9240348752,0.67293346423
5.634412,0.0103803333768,10.0223651723,1.17082704906,0.93591459631,10.887629024,0.637574347493
5.636078,0.0565251230437,10.0677460476,1.2162079243,0.93591459631,10.9240348752,0.637574347493
5.637744,0.0565251230437,10.0677460476,1.2162079243,0.93591459631,10.9240348752,0.637574347493
5.63941,0.102669912711,10.2038886733,1.26158879953,0.900555479573,10.887629024,0.566856114019
5.641076,-0.0357644562901,10.1131269228,1.17082704906,0.93591459631,10.9604407263,0.602215230756
5.642742,0.0103803333768,10.158507798,1.2162079243,0.971273713047,10.9968465774,0.602215230756
5.644408,-0.0357644562901,10.2038886733,1.2162079243,1.04199194652,11.0332524286,0.602215230756
5.646074,-0.0357644562901,10.2038886733,1.17082704906,0.971273713047,11.0332524286,0.602215230756
5.64774,0.102669912711,10.340031299,1.26158879953,0.93591459631,10.9604407263,0.496137880546
5.649406,0.0103803333768,10.2946504237,1.2162079243,0.93591459631,11.0332524286,0.566856114019
5.651072,-0.0357644562901,10.2492695485,1.17082704906,0.971273713047,11.0696582797,0.602215230756
5.652738,-0.0819092459569,10.2946504237,1.2162079243,0.93591459631,11.1060641308,0.67293346423
5.654404,-0.0357644562901,10.2946504237,1.2162079243,0.971273713047,11.0696582797,0.566856114019
5.65607,-0.0819092459569,10.340031299,1.2162079243,0.971273713047,11.0696582797,0.531496997282
5.657736,-0.0819092459569,10.340031299,1.2162079243,1.00663282978,11.0696582797,0.496137880546
5.659402,-0.0819092459569,10.340031299,1.26158879953,1.00663282978,11.142469982,0.566856114019
5.661068,-0.0819092459569,10.3854121742,1.2162079243,0.900555479573,11.0696582797,0.496137880546
5.662734,-0.0819092459569,10.3854121742,1.26158879953,0.93591459631,11.1060641308,0.496137880546
5.6644,-0.0357644562901,10.4307930495,1.26158879953,0.93591459631,11.1788758331,0.531496997282
5.666066,-0.128054035624,10.3854121742,1.26158879953,1.04199194652,11.1788758331,0.531496997282
5.667732,-0.0819092459569,10.4307930495,1.26158879953,0.971273713047,11.1788758331,0.531496997282
5.669398,-0.0819092459569,10.4307930495,1.26158879953,0.93591459631,11.1060641308,0.460778763809
5.671064,-0.128054035624,10.4307930495,1.26158879953,0.900555479573,11.1788758331,0.496137880546
5.67273,-0.0819092459569,10.4761739247,1.26158879953,0.93591459631,11.1788758331,0.496137880546
5.674396,-0.0819092459569,10.4761739247,1.30696967477,1.04199194652,11.2880933865,0.566856114019
5.676062,-0.0819092459569,10.4761739247,1.30696967477,0.971273713047,11.2152816842,0.531496997282
5.677728,-0.0819092459569,10.5215547999,1.30696967477,0.93591459631,11.1788758331,0.460778763809
5.679394,-0.0819092459569,10.4761739247,1.30696967477,0.93591459631,11.1788758331,0.496137880546
5.68106,-0.128054035624,10.4761739247,1.30696967477,0.971273713047,11.2152816842,0.496137880546
5.682726,-0.128054035624,10.4761739247,1.30696967477,0.93591459631,11.142469982,0.390060530335
5.684392,-0.128054035624,10.4761739247,1.30696967477,0.971273713047,11.1788758331,0.496137880546
5.686058,-0.128054035624,10.4761739247,1.30696967477,0.971273713047,11.2152816842,0.496137880546
5.687724,-0.128054035624,10.4761739247,1.30696967477,1.07735106326,11.3244992376,0.566856114019
5.68939,-0.128054035624,10.4761739247,1.30696967477,1.00663282978,11.2152816842,0.531496997282
5.691056,-0.0819092459569,10.5215547999,1.39773142524,0.93591459631,11.2152816842,0.460778763809
5.692722,-0.128054035624,10.4307930495,1.30696967477,1.04199194652,11.1788758331,0.460778763809
5.694388,-0.128054035624,10.4307930495,1.30696967477,1.00663282978,11.2152816842,0.566856114019
5.696054,-0.0819092459569,10.4307930495,1.35235055001,0.93591459631,11.1788758331,0.460778763809
5.69772,-0.128054035624,10.4307930495,1.35235055001,1.00663282978,11.2152816842,0.531496997282
5.699386,-0.128054035624,10.4307930495,1.30696967477,1.00663282978,11.2152816842,0.531496997282
5.701052,-0.128054035624,10.3854121742,1.30696967477,1.00663282978,11.2880933865,0.602215230756
5.702718,0.0103803333768,10.4761739247,1.44311230048,1.00663282978,11.2152816842,0.531496997282
5.704384,-0.0357644562901,10.4761739247,1.39773142524,0.971273713047,11.142469982,0.496137880546
5.70605,-0.0357644562901,10.4307930495,1.39773142524,0.971273713047,11.1788758331,0.496137880546
5.707716,0.0103803333768,10.4761739247,1.44311230048,1.04199194652,11.2152816842,0.566856114019
5.709382,-0.0357644562901,10.3854121742,1.44311230048,0.93591459631,11.1060641308,0.460778763809
5.711048,-0.128054035624,10.340031299,1.35235055001,0.971273713047,11.142469982,0.531496997282
5.712714,-0.0819092459569,10.2946504237,1.35235055001,0.971273713047,11.142469982,0.531496997282
5.71438,-0.0819092459569,10.2946504237,1.35235055001,1.04199194652,11.2516875354,0.637574347493
5.716046,-0.0819092459569,10.2946504237,1.35235055001,1.04199194652,11.1060641308,0.566856114019
5.717712,-0.0819092459569,10.2946504237,1.35235055001,1.04199194652,11.1060641308,0.531496997282
5.719378,-0.0819092459569,10.2946504237,1.39773142524,1.00663282978,11.0696582797,0.496137880546
5.721044,-0.0819092459569,10.2038886733,1.35235055001,1.00663282978,11.1060641308,0.566856114019
5.72271,-0.0819092459569,10.2038886733,1.35235055001,0.971273713047,10.9968465774,0.460778763809
5.724376,-0.0819092459569,10.2038886733,1.35235055001,1.04199194652,11.0332524286,0.566856114019
5.726042,0.0565251230437,10.2946504237,1.44311230048,1.07735106326,11.0332524286,0.566856114019
5.727708,-0.0819092459569,10.2038886733,1.35235055001,1.14806929673,11.0696582797,0.566856114019
5.729374,-0.0819092459569,10.158507798,1.35235055001,1.04199194652,11.0332524286,0.602215230756
5.73104,0.0565251230437,10.2492695485,1.44311230048,1.00663282978,10.9604407263,0.496137880546
5.732706,-0.0819092459569,10.1131269228,1.35235055001,1.04199194652,10.9604407263,0.602215230756
5.734372,-0.0819092459569,10.158507798,1.35235055001,1.04199194652,10.9968465774,0.566856114019
5.736038,-0.0819092459569,10.1131269228,1.30696967477,1.00663282978,10.887629024,0.531496997282
5.737704,-0.0357644562901,10.1131269228,1.35235055001,1.04199194652,10.9240348752,0.602215230756
5.73937,-0.0819092459569,10.1131269228,1.35235055001,1.04199194652,10.887629024,0.566856114019
5.741036,-0.0819092459569,10.0677460476,1.30696967477,1.07735106326,10.887629024,0.566856114019
5.742702,-0.0357644562901,10.0677460476,1.39773142524,1.00663282978,10.887629024,0.602215230756
5.744368,-0.0357644562901,10.0677460476,1.35235055001,0.971273713047,10.7784114706,0.531496997282
5.746034,-0.0357644562901,10.0677460476,1.35235055001,1.00663282978,10.8148173218,0.566856114019
5.7477,-0.0819092459569,10.0223651723,1.35235055001,1.04199194652,10.8512231729,0.602215230756
5.749366,-0.0357644562901,10.0223651723,1.35235055001,1.07735106326,10.9240348752,0.67293346423
5.751032,0.0103803333768,10.0677460476,1.35235055001,0.971273713047,10.8148173218,0.602215230756
5.752698,-0.0357644562901,10.0223651723,1.26158879953,0.971273713047,10.7784114706,0.566856114019
5.754364,-0.0357644562901,10.0223651723,1.30696967477,0.971273713047,10.7784114706,0.566856114019
5.75603,-0.0357644562901,10.0223651723,1.30696967477,0.971273713047,10.8148173218,0.602215230756
5.757696,0.0565251230437,10.0677460476,1.35235055001,0.971273713047,10.7420056195,0.566856114019
5.759362,-0.0357644562901,9.9769842971,1.2162079243,1.00663282978,10.7784114706,0.602215230756
5.761028,-0.0357644562901,9.9769842971,1.2162079243,0.971273713047,10.7420056195,0.602215230756
5.762694,-0.0357644562901,9.9769842971,1.17082704906,1.04199194652,10.7784114706,0.602215230756
5.76436,0.0103803333768,9.9769842971,1.2162079243,1.04199194652,10.7784114706,0.602215230756
5.766026,0.0103803333768,9.9769842971,1.26158879953,0.971273713047,10.7055997684,0.531496997282
5.767692,-0.0357644562901,9.93160342186,1.17082704906,1.00663282978,10.7420056195,0.637574347493
5.769358,0.0103803333768,9.93160342186,1.2162079243,0.971273713047,10.7420056195,0.637574347493
5.771024,0.0103803333768,9.93160342186,1.17082704906,1.07735106326,10.887629024,0.708292580966
5.77269,0.0565251230437,9.9769842971,1.2162079243,1.00663282978,10.7784114706,0.67293346423
5.774356,0.0103803333768,9.9769842971,1.12544617383,0.93591459631,10.7420056195,0.602215230756
5.776022,0.0103803333768,9.93160342186,1.12544617383,0.971273713047,10.7420056195,0.637574347493
5.777688,0.102669912711,9.9769842971,1.17082704906,0.971273713047,10.7784114706,0.637574347493
5.779354,0.0565251230437,9.93160342186,1.12544617383,0.900555479573,10.7420056195,0.602215230756
5.78102,0.0565251230437,9.9769842971,1.12544617383,0.900555479573,10.7784114706,0.67293346423
5.782686,0.148814702377,10.0223651723,1.2162079243,0.93591459631,10.7784114706,0.67293346423
5.784352,0.102669912711,9.93160342186,1.17082704906,1.04199194652,10.8512231729,0.708292580966
5.786018,0.0565251230437,9.93160342186,1.12544617383,0.900555479573,10.8148173218,0.708292580966
5.787684,0.0565251230437,9.9769842971,1.12544617383,0.900555479573,10.7784114706,0.637574347493
5.78935,0.102669912711,9.93160342186,1.12544617383,0.865196362836,10.7784114706,0.67293346423
5.791016,0.102669912711,9.93160342186,1.08006529859,0.900555479573,10.8512231729,0.743651697703
5.792682,0.102669912711,9.9769842971,1.08006529859,0.794478129363,10.7784114706,0.637574347493
5.794348,0.102669912711,9.9769842971,1.08006529859,0.829837246099,10.8512231729,0.708292580966
5.796014,0.102669912711,9.9769842971,1.08006529859,0.865196362836,10.887629024,0.708292580966
5.79768,0.102669912711,9.9769842971,1.03468442336,0.93591459631,10.9240348752,0.743651697703
5.799346,0.102669912711,9.9769842971,1.03468442336,0.829837246099,10.887629024,0.77901081444
5.801012,0.102669912711,9.9769842971,1.03468442336,0.759119012626,10.887629024,0.67293346423
5.802678,0.241104281711,10.0677460476,1.12544617383,0.829837246099,10.887629024,0.743651697703
5.804344,0.148814702377,9.9769842971,1.08006529859,0.829837246099,10.9604407263,0.743651697703
5.80601,0.148814702377,10.0223651723,1.12544617383,0.794478129363,10.887629024,0.708292580966
5.807676,0.194959492044,10.0223651723,1.08006529859,0.794478129363,10.9240348752,0.77901081444
5.809342,0.102669912711,9.9769842971,1.03468442336,0.759119012626,10.9240348752,0.77901081444
5.811008,0.148814702377,9.9769842971,0.989303548122,0.900555479573,10.9968465774,0.77901081444
5.812674,0.102669912711,9.9769842971,0.989303548122,0.759119012626,10.9968465774,0.77901081444
5.81434,0.194959492044,10.0677460476,1.03468442336,0.723759895889,10.9604407263,0.67293346423
5.816006,0.194959492044,10.0677460476,1.08006529859,0.759119012626,10.9968465774,0.743651697703
5.817672,0.102669912711,10.0223651723,0.943922672886,0.759119012626,11.0332524286,0.77901081444
5.819338,0.102669912711,10.0223651723,0.943922672886,0.653041662415,10.9240348752,0.743651697703
5.821004,0.102669912711,10.0223651723,0.989303548122,0.723759895889,11.0696582797,0.743651697703
5.82267,0.148814702377,10.0677460476,0.989303548122,0.723759895889,11.0332524286,0.743651697703
5.824336,0.148814702377,10.0677460476,0.989303548122,0.794478129363,11.0696582797,0.743651697703
5.826002,0.148814702377,10.0677460476,0.989303548122,0.759119012626,11.0696582797,0.77901081444
5.827668,0.102669912711,10.0677460476,0.989303548122,0.688400779152,11.0332524286,0.67293346423
5.829334,0.148814702377,10.1131269228,1.03468442336,0.653041662415,11.0332524286,0.708292580966
5.831,0.102669912711,10.0677460476,0.943922672886,0.723759895889,11.0696582797,0.743651697703
5.832666,0.0565251230437,10.1131269228,0.943922672886,0.653041662415,10.9968465774,0.67293346423
5.834332,0.0565251230437,10.1131269228,0.989303548122,0.723759895889,11.0696582797,0.743651697703
5.835998,0.102669912711,10.1131269228,0.989303548122,0.688400779152,11.0696582797,0.67293346423
5.837664,0.0565251230437,10.1131269228,0.943922672886,0.865196362836,11.142469982,0.743651697703
5.83933,0.0565251230437,10.1131269228,0.943922672886,0.688400779152,11.0696582797,0.708292580966
5.840996,0.0565251230437,10.158507798,0.943922672886,0.688400779152,11.0332524286,0.637574347493
5.842662,0.0103803333768,10.158507798,0.898541797651,0.759119012626,11.0332524286,0.637574347493
5.844328,0.0103803333768,10.158507798,0.943922672886,0.723759895889,11.0696582797,0.637574347493
5.845994,0.0565251230437,10.2038886733,0.943922672886,0.688400779152,10.9604407263,0.602215230756
5.84766,0.0103803333768,10.158507798,0.943922672886,0.759119012626,11.0696582797,0.637574347493
5.849326,0.0103803333768,10.2038886733,0.989303548122,0.759119012626,11.0696582797,0.602215230756
5.850992,-0.0357644562901,10.2038886733,0.989303548122,0.865196362836,11.0696582797,0.67293346423
5.852658,-0.0357644562901,10.158507798,0.989303548122,0.759119012626,11.0332524286,0.602215230756
5.854324,-0.0357644562901,10.2038886733,0.989303548122,0.723759895889,10.9604407263,0.566856114019
5.85599,-0.0357644562901,10.2038886733,1.03468442336,0.723759895889,10.9968465774,0.566856114019
5.857656,0.0103803333768,10.2492695485,1.03468442336,0.759119012626,10.9968465774,0.566856114019
5.859322,-0.0819092459569,10.2038886733,1.03468442336,0.759119012626,11.0696582797,0.67293346423
5.860988,-0.0819092459569,10.2038886733,1.03468442336,0.794478129363,10.9968465774,0.566856114019
5.862654,-0.0819092459569,10.2038886733,1.03468442336,0.759119012626,10.9240348752,0.531496997282
5.86432,-0.0819092459569,10.2038886733,1.08006529859,0.759119012626,10.9240348752,0.531496997282
5.865986,-0.0819092459569,10.2038886733,1.08006529859,0.794478129363,10.9604407263,0.566856114019
5.867652,-0.0357644562901,10.2492695485,1.12544617383,0.759119012626,10.8512231729,0.460778763809
5.869318,0.0103803333768,10.2946504237,1.17082704906,0.794478129363,10.9240348752,0.531496997282
5.870984,-0.0357644562901,10.2946504237,1.2162079243,0.794478129363,10.9240348752,0.460778763809
5.87265,-0.0357644562901,10.2946504237,1.2162079243,0.865196362836,10.9240348752,0.496137880546
5.874316,-0.0819092459569,10.2492695485,1.17082704906,0.865196362836,10.887629024,0.496137880546
5.875982,-0.128054035624,10.158507798,1.12544617383,0.794478129363,10.8148173218,0.460778763809
5.877648,-0.128054035624,10.158507798,1.12544617383,0.794478129363,10.8512231729,0.460778763809
5.879314,-0.128054035624,10.158507798,1.12544617383,0.865196362836,10.887629024,0.496137880546
5.88098,-0.128054035624,10.1131269228,1.12544617383,0.794478129363,10.9240348752,0.566856114019
5.882646,-0.128054035624,10.158507798,1.12544617383,0.900555479573,10.8512231729,0.496137880546
5.884312,-0.174198825291,10.1131269228,1.17082704906,0.865196362836,10.8148173218,0.460778763809
5.885978,-0.0357644562901,10.2492695485,1.26158879953,0.865196362836,10.8148173218,0.460778763809
5.887644,-0.128054035624,10.1131269228,1.17082704906,0.900555479573,10.8512231729,0.496137880546
5.88931,-0.128054035624,10.1131269228,1.17082704906,0.865196362836,10.7420056195,0.390060530335
5.890976,-0.0357644562901,10.158507798,1.30696967477,0.900555479573,10.8148173218,0.460778763809
5.892642,-0.128054035624,10.0677460476,1.2162079243,0.93591459631,10.8148173218,0.460778763809
5.894308,-0.128054035624,10.0677460476,1.2162079243,1.00663282978,10.8512231729,0.496137880546
5.895974,-0.174198825291,10.0677460476,1.2162079243,0.93591459631,10.8148173218,0.460778763809
5.89764,-0.174198825291,10.0677460476,1.2162079243,0.93591459631,10.7784114706,0.425419647072
5.899306,-0.174198825291,10.0223651723,1.2162079243,0.93591459631,10.7784114706,0.496137880546
5.900972,-0.174198825291,10.0223651723,1.26158879953,0.93591459631,10.8148173218,0.460778763809
5.902638,-0.128054035624,10.0223651723,1.26158879953,0.900555479573,10.7420056195,0.531496997282
5.904304,-0.128054035624,10.0223651723,1.26158879953,0.93591459631,10.8148173218,0.496137880546
5.90597,-0.0819092459569,10.0223651723,1.26158879953,0.93591459631,10.7784114706,0.460778763809
5.907636,-0.174198825291,9.9769842971,1.26158879953,0.93591459631,10.7784114706,0.496137880546
5.909302,-0.128054035624,9.9769842971,1.26158879953,0.93591459631,10.8148173218,0.496137880546
5.910968,-0.128054035624,9.9769842971,1.26158879953,0.900555479573,10.7420056195,0.460778763809
5.912634,-0.128054035624,10.0223651723,1.26158879953,0.93591459631,10.8148173218,0.496137880546
5.9143,-0.128054035624,9.9769842971,1.26158879953,1.00663282978,10.8148173218,0.496137880546
5.915966,-0.128054035624,9.9769842971,1.30696967477,1.07735106326,10.887629024,0.566856114019
5.917632,-0.128054035624,9.9769842971,1.30696967477,0.971273713047,10.8512231729,0.531496997282
5.919298,-0.128054035624,9.9769842971,1.30696967477,0.971273713047,10.7784114706,0.460778763809
5.920964,-0.128054035624,9.9769842971,1.26158879953,0.93591459631,10.7784114706,0.496137880546
5.92263,-0.0819092459569,9.9769842971,1.30696967477,0.971273713047,10.8148173218,0.531496997282
5.924296,-0.128054035624,9.9769842971,1.30696967477,0.93591459631,10.7420056195,0.496137880546
5.925962,-0.0357644562901,10.0677460476,1.39773142524,0.971273713047,10.7784114706,0.531496997282
5.927628,-0.128054035624,9.93160342186,1.30696967477,0.971273713047,10.7784114706,0.496137880546
5.929294,-0.128054035624,9.9769842971,1.30696967477,1.00663282978,10.8148173218,0.531496997282
5.93096,-0.128054035624,9.9769842971,1.30696967477,1.00663282978,10.8512231729,0.566856114019
5.932626,-0.128054035624,9.9769842971,1.30696967477,0.93591459631,10.7784114706,0.496137880546
5.934292,-0.128054035624,9.9769842971,1.30696967477,0.971273713047,10.8148173218,0.496137880546
5.935958,-0.0819092459569,9.9769842971,1.30696967477,0.971273713047,10.8512231729,0.566856114019
5.937624,-0.0819092459569,9.9769842971,1.30696967477,1.07735106326,10.9240348752,0.602215230756
5.93929,-0.128054035624,10.0223651723,1.30696967477,0.971273713047,10.8512231729,0.602215230756
5.940956,-0.0819092459569,10.0223651723,1.30696967477,0.93591459631,10.8148173218,0.496137880546
5.942622,-0.0819092459569,10.0223651723,1.30696967477,0.971273713047,10.8512231729,0.566856114019
5.944288,-0.0819092459569,10.0677460476,1.30696967477,0.971273713047,10.887629024,0.566856114019
5.945954,-0.0819092459569,10.0677460476,1.30696967477,0.93591459631,10.8148173218,0.460778763809
5.94762,-0.0819092459569,10.0223651723,1.26158879953,0.971273713047,10.887629024,0.566856114019
5.949286,-0.0819092459569,10.0677460476,1.26158879953,0.93591459631,10.887629024,0.531496997282
5.950952,-0.0819092459569,10.0677460476,1.26158879953,1.04199194652,10.887629024,0.566856114019
5.952618,-0.0819092459569,10.0677460476,1.2162079243,0.93591459631,10.9240348752,0.566856114019
5.954284,-0.0819092459569,10.1131269228,1.2162079243,0.93591459631,10.8148173218,0.496137880546
5.95595,-0.0819092459569,10.1131269228,1.2162079243,0.971273713047,10.9240348752,0.566856114019
5.957616,-0.0819092459569,10.1131269228,1.2162079243,0.971273713047,10.9604407263,0.566856114019
5.959282,-0.0357644562901,10.2038886733,1.26158879953,1.04199194652,11.0332524286,0.602215230756
5.960948,-0.0357644562901,10.158507798,1.2162079243,0.93591459631,10.9968465774,0.602215230756
5.962614,0.0103803333768,10.2492695485,1.26158879953,0.93591459631,10.9604407263,0.566856114019
5.96428,0.0565251230437,10.2492695485,1.26158879953,0.93591459631,10.9604407263,0.566856114019
5.965946,0.0565251230437,10.2492695485,1.26158879953,0.971273713047,11.0332524286,0.602215230756
5.967612,-0.0357644562901,10.2038886733,1.17082704906,0.900555479573,11.0332524286,0.67293346423
5.969278,-0.0357644562901,10.2492695485,1.17082704906,0.93591459631,11.0332524286,0.602215230756
5.970944,-0.0357644562901,10.2492695485,1.17082704906,0.93591459631,11.0332524286,0.602215230756
5.97261,-0.0357644562901,10.2492695485,1.12544617383,0.93591459631,11.0332524286,0.602215230756
5.974276,0.0103803333768,10.2946504237,1.17082704906,0.93591459631,11.0696582797,0.602215230756
5.975942,0.0103803333768,10.2946504237,1.17082704906,0.900555479573,11.0332524286,0.602215230756
5.977608,0.102669912711,10.340031299,1.2162079243,0.900555479573,11.0696582797,0.602215230756
5.979274,0.0565251230437,10.2946504237,1.2162079243,0.93591459631,11.1060641308,0.602215230756
5.98094,0.0103803333768,10.2492695485,1.17082704906,0.93591459631,11.2152816842,0.743651697703
5.982606,0.0565251230437,10.2492695485,1.17082704906,0.900555479573,11.1060641308,0.637574347493
5.984272,0.0565251230437,10.2946504237,1.17082704906,0.865196362836,11.1060641308,0.602215230756
5.985938,0.0103803333768,10.2946504237,1.12544617383,0.865196362836,11.1060641308,0.637574347493
5.987604,0.0565251230437,10.2946504237,1.12544617383,0.900555479573,11.1060641308,0.67293346423
5.98927,0.0565251230437,10.2946504237,1.12544617383,0.794478129363,11.0332524286,0.637574347493
5.990936,0.0565251230437,10.2946504237,1.12544617383,0.900555479573,11.142469982,0.67293346423
5.992602,0.0565251230437,10.2946504237,1.12544617383,0.865196362836,11.1788758331,0.67293346423
5.994268,0.0565251230437,10.2946504237,1.12544617383,0.900555479573,11.1060641308,0.67293346423
5.995934,0.0565251230437,10.2946504237,1.12544617383,0.93591459631,11.1788758331,0.708292580966
5.9976,0.102669912711,10.2946504237,1.12544617383,0.865196362836,11.1060641308,0.637574347493
5.999266,0.0565251230437,10.2946504237,1.12544617383,0.865196362836,11.142469982,0.67293346423
6.000932,0.102669912711,10.2492695485,1.08006529859,0.900555479573,11.2152816842,0.708292580966
6.002598,0.0565251230437,10.2492695485,1.12544617383,0.794478129363,11.1060641308,0.77901081444
6.004264,0.102669912711,10.2492695485,1.12544617383,0.900555479573,11.1788758331,0.708292580966
6.00593,0.102669912711,10.2492695485,1.12544617383,0.900555479573,11.1788758331,0.67293346423
6.007596,0.194959492044,10.340031299,1.2162079243,0.865196362836,11.142469982,0.708292580966
6.009262,0.194959492044,10.340031299,1.2162079243,0.865196362836,11.1788758331,0.708292580966
6.010928,0.102669912711,10.2038886733,1.12544617383,0.865196362836,11.0696582797,0.637574347493
6.012594,0.102669912711,10.2038886733,1.08006529859,0.865196362836,11.1788758331,0.743651697703
6.01426,0.102669912711,10.2038886733,1.12544617383,0.865196362836,11.1788758331,0.743651697703
6.015926,0.102669912711,10.2038886733,1.08006529859,0.865196362836,11.2880933865,0.814369931177
6.017592,0.102669912711,10.2038886733,1.12544617383,0.865196362836,11.1788758331,0.77901081444
6.019258,0.102669912711,10.2038886733,1.12544617383,0.865196362836,11.1060641308,0.708292580966
6.020924,0.148814702377,10.2038886733,1.12544617383,0.865196362836,11.142469982,0.743651697703
6.02259,0.194959492044,10.2492695485,1.17082704906,0.93591459631,11.1060641308,0.743651697703
6.024256,0.148814702377,10.2038886733,1.17082704906,0.829837246099,11.0696582797,0.67293346423
6.025922,0.102669912711,10.158507798,1.17082704906,0.900555479573,11.142469982,0.708292580966
6.027588,0.148814702377,10.158507798,1.12544617383,0.900555479573,11.1060641308,0.708292580966
6.029254,0.194959492044,10.2038886733,1.2162079243,0.93591459631,11.1060641308,0.708292580966
6.03092,0.102669912711,10.1131269228,1.12544617383,0.93591459631,11.1060641308,0.743651697703
6.032586,0.102669912711,10.1131269228,1.12544617383,0.829837246099,11.0696582797,0.67293346423
6.034252,0.102669912711,10.1131269228,1.12544617383,0.900555479573,11.0696582797,0.708292580966
6.035918,0.102669912711,10.1131269228,1.12544617383,0.93591459631,11.0696582797,0.708292580966
6.037584,0.194959492044,10.2038886733,1.2162079243,0.971273713047,11.142469982,0.77901081444
6.03925,0.194959492044,10.2038886733,1.26158879953,0.93591459631,11.0332524286,0.67293346423
6.040916,0.102669912711,10.1131269228,1.17082704906,0.900555479573,11.0332524286,0.637574347493
6.042582,0.148814702377,10.1131269228,1.26158879953,0.93591459631,10.9968465774,0.637574347493
6.044248,0.102669912711,10.1131269228,1.30696967477,0.93591459631,11.0332524286,0.67293346423
6.045914,0.102669912711,10.1131269228,1.26158879953,0.900555479573,10.887629024,0.566856114019
6.04758,0.148814702377,10.158507798,1.30696967477,0.93591459631,10.9604407263,0.637574347493
6.049246,0.102669912711,10.1131269228,1.26158879953,0.93591459631,10.9968465774,0.637574347493
6.050912,0.0565251230437,10.0677460476,1.2162079243,1.04199194652,10.9968465774,0.637574347493
6.052578,0.0103803333768,10.0677460476,1.2162079243,0.971273713047,10.9240348752,0.637574347493
6.054244,-0.0357644562901,10.0223651723,1.2162079243,0.900555479573,10.887629024,0.602215230756
6.05591,-0.0357644562901,10.0223651723,1.2162079243,0.93591459631,10.887629024,0.602215230756
6.057576,-0.0357644562901,10.0223651723,1.2162079243,0.971273713047,10.887629024,0.602215230756
6.059242,-0.0357644562901,10.0223651723,1.26158879953,0.93591459631,10.887629024,0.708292580966
6.060908,-0.0357644562901,10.0223651723,1.26158879953,0.93591459631,10.887629024,0.602215230756
6.062574,-0.0357644562901,10.0223651723,1.26158879953,1.00663282978,10.8512231729,0.566856114019
6.06424,0.0565251230437,10.1131269228,1.35235055001,1.04199194652,10.8512231729,0.602215230756
6.065906,-0.0819092459569,10.0223651723,1.26158879953,0.971273713047,10.887629024,0.566856114019
6.067572,-0.0819092459569,10.0223651723,1.26158879953,0.971273713047,10.7420056195,0.496137880546
6.069238,-0.0819092459569,10.0223651723,1.26158879953,0.93591459631,10.7784114706,0.531496997282
6.070904,-0.0819092459569,10.0223651723,1.26158879953,1.00663282978,10.7784114706,0.496137880546
6.07257,-0.128054035624,10.0223651723,1.26158879953,1.04199194652,10.8148173218,0.531496997282
6.074236,-0.0819092459569,10.0223651723,1.26158879953,1.00663282978,10.7420056195,0.531496997282
6.075902,-0.0357644562901,10.1131269228,1.35235055001,0.971273713047,10.7420056195,0.460778763809
6.077568,-0.128054035624,10.0223651723,1.2162079243,0.971273713047,10.7420056195,0.460778763809
6.079234,-0.128054035624,10.0223651723,1.26158879953,1.00663282978,10.7784114706,0.531496997282
6.0809,-0.128054035624,10.0223651723,1.26158879953,0.900555479573,10.7055997684,0.425419647072
6.082566,-0.128054035624,10.0223651723,1.26158879953,1.00663282978,10.7420056195,0.496137880546
6.084232,-0.0819092459569,10.1131269228,1.35235055001,1.00663282978,10.7420056195,0.460778763809
6.085898,-0.174198825291,10.0223651723,1.2162079243,1.00663282978,10.7784114706,0.460778763809
6.087564,-0.174198825291,10.0223651723,1.26158879953,1.04199194652,10.7784114706,0.460778763809
6.08923,-0.174198825291,10.0223651723,1.26158879953,0.93591459631,10.7420056195,0.390060530335
6.090896,-0.174198825291,10.0223651723,1.26158879953,0.971273713047,10.7784114706,0.460778763809
6.092562,-0.174198825291,10.0223651723,1.30696967477,0.971273713047,10.8148173218,0.460778763809
6.094228,-0.0819092459569,10.1131269228,1.35235055001,1.07735106326,10.8148173218,0.496137880546
6.095894,-0.128054035624,10.0677460476,1.26158879953,0.971273713047,10.7784114706,0.460778763809
6.09756,-0.128054035624,10.1131269228,1.35235055001,0.93591459631,10.7784114706,0.425419647072
6.099226,-0.0819092459569,10.1131269228,1.35235055001,0.971273713047,10.7784114706,0.460778763809
6.100892,-0.0819092459569,10.158507798,1.35235055001,0.93591459631,10.8148173218,0.460778763809
6.102558,-0.128054035624,10.1131269228,1.30696967477,0.900555479573,10.7420056195,0.425419647072
6.104224,-0.174198825291,10.0677460476,1.26158879953,0.93591459631,10.8512231729,0.460778763809
6.10589,-0.174198825291,10.0677460476,1.26158879953,0.93591459631,10.8148173218,0.425419647072
6.107556,-0.174198825291,10.0677460476,1.26158879953,1.00663282978,10.887629024,0.460778763809
6.109222,-0.174198825291,10.1131269228,1.26158879953,0.93591459631,10.887629024,0.460778763809
6.110888,-0.0819092459569,10.2038886733,1.35235055001,0.900555479573,10.8148173218,0.425419647072
6.112554,-0.174198825291,10.1131269228,1.26158879953,0.900555479573,10.8512231729,0.460778763809
6.11422,-0.174198825291,10.1131269228,1.26158879953,0.900555479573,10.887629024,0.460778763809
6.115886,-0.128054035624,10.1131269228,1.26158879953,0.971273713047,10.9968465774,0.566856114019
6.117552,-0.128054035624,10.1131269228,1.2162079243,0.900555479573,10.9240348752,0.460778763809
6.119218,-0.174198825291,10.1131269228,1.2162079243,0.865196362836,10.887629024,0.460778763809
6.120884,-0.128054035624,10.158507798,1.17082704906,0.900555479573,10.9240348752,0.460778763809
6.12255,-0.128054035624,10.1131269228,1.2162079243,0.900555479573,10.9604407263,0.496137880546
6.124216,-0.174198825291,10.158507798,1.2162079243,0.829837246099,10.887629024,0.460778763809
6.125882,-0.128054035624,10.158507798,1.2162079243,0.865196362836,10.9604407263,0.460778763809
6.127548,-0.128054035624,10.158507798,1.2162079243,0.865196362836,10.9604407263,0.496137880546
6.129214,-0.128054035624,10.158507798,1.2162079243,0.829837246099,11.0696582797,0.602215230756
6.13088,-0.174198825291,10.158507798,1.17082704906,0.829837246099,10.9604407263,0.496137880546
6.132546,-0.128054035624,10.158507798,1.17082704906,0.865196362836,10.9968465774,0.460778763809
6.134212,-0.0819092459569,10.158507798,1.17082704906,0.829837246099,10.9968465774,0.496137880546
6.135878,0.0103803333768,10.2946504237,1.26158879953,0.829837246099,11.0332524286,0.566856114019
6.137544,-0.128054035624,10.2038886733,1.17082704906,0.794478129363,10.9968465774,0.460778763809
6.13921,-0.0819092459569,10.2038886733,1.17082704906,0.794478129363,10.9968465774,0.566856114019
6.140876,-0.0357644562901,10.2492695485,1.2162079243,0.794478129363,11.0696582797,0.531496997282
6.142542,-0.0819092459569,10.2038886733,1.12544617383,0.900555479573,11.1788758331,0.602215230756
6.144208,-0.0819092459569,10.2038886733,1.12544617383,0.794478129363,11.0696582797,0.566856114019
6.145874,-0.0819092459569,10.2038886733,1.12544617383,0.794478129363,11.0696582797,0.496137880546
6.14754,-0.0819092459569,10.2038886733,1.12544617383,0.794478129363,11.0332524286,0.496137880546
6.149206,-0.0819092459569,10.2492695485,1.12544617383,0.829837246099,11.0696582797,0.566856114019
6.150872,-0.0819092459569,10.2038886733,1.12544617383,0.759119012626,10.9968465774,0.460778763809
6.152538,-0.0819092459569,10.2492695485,1.12544617383,0.759119012626,11.0696582797,0.566856114019
6.154204,-0.0819092459569,10.2492695485,1.08006529859,0.794478129363,11.0696582797,0.531496997282
6.15587,-0.0819092459569,10.2492695485,1.08006529859,0.900555479573,11.1788758331,0.602215230756
6.157536,-0.0819092459569,10.2038886733,1.08006529859,0.794478129363,11.0696582797,0.566856114019
6.159202,-0.0819092459569,10.2038886733,1.03468442336,0.759119012626,10.9968465774,0.531496997282
6.160868,-0.0357644562901,10.2492695485,1.08006529859,0.794478129363,10.9968465774,0.566856114019
6.162534,-0.0819092459569,10.2038886733,1.08006529859,0.794478129363,11.0696582797,0.566856114019
6.1642,-0.0357644562901,10.2492695485,1.03468442336,0.688400779152,11.0696582797,0.637574347493
6.165866,-0.0819092459569,10.2038886733,1.03468442336,0.794478129363,11.0696582797,0.566856114019
6.167532,-0.0357644562901,10.2038886733,1.03468442336,0.723759895889,11.0332524286,0.566856114019
6.169198,-0.0357644562901,10.2038886733,1.08006529859,0.794478129363,11.0332524286,0.566856114019
6.170864,0.0565251230437,10.2946504237,1.12544617383,0.794478129363,10.9968465774,0.602215230756
6.17253,-0.0357644562901,10.2038886733,1.03468442336,0.688400779152,10.9968465774,0.531496997282
6.174196,0.0565251230437,10.2946504237,1.12544617383,0.759119012626,10.9968465774,0.566856114019
6.175862,-0.0357644562901,10.2038886733,1.03468442336,0.794478129363,11.0332524286,0.602215230756
6.177528,0.0565251230437,10.2038886733,1.12544617383,0.829837246099,11.0696582797,0.637574347493
6.179194,-0.0357644562901,10.158507798,1.08006529859,0.794478129363,10.9968465774,0.602215230756
6.18086,-0.0357644562901,10.158507798,1.08006529859,0.723759895889,10.9604407263,0.566856114019
6.182526,-0.0357644562901,10.2038886733,1.08006529859,0.759119012626,10.9240348752,0.602215230756
6.184192,0.0103803333768,10.158507798,1.03468442336,0.794478129363,10.9968465774,0.602215230756
6.185858,0.0103803333768,10.158507798,1.03468442336,0.759119012626,10.9240348752,0.566856114019
6.187524,-0.0357644562901,10.1131269228,1.03468442336,0.794478129363,10.9240348752,0.637574347493
6.18919,0.0103803333768,10.1131269228,1.03468442336,0.794478129363,10.9604407263,0.602215230756
6.190856,0.0565251230437,10.1131269228,1.03468442336,0.93591459631,10.9968465774,0.637574347493
6.192522,0.0103803333768,10.0677460476,1.03468442336,0.794478129363,10.9240348752,0.637574347493
6.194188,0.0103803333768,10.0677460476,1.08006529859,0.794478129363,10.887629024,0.602215230756
6.195854,0.102669912711,10.158507798,1.17082704906,0.794478129363,10.887629024,0.602215230756
6.19752,0.0565251230437,10.0677460476,1.03468442336,0.829837246099,10.887629024,0.637574347493
6.199186,0.0103803333768,10.0223651723,1.03468442336,0.794478129363,10.8512231729,0.602215230756
6.200852,0.0103803333768,9.9769842971,0.989303548122,0.794478129363,10.887629024,0.637574347493
6.202518,0.0565251230437,10.0223651723,1.03468442336,0.865196362836,10.887629024,0.67293346423
6.204184,0.0565251230437,9.9769842971,1.03468442336,0.93591459631,10.9968465774,0.708292580966
6.20585,0.0565251230437,9.9769842971,1.08006529859,0.865196362836,10.887629024,0.67293346423
6.207516,0.0565251230437,9.93160342186,1.08006529859,0.794478129363,10.8148173218,0.602215230756
6.209182,0.0565251230437,9.93160342186,1.03468442336,0.829837246099,10.8148173218,0.67293346423
6.210848,0.148814702377,9.9769842971,1.12544617383,0.829837246099,10.887629024,0.67293346423
6.212514,0.148814702377,9.9769842971,1.12544617383,0.93591459631,10.9604407263,0.77901081444
6.21418,0.0565251230437,9.88622254663,1.03468442336,0.900555479573,10.8512231729,0.743651697703
6.215846,0.0565251230437,9.88622254663,1.03468442336,0.829837246099,10.8148173218,0.67293346423
6.217512,0.102669912711,9.93160342186,1.08006529859,0.865196362836,10.8148173218,0.67293346423
6.219178,0.102669912711,9.88622254663,1.08006529859,0.865196362836,10.8512231729,0.708292580966
6.220844,0.102669912711,9.88622254663,1.08006529859,0.794478129363,10.7784114706,0.637574347493
6.22251,0.102669912711,9.88622254663,1.08006529859,0.865196362836,10.7784114706,0.743651697703
6.224176,0.194959492044,9.9769842971,1.2162079243,0.900555479573,10.7784114706,0.708292580966
6.225842,0.148814702377,9.93160342186,1.17082704906,1.04199194652,10.8512231729,0.743651697703
6.227508,0.102669912711,9.88622254663,1.12544617383,0.93591459631,10.8148173218,0.708292580966
6.229174,0.102669912711,9.84084167139,1.12544617383,0.900555479573,10.7784114706,0.67293346423
6.23084,0.102669912711,9.84084167139,1.12544617383,0.900555479573,10.7784114706,0.67293346423
6.232506,0.102669912711,9.84084167139,1.08006529859,0.93591459631,10.8148173218,0.708292580966
6.234172,0.102669912711,9.88622254663,1.12544617383,0.829837246099,10.7420056195,0.708292580966
6.235838,0.102669912711,9.84084167139,1.12544617383,0.93591459631,10.7784114706,0.708292580966
6.237504,0.0565251230437,9.84084167139,1.12544617383,0.93591459631,10.7784114706,0.67293346423
6.23917,0.0565251230437,9.84084167139,1.12544617383,1.00663282978,10.8512231729,0.708292580966
6.240836,0.0565251230437,9.84084167139,1.12544617383,0.93591459631,10.8148173218,0.708292580966
6.242502,0.102669912711,9.88622254663,1.12544617383,0.865196362836,10.7784114706,0.637574347493
6.244168,0.102669912711,9.88622254663,1.17082704906,0.900555479573,10.7784114706,0.67293346423
6.245834,0.0565251230437,9.84084167139,1.12544617383,0.93591459631,10.8148173218,0.67293346423
6.2475,0.102669912711,9.88622254663,1.17082704906,0.865196362836,10.7420056195,0.77901081444
6.249166,0.0565251230437,9.88622254663,1.17082704906,0.93591459631,10.7784114706,0.67293346423
6.250832,0.194959492044,10.0223651723,1.26158879953,0.93591459631,10.7784114706,0.637574347493
6.252498,0.0103803333768,9.88622254663,1.2162079243,0.900555479573,10.7784114706,0.637574347493
6.254164,0.0565251230437,9.93160342186,1.17082704906,0.971273713047,10.8148173218,0.67293346423
6.25583,0.0565251230437,9.93160342186,1.17082704906,0.900555479573,10.7784114706,0.602215230756
6.257496,0.0103803333768,9.93160342186,1.2162079243,0.93591459631,10.7784114706,0.637574347493
6.259162,0.0565251230437,9.9769842971,1.2162079243,0.971273713047,10.8512231729,0.637574347493
6.260828,0.0103803333768,9.9769842971,1.2162079243,1.00663282978,10.9240348752,0.708292580966
6.262494,0.102669912711,10.0677460476,1.30696967477,0.93591459631,10.8512231729,0.637574347493
6.26416,0.102669912711,10.0677460476,1.26158879953,0.971273713047,10.8512231729,0.602215230756
6.265826,0.0103803333768,10.0677460476,1.2162079243,0.865196362836,10.8148173218,0.566856114019
6.267492,-0.0357644562901,10.0223651723,1.2162079243,0.865196362836,10.887629024,0.602215230756
6.269158,-0.0357644562901,10.0677460476,1.12544617383,0.971273713047,10.8148173218,0.496137880546
6.270824,-0.0357644562901,10.0677460476,1.2162079243,0.900555479573,10.887629024,0.602215230756
6.27249,-0.0357644562901,10.0677460476,1.2162079243,0.93591459631,10.887629024,0.602215230756
6.274156,-0.0357644562901,10.1131269228,1.17082704906,1.07735106326,11.0332524286,0.637574347493
6.275822,-0.0357644562901,10.158507798,1.26158879953,0.900555479573,10.9240348752,0.566856114019
6.277488,-0.0357644562901,10.158507798,1.17082704906,0.971273713047,10.887629024,0.566856114019
6.279154,-0.0819092459569,10.158507798,1.2162079243,0.971273713047,10.9240348752,0.531496997282
6.28082,-0.0357644562901,10.2038886733,1.30696967477,0.900555479573,10.9240348752,0.531496997282
6.282486,-0.0819092459569,10.2038886733,1.2162079243,0.900555479573,10.9240348752,0.496137880546
6.284152,-0.0819092459569,10.2038886733,1.2162079243,0.93591459631,10.9968465774,0.531496997282
6.285818,-0.0819092459569,10.2492695485,1.2162079243,0.900555479573,10.9968465774,0.496137880546
6.287484,-0.0819092459569,10.2038886733,1.26158879953,1.07735106326,11.1060641308,0.566856114019
6.28915,-0.0819092459569,10.2492695485,1.2162079243,0.93591459631,10.9968465774,0.566856114019
6.290816,-0.0819092459569,10.2946504237,1.2162079243,0.865196362836,11.0332524286,0.460778763809
6.292482,-0.128054035624,10.2492695485,1.2162079243,0.93591459631,11.0332524286,0.496137880546
6.294148,-0.128054035624,10.2946504237,1.2162079243,0.93591459631,11.0332524286,0.496137880546
6.295814,-0.0819092459569,10.2946504237,1.2162079243,0.829837246099,10.9968465774,0.566856114019
6.29748,-0.128054035624,10.340031299,1.26158879953,0.93591459631,11.0696582797,0.531496997282
6.299146,-0.128054035624,10.340031299,1.2162079243,0.93591459631,11.0696582797,0.460778763809
6.300812,-0.0819092459569,10.340031299,1.2162079243,0.971273713047,11.0696582797,0.496137880546
6.302478,-0.128054035624,10.3854121742,1.30696967477,0.93591459631,11.1060641308,0.496137880546
6.304144,-0.0819092459569,10.3854121742,1.26158879953,0.93591459631,11.0696582797,0.460778763809
6.30581,-0.128054035624,10.3854121742,1.2162079243,0.93591459631,11.0696582797,0.496137880546
6.307476,-0.128054035624,10.340031299,1.26158879953,0.93591459631,11.1060641308,0.496137880546
6.309142,-0.128054035624,10.3854121742,1.2162079243,0.900555479573,11.142469982,0.602215230756
6.310808,-0.0357644562901,10.4761739247,1.35235055001,0.93591459631,11.1788758331,0.496137880546
6.312474,-0.0819092459569,10.3854121742,1.26158879953,0.900555479573,11.1060641308,0.460778763809
6.31414,-0.128054035624,10.3854121742,1.2162079243,0.971273713047,11.142469982,0.496137880546
6.315806,-0.128054035624,10.3854121742,1.26158879953,0.93591459631,11.142469982,0.496137880546
6.317472,-0.128054035624,10.3854121742,1.26158879953,0.900555479573,11.0696582797,0.460778763809
6.319138,-0.128054035624,10.4307930495,1.26158879953,0.93591459631,11.142469982,0.496137880546
6.320804,-0.0819092459569,10.3854121742,1.30696967477,0.93591459631,11.1788758331,0.460778763809
6.32247,-0.128054035624,10.3854121742,1.30696967477,1.07735106326,11.2880933865,0.566856114019
6.324136,-0.128054035624,10.3854121742,1.30696967477,0.93591459631,11.1788758331,0.531496997282
6.325802,-0.0819092459569,10.3854121742,1.30696967477,0.900555479573,11.1788758331,0.460778763809
6.327468,-0.0819092459569,10.3854121742,1.30696967477,0.971273713047,11.1788758331,0.496137880546
6.329134,0.0103803333768,10.4761739247,1.39773142524,1.00663282978,11.2152816842,0.531496997282
6.3308,-0.0819092459569,10.4307930495,1.35235055001,0.865196362836,11.1060641308,0.460778763809
6.332466,-0.0357644562901,10.4761739247,1.35235055001,0.93591459631,11.1788758331,0.566856114019
6.334132,-0.0357644562901,10.4307930495,1.35235055001,0.93591459631,11.1788758331,0.531496997282
6.335798,-0.0357644562901,10.4307930495,1.35235055001,1.04199194652,11.2152816842,0.566856114019
6.337464,-0.0357644562901,10.340031299,1.35235055001,1.00663282978,11.1788758331,0.566856114019
6.33913,0.0565251230437,10.4761739247,1.44311230048,0.93591459631,11.1060641308,0.496137880546
6.340796,-0.0819092459569,10.2946504237,1.26158879953,0.93591459631,11.1060641308,0.531496997282
6.342462,-0.0819092459569,10.340031299,1.35235055001,0.971273713047,11.1788758331,0.566856114019
6.344128,-0.0819092459569,10.2946504237,1.30696967477,0.900555479573,11.0696582797,0.602215230756
6.345794,-0.0819092459569,10.2946504237,1.30696967477,0.971273713047,11.142469982,0.566856114019
6.34746,-0.0819092459569,10.2946504237,1.30696967477,1.00663282978,11.142469982,0.531496997282
6.349126,-0.0357644562901,10.2946504237,1.30696967477,1.07735106326,11.142469982,0.602215230756
6.350792,-0.0357644562901,10.2492695485,1.26158879953,1.00663282978,11.1060641308,0.566856114019
6.352458,-0.0357644562901,10.2492695485,1.30696967477,0.93591459631,11.0332524286,0.531496997282
6.354124,-0.0357644562901,10.2492695485,1.30696967477,0.971273713047,11.0696582797,0.602215230756
6.35579,0.0103803333768,10.2492695485,1.30696967477,1.00663282978,11.0696582797,0.602215230756
6.357456,0.0565251230437,10.2946504237,1.35235055001,1.00663282978,11.1060641308,0.708292580966
6.359122,0.102669912711,10.2946504237,1.39773142524,1.00663282978,11.0696582797,0.602215230756
6.360788,0.0565251230437,10.2946504237,1.39773142524,0.971273713047,11.0332524286,0.566856114019
6.362454,-0.0357644562901,10.2038886733,1.26158879953,1.04199194652,11.0332524286,0.566856114019
6.36412,0.0103803333768,10.158507798,1.30696967477,1.04199194652,11.0696582797,0.637574347493
6.365786,-0.0357644562901,10.158507798,1.35235055001,0.971273713047,10.9604407263,0.531496997282
6.367452,-0.0357644562901,10.1131269228,1.30696967477,0.971273713047,10.9968465774,0.602215230756
6.369118,-0.0357644562901,10.1131269228,1.30696967477,0.971273713047,10.9968465774,0.637574347493
6.370784,0.0103803333768,10.158507798,1.30696967477,1.07735106326,11.0696582797,0.637574347493
6.37245,-0.0357644562901,10.1131269228,1.26158879953,1.00663282978,10.9968465774,0.637574347493
6.374116,0.0103803333768,10.1131269228,1.30696967477,0.971273713047,10.9240348752,0.566856114019
6.375782,0.102669912711,10.2038886733,1.39773142524,1.00663282978,10.9240348752,0.602215230756
6.377448,0.0103803333768,10.0677460476,1.30696967477,1.04199194652,10.9240348752,0.637574347493
6.379114,0.0565251230437,10.0677460476,1.26158879953,0.93591459631,10.9968465774,0.743651697703
6.38078,0.0565251230437,10.0677460476,1.26158879953,1.00663282978,10.9240348752,0.637574347493
6.382446,0.102669912711,10.1131269228,1.35235055001,0.971273713047,10.887629024,0.602215230756
6.384112,0.0103803333768,10.0223651723,1.26158879953,0.971273713047,10.887629024,0.602215230756
6.385778,0.0103803333768,10.0223651723,1.26158879953,1.04199194652,10.887629024,0.67293346423
6.387444,0.102669912711,10.1131269228,1.30696967477,0.971273713047,10.7784114706,0.566856114019
6.38911,0.0103803333768,10.0223651723,1.2162079243,1.00663282978,10.8512231729,0.637574347493
6.390776,0.0565251230437,9.9769842971,1.2162079243,0.971273713047,10.8148173218,0.637574347493
6.392442,0.0103803333768,9.9769842971,1.17082704906,1.14806929673,10.887629024,0.67293346423
6.394108,0.0565251230437,10.0223651723,1.2162079243,0.971273713047,10.8512231729,0.67293346423
6.395774,0.0565251230437,9.9769842971,1.2162079243,0.93591459631,10.7784114706,0.637574347493
6.39744,0.0565251230437,9.9769842971,1.17082704906,0.971273713047,10.7784114706,0.637574347493
6.399106,0.0565251230437,9.9769842971,1.2162079243,0.971273713047,10.8148173218,0.67293346423
6.400772,0.102669912711,10.0223651723,1.2162079243,0.900555479573,10.7784114706,0.77901081444
6.402438,0.0565251230437,9.93160342186,1.17082704906,0.971273713047,10.8148173218,0.637574347493
6.404104,0.0565251230437,9.9769842971,1.17082704906,0.93591459631,10.7784114706,0.637574347493
6.40577,0.148814702377,10.0223651723,1.26158879953,0.971273713047,10.7784114706,0.637574347493
6.407436,0.0565251230437,9.93160342186,1.17082704906,0.971273713047,10.8148173218,0.67293346423
6.409102,0.0565251230437,9.9769842971,1.17082704906,0.93591459631,10.7420056195,0.637574347493
6.410768,0.0565251230437,9.93160342186,1.12544617383,0.900555479573,10.7784114706,0.67293346423
6.412434,0.0565251230437,9.9769842971,1.12544617383,0.93591459631,10.7784114706,0.67293346423
6.4141,0.148814702377,10.0223651723,1.2162079243,0.865196362836,10.7420056195,0.77901081444
6.415766,0.0565251230437,9.93160342186,1.12544617383,0.900555479573,10.8148173218,0.708292580966
6.417432,0.102669912711,9.93160342186,1.12544617383,0.93591459631,10.8148173218,0.67293346423
6.419098,0.0565251230437,9.93160342186,1.08006529859,0.971273713047,10.8148173218,0.67293346423
6.420764,0.0565251230437,9.93160342186,1.12544617383,0.900555479573,10.8148173218,0.708292580966
6.42243,0.102669912711,9.93160342186,1.12544617383,0.794478129363,10.8148173218,0.637574347493
6.424096,0.194959492044,10.0223651723,1.17082704906,0.900555479573,10.7784114706,0.708292580966
6.425762,0.0565251230437,9.93160342186,1.03468442336,0.865196362836,10.887629024,0.743651697703
6.427428,0.102669912711,9.93160342186,1.03468442336,0.794478129363,10.7784114706,0.67293346423
6.429094,0.102669912711,9.93160342186,1.03468442336,0.865196362836,10.8512231729,0.708292580966
6.43076,0.102669912711,9.93160342186,1.03468442336,0.794478129363,10.8512231729,0.67293346423
6.432426,0.102669912711,9.93160342186,1.03468442336,0.900555479573,10.8512231729,0.67293346423
6.434092,0.194959492044,10.0677460476,1.12544617383,0.794478129363,10.887629024,0.708292580966
6.435758,0.102669912711,9.93160342186,1.03468442336,0.759119012626,10.8148173218,0.637574347493
6.437424,0.102669912711,9.93160342186,1.03468442336,0.794478129363,10.8512231729,0.708292580966
6.43909,0.102669912711,9.9769842971,1.03468442336,0.794478129363,10.887629024,0.708292580966
6.440756,0.102669912711,9.9769842971,1.03468442336,0.865196362836,10.9968465774,0.77901081444
6.442422,0.148814702377,10.0223651723,1.08006529859,0.759119012626,10.9240348752,0.708292580966
6.444088,0.194959492044,10.0677460476,1.08006529859,0.723759895889,10.887629024,0.67293346423
6.445754,0.102669912711,9.9769842971,0.989303548122,0.688400779152,10.887629024,0.637574347493
6.44742,0.102669912711,9.9769842971,0.989303548122,0.759119012626,10.9240348752,0.708292580966
6.449086,0.102669912711,9.9769842971,0.989303548122,0.653041662415,10.9240348752,0.77901081444
6.450752,0.0565251230437,9.9769842971,0.989303548122,0.723759895889,10.9240348752,0.708292580966
6.452418,0.102669912711,10.0223651723,0.989303548122,0.688400779152,10.9240348752,0.637574347493
6.454084,0.102669912711,10.0223651723,0.989303548122,0.759119012626,10.9240348752,0.67293346423
6.45575,0.0565251230437,10.0223651723,0.989303548122,0.723759895889,10.9604407263,0.67293346423
6.457416,0.0565251230437,10.0223651723,0.989303548122,0.653041662415,10.887629024,0.602215230756
6.459082,0.0565251230437,10.0223651723,0.989303548122,0.653041662415,10.9240348752,0.637574347493
6.460748,0.102669912711,10.0677460476,0.989303548122,0.688400779152,10.9604407263,0.67293346423
6.462414,0.0103803333768,10.0223651723,0.943922672886,0.617682545679,10.9968465774,0.77901081444
6.46408,0.0103803333768,10.0677460476,0.943922672886,0.653041662415,10.9968465774,0.637574347493
6.465746,-0.0357644562901,10.0677460476,0.943922672886,0.688400779152,10.9604407263,0.602215230756
6.467412,0.0565251230437,10.1131269228,0.989303548122,0.688400779152,10.9240348752,0.602215230756
6.469078,0.0103803333768,10.1131269228,0.943922672886,0.688400779152,10.9968465774,0.637574347493
6.470744,0.0103803333768,10.1131269228,0.943922672886,0.653041662415,10.887629024,0.566856114019
6.47241,0.0103803333768,10.1131269228,0.989303548122,0.688400779152,10.9240348752,0.602215230756
6.474076,-0.0357644562901,10.0677460476,0.943922672886,0.688400779152,10.9604407263,0.602215230756
6.475742,-0.0357644562901,10.1131269228,0.989303548122,0.794478129363,11.0696582797,0.602215230756
6.477408,-0.0357644562901,10.1131269228,0.989303548122,0.688400779152,10.9968465774,0.602215230756
6.479074,-0.0357644562901,10.158507798,0.989303548122,0.653041662415,10.9240348752,0.531496997282
6.48074,0.0565251230437,10.2492695485,1.08006529859,0.653041662415,10.9604407263,0.566856114019
6.482406,-0.0819092459569,10.158507798,0.989303548122,0.723759895889,10.9968465774,0.566856114019
6.484072,-0.0819092459569,10.158507798,0.989303548122,0.617682545679,10.887629024,0.566856114019
6.485738,-0.0819092459569,10.158507798,0.989303548122,0.688400779152,10.9240348752,0.566856114019
6.487404,-0.0819092459569,10.158507798,1.03468442336,0.688400779152,10.9240348752,0.496137880546
6.48907,-0.0819092459569,10.158507798,0.989303548122,0.723759895889,10.9240348752,0.496137880546
6.490736,-0.128054035624,10.158507798,0.989303548122,0.759119012626,10.9240348752,0.566856114019
6.492402,-0.0357644562901,10.2492695485,1.08006529859,0.653041662415,10.887629024,0.460778763809
6.494068,-0.0819092459569,10.2038886733,1.03468442336,0.759119012626,10.887629024,0.496137880546
6.495734,-0.0819092459569,10.2038886733,1.03468442336,0.723759895889,10.9240348752,0.496137880546
6.4974,-0.128054035624,10.2038886733,1.08006529859,0.794478129363,10.9240348752,0.496137880546
6.499066,-0.128054035624,10.2038886733,1.08006529859,0.759119012626,10.9240348752,0.531496997282
6.500732,-0.128054035624,10.158507798,1.03468442336,0.688400779152,10.887629024,0.460778763809
6.502398,-0.128054035624,10.2038886733,1.03468442336,0.759119012626,10.9240348752,0.496137880546
6.504064,-0.128054035624,10.158507798,1.08006529859,0.794478129363,10.887629024,0.496137880546
6.50573,-0.128054035624,10.2038886733,1.08006529859,0.794478129363,10.9968465774,0.602215230756
6.507396,-0.128054035624,10.2038886733,1.12544617383,0.794478129363,10.887629024,0.460778763809
6.509062,-0.128054035624,10.158507798,1.12544617383,0.794478129363,10.887629024,0.460778763809
6.510728,-0.128054035624,10.158507798,1.08006529859,0.829837246099,10.887629024,0.460778763809
6.512394,-0.0357644562901,10.2946504237,1.2162079243,0.794478129363,10.887629024,0.460778763809
6.51406,-0.174198825291,10.158507798,1.12544617383,0.794478129363,10.8148173218,0.425419647072
6.515726,-0.128054035624,10.158507798,1.17082704906,0.829837246099,10.887629024,0.460778763809
6.517392,-0.174198825291,10.158507798,1.17082704906,0.865196362836,10.887629024,0.460778763809
6.519058,-0.174198825291,10.158507798,1.17082704906,0.971273713047,10.9240348752,0.531496997282
6.520724,-0.174198825291,10.1131269228,1.17082704906,0.865196362836,10.887629024,0.496137880546
6.52239,-0.128054035624,10.158507798,1.2162079243,0.865196362836,10.8148173218,0.460778763809
6.524056,-0.128054035624,10.1131269228,1.2162079243,0.865196362836,10.8148173218,0.460778763809
6.525722,-0.128054035624,10.1131269228,1.2162079243,0.900555479573,10.887629024,0.496137880546
6.527388,-0.174198825291,10.0677460476,1.2162079243,0.865196362836,10.7784114706,0.425419647072
6.529054,-0.128054035624,10.1131269228,1.2162079243,0.900555479573,10.887629024,0.496137880546
6.53072,-0.174198825291,10.0677460476,1.2162079243,0.93591459631,10.8512231729,0.460778763809
6.532386,-0.128054035624,10.1131269228,1.26158879953,0.971273713047,10.887629024,0.496137880546
6.534052,-0.128054035624,10.0677460476,1.26158879953,0.971273713047,10.887629024,0.496137880546
6.535718,-0.128054035624,10.0677460476,1.26158879953,0.93591459631,10.8148173218,0.460778763809
6.537384,-0.128054035624,10.0677460476,1.26158879953,0.93591459631,10.8512231729,0.496137880546
6.53905,-0.128054035624,10.0677460476,1.30696967477,0.971273713047,10.887629024,0.531496997282
6.540716,-0.128054035624,10.0677460476,1.26158879953,0.971273713047,10.9968465774,0.637574347493
6.542382,-0.128054035624,10.0677460476,1.26158879953,1.00663282978,10.9240348752,0.496137880546
6.544048,-0.0819092459569,10.0677460476,1.30696967477,1.00663282978,10.8512231729,0.496137880546
6.545714,-0.0819092459569,10.0677460476,1.30696967477,1.00663282978,10.887629024,0.496137880546
6.54738,-0.128054035624,10.0677460476,1.30696967477,1.04199194652,10.9240348752,0.566856114019
6.549046,-0.128054035624,10.0677460476,1.30696967477,0.971273713047,10.8512231729,0.460778763809
6.550712,-0.0819092459569,10.0677460476,1.35235055001,1.00663282978,10.887629024,0.566856114019
6.552378,-0.0357644562901,10.0677460476,1.35235055001,1.04199194652,10.9240348752,0.566856114019
6.554044,-0.0819092459569,10.0677460476,1.35235055001,1.07735106326,11.0332524286,0.637574347493
6.55571,-0.0819092459569,10.0677460476,1.35235055001,1.04199194652,10.9240348752,0.566856114019
6.557376,0.0565251230437,10.158507798,1.39773142524,1.00663282978,10.887629024,0.496137880546
6.559042,-0.0819092459569,10.0677460476,1.35235055001,1.04199194652,10.887629024,0.566856114019
6.560708,-0.0357644562901,10.0677460476,1.35235055001,1.04199194652,10.9240348752,0.602215230756
6.562374,-0.0819092459569,10.0677460476,1.35235055001,1.00663282978,10.8512231729,0.496137880546
6.56404,-0.0357644562901,10.0677460476,1.39773142524,1.04199194652,10.9240348752,0.602215230756
6.565706,-0.0357644562901,10.0677460476,1.35235055001,1.04199194652,10.9604407263,0.566856114019
6.567372,-0.0357644562901,10.0677460476,1.35235055001,1.14806929673,11.0332524286,0.67293346423
6.569038,-0.0357644562901,10.0677460476,1.35235055001,1.07735106326,10.9240348752,0.602215230756
6.570704,-0.0357644562901,10.0677460476,1.35235055001,1.07735106326,10.9240348752,0.602215230756
6.57237,-0.0357644562901,10.1131269228,1.39773142524,1.04199194652,10.9240348752,0.566856114019
6.574036,0.0103803333768,10.1131269228,1.39773142524,1.11271017999,10.9604407263,0.602215230756
6.575702,0.0565251230437,10.2038886733,1.44311230048,1.00663282978,10.887629024,0.637574347493
6.577368,-0.0357644562901,10.1131269228,1.35235055001,1.04199194652,10.9604407263,0.602215230756
6.579034,-0.0357644562901,10.1131269228,1.35235055001,1.07735106326,10.9968465774,0.602215230756
6.5807,0.0103803333768,10.158507798,1.35235055001,1.07735106326,10.9968465774,0.602215230756
6.582366,0.0565251230437,10.2038886733,1.39773142524,1.07735106326,11.0332524286,0.637574347493
6.584032,0.0103803333768,10.158507798,1.39773142524,1.04199194652,10.9240348752,0.566856114019
6.585698,-0.0357644562901,10.158507798,1.30696967477,1.07735106326,11.0332524286,0.602215230756
6.587364,-0.0357644562901,10.158507798,1.30696967477,1.07735106326,10.9968465774,0.602215230756
6.58903,-0.0357644562901,10.158507798,1.30696967477,1.14806929673,11.142469982,0.708292580966
6.590696,0.0103803333768,10.158507798,1.30696967477,1.07735106326,11.0696582797,0.637574347493
6.592362,0.0565251230437,10.2038886733,1.30696967477,1.04199194652,11.0696582797,0.602215230756
6.594028,0.0103803333768,10.2038886733,1.30696967477,1.07735106326,11.0696582797,0.602215230756
6.595694,-0.0357644562901,10.2038886733,1.26158879953,1.07735106326,11.0696582797,0.637574347493
6.59736,0.0103803333768,10.2492695485,1.30696967477,1.04199194652,11.0332524286,0.566856114019
6.599026,0.0565251230437,10.2492695485,1.30696967477,1.04199194652,11.0696582797,0.637574347493
6.600692,0.0565251230437,10.2492695485,1.26158879953,1.04199194652,11.0696582797,0.637574347493
6.602358,0.102669912711,10.340031299,1.35235055001,0.971273713047,11.1788758331,0.743651697703
6.604024,0.102669912711,10.2946504237,1.35235055001,1.04199194652,11.1060641308,0.67293346423
6.60569,0.102669912711,10.340031299,1.30696967477,1.00663282978,11.1060641308,0.637574347493
6.607356,0.0565251230437,10.2492695485,1.26158879953,1.04199194652,11.1060641308,0.602215230756
6.609022,0.0565251230437,10.2492695485,1.26158879953,1.04199194652,11.142469982,0.67293346423
6.610688,0.0565251230437,10.2492695485,1.2162079243,0.93591459631,11.0696582797,0.602215230756
6.612354,0.0565251230437,10.2946504237,1.2162079243,1.00663282978,11.142469982,0.637574347493
6.61402,0.102669912711,10.2946504237,1.2162079243,1.00663282978,11.142469982,0.637574347493
6.615686,0.0565251230437,10.2492695485,1.2162079243,1.07735106326,11.2152816842,0.67293346423
6.617352,0.148814702377,10.3854121742,1.30696967477,1.00663282978,11.1788758331,0.67293346423
6.619018,0.148814702377,10.340031299,1.26158879953,0.93591459631,11.142469982,0.637574347493
6.620684,0.102669912711,10.2946504237,1.2162079243,0.971273713047,11.142469982,0.67293346423
6.62235,0.0565251230437,10.2946504237,1.2162079243,0.971273713047,11.1788758331,0.67293346423
6.624016,0.0565251230437,10.2946504237,1.17082704906,0.900555479573,11.1788758331,0.77901081444
6.625682,0.0565251230437,10.2492695485,1.17082704906,0.93591459631,11.1788758331,0.67293346423
6.627348,0.0565251230437,10.2492695485,1.12544617383,0.93591459631,11.1788758331,0.67293346423
6.629014,0.0565251230437,10.2492695485,1.17082704906,0.93591459631,11.142469982,0.67293346423
6.63068,0.0565251230437,10.2492695485,1.17082704906,0.93591459631,11.1788758331,0.67293346423
6.632346,0.0565251230437,10.2492695485,1.17082704906,0.93591459631,11.142469982,0.602215230756
6.634012,0.0565251230437,10.2492695485,1.12544617383,0.93591459631,11.1788758331,0.637574347493
6.635678,0.0565251230437,10.2492695485,1.17082704906,0.93591459631,11.1788758331,0.708292580966
6.637344,0.0565251230437,10.2492695485,1.17082704906,0.829837246099,11.2152816842,0.77901081444
6.63901,0.102669912711,10.2492695485,1.17082704906,0.900555479573,11.1788758331,0.67293346423
6.640676,0.0565251230437,10.2492695485,1.17082704906,0.900555479573,11.142469982,0.637574347493
6.642342,0.0565251230437,10.2492695485,1.12544617383,0.900555479573,11.142469982,0.67293346423
6.644008,0.0565251230437,10.2492695485,1.12544617383,0.93591459631,11.142469982,0.708292580966
6.645674,0.0565251230437,10.2492695485,1.17082704906,0.829837246099,11.0696582797,0.602215230756
6.64734,0.0565251230437,10.2038886733,1.12544617383,0.865196362836,11.1060641308,0.67293346423
6.649006,0.194959492044,10.2946504237,1.26158879953,0.900555479573,11.1060641308,0.67293346423
6.650672,0.0565251230437,10.2038886733,1.12544617383,0.93591459631,11.2152816842,0.77901081444
6.652338,0.0565251230437,10.2038886733,1.12544617383,0.900555479573,11.1060641308,0.67293346423
6.654004,0.0565251230437,10.2038886733,1.12544617383,0.865196362836,11.0696582797,0.637574347493
6.65567,0.0565251230437,10.2038886733,1.12544617383,0.900555479573,11.0696582797,0.637574347493
6.657336,0.102669912711,10.2492695485,1.17082704906,0.865196362836,11.1060641308,0.708292580966
6.659002,0.148814702377,10.2492695485,1.2162079243,0.794478129363,11.0332524286,0.602215230756
6.660668,0.0565251230437,10.158507798,1.12544617383,0.865196362836,11.0332524286,0.637574347493
6.662334,0.0103803333768,10.1131269228,1.08006529859,0.900555479573,11.0696582797,0.637574347493
6.664,0.0103803333768,10.1131269228,1.03468442336,0.794478129363,11.1060641308,0.743651697703
6.665666,0.0103803333768,10.1131269228,1.12544617383,0.865196362836,11.0332524286,0.637574347493
6.667332,0.0103803333768,10.1131269228,1.08006529859,0.794478129363,10.9968465774,0.602215230756
6.668998,0.0103803333768,10.1131269228,1.08006529859,0.794478129363,10.9604407263,0.602215230756
6.670664,0.0103803333768,10.0677460476,1.08006529859,0.865196362836,11.0332524286,0.637574347493
6.67233,0.0103803333768,10.0677460476,1.12544617383,0.794478129363,10.887629024,0.531496997282
6.673996,-0.0357644562901,10.0677460476,1.12544617383,0.865196362836,10.9240348752,0.602215230756
6.675662,0.0103803333768,10.0677460476,1.08006529859,0.865196362836,10.9240348752,0.602215230756
6.677328,0.0103803333768,10.0677460476,1.12544617383,0.900555479573,10.887629024,0.602215230756
6.678994,0.0103803333768,10.0677460476,1.12544617383,0.794478129363,10.9240348752,0.602215230756
6.68066,-0.0357644562901,10.0223651723,1.12544617383,0.794478129363,10.8512231729,0.496137880546
6.682326,-0.0819092459569,10.0677460476,1.08006529859,0.865196362836,10.887629024,0.566856114019
6.683992,0.0103803333768,10.0677460476,1.2162079243,0.829837246099,10.887629024,0.566856114019
6.685658,-0.0819092459569,10.0223651723,1.12544617383,0.971273713047,10.9240348752,0.602215230756
6.687324,-0.0819092459569,9.9769842971,1.12544617383,0.829837246099,10.887629024,0.566856114019
6.68899,-0.0819092459569,10.0223651723,1.17082704906,0.794478129363,10.7784114706,0.496137880546
6.690656,-0.0819092459569,10.0223651723,1.08006529859,0.900555479573,10.8148173218,0.531496997282
6.692322,-0.0819092459569,10.0223651723,1.17082704906,0.829837246099,10.8148173218,0.531496997282
6.693988,-0.0819092459569,9.9769842971,1.17082704906,0.759119012626,10.7055997684,0.460778763809
6.695654,-0.0819092459569,9.9769842971,1.17082704906,0.865196362836,10.7784114706,0.531496997282
6.69732,-0.128054035624,9.9769842971,1.12544617383,0.829837246099,10.7420056195,0.496137880546
6.698986,-0.0357644562901,10.0677460476,1.2162079243,0.93591459631,10.7784114706,0.496137880546
6.700652,-0.0819092459569,10.0223651723,1.12544617383,0.900555479573,10.7420056195,0.496137880546
6.702318,-0.128054035624,9.9769842971,1.12544617383,0.794478129363,10.7055997684,0.460778763809
6.703984,-0.128054035624,9.9769842971,1.12544617383,0.829837246099,10.7055997684,0.460778763809
6.70565,-0.128054035624,9.9769842971,1.12544617383,0.865196362836,10.7055997684,0.460778763809
6.707316,-0.128054035624,9.9769842971,1.12544617383,0.794478129363,10.7784114706,0.566856114019
6.708982,-0.128054035624,9.9769842971,1.12544617383,0.865196362836,10.7055997684,0.460778763809
6.710648,-0.174198825291,9.9769842971,1.12544617383,0.865196362836,10.7055997684,0.460778763809
6.712314,-0.174198825291,9.9769842971,1.12544617383,0.93591459631,10.7055997684,0.460778763809
6.71398,-0.128054035624,9.9769842971,1.17082704906,0.865196362836,10.7055997684,0.496137880546
6.715646,-0.174198825291,9.9769842971,1.17082704906,0.794478129363,10.6691939172,0.425419647072
6.717312,-0.174198825291,9.9769842971,1.12544617383,0.900555479573,10.6327880661,0.460778763809
6.718978,-0.174198825291,9.93160342186,1.17082704906,0.865196362836,10.7055997684,0.460778763809
6.720644,-0.174198825291,9.93160342186,1.17082704906,0.794478129363,10.6327880661,0.460778763809
6.72231,-0.128054035624,9.9769842971,1.2162079243,0.900555479573,10.7055997684,0.460778763809
6.723976,-0.0819092459569,10.0677460476,1.26158879953,0.829837246099,10.7055997684,0.460778763809
6.725642,-0.0819092459569,10.0677460476,1.26158879953,0.93591459631,10.7055997684,0.460778763809
6.727308,-0.174198825291,9.9769842971,1.17082704906,0.865196362836,10.7420056195,0.460778763809
6.728974,-0.174198825291,9.9769842971,1.17082704906,0.794478129363,10.6691939172,0.390060530335
6.73064,-0.174198825291,10.0223651723,1.17082704906,0.865196362836,10.7420056195,0.460778763809
6.732306,-0.0819092459569,10.0223651723,1.17082704906,0.900555479573,10.7420056195,0.496137880546
6.733972,-0.174198825291,9.9769842971,1.17082704906,0.794478129363,10.7784114706,0.566856114019
6.735638,-0.174198825291,9.9769842971,1.17082704906,0.865196362836,10.7784114706,0.460778763809
6.737304,-0.174198825291,9.9769842971,1.17082704906,0.865196362836,10.7420056195,0.460778763809
6.73897,-0.174198825291,9.9769842971,1.17082704906,0.829837246099,10.7420056195,0.425419647072
6.740636,-0.174198825291,9.9769842971,1.17082704906,0.900555479573,10.8148173218,0.496137880546
6.742302,-0.0819092459569,10.0677460476,1.17082704906,0.794478129363,10.7420056195,0.425419647072
6.743968,-0.0819092459569,10.0677460476,1.17082704906,0.829837246099,10.7784114706,0.460778763809
6.745634,-0.128054035624,10.0223651723,1.12544617383,0.865196362836,10.8148173218,0.496137880546
6.7473,-0.128054035624,10.0223651723,1.12544617383,0.900555479573,10.9240348752,0.566856114019
6.748966,-0.128054035624,10.0223651723,1.12544617383,0.865196362836,10.8148173218,0.496137880546
6.750632,-0.128054035624,10.0677460476,1.12544617383,0.794478129363,10.8148173218,0.460778763809
6.752298,-0.0819092459569,10.0677460476,1.17082704906,0.794478129363,10.8148173218,0.496137880546
6.753964,-0.128054035624,10.0223651723,1.12544617383,0.829837246099,10.887629024,0.531496997282
6.75563,-0.128054035624,10.0223651723,1.12544617383,0.794478129363,10.8148173218,0.460778763809
6.757296,-0.128054035624,10.0677460476,1.12544617383,0.865196362836,10.887629024,0.566856114019
6.758962,0.0103803333768,10.158507798,1.26158879953,0.829837246099,10.887629024,0.496137880546
6.760628,-0.0819092459569,10.0677460476,1.12544617383,0.865196362836,10.9240348752,0.531496997282
6.762294,-0.0819092459569,10.1131269228,1.12544617383,0.865196362836,10.9604407263,0.566856114019
6.76396,-0.0819092459569,10.1131269228,1.17082704906,0.829837246099,10.887629024,0.496137880546
6.765626,-0.0819092459569,10.1131269228,1.17082704906,0.829837246099,10.9240348752,0.566856114019
6.767292,-0.0819092459569,10.1131269228,1.17082704906,0.794478129363,10.9604407263,0.566856114019
6.768958,-0.0819092459569,10.1131269228,1.12544617383,0.794478129363,11.0332524286,0.67293346423
6.770624,-0.0357644562901,10.158507798,1.12544617383,0.829837246099,11.0332524286,0.566856114019
6.77229,-0.0357644562901,10.158507798,1.12544617383,0.829837246099,10.9968465774,0.566856114019
6.773956,0.0103803333768,10.2038886733,1.17082704906,0.900555479573,11.0332524286,0.566856114019
6.775622,-0.0357644562901,10.158507798,1.12544617383,0.865196362836,11.0696582797,0.602215230756
6.777288,-0.0357644562901,10.158507798,1.08006529859,0.794478129363,10.9968465774,0.566856114019
6.778954,-0.0357644562901,10.2038886733,1.12544617383,0.829837246099,11.0332524286,0.566856114019
6.78062,-0.0357644562901,10.2038886733,1.12544617383,0.865196362836,11.0696582797,0.602215230756
6.782286,-0.0357644562901,10.158507798,1.12544617383,0.794478129363,10.9968465774,0.637574347493
6.783952,0.0565251230437,10.2946504237,1.17082704906,0.865196362836,11.0696582797,0.602215230756
6.785618,0.0565251230437,10.2492695485,1.17082704906,0.865196362836,11.0696582797,0.602215230756
6.787284,0.102669912711,10.340031299,1.2162079243,0.93591459631,11.0696582797,0.602215230756
6.78895,0.0103803333768,10.2492695485,1.12544617383,0.900555479573,11.1060641308,0.637574347493
6.790616,-0.0357644562901,10.2038886733,1.12544617383,0.829837246099,11.0696582797,0.602215230756
6.792282,-0.0357644562901,10.2038886733,1.12544617383,0.829837246099,11.0696582797,0.566856114019
6.793948,-0.0357644562901,10.2038886733,1.12544617383,0.865196362836,11.1060641308,0.637574347493
6.795614,-0.0357644562901,10.2492695485,1.12544617383,0.794478129363,11.0332524286,0.637574347493
6.79728,0.102669912711,10.340031299,1.2162079243,0.865196362836,11.1060641308,0.637574347493
6.798946,0.0565251230437,10.2492695485,1.12544617383,0.865196362836,11.0696582797,0.566856114019
6.800612,0.0565251230437,10.2492695485,1.12544617383,0.865196362836,11.1060641308,0.637574347493
6.802278,0.0103803333768,10.2492695485,1.12544617383,0.900555479573,11.1060641308,0.637574347493
6.803944,0.102669912711,10.340031299,1.2162079243,0.794478129363,11.0332524286,0.637574347493
6.80561,0.0103803333768,10.2492695485,1.12544617383,0.900555479573,11.0696582797,0.637574347493
6.807276,0.0565251230437,10.2492695485,1.12544617383,0.865196362836,11.1060641308,0.602215230756
6.808942,0.0103803333768,10.2492695485,1.12544617383,0.93591459631,11.1060641308,0.637574347493
6.810608,0.0565251230437,10.2492695485,1.12544617383,0.93591459631,11.1060641308,0.637574347493
6.812274,0.102669912711,10.340031299,1.26158879953,0.865196362836,11.0696582797,0.602215230756
6.81394,0.0103803333768,10.2038886733,1.12544617383,0.900555479573,11.0696582797,0.637574347493
6.815606,0.0565251230437,10.2492695485,1.12544617383,0.900555479573,11.1060641308,0.67293346423
6.817272,0.0103803333768,10.2492695485,1.12544617383,0.865196362836,10.9968465774,0.602215230756
6.818938,0.0565251230437,10.2038886733,1.12544617383,0.93591459631,11.0696582797,0.637574347493
6.820604,0.0565251230437,10.2038886733,1.12544617383,0.865196362836,11.0696582797,0.637574347493
6.82227,0.0565251230437,10.2038886733,1.12544617383,0.900555479573,11.0696582797,0.637574347493
6.823936,0.148814702377,10.2946504237,1.2162079243,0.93591459631,11.0696582797,0.637574347493
6.825602,0.102669912711,10.2492695485,1.2162079243,0.865196362836,10.9968465774,0.602215230756
6.827268,0.0103803333768,10.158507798,1.12544617383,0.93591459631,11.0696582797,0.67293346423
6.828934,0.102669912711,10.2492695485,1.2162079243,0.93591459631,11.0332524286,0.637574347493
6.8306,0.102669912711,10.2038886733,1.17082704906,0.971273713047,11.0332524286,0.67293346423
6.832266,0.0565251230437,10.158507798,1.12544617383,0.93591459631,11.0332524286,0.67293346423
6.833932,0.0565251230437,10.158507798,1.17082704906,0.900555479573,10.9604407263,0.637574347493
6.835598,0.148814702377,10.2038886733,1.26158879953,0.93591459631,10.9968465774,0.637574347493
6.837264,0.0565251230437,10.1131269228,1.17082704906,0.93591459631,11.0332524286,0.67293346423
6.83893,0.0565251230437,10.1131269228,1.17082704906,0.93591459631,11.0696582797,0.77901081444
6.840596,0.102669912711,10.158507798,1.2162079243,0.93591459631,10.9968465774,0.67293346423
6.842262,0.0565251230437,10.1131269228,1.17082704906,0.93591459631,10.9240348752,0.67293346423
6.843928,0.0565251230437,10.0677460476,1.17082704906,0.971273713047,10.9968465774,0.67293346423
6.845594,0.0565251230437,10.0677460476,1.17082704906,0.971273713047,10.9968465774,0.67293346423
6.84726,0.0565251230437,10.0677460476,1.17082704906,0.93591459631,10.9240348752,0.637574347493
6.848926,0.0565251230437,10.0677460476,1.17082704906,0.93591459631,10.9604407263,0.637574347493
6.850592,0.0565251230437,10.0677460476,1.17082704906,1.00663282978,10.9604407263,0.67293346423
6.852258,0.0565251230437,10.0223651723,1.17082704906,0.93591459631,11.0332524286,0.77901081444
6.853924,0.0565251230437,10.0223651723,1.2162079243,0.971273713047,10.9240348752,0.67293346423
6.85559,0.0565251230437,10.0223651723,1.17082704906,0.93591459631,10.887629024,0.637574347493
6.857256,0.0565251230437,10.0223651723,1.2162079243,0.93591459631,10.887629024,0.637574347493
6.858922,0.148814702377,10.0677460476,1.30696967477,0.971273713047,10.9240348752,0.67293346423
6.860588,0.0565251230437,10.0223651723,1.17082704906,0.93591459631,10.8148173218,0.566856114019
6.862254,0.0565251230437,10.0223651723,1.2162079243,0.971273713047,10.887629024,0.67293346423
6.86392,0.0565251230437,10.0223651723,1.2162079243,0.971273713047,10.9240348752,0.67293346423
6.865586,0.0565251230437,9.9769842971,1.2162079243,1.04199194652,10.9604407263,0.743651697703
6.867252,0.0565251230437,9.9769842971,1.2162079243,0.971273713047,10.887629024,0.67293346423
6.868918,0.0565251230437,9.9769842971,1.26158879953,0.971273713047,10.887629024,0.637574347493
6.870584,0.0565251230437,9.9769842971,1.26158879953,0.971273713047,10.8512231729,0.637574347493
6.87225,0.148814702377,10.0677460476,1.30696967477,0.971273713047,10.887629024,0.637574347493
6.873916,0.0103803333768,9.9769842971,1.17082704906,0.900555479573,10.7784114706,0.602215230756
6.875582,0.0565251230437,9.9769842971,1.26158879953,0.971273713047,10.887629024,0.637574347493
6.877248,0.148814702377,10.1131269228,1.35235055001,0.93591459631,10.8512231729,0.602215230756
6.878914,0.0103803333768,9.9769842971,1.26158879953,0.971273713047,10.8512231729,0.602215230756
6.88058,-0.0357644562901,9.9769842971,1.17082704906,0.971273713047,10.8512231729,0.637574347493
6.882246,0.0565251230437,9.9769842971,1.26158879953,0.93591459631,10.8148173218,0.602215230756
6.883912,-0.0357644562901,9.9769842971,1.2162079243,0.93591459631,10.8148173218,0.602215230756
6.885578,0.0103803333768,9.9769842971,1.2162079243,0.971273713047,10.887629024,0.602215230756
6.887244,0.102669912711,10.0677460476,1.30696967477,0.971273713047,10.9604407263,0.67293346423
6.88891,-0.0357644562901,9.9769842971,1.2162079243,0.971273713047,10.8512231729,0.602215230756
6.890576,-0.0357644562901,9.9769842971,1.26158879953,0.93591459631,10.8148173218,0.566856114019
6.892242,-0.0357644562901,10.0223651723,1.26158879953,0.971273713047,10.8148173218,0.602215230756
6.893908,0.102669912711,10.1131269228,1.30696967477,0.971273713047,10.8512231729,0.602215230756
6.895574,0.0565251230437,10.1131269228,1.30696967477,0.93591459631,10.8148173218,0.496137880546
6.89724,-0.0357644562901,10.0223651723,1.2162079243,0.900555479573,10.8512231729,0.566856114019
6.898906,-0.0819092459569,10.0223651723,1.17082704906,0.93591459631,10.887629024,0.602215230756
6.900572,-0.0819092459569,10.0223651723,1.17082704906,0.900555479573,10.7784114706,0.566856114019
6.902238,-0.0819092459569,10.0677460476,1.26158879953,0.93591459631,10.887629024,0.566856114019
6.903904,-0.0819092459569,10.0677460476,1.2162079243,0.93591459631,10.887629024,0.566856114019
6.90557,-0.0819092459569,10.0677460476,1.2162079243,0.971273713047,10.8512231729,0.531496997282
6.907236,0.0103803333768,10.158507798,1.26158879953,0.93591459631,10.887629024,0.566856114019
6.908902,-0.0819092459569,10.1131269228,1.2162079243,0.900555479573,10.8148173218,0.460778763809
6.910568,-0.0819092459569,10.1131269228,1.2162079243,0.93591459631,10.8512231729,0.496137880546
6.912234,-0.0819092459569,10.158507798,1.2162079243,0.865196362836,10.887629024,0.531496997282
6.9139,-0.0819092459569,10.158507798,1.2162079243,0.865196362836,10.8512231729,0.602215230756
6.915566,-0.0819092459569,10.158507798,1.2162079243,0.900555479573,10.9240348752,0.531496997282
6.917232,-0.0819092459569,10.158507798,1.2162079243,0.900555479573,10.887629024,0.460778763809
6.918898,-0.0357644562901,10.2492695485,1.26158879953,0.93591459631,10.9240348752,0.460778763809
6.920564,-0.0819092459569,10.2038886733,1.2162079243,0.900555479573,10.9240348752,0.496137880546
6.92223,-0.128054035624,10.158507798,1.17082704906,0.865196362836,10.8512231729,0.425419647072
6.923896,-0.128054035624,10.2038886733,1.17082704906,0.900555479573,10.9240348752,0.460778763809
6.925562,-0.0819092459569,10.2038886733,1.2162079243,0.900555479573,10.9240348752,0.496137880546
6.927228,-0.128054035624,10.2038886733,1.2162079243,0.971273713047,11.0696582797,0.566856114019
6.928894,-0.0819092459569,10.2492695485,1.17082704906,0.93591459631,10.9968465774,0.496137880546
6.93056,-0.0819092459569,10.2492695485,1.17082704906,0.93591459631,10.887629024,0.460778763809
6.932226,-0.0819092459569,10.2492695485,1.2162079243,0.865196362836,10.9240348752,0.460778763809
6.933892,-0.0819092459569,10.2492695485,1.17082704906,0.93591459631,10.9968465774,0.496137880546
6.935558,-0.128054035624,10.2492695485,1.2162079243,0.865196362836,10.9240348752,0.460778763809
6.937224,-0.128054035624,10.2492695485,1.2162079243,0.865196362836,10.9968465774,0.496137880546
6.93889,-0.0819092459569,10.2492695485,1.17082704906,0.900555479573,10.9968465774,0.496137880546
6.940556,-0.128054035624,10.2946504237,1.12544617383,0.93591459631,11.0332524286,0.496137880546
6.942222,-0.0819092459569,10.2946504237,1.17082704906,0.865196362836,11.0332524286,0.496137880546
6.943888,-0.0819092459569,10.2946504237,1.17082704906,0.900555479573,10.9968465774,0.460778763809
6.945554,-0.0357644562901,10.340031299,1.2162079243,0.865196362836,10.9968465774,0.496137880546
6.94722,0.0103803333768,10.3854121742,1.30696967477,0.900555479573,11.0696582797,0.566856114019
6.948886,0.0103803333768,10.3854121742,1.30696967477,0.794478129363,11.1060641308,0.637574347493
6.950552,-0.0819092459569,10.2946504237,1.17082704906,0.900555479573,11.0696582797,0.566856114019
6.952218,-0.0819092459569,10.2946504237,1.2162079243,0.865196362836,11.0332524286,0.496137880546
6.953884,-0.0819092459569,10.2946504237,1.17082704906,0.900555479573,11.0332524286,0.531496997282
6.95555,-0.0357644562901,10.2946504237,1.2162079243,0.900555479573,11.0696582797,0.566856114019
6.957216,-0.0357644562901,10.2946504237,1.2162079243,0.794478129363,11.0332524286,0.460778763809
6.958882,0.0103803333768,10.2946504237,1.2162079243,0.865196362836,11.0696582797,0.566856114019
6.960548,-0.0357644562901,10.340031299,1.2162079243,0.865196362836,11.1060641308,0.566856114019
6.962214,0.0565251230437,10.3854121742,1.26158879953,0.794478129363,11.1060641308,0.637574347493
6.96388,-0.0819092459569,10.2492695485,1.17082704906,0.900555479573,11.1060641308,0.602215230756
6.965546,-0.0819092459569,10.2492695485,1.2162079243,0.865196362836,11.0696582797,0.531496997282
6.967212,-0.0357644562901,10.2492695485,1.17082704906,0.900555479573,11.0696582797,0.566856114019
6.968878,-0.0357644562901,10.2492695485,1.17082704906,0.900555479573,11.1060641308,0.566856114019
6.970544,-0.0357644562901,10.2492695485,1.17082704906,0.865196362836,11.0696582797,0.531496997282
6.97221,-0.0357644562901,10.2492695485,1.17082704906,0.900555479573,11.0696582797,0.602215230756
6.973876,0.0103803333768,10.2492695485,1.2162079243,0.93591459631,11.1060641308,0.602215230756
6.975542,-0.0357644562901,10.2038886733,1.2162079243,1.00663282978,11.142469982,0.637574347493
6.977208,0.0103803333768,10.2492695485,1.2162079243,0.900555479573,11.1060641308,0.602215230756
6.978874,0.0103803333768,10.2038886733,1.17082704906,0.900555479573,11.0696582797,0.602215230756
6.98054,0.0103803333768,10.2038886733,1.17082704906,0.93591459631,11.0696582797,0.602215230756
6.982206,0.0103803333768,10.2038886733,1.17082704906,0.93591459631,11.0696582797,0.637574347493
6.983872,0.0103803333768,10.2038886733,1.2162079243,0.865196362836,10.9968465774,0.67293346423
6.985538,0.0103803333768,10.158507798,1.2162079243,0.93591459631,11.0696582797,0.602215230756
6.987204,0.0103803333768,10.2038886733,1.2162079243,0.93591459631,11.0696582797,0.602215230756
6.98887,0.0103803333768,10.158507798,1.2162079243,0.93591459631,11.0332524286,0.602215230756
6.990536,0.0103803333768,10.158507798,1.2162079243,0.93591459631,11.0696582797,0.637574347493
6.992202,0.0103803333768,10.158507798,1.2162079243,0.93591459631,10.9968465774,0.602215230756
6.993868,0.148814702377,10.2492695485,1.30696967477,0.93591459631,11.0332524286,0.637574347493
6.995534,0.148814702377,10.2492695485,1.35235055001,0.971273713047,11.0332524286,0.67293346423
6.9972,0.148814702377,10.2038886733,1.30696967477,0.865196362836,10.9240348752,0.67293346423
6.998866,0.0565251230437,10.158507798,1.26158879953,0.93591459631,11.0332524286,0.67293346423
7.000532,0.0103803333768,10.1131269228,1.17082704906,0.93591459631,10.9968465774,0.637574347493
7.002198,0.0103803333768,10.0677460476,1.2162079243,1.04199194652,11.0332524286,0.67293346423
7.003864,0.0565251230437,10.1131269228,1.2162079243,0.971273713047,10.9968465774,0.67293346423
7.00553,0.0565251230437,10.1131269228,1.2162079243,0.93591459631,10.9240348752,0.602215230756
7.007196,0.0565251230437,10.0677460476,1.2162079243,0.93591459631,10.887629024,0.637574347493
7.008862,0.0565251230437,10.1131269228,1.2162079243,0.971273713047,10.9604407263,0.67293346423
7.010528,0.0103803333768,10.0677460476,1.2162079243,0.900555479573,10.9240348752,0.77901081444
7.012194,0.0565251230437,10.0677460476,1.17082704906,0.971273713047,10.9240348752,0.67293346423
7.01386,0.0565251230437,10.0677460476,1.2162079243,0.93591459631,10.9240348752,0.602215230756
7.015526,0.0565251230437,10.0677460476,1.2162079243,0.971273713047,10.887629024,0.637574347493
7.017192,0.0565251230437,10.0223651723,1.2162079243,1.00663282978,10.9240348752,0.67293346423
7.018858,0.0565251230437,10.0223651723,1.17082704906,0.93591459631,10.8512231729,0.602215230756
7.020524,0.102669912711,10.0223651723,1.17082704906,0.93591459631,10.887629024,0.637574347493
7.02219,0.102669912711,10.0677460476,1.2162079243,0.971273713047,10.887629024,0.637574347493
7.023856,0.148814702377,10.1131269228,1.26158879953,0.93591459631,10.9240348752,0.77901081444
7.025522,0.0565251230437,10.0223651723,1.17082704906,0.971273713047,10.8512231729,0.67293346423
7.027188,0.0103803333768,9.9769842971,1.17082704906,0.93591459631,10.8148173218,0.637574347493
7.028854,0.0565251230437,9.9769842971,1.17082704906,0.971273713047,10.8148173218,0.602215230756
7.03052,0.0103803333768,9.9769842971,1.17082704906,0.971273713047,10.8512231729,0.67293346423
7.032186,0.0565251230437,10.0223651723,1.17082704906,0.93591459631,10.7784114706,0.566856114019
7.033852,0.0565251230437,9.9769842971,1.12544617383,0.93591459631,10.8148173218,0.67293346423
7.035518,0.0565251230437,9.9769842971,1.17082704906,0.93591459631,10.8148173218,0.637574347493
7.037184,0.0565251230437,9.9769842971,1.17082704906,1.04199194652,10.887629024,0.67293346423
7.03885,0.0565251230437,9.9769842971,1.17082704906,0.971273713047,10.8512231729,0.67293346423
7.040516,0.0565251230437,9.9769842971,1.17082704906,0.865196362836,10.7784114706,0.602215230756
7.042182,0.0565251230437,9.9769842971,1.12544617383,0.93591459631,10.8148173218,0.637574347493
7.043848,0.0565251230437,9.9769842971,1.17082704906,0.93591459631,10.887629024,0.67293346423
7.045514,0.148814702377,10.0677460476,1.2162079243,0.93591459631,10.887629024,0.743651697703
7.04718,0.102669912711,10.0677460476,1.2162079243,0.93591459631,10.887629024,0.67293346423
7.048846,0.148814702377,10.0677460476,1.26158879953,0.93591459631,10.8148173218,0.637574347493
7.050512,0.0565251230437,9.9769842971,1.12544617383,0.93591459631,10.8148173218,0.637574347493
7.052178,0.0565251230437,9.9769842971,1.12544617383,0.900555479573,10.8512231729,0.67293346423
7.053844,0.0565251230437,9.9769842971,1.12544617383,0.900555479573,10.7784114706,0.602215230756
7.05551,0.0565251230437,9.9769842971,1.12544617383,0.865196362836,10.8148173218,0.67293346423
7.057176,0.0565251230437,9.9769842971,1.12544617383,0.900555479573,10.8512231729,0.67293346423
7.058842,0.0565251230437,9.9769842971,1.08006529859,0.794478129363,10.7784114706,0.743651697703
7.060508,0.0565251230437,9.9769842971,1.08006529859,0.900555479573,10.8512231729,0.637574347493
7.062174,0.0565251230437,9.9769842971,1.12544617383,0.900555479573,10.8512231729,0.637574347493
7.06384,0.148814702377,10.0677460476,1.17082704906,0.900555479573,10.8512231729,0.637574347493
7.065506,0.0565251230437,9.9769842971,1.08006529859,0.900555479573,10.8512231729,0.637574347493
7.067172,0.0565251230437,9.9769842971,1.08006529859,0.829837246099,10.7784114706,0.566856114019
7.068838,0.102669912711,10.0677460476,1.17082704906,0.829837246099,10.887629024,0.637574347493
7.070504,0.0565251230437,10.0223651723,1.08006529859,0.829837246099,10.887629024,0.637574347493
7.07217,0.0103803333768,9.9769842971,1.08006529859,0.93591459631,10.9968465774,0.67293346423
7.073836,0.0103803333768,10.0223651723,1.08006529859,0.829837246099,10.887629024,0.67293346423
7.075502,0.0103803333768,10.0223651723,1.08006529859,0.794478129363,10.887629024,0.602215230756
7.077168,0.0103803333768,10.0223651723,1.08006529859,0.794478129363,10.887629024,0.602215230756
7.078834,0.102669912711,10.1131269228,1.17082704906,0.794478129363,10.9240348752,0.637574347493
7.0805,0.0103803333768,10.0223651723,1.08006529859,0.794478129363,10.8148173218,0.566856114019
7.082166,0.0103803333768,10.0223651723,1.08006529859,0.794478129363,10.887629024,0.637574347493
7.083832,0.0103803333768,10.0223651723,1.08006529859,0.794478129363,10.9240348752,0.637574347493
7.085498,0.0103803333768,10.0677460476,1.08006529859,0.900555479573,11.0332524286,0.67293346423
7.087164,0.0103803333768,10.0677460476,1.08006529859,0.794478129363,10.9604407263,0.602215230756
7.08883,0.0103803333768,10.0677460476,1.08006529859,0.723759895889,10.887629024,0.602215230756
7.090496,0.0103803333768,10.0677460476,1.08006529859,0.759119012626,10.9240348752,0.602215230756
7.092162,-0.0357644562901,10.1131269228,1.03468442336,0.759119012626,10.9240348752,0.602215230756
7.093828,0.0103803333768,10.1131269228,1.03468442336,0.688400779152,10.8512231729,0.637574347493
7.095494,0.0103803333768,10.1131269228,1.08006529859,0.759119012626,10.9240348752,0.602215230756
7.09716,-0.0357644562901,10.0677460476,1.03468442336,0.723759895889,10.9240348752,0.566856114019
7.098826,-0.0357644562901,10.1131269228,1.03468442336,0.865196362836,11.0332524286,0.602215230756
7.100492,-0.0357644562901,10.158507798,1.03468442336,0.759119012626,10.9604407263,0.602215230756
7.102158,-0.0357644562901,10.1131269228,1.03468442336,0.723759895889,10.9240348752,0.566856114019
7.103824,-0.0357644562901,10.1131269228,1.03468442336,0.759119012626,10.9240348752,0.531496997282
7.10549,-0.0819092459569,10.1131269228,1.03468442336,0.723759895889,10.9968465774,0.566856114019
7.107156,-0.0357644562901,10.158507798,1.03468442336,0.688400779152,10.887629024,0.496137880546
7.108822,-0.0819092459569,10.158507798,1.03468442336,0.723759895889,10.9240348752,0.496137880546
7.110488,-0.0357644562901,10.2038886733,1.08006529859,0.759119012626,10.9240348752,0.496137880546
7.112154,-0.0819092459569,10.158507798,1.03468442336,0.794478129363,11.0332524286,0.531496997282
7.11382,-0.128054035624,10.158507798,1.03468442336,0.759119012626,10.9604407263,0.566856114019
7.115486,-0.0819092459569,10.158507798,1.03468442336,0.653041662415,10.9240348752,0.460778763809
7.117152,-0.0357644562901,10.2038886733,1.12544617383,0.759119012626,10.9604407263,0.496137880546
7.118818,-0.128054035624,10.2038886733,1.08006529859,0.759119012626,10.9604407263,0.496137880546
7.120484,-0.0819092459569,10.2038886733,1.08006529859,0.829837246099,11.0696582797,0.566856114019
7.12215,-0.128054035624,10.2038886733,1.08006529859,0.759119012626,10.9604407263,0.531496997282
7.123816,-0.0819092459569,10.2492695485,1.12544617383,0.759119012626,10.9240348752,0.460778763809
7.125482,-0.128054035624,10.158507798,1.03468442336,0.794478129363,10.9240348752,0.496137880546
7.127148,-0.128054035624,10.2038886733,1.08006529859,0.759119012626,10.9604407263,0.496137880546
7.128814,-0.174198825291,10.2038886733,1.08006529859,0.759119012626,10.887629024,0.460778763809
7.13048,-0.128054035624,10.2038886733,1.08006529859,0.759119012626,10.887629024,0.496137880546
7.132146,-0.0819092459569,10.2492695485,1.12544617383,0.794478129363,10.9240348752,0.496137880546
7.133812,-0.128054035624,10.2038886733,1.08006529859,0.829837246099,11.0696582797,0.566856114019
7.135478,-0.128054035624,10.2038886733,1.08006529859,0.794478129363,10.9240348752,0.496137880546
7.137144,-0.128054035624,10.2038886733,1.08006529859,0.759119012626,10.9240348752,0.460778763809
7.13881,-0.128054035624,10.2038886733,1.12544617383,0.794478129363,10.887629024,0.460778763809
7.140476,-0.128054035624,10.2038886733,1.08006529859,0.829837246099,10.9240348752,0.496137880546
7.142142,-0.128054035624,10.2038886733,1.12544617383,0.794478129363,10.8512231729,0.425419647072
7.143808,-0.0357644562901,10.2946504237,1.2162079243,0.829837246099,10.887629024,0.460778763809
7.145474,-0.128054035624,10.2038886733,1.12544617383,0.865196362836,10.9240348752,0.460778763809
7.14714,-0.128054035624,10.2038886733,1.12544617383,0.93591459631,10.9968465774,0.496137880546
7.148806,-0.128054035624,10.158507798,1.17082704906,0.865196362836,10.9240348752,0.460778763809
7.150472,-0.128054035624,10.158507798,1.17082704906,0.794478129363,10.887629024,0.460778763809
7.152138,-0.128054035624,10.158507798,1.17082704906,0.829837246099,10.887629024,0.496137880546
7.153804,-0.0819092459569,10.158507798,1.17082704906,0.900555479573,10.9240348752,0.496137880546
7.15547,0.0103803333768,10.2492695485,1.30696967477,0.794478129363,10.9968465774,0.637574347493
7.157136,-0.128054035624,10.1131269228,1.2162079243,0.865196362836,10.887629024,0.531496997282
7.158802,-0.0819092459569,10.1131269228,1.2162079243,0.900555479573,10.9240348752,0.531496997282
7.160468,-0.0819092459569,10.158507798,1.2162079243,0.971273713047,10.9240348752,0.496137880546
7.162134,0.0565251230437,10.2492695485,1.35235055001,0.93591459631,10.9240348752,0.566856114019
7.1638,-0.0819092459569,10.1131269228,1.26158879953,0.900555479573,10.887629024,0.460778763809
7.165466,-0.128054035624,10.1131269228,1.2162079243,0.900555479573,10.9240348752,0.566856114019
7.167132,-0.128054035624,10.0677460476,1.2162079243,0.93591459631,10.9240348752,0.566856114019
7.168798,-0.0819092459569,10.1131269228,1.26158879953,0.900555479573,10.887629024,0.602215230756
7.170464,0.0565251230437,10.2038886733,1.30696967477,0.971273713047,10.9240348752,0.566856114019
7.17213,-0.0819092459569,10.1131269228,1.26158879953,0.93591459631,10.9240348752,0.566856114019
7.173796,-0.0357644562901,10.1131269228,1.26158879953,0.971273713047,10.887629024,0.531496997282
7.175462,-0.0357644562901,10.0677460476,1.26158879953,0.971273713047,10.9240348752,0.566856114019
7.177128,-0.0357644562901,10.0677460476,1.26158879953,0.93591459631,10.887629024,0.496137880546
7.178794,-0.0357644562901,10.0677460476,1.26158879953,1.00663282978,10.9240348752,0.602215230756
7.18046,-0.0357644562901,10.0677460476,1.26158879953,0.971273713047,10.9240348752,0.602215230756
7.182126,-0.0357644562901,10.0677460476,1.26158879953,1.11271017999,10.9968465774,0.602215230756
7.183792,-0.0357644562901,10.0677460476,1.26158879953,1.04199194652,10.9604407263,0.602215230756
7.185458,-0.0357644562901,10.1131269228,1.35235055001,1.00663282978,10.887629024,0.566856114019
7.187124,-0.0357644562901,10.0677460476,1.35235055001,0.971273713047,10.9240348752,0.602215230756
7.18879,-0.0357644562901,10.0677460476,1.30696967477,1.04199194652,10.9604407263,0.602215230756
7.190456,-0.0357644562901,10.0677460476,1.30696967477,1.14806929673,11.0696582797,0.67293346423
7.192122,-0.0357644562901,10.0223651723,1.30696967477,1.04199194652,10.9604407263,0.637574347493
7.193788,0.0103803333768,10.0677460476,1.35235055001,1.00663282978,10.9240348752,0.602215230756
7.195454,0.0565251230437,10.158507798,1.39773142524,1.04199194652,10.9604407263,0.602215230756
7.19712,0.102669912711,10.158507798,1.44311230048,1.04199194652,10.9968465774,0.637574347493
7.198786,0.102669912711,10.158507798,1.39773142524,1.04199194652,10.9240348752,0.602215230756
7.200452,0.0565251230437,10.1131269228,1.35235055001,1.07735106326,10.9240348752,0.637574347493
7.202118,0.0565251230437,10.0677460476,1.35235055001,1.07735106326,10.9968465774,0.637574347493
7.203784,0.0103803333768,10.0677460476,1.30696967477,1.00663282978,10.9968465774,0.743651697703
7.20545,0.0103803333768,10.1131269228,1.35235055001,1.07735106326,10.9968465774,0.637574347493
7.207116,0.0565251230437,10.1131269228,1.35235055001,1.07735106326,10.9968465774,0.602215230756
7.208782,0.0103803333768,10.1131269228,1.30696967477,1.07735106326,10.9968465774,0.602215230756
7.210448,0.0103803333768,10.1131269228,1.30696967477,1.07735106326,11.0332524286,0.67293346423
7.212114,0.0103803333768,10.1131269228,1.30696967477,1.04199194652,10.9604407263,0.602215230756
7.21378,0.0103803333768,10.1131269228,1.30696967477,1.04199194652,10.9968465774,0.67293346423
7.215446,0.0565251230437,10.1131269228,1.30696967477,1.07735106326,10.9968465774,0.637574347493
7.217112,0.0565251230437,10.1131269228,1.30696967477,1.00663282978,11.0696582797,0.743651697703
7.218778,0.0565251230437,10.158507798,1.30696967477,1.07735106326,11.0332524286,0.67293346423
7.220444,0.0103803333768,10.1131269228,1.30696967477,1.07735106326,11.0332524286,0.602215230756
7.22211,0.0565251230437,10.158507798,1.30696967477,1.07735106326,11.0332524286,0.637574347493
7.223776,0.0565251230437,10.158507798,1.30696967477,1.07735106326,11.0696582797,0.637574347493
7.225442,0.0103803333768,10.158507798,1.30696967477,1.00663282978,10.9968465774,0.566856114019
7.227108,0.0565251230437,10.2038886733,1.30696967477,1.07735106326,11.0696582797,0.637574347493
7.228774,0.0565251230437,10.2038886733,1.30696967477,1.04199194652,11.0696582797,0.637574347493
7.23044,0.0103803333768,10.158507798,1.26158879953,1.18342841347,11.1060641308,0.637574347493
7.232106,0.0565251230437,10.2038886733,1.30696967477,1.04199194652,11.1060641308,0.67293346423
7.233772,0.102669912711,10.2946504237,1.35235055001,1.00663282978,11.0332524286,0.602215230756
7.235438,0.0565251230437,10.2038886733,1.26158879953,1.00663282978,11.0332524286,0.602215230756
7.237104,0.102669912711,10.2492695485,1.30696967477,1.04199194652,11.1060641308,0.637574347493
7.23877,0.0103803333768,10.2038886733,1.26158879953,0.93591459631,11.0332524286,0.67293346423
7.240436,0.0565251230437,10.2492695485,1.26158879953,1.04199194652,11.1060641308,0.637574347493
7.242102,0.0565251230437,10.2492695485,1.26158879953,1.04199194652,11.1060641308,0.637574347493
7.243768,0.148814702377,10.340031299,1.35235055001,1.14806929673,11.1788758331,0.67293346423
7.245434,0.0103803333768,10.2492695485,1.26158879953,1.04199194652,11.1060641308,0.637574347493
7.2471,0.0103803333768,10.2492695485,1.2162079243,0.971273713047,11.0696582797,0.602215230756
7.248766,0.0103803333768,10.2492695485,1.26158879953,0.971273713047,11.0696582797,0.637574347493
7.250432,0.0565251230437,10.2492695485,1.2162079243,1.00663282978,11.1060641308,0.637574347493
7.252098,0.0565251230437,10.2492695485,1.2162079243,0.93591459631,11.1788758331,0.743651697703
7.253764,0.0565251230437,10.2492695485,1.2162079243,0.971273713047,11.142469982,0.637574347493
7.25543,0.0565251230437,10.2492695485,1.2162079243,0.971273713047,11.1060641308,0.602215230756
7.257096,0.102669912711,10.340031299,1.26158879953,0.971273713047,11.1060641308,0.637574347493
7.258762,0.102669912711,10.2946504237,1.26158879953,0.971273713047,11.142469982,0.67293346423
7.260428,0.102669912711,10.340031299,1.26158879953,0.93591459631,11.0696582797,0.566856114019
7.262094,0.148814702377,10.340031299,1.30696967477,0.93591459631,11.1060641308,0.637574347493
7.26376,0.0103803333768,10.2492695485,1.17082704906,0.93591459631,11.142469982,0.637574347493
7.265426,0.0103803333768,10.2038886733,1.17082704906,0.829837246099,11.1060641308,0.743651697703
7.267092,0.0103803333768,10.2492695485,1.17082704906,0.93591459631,11.1060641308,0.637574347493
7.268758,-0.0357644562901,10.2038886733,1.17082704906,0.900555479573,11.1060641308,0.602215230756
7.270424,0.0103803333768,10.2492695485,1.12544617383,0.93591459631,11.1060641308,0.602215230756
7.27209,0.0103803333768,10.2492695485,1.17082704906,0.900555479573,11.142469982,0.602215230756
7.273756,0.0103803333768,10.2492695485,1.17082704906,0.865196362836,11.0696582797,0.602215230756
7.275422,0.0103803333768,10.2492695485,1.12544617383,0.865196362836,11.0696582797,0.602215230756
7.277088,0.102669912711,10.340031299,1.30696967477,0.865196362836,11.1060641308,0.637574347493
7.278754,-0.0357644562901,10.2038886733,1.12544617383,0.93591459631,11.2152816842,0.708292580966
7.28042,0.0103803333768,10.2038886733,1.12544617383,0.865196362836,11.0696582797,0.602215230756
7.282086,0.0103803333768,10.2038886733,1.12544617383,0.865196362836,11.0696582797,0.602215230756
7.283752,0.0103803333768,10.2038886733,1.12544617383,0.900555479573,11.0696582797,0.602215230756
7.285418,-0.0357644562901,10.2038886733,1.12544617383,0.865196362836,11.0696582797,0.602215230756
7.287084,-0.0357644562901,10.2038886733,1.12544617383,0.794478129363,11.0332524286,0.531496997282
7.28875,-0.0357644562901,10.158507798,1.12544617383,0.829837246099,11.0332524286,0.566856114019
7.290416,-0.0357644562901,10.158507798,1.12544617383,0.829837246099,11.0332524286,0.602215230756
7.292082,-0.0357644562901,10.2038886733,1.12544617383,0.829837246099,11.1060641308,0.67293346423
7.293748,-0.0357644562901,10.158507798,1.12544617383,0.865196362836,11.0332524286,0.602215230756
7.295414,0.0565251230437,10.2492695485,1.2162079243,0.794478129363,10.9968465774,0.566856114019
7.29708,-0.0357644562901,10.1131269228,1.08006529859,0.829837246099,10.9968465774,0.566856114019
7.298746,-0.0357644562901,10.1131269228,1.08006529859,0.829837246099,10.9968465774,0.566856114019
7.300412,-0.0357644562901,10.1131269228,1.12544617383,0.794478129363,10.887629024,0.496137880546
7.302078,0.0103803333768,10.2038886733,1.12544617383,0.794478129363,10.9240348752,0.566856114019
7.303744,-0.0357644562901,10.1131269228,1.12544617383,0.829837246099,10.9240348752,0.531496997282
7.30541,-0.0819092459569,10.1131269228,1.12544617383,0.865196362836,11.0332524286,0.637574347493
7.307076,-0.0819092459569,10.1131269228,1.12544617383,0.794478129363,10.9604407263,0.566856114019
7.308742,-0.0819092459569,10.1131269228,1.12544617383,0.794478129363,10.887629024,0.496137880546
7.310408,-0.0819092459569,10.0677460476,1.12544617383,0.794478129363,10.887629024,0.531496997282
7.312074,-0.128054035624,10.0677460476,1.08006529859,0.794478129363,10.887629024,0.566856114019
7.31374,-0.0819092459569,10.0677460476,1.12544617383,0.759119012626,10.7784114706,0.460778763809
7.315406,-0.128054035624,10.0677460476,1.08006529859,0.794478129363,10.8148173218,0.496137880546
7.317072,-0.128054035624,10.0223651723,1.08006529859,0.794478129363,10.8512231729,0.496137880546
7.318738,-0.0819092459569,10.0677460476,1.12544617383,0.794478129363,10.9240348752,0.602215230756
7.320404,-0.128054035624,10.0223651723,1.08006529859,0.794478129363,10.8148173218,0.531496997282
7.32207,-0.128054035624,10.0223651723,1.12544617383,0.794478129363,10.7784114706,0.460778763809
7.323736,-0.128054035624,10.0223651723,1.08006529859,0.794478129363,10.7784114706,0.460778763809
7.325402,-0.128054035624,9.9769842971,1.08006529859,0.794478129363,10.7784114706,0.496137880546
7.327068,-0.128054035624,9.9769842971,1.08006529859,0.723759895889,10.7055997684,0.390060530335
7.328734,-0.128054035624,10.0223651723,1.08006529859,0.794478129363,10.7420056195,0.496137880546
7.3304,-0.128054035624,9.9769842971,1.08006529859,0.794478129363,10.7420056195,0.460778763809
7.332066,-0.128054035624,9.9769842971,1.12544617383,0.900555479573,10.8148173218,0.496137880546
7.333732,-0.174198825291,9.9769842971,1.08006529859,0.794478129363,10.7420056195,0.496137880546
7.335398,-0.128054035624,9.9769842971,1.08006529859,0.794478129363,10.7055997684,0.425419647072
7.337064,-0.128054035624,10.0223651723,1.12544617383,0.794478129363,10.6691939172,0.460778763809
7.33873,-0.0819092459569,10.0223651723,1.17082704906,0.794478129363,10.7420056195,0.460778763809
7.340396,-0.174198825291,9.9769842971,1.08006529859,0.723759895889,10.6327880661,0.390060530335
7.342062,-0.174198825291,9.93160342186,1.08006529859,0.794478129363,10.7055997684,0.460778763809
7.343728,-0.128054035624,9.9769842971,1.08006529859,0.794478129363,10.7055997684,0.460778763809
7.345394,-0.128054035624,9.9769842971,1.12544617383,0.900555479573,10.7420056195,0.460778763809
7.34706,-0.174198825291,9.93160342186,1.12544617383,0.794478129363,10.7055997684,0.460778763809
7.348726,-0.174198825291,9.93160342186,1.08006529859,0.794478129363,10.6691939172,0.425419647072
7.350392,-0.174198825291,9.93160342186,1.08006529859,0.794478129363,10.7055997684,0.460778763809
7.352058,-0.174198825291,9.93160342186,1.08006529859,0.794478129363,10.7055997684,0.460778763809
7.353724,-0.128054035624,9.93160342186,1.08006529859,0.759119012626,10.7420056195,0.566856114019
7.35539,-0.128054035624,9.93160342186,1.12544617383,0.794478129363,10.7420056195,0.460778763809
7.357056,-0.174198825291,9.93160342186,1.08006529859,0.794478129363,10.6691939172,0.460778763809
7.358722,-0.174198825291,9.93160342186,1.08006529859,0.829837246099,10.7055997684,0.460778763809
7.360388,-0.174198825291,9.93160342186,1.08006529859,0.794478129363,10.7420056195,0.496137880546
7.362054,-0.128054035624,9.93160342186,1.08006529859,0.759119012626,10.6691939172,0.425419647072
7.36372,-0.128054035624,9.93160342186,1.08006529859,0.794478129363,10.7420056195,0.496137880546
7.365386,-0.128054035624,9.93160342186,1.12544617383,0.829837246099,10.7055997684,0.496137880546
7.367052,-0.128054035624,9.93160342186,1.08006529859,0.93591459631,10.7784114706,0.496137880546
7.368718,-0.128054035624,9.93160342186,1.08006529859,0.829837246099,10.7420056195,0.531496997282
7.370384,-0.0819092459569,9.9769842971,1.12544617383,0.794478129363,10.7055997684,0.460778763809
7.37205,-0.128054035624,9.9769842971,1.12544617383,0.794478129363,10.7420056195,0.496137880546
7.373716,-0.0819092459569,9.9769842971,1.08006529859,0.829837246099,10.7784114706,0.531496997282
7.375382,-0.0357644562901,10.0223651723,1.12544617383,0.794478129363,10.8148173218,0.637574347493
7.377048,-0.0819092459569,9.9769842971,1.08006529859,0.865196362836,10.7784114706,0.531496997282
7.378714,-0.0819092459569,9.9769842971,1.12544617383,0.829837246099,10.7420056195,0.531496997282
7.38038,-0.0819092459569,9.9769842971,1.08006529859,0.829837246099,10.7420056195,0.531496997282
7.382046,-0.0819092459569,9.9769842971,1.12544617383,0.865196362836,10.8148173218,0.566856114019
7.383712,-0.0357644562901,10.0223651723,1.12544617383,0.794478129363,10.7784114706,0.496137880546
7.385378,-0.0357644562901,9.9769842971,1.12544617383,0.829837246099,10.8148173218,0.566856114019
7.387044,-0.0357644562901,10.0223651723,1.08006529859,0.829837246099,10.8148173218,0.602215230756
7.38871,-0.0357644562901,10.0223651723,1.12544617383,0.93591459631,10.9240348752,0.602215230756
7.390376,-0.0357644562901,10.0223651723,1.12544617383,0.865196362836,10.887629024,0.602215230756
7.392042,-0.0357644562901,10.0223651723,1.12544617383,0.829837246099,10.8512231729,0.566856114019
7.393708,-0.0357644562901,10.0223651723,1.12544617383,0.829837246099,10.887629024,0.602215230756
7.395374,-0.0357644562901,10.0677460476,1.12544617383,0.829837246099,10.9240348752,0.602215230756
7.39704,-0.0357644562901,10.0677460476,1.12544617383,0.865196362836,10.9968465774,0.708292580966
7.398706,0.0103803333768,10.0677460476,1.12544617383,0.865196362836,10.9240348752,0.637574347493
7.400372,0.102669912711,10.2038886733,1.2162079243,0.829837246099,10.9240348752,0.602215230756
7.402038,0.0103803333768,10.1131269228,1.12544617383,0.900555479573,10.9968465774,0.602215230756
7.403704,0.0103803333768,10.1131269228,1.12544617383,0.865196362836,11.0332524286,0.67293346423
7.40537,-0.0357644562901,10.1131269228,1.12544617383,0.865196362836,10.9604407263,0.602215230756
7.407036,0.0103803333768,10.1131269228,1.12544617383,0.865196362836,10.9968465774,0.637574347493
7.408702,-0.0357644562901,10.1131269228,1.12544617383,0.900555479573,11.0696582797,0.637574347493
7.410368,0.102669912711,10.158507798,1.2162079243,0.794478129363,11.0696582797,0.743651697703
7.412034,0.148814702377,10.2492695485,1.2162079243,0.865196362836,11.0696582797,0.637574347493
7.4137,0.102669912711,10.2038886733,1.2162079243,0.865196362836,11.0332524286,0.637574347493
7.415366,0.148814702377,10.2492695485,1.2162079243,0.865196362836,11.0696582797,0.602215230756
7.417032,0.0565251230437,10.2038886733,1.12544617383,0.900555479573,11.0696582797,0.67293346423
7.418698,0.0565251230437,10.2038886733,1.12544617383,0.829837246099,11.0332524286,0.602215230756
7.420364,0.0565251230437,10.2038886733,1.12544617383,0.900555479573,11.0696582797,0.637574347493
7.42203,0.0565251230437,10.2038886733,1.12544617383,0.900555479573,11.1060641308,0.67293346423
7.423696,0.0103803333768,10.2038886733,1.12544617383,0.900555479573,11.2152816842,0.743651697703
7.425362,0.0565251230437,10.2038886733,1.12544617383,0.93591459631,11.1060641308,0.67293346423
7.427028,0.0565251230437,10.2492695485,1.12544617383,0.900555479573,11.1060641308,0.637574347493
7.428694,0.0565251230437,10.2038886733,1.17082704906,0.93591459631,11.1060641308,0.637574347493
7.43036,0.0565251230437,10.2038886733,1.17082704906,0.93591459631,11.142469982,0.67293346423
7.432026,0.0565251230437,10.2492695485,1.17082704906,0.900555479573,11.0696582797,0.602215230756
7.433692,0.0565251230437,10.2492695485,1.17082704906,0.93591459631,11.1060641308,0.637574347493
7.435358,0.0565251230437,10.2492695485,1.17082704906,0.93591459631,11.1060641308,0.637574347493
7.437024,0.148814702377,10.3854121742,1.30696967477,1.00663282978,11.142469982,0.637574347493
7.43869,0.0565251230437,10.2492695485,1.17082704906,0.93591459631,11.1788758331,0.637574347493
7.440356,0.0565251230437,10.2492695485,1.2162079243,0.93591459631,11.1060641308,0.602215230756
7.442022,0.0565251230437,10.2492695485,1.17082704906,0.93591459631,11.1060641308,0.637574347493
7.443688,0.0565251230437,10.2492695485,1.17082704906,0.93591459631,11.142469982,0.67293346423
7.445354,0.0565251230437,10.2492695485,1.17082704906,0.93591459631,11.2152816842,0.77901081444
7.44702,0.0565251230437,10.2492695485,1.17082704906,0.971273713047,11.142469982,0.67293346423
7.448686,0.0565251230437,10.2946504237,1.17082704906,0.971273713047,11.1060641308,0.637574347493
7.450352,0.102669912711,10.2946504237,1.26158879953,0.971273713047,11.1060641308,0.637574347493
7.452018,0.0565251230437,10.2492695485,1.2162079243,0.971273713047,11.1788758331,0.67293346423
7.453684,0.0565251230437,10.2946504237,1.2162079243,0.93591459631,11.0696582797,0.602215230756
7.45535,0.0565251230437,10.2946504237,1.26158879953,0.93591459631,11.0696582797,0.637574347493
7.457016,0.0565251230437,10.2492695485,1.2162079243,0.971273713047,11.0696582797,0.637574347493
7.458682,0.0565251230437,10.2492695485,1.2162079243,1.04199194652,11.1060641308,0.637574347493
7.460348,0.148814702377,10.3854121742,1.35235055001,1.00663282978,11.1060641308,0.67293346423
7.462014,0.0565251230437,10.2492695485,1.2162079243,0.93591459631,11.0332524286,0.602215230756
7.46368,0.0565251230437,10.2492695485,1.2162079243,0.971273713047,11.0696582797,0.637574347493
7.465346,0.0565251230437,10.2492695485,1.2162079243,1.00663282978,11.1060641308,0.67293346423
7.467012,0.102669912711,10.2946504237,1.30696967477,1.11271017999,11.1788758331,0.708292580966
7.468678,0.0103803333768,10.2038886733,1.26158879953,0.971273713047,11.0696582797,0.67293346423
7.470344,0.0565251230437,10.2038886733,1.26158879953,0.971273713047,11.0332524286,0.602215230756
7.47201,0.0565251230437,10.2492695485,1.26158879953,0.971273713047,11.0332524286,0.637574347493
7.473676,0.0103803333768,10.158507798,1.2162079243,1.00663282978,11.0332524286,0.637574347493
7.475342,0.0103803333768,10.2038886733,1.26158879953,0.93591459631,11.0696582797,0.743651697703
7.477008,0.0565251230437,10.2038886733,1.26158879953,1.00663282978,11.0696582797,0.637574347493
7.478674,0.0565251230437,10.158507798,1.26158879953,0.971273713047,11.0332524286,0.602215230756
7.48034,0.0565251230437,10.2038886733,1.26158879953,1.00663282978,10.9968465774,0.637574347493
7.482006,0.102669912711,10.2492695485,1.30696967477,1.04199194652,11.0696582797,0.637574347493
7.483672,0.0103803333768,10.158507798,1.30696967477,0.971273713047,10.9240348752,0.566856114019
7.485338,0.0565251230437,10.158507798,1.26158879953,1.04199194652,11.0332524286,0.637574347493
7.487004,0.0565251230437,10.158507798,1.26158879953,1.00663282978,10.9968465774,0.637574347493
7.48867,0.0103803333768,10.158507798,1.30696967477,1.04199194652,10.9604407263,0.602215230756
7.490336,0.0103803333768,10.1131269228,1.30696967477,1.00663282978,10.9968465774,0.602215230756
7.492002,-0.0357644562901,10.1131269228,1.26158879953,0.971273713047,10.9240348752,0.566856114019
7.493668,0.0103803333768,10.1131269228,1.26158879953,0.971273713047,10.9604407263,0.602215230756
7.495334,0.0103803333768,10.1131269228,1.26158879953,1.04199194652,10.9604407263,0.602215230756
7.497,0.0103803333768,10.0677460476,1.26158879953,1.11271017999,10.9968465774,0.637574347493
7.498666,-0.0357644562901,10.0677460476,1.26158879953,1.04199194652,10.9604407263,0.637574347493
7.500332,0.0103803333768,10.0677460476,1.30696967477,0.971273713047,10.887629024,0.566856114019
7.501998,0.102669912711,10.158507798,1.35235055001,0.971273713047,10.887629024,0.602215230756
7.503664,0.0565251230437,10.1131269228,1.35235055001,1.00663282978,10.9240348752,0.602215230756
7.50533,-0.0357644562901,10.0223651723,1.26158879953,0.93591459631,10.9968465774,0.67293346423
7.506996,-0.0357644562901,10.0223651723,1.26158879953,1.00663282978,10.9240348752,0.602215230756
7.508662,-0.0357644562901,10.0223651723,1.26158879953,0.971273713047,10.9240348752,0.566856114019
7.510328,-0.0357644562901,10.0677460476,1.26158879953,1.00663282978,10.9240348752,0.566856114019
7.511994,-0.0357644562901,10.0677460476,1.30696967477,1.00663282978,10.9240348752,0.602215230756
7.51366,-0.0357644562901,10.0677460476,1.30696967477,0.900555479573,10.8148173218,0.496137880546
7.515326,0.0565251230437,10.158507798,1.39773142524,1.00663282978,10.887629024,0.566856114019
7.516992,-0.0357644562901,10.0223651723,1.26158879953,0.971273713047,10.887629024,0.566856114019
7.518658,-0.0819092459569,10.0223651723,1.2162079243,1.07735106326,10.9240348752,0.602215230756
7.520324,-0.0357644562901,10.0223651723,1.26158879953,1.00663282978,10.887629024,0.602215230756
7.52199,-0.0357644562901,10.0223651723,1.26158879953,0.93591459631,10.8148173218,0.496137880546
7.523656,-0.0357644562901,10.0677460476,1.26158879953,0.93591459631,10.8512231729,0.531496997282
7.525322,-0.0819092459569,10.0677460476,1.26158879953,0.971273713047,10.887629024,0.566856114019
7.526988,-0.0357644562901,10.0677460476,1.2162079243,0.900555479573,10.7784114706,0.460778763809
7.528654,0.0103803333768,10.158507798,1.30696967477,0.93591459631,10.887629024,0.566856114019
7.53032,0.0103803333768,10.1131269228,1.30696967477,0.93591459631,10.887629024,0.531496997282
7.531986,-0.0357644562901,10.1131269228,1.26158879953,1.04199194652,10.9240348752,0.566856114019
7.533652,-0.0819092459569,10.0677460476,1.2162079243,0.93591459631,10.887629024,0.566856114019
7.535318,-0.0819092459569,10.0677460476,1.2162079243,0.93591459631,10.7784114706,0.496137880546
7.536984,-0.0819092459569,10.0677460476,1.2162079243,0.900555479573,10.8148173218,0.496137880546
7.53865,-0.0819092459569,10.0677460476,1.2162079243,0.93591459631,10.887629024,0.566856114019
7.540316,-0.128054035624,10.0677460476,1.17082704906,0.865196362836,10.7784114706,0.390060530335
7.541982,-0.128054035624,10.0677460476,1.2162079243,0.900555479573,10.8512231729,0.496137880546
7.543648,-0.0819092459569,10.1131269228,1.2162079243,0.900555479573,10.887629024,0.531496997282
7.545314,-0.0819092459569,10.1131269228,1.2162079243,1.04199194652,10.9604407263,0.566856114019
7.54698,-0.128054035624,10.1131269228,1.17082704906,0.900555479573,10.8512231729,0.531496997282
7.548646,-0.0819092459569,10.1131269228,1.17082704906,0.865196362836,10.887629024,0.460778763809
7.550312,-0.128054035624,10.1131269228,1.17082704906,0.900555479573,10.8148173218,0.496137880546
7.551978,-0.128054035624,10.1131269228,1.2162079243,0.865196362836,10.887629024,0.531496997282
7.553644,0.0103803333768,10.2492695485,1.26158879953,0.865196362836,10.8148173218,0.425419647072
7.55531,-0.0819092459569,10.158507798,1.17082704906,0.865196362836,10.8512231729,0.496137880546
7.556976,-0.128054035624,10.1131269228,1.12544617383,0.865196362836,10.887629024,0.496137880546
7.558642,-0.0819092459569,10.158507798,1.12544617383,0.93591459631,10.9240348752,0.531496997282
7.560308,-0.0819092459569,10.158507798,1.17082704906,0.829837246099,10.887629024,0.531496997282
7.561974,-0.0819092459569,10.158507798,1.12544617383,0.829837246099,10.8512231729,0.460778763809
7.56364,-0.0819092459569,10.158507798,1.12544617383,0.865196362836,10.887629024,0.496137880546
7.565306,-0.0819092459569,10.158507798,1.12544617383,0.829837246099,10.9240348752,0.496137880546
7.566972,-0.0819092459569,10.158507798,1.12544617383,0.759119012626,10.8512231729,0.602215230756
7.568638,-0.0819092459569,10.2038886733,1.12544617383,0.865196362836,10.9240348752,0.531496997282
7.570304,-0.0819092459569,10.158507798,1.12544617383,0.794478129363,10.9240348752,0.566856114019
7.57197,-0.0357644562901,10.2038886733,1.17082704906,0.900555479573,10.9240348752,0.496137880546
7.573636,-0.0819092459569,10.158507798,1.12544617383,0.829837246099,10.9968465774,0.566856114019
7.575302,-0.0819092459569,10.158507798,1.12544617383,0.759119012626,10.9240348752,0.496137880546
7.576968,-0.0819092459569,10.2038886733,1.08006529859,0.794478129363,10.9240348752,0.531496997282
7.578634,-0.0357644562901,10.2038886733,1.08006529859,0.865196362836,10.9604407263,0.566856114019
7.5803,-0.0357644562901,10.2038886733,1.12544617383,0.723759895889,10.9968465774,0.637574347493
7.581966,0.0565251230437,10.2492695485,1.17082704906,0.794478129363,10.9968465774,0.602215230756
7.583632,-0.0357644562901,10.158507798,1.08006529859,0.794478129363,10.9240348752,0.531496997282
7.585298,-0.0357644562901,10.2038886733,1.08006529859,0.794478129363,10.9240348752,0.566856114019
7.586964,-0.0357644562901,10.2038886733,1.08006529859,0.794478129363,10.9968465774,0.602215230756
7.58863,0.0103803333768,10.2038886733,1.08006529859,0.759119012626,11.0332524286,0.67293346423
7.590296,0.0103803333768,10.158507798,1.08006529859,0.794478129363,10.9968465774,0.602215230756
7.591962,-0.0357644562901,10.2038886733,1.08006529859,0.759119012626,10.9968465774,0.566856114019
7.593628,0.0103803333768,10.2038886733,1.08006529859,0.794478129363,10.9968465774,0.602215230756
7.595294,0.102669912711,10.2492695485,1.12544617383,0.794478129363,11.0332524286,0.602215230756
7.59696,0.102669912711,10.2946504237,1.17082704906,0.723759895889,11.0696582797,0.708292580966
7.598626,0.0565251230437,10.2492695485,1.12544617383,0.829837246099,11.0332524286,0.637574347493
7.600292,0.0103803333768,10.158507798,1.08006529859,0.794478129363,10.9968465774,0.602215230756
7.601958,0.0565251230437,10.2038886733,1.12544617383,0.794478129363,10.9968465774,0.602215230756
7.603624,0.102669912711,10.2038886733,1.08006529859,0.829837246099,11.0332524286,0.637574347493
7.60529,0.0565251230437,10.158507798,1.08006529859,0.759119012626,10.9240348752,0.708292580966
7.606956,0.0103803333768,10.1131269228,1.08006529859,0.794478129363,11.0332524286,0.67293346423
7.608622,0.0565251230437,10.1131269228,1.08006529859,0.794478129363,10.9968465774,0.602215230756
7.610288,0.0565251230437,10.158507798,1.08006529859,0.794478129363,10.9968465774,0.637574347493
7.611954,0.0565251230437,10.1131269228,1.08006529859,0.865196362836,11.0332524286,0.637574347493
7.61362,0.0565251230437,10.1131269228,1.08006529859,0.759119012626,10.9240348752,0.602215230756
7.615286,0.0565251230437,10.1131269228,1.08006529859,0.794478129363,10.9968465774,0.67293346423
7.616952,0.0565251230437,10.1131269228,1.08006529859,0.829837246099,11.0332524286,0.637574347493
7.618618,0.0565251230437,10.1131269228,1.08006529859,0.93591459631,11.0332524286,0.67293346423
7.620284,0.0565251230437,10.1131269228,1.08006529859,0.794478129363,11.0332524286,0.67293346423
7.62195,0.0565251230437,10.1131269228,1.08006529859,0.829837246099,10.9240348752,0.602215230756
7.623616,0.0565251230437,10.1131269228,1.08006529859,0.794478129363,10.9968465774,0.67293346423
7.625282,0.102669912711,10.1131269228,1.12544617383,0.865196362836,11.0332524286,0.67293346423
7.626948,0.194959492044,10.158507798,1.2162079243,0.865196362836,11.0696582797,0.77901081444
7.628614,0.102669912711,10.1131269228,1.12544617383,0.900555479573,10.9968465774,0.67293346423
7.63028,0.0565251230437,10.0677460476,1.08006529859,0.865196362836,10.9240348752,0.637574347493
7.631946,0.0565251230437,10.0677460476,1.08006529859,0.865196362836,10.9240348752,0.637574347493
7.633612,0.0565251230437,10.0677460476,1.08006529859,0.900555479573,10.9604407263,0.67293346423
7.635278,0.148814702377,10.1131269228,1.17082704906,0.829837246099,10.887629024,0.602215230756
7.636944,0.148814702377,10.1131269228,1.2162079243,0.865196362836,10.9604407263,0.708292580966
7.63861,0.148814702377,10.158507798,1.17082704906,0.900555479573,10.9240348752,0.67293346423
7.640276,0.102669912711,10.0677460476,1.12544617383,0.93591459631,10.9240348752,0.637574347493
7.641942,0.0565251230437,10.0677460476,1.12544617383,0.93591459631,10.9240348752,0.708292580966
7.643608,0.102669912711,10.0223651723,1.12544617383,0.865196362836,10.8512231729,0.602215230756
7.645274,0.102669912711,10.0223651723,1.12544617383,0.93591459631,10.9240348752,0.67293346423
7.64694,0.0565251230437,10.0223651723,1.17082704906,0.93591459631,10.9240348752,0.67293346423
7.648606,0.0565251230437,10.0223651723,1.17082704906,1.00663282978,10.9968465774,0.743651697703
7.650272,0.0565251230437,10.0223651723,1.12544617383,0.93591459631,10.887629024,0.67293346423
7.651938,0.0565251230437,10.0677460476,1.17082704906,0.93591459631,10.887629024,0.637574347493
7.653604,0.0565251230437,10.0223651723,1.17082704906,0.93591459631,10.887629024,0.637574347493
7.65527,0.0565251230437,10.0223651723,1.17082704906,0.93591459631,10.887629024,0.67293346423
7.656936,0.148814702377,10.1131269228,1.26158879953,0.900555479573,10.8148173218,0.566856114019
7.658602,0.0565251230437,10.0223651723,1.17082704906,0.93591459631,10.8512231729,0.637574347493
7.660268,0.0565251230437,10.0223651723,1.12544617383,0.93591459631,10.887629024,0.637574347493
7.661934,0.148814702377,10.1131269228,1.26158879953,1.04199194652,10.9240348752,0.67293346423
7.6636,0.0103803333768,10.0223651723,1.17082704906,0.971273713047,10.887629024,0.637574347493
7.665266,0.0565251230437,10.0223651723,1.17082704906,0.93591459631,10.8148173218,0.602215230756
7.666932,0.0565251230437,10.0223651723,1.17082704906,0.93591459631,10.8148173218,0.637574347493
7.668598,0.102669912711,10.0677460476,1.2162079243,0.93591459631,10.887629024,0.637574347493
7.670264,0.0565251230437,10.0223651723,1.17082704906,0.900555479573,10.7784114706,0.67293346423
7.67193,0.0565251230437,10.0677460476,1.2162079243,0.93591459631,10.887629024,0.637574347493
7.673596,0.0103803333768,10.0223651723,1.17082704906,0.93591459631,10.8512231729,0.602215230756
7.675262,0.0565251230437,10.0223651723,1.17082704906,1.07735106326,10.887629024,0.637574347493
7.676928,0.0103803333768,10.0223651723,1.17082704906,0.93591459631,10.887629024,0.637574347493
7.678594,0.0103803333768,10.0223651723,1.17082704906,0.93591459631,10.8148173218,0.566856114019
7.68026,-0.0357644562901,10.0223651723,1.17082704906,0.93591459631,10.8148173218,0.602215230756
7.681926,0.0103803333768,10.0223651723,1.17082704906,0.971273713047,10.887629024,0.602215230756
7.683592,0.0103803333768,10.0677460476,1.17082704906,0.900555479573,10.7784114706,0.602215230756
7.685258,0.0565251230437,10.0677460476,1.2162079243,0.93591459631,10.887629024,0.637574347493
7.686924,0.0103803333768,10.0677460476,1.17082704906,0.93591459631,10.887629024,0.602215230756
7.68859,0.0103803333768,10.0223651723,1.17082704906,0.971273713047,10.887629024,0.602215230756
7.690256,0.0103803333768,10.0223651723,1.17082704906,0.971273713047,10.887629024,0.637574347493
7.691922,-0.0357644562901,10.0223651723,1.17082704906,0.93591459631,10.8512231729,0.602215230756
7.693588,-0.0357644562901,10.0677460476,1.17082704906,0.900555479573,10.8512231729,0.566856114019
7.695254,0.0103803333768,10.0677460476,1.2162079243,0.93591459631,10.887629024,0.602215230756
7.69692,0.0103803333768,10.0677460476,1.17082704906,0.865196362836,10.8148173218,0.637574347493
7.698586,0.0103803333768,10.0677460476,1.2162079243,0.93591459631,10.887629024,0.602215230756
7.700252,-0.0357644562901,10.0223651723,1.2162079243,0.93591459631,10.887629024,0.602215230756
7.701918,-0.0357644562901,10.0677460476,1.17082704906,0.971273713047,10.9240348752,0.602215230756
7.703584,-0.0357644562901,10.0677460476,1.17082704906,0.93591459631,10.9240348752,0.602215230756
7.70525,-0.0357644562901,10.1131269228,1.2162079243,0.865196362836,10.887629024,0.531496997282
7.706916,0.0565251230437,10.158507798,1.26158879953,0.900555479573,10.887629024,0.566856114019
7.708582,-0.0357644562901,10.1131269228,1.17082704906,0.900555479573,10.9240348752,0.602215230756
7.710248,-0.0357644562901,10.1131269228,1.2162079243,0.829837246099,10.887629024,0.637574347493
7.711914,-0.0357644562901,10.1131269228,1.17082704906,0.900555479573,10.9240348752,0.602215230756
7.71358,-0.0357644562901,10.1131269228,1.17082704906,0.900555479573,10.9240348752,0.566856114019
7.715246,0.0103803333768,10.1131269228,1.17082704906,0.93591459631,10.9240348752,0.566856114019
7.716912,-0.0357644562901,10.1131269228,1.17082704906,0.900555479573,10.9604407263,0.602215230756
7.718578,-0.0357644562901,10.1131269228,1.17082704906,0.865196362836,10.887629024,0.496137880546
7.720244,-0.0357644562901,10.158507798,1.17082704906,0.900555479573,10.9240348752,0.566856114019
7.72191,-0.0357644562901,10.1131269228,1.17082704906,0.865196362836,10.9968465774,0.566856114019
7.723576,-0.0819092459569,10.1131269228,1.17082704906,0.900555479573,11.0696582797,0.637574347493
7.725242,0.0565251230437,10.2038886733,1.26158879953,0.865196362836,10.9604407263,0.566856114019
7.726908,-0.0819092459569,10.158507798,1.17082704906,0.865196362836,10.9240348752,0.496137880546
7.728574,-0.0819092459569,10.158507798,1.17082704906,0.865196362836,10.9240348752,0.531496997282
7.73024,-0.0819092459569,10.158507798,1.17082704906,0.900555479573,10.9968465774,0.566856114019
7.731906,-0.0819092459569,10.158507798,1.17082704906,0.794478129363,10.887629024,0.496137880546
7.733572,-0.0819092459569,10.158507798,1.17082704906,0.865196362836,10.9968465774,0.566856114019
7.735238,-0.0819092459569,10.2038886733,1.17082704906,0.865196362836,10.9968465774,0.496137880546
7.736904,-0.0819092459569,10.2038886733,1.17082704906,0.865196362836,10.9604407263,0.496137880546
7.73857,-0.128054035624,10.2038886733,1.17082704906,0.865196362836,11.0332524286,0.496137880546
7.740236,-0.0819092459569,10.2038886733,1.17082704906,0.829837246099,10.9240348752,0.460778763809
7.741902,-0.128054035624,10.2038886733,1.17082704906,0.865196362836,10.9968465774,0.531496997282
7.743568,-0.0819092459569,10.2038886733,1.17082704906,0.794478129363,10.9968465774,0.531496997282
7.745234,-0.0819092459569,10.2492695485,1.12544617383,0.93591459631,11.0696582797,0.602215230756
7.7469,-0.0819092459569,10.2492695485,1.17082704906,0.865196362836,11.0332524286,0.531496997282
7.748566,0.0103803333768,10.340031299,1.26158879953,0.865196362836,10.9604407263,0.496137880546
7.750232,-0.128054035624,10.2038886733,1.12544617383,0.829837246099,10.9968465774,0.496137880546
7.751898,-0.128054035624,10.2492695485,1.12544617383,0.865196362836,11.0332524286,0.496137880546
7.753564,-0.128054035624,10.2038886733,1.12544617383,0.794478129363,10.9240348752,0.390060530335
7.75523,-0.0357644562901,10.2946504237,1.2162079243,0.865196362836,10.9968465774,0.496137880546
7.756896,-0.0819092459569,10.2492695485,1.17082704906,0.865196362836,10.9968465774,0.496137880546
7.758562,-0.128054035624,10.2038886733,1.12544617383,0.93591459631,11.1060641308,0.566856114019
7.760228,-0.128054035624,10.2492695485,1.12544617383,0.865196362836,10.9968465774,0.496137880546
7.761894,-0.0819092459569,10.2492695485,1.2162079243,0.829837246099,10.9604407263,0.496137880546
7.76356,-0.128054035624,10.2492695485,1.12544617383,0.829837246099,10.9240348752,0.496137880546
7.765226,-0.128054035624,10.2492695485,1.17082704906,0.865196362836,10.9968465774,0.531496997282
7.766892,-0.0819092459569,10.2492695485,1.17082704906,0.794478129363,10.887629024,0.390060530335
7.768558,-0.0819092459569,10.2038886733,1.17082704906,0.865196362836,10.9604407263,0.531496997282
7.770224,-0.128054035624,10.2038886733,1.17082704906,0.865196362836,11.0332524286,0.531496997282
7.77189,-0.0819092459569,10.2038886733,1.17082704906,0.93591459631,11.0696582797,0.566856114019
7.773556,-0.128054035624,10.2038886733,1.12544617383,0.865196362836,10.9604407263,0.531496997282
7.775222,-0.128054035624,10.2038886733,1.17082704906,0.829837246099,10.9604407263,0.496137880546
7.776888,-0.0819092459569,10.2038886733,1.2162079243,0.900555479573,10.9240348752,0.496137880546
7.778554,-0.0819092459569,10.2038886733,1.2162079243,0.93591459631,10.9968465774,0.566856114019
7.78022,-0.0357644562901,10.2038886733,1.17082704906,0.865196362836,10.887629024,0.425419647072
7.781886,-0.0819092459569,10.158507798,1.17082704906,0.865196362836,10.9604407263,0.602215230756
7.783552,-0.0819092459569,10.2038886733,1.17082704906,0.900555479573,10.9604407263,0.531496997282
7.785218,-0.0357644562901,10.2038886733,1.2162079243,1.00663282978,11.0332524286,0.566856114019
7.786884,-0.0357644562901,10.158507798,1.17082704906,0.93591459631,10.9968465774,0.566856114019
7.78855,-0.0819092459569,10.158507798,1.17082704906,0.900555479573,10.9240348752,0.531496997282
7.790216,-0.0819092459569,10.158507798,1.17082704906,0.900555479573,10.887629024,0.531496997282
7.791882,-0.0357644562901,10.158507798,1.17082704906,0.93591459631,10.9240348752,0.602215230756
7.793548,-0.0357644562901,10.158507798,1.2162079243,0.865196362836,10.8512231729,0.602215230756
7.795214,0.0565251230437,10.2038886733,1.30696967477,0.93591459631,10.9240348752,0.602215230756
7.79688,0.0103803333768,10.158507798,1.26158879953,0.900555479573,10.9240348752,0.566856114019
7.798546,0.0103803333768,10.158507798,1.2162079243,0.971273713047,10.9240348752,0.602215230756
7.800212,-0.0357644562901,10.1131269228,1.2162079243,0.93591459631,10.9968465774,0.602215230756
7.801878,-0.0357644562901,10.0677460476,1.2162079243,0.93591459631,10.9240348752,0.531496997282
7.803544,-0.0357644562901,10.0677460476,1.17082704906,0.93591459631,10.9240348752,0.602215230756
7.80521,0.0103803333768,10.0677460476,1.2162079243,0.93591459631,10.9604407263,0.602215230756
7.806876,0.0565251230437,10.158507798,1.26158879953,0.900555479573,10.9968465774,0.743651697703
7.808542,-0.0357644562901,10.0223651723,1.17082704906,0.971273713047,10.9240348752,0.637574347493
7.810208,-0.0357644562901,10.0223651723,1.2162079243,0.971273713047,10.9240348752,0.602215230756
7.811874,0.0103803333768,10.0677460476,1.26158879953,0.93591459631,10.887629024,0.602215230756
7.81354,0.0103803333768,10.0677460476,1.2162079243,0.971273713047,10.9604407263,0.637574347493
7.815206,0.0103803333768,10.0677460476,1.2162079243,0.93591459631,10.8512231729,0.566856114019
7.816872,0.0565251230437,10.0677460476,1.26158879953,0.971273713047,10.9240348752,0.602215230756
7.818538,0.0103803333768,10.0677460476,1.2162079243,1.04199194652,10.9604407263,0.637574347493
7.820204,0.0103803333768,10.0223651723,1.2162079243,1.07735106326,11.0332524286,0.67293346423
7.82187,0.0565251230437,10.0223651723,1.26158879953,1.00663282978,10.9604407263,0.67293346423
7.823536,0.0565251230437,10.0223651723,1.2162079243,0.971273713047,10.887629024,0.602215230756
7.825202,0.0565251230437,10.0223651723,1.26158879953,0.971273713047,10.9240348752,0.637574347493
7.826868,0.0565251230437,10.0677460476,1.26158879953,0.971273713047,10.9604407263,0.67293346423
7.828534,0.0565251230437,10.0223651723,1.2162079243,0.93591459631,10.887629024,0.602215230756
7.8302,0.0565251230437,10.0223651723,1.26158879953,1.00663282978,10.9240348752,0.637574347493
7.831866,0.148814702377,10.1131269228,1.35235055001,1.00663282978,10.9240348752,0.67293346423
7.833532,0.0565251230437,10.0223651723,1.26158879953,1.07735106326,11.0696582797,0.708292580966
7.835198,0.148814702377,10.1131269228,1.35235055001,1.04199194652,10.9604407263,0.67293346423
7.836864,0.102669912711,10.0677460476,1.30696967477,0.971273713047,10.887629024,0.637574347493
7.83853,0.0103803333768,10.0223651723,1.2162079243,1.00663282978,10.9240348752,0.637574347493
7.840196,0.0565251230437,10.0677460476,1.26158879953,1.04199194652,10.9604407263,0.67293346423
7.841862,0.0565251230437,10.0677460476,1.26158879953,0.93591459631,10.9604407263,0.743651697703
7.843528,0.0565251230437,10.0677460476,1.2162079243,1.04199194652,10.9604407263,0.67293346423
7.845194,0.0565251230437,10.0677460476,1.26158879953,0.971273713047,10.9240348752,0.637574347493
7.84686,0.102669912711,10.1131269228,1.30696967477,1.04199194652,10.9604407263,0.637574347493
7.848526,0.102669912711,10.1131269228,1.26158879953,1.00663282978,10.9968465774,0.67293346423
7.850192,0.0565251230437,10.0677460476,1.2162079243,0.93591459631,10.887629024,0.566856114019
7.851858,0.0565251230437,10.0677460476,1.26158879953,1.00663282978,10.9604407263,0.67293346423
7.853524,0.0565251230437,10.0677460476,1.26158879953,1.00663282978,10.9968465774,0.637574347493
7.85519,0.0565251230437,10.1131269228,1.2162079243,1.07735106326,11.1060641308,0.743651697703
7.856856,0.0565251230437,10.1131269228,1.2162079243,1.00663282978,10.9968465774,0.67293346423
7.858522,0.0565251230437,10.1131269228,1.2162079243,0.93591459631,10.9240348752,0.602215230756
7.860188,0.0565251230437,10.158507798,1.26158879953,0.971273713047,10.9604407263,0.602215230756
7.861854,0.0103803333768,10.0677460476,1.2162079243,0.971273713047,11.0332524286,0.637574347493
7.86352,0.0103803333768,10.1131269228,1.26158879953,0.93591459631,10.9240348752,0.566856114019
7.865186,0.0103803333768,10.1131269228,1.2162079243,0.971273713047,10.9968465774,0.637574347493
7.866852,0.0565251230437,10.158507798,1.2162079243,0.971273713047,10.9968465774,0.637574347493
7.868518,0.0103803333768,10.158507798,1.2162079243,1.07735106326,11.0332524286,0.637574347493
7.870184,0.0103803333768,10.158507798,1.2162079243,0.971273713047,11.0332524286,0.637574347493
7.87185,0.0565251230437,10.158507798,1.2162079243,0.971273713047,10.9968465774,0.602215230756
7.873516,0.0565251230437,10.158507798,1.2162079243,0.93591459631,10.9968465774,0.602215230756
7.875182,0.0103803333768,10.158507798,1.2162079243,0.93591459631,11.0332524286,0.637574347493
7.876848,0.0103803333768,10.158507798,1.2162079243,0.971273713047,11.1060641308,0.708292580966
7.878514,0.0103803333768,10.2038886733,1.2162079243,0.93591459631,11.0696582797,0.602215230756
7.88018,0.102669912711,10.2946504237,1.30696967477,0.93591459631,10.9968465774,0.566856114019
7.881846,-0.0357644562901,10.2038886733,1.2162079243,0.93591459631,10.9968465774,0.602215230756
7.883512,-0.0357644562901,10.2038886733,1.2162079243,0.93591459631,11.0696582797,0.602215230756
7.885178,0.0103803333768,10.2038886733,1.17082704906,0.865196362836,10.9240348752,0.531496997282
7.886844,0.102669912711,10.2946504237,1.26158879953,0.900555479573,11.0696582797,0.602215230756
7.88851,-0.0357644562901,10.2492695485,1.17082704906,0.93591459631,11.0696582797,0.602215230756
7.890176,-0.0357644562901,10.2492695485,1.17082704906,1.00663282978,11.0696582797,0.602215230756
7.891842,0.0565251230437,10.2946504237,1.26158879953,0.93591459631,11.0696582797,0.602215230756
7.893508,-0.0357644562901,10.2492695485,1.17082704906,0.900555479573,10.9968465774,0.566856114019
7.895174,-0.0357644562901,10.2038886733,1.17082704906,0.900555479573,11.0332524286,0.566856114019
7.89684,-0.0357644562901,10.2492695485,1.17082704906,0.900555479573,11.0696582797,0.566856114019
7.898506,0.0103803333768,10.2492695485,1.2162079243,0.829837246099,10.9968465774,0.637574347493
7.900172,-0.0357644562901,10.2492695485,1.17082704906,0.900555479573,11.0696582797,0.566856114019
7.901838,-0.0357644562901,10.2038886733,1.17082704906,0.900555479573,11.0332524286,0.566856114019
7.903504,-0.0357644562901,10.2038886733,1.12544617383,0.93591459631,11.0332524286,0.531496997282
7.90517,-0.0357644562901,10.2492695485,1.17082704906,0.900555479573,11.0696582797,0.602215230756
7.906836,-0.0357644562901,10.2038886733,1.12544617383,0.829837246099,10.9968465774,0.496137880546
7.908502,-0.0357644562901,10.2492695485,1.17082704906,0.865196362836,11.0332524286,0.566856114019
7.910168,-0.0357644562901,10.2492695485,1.17082704906,0.865196362836,11.0332524286,0.531496997282
7.911834,-0.0357644562901,10.2038886733,1.17082704906,0.93591459631,11.1060641308,0.566856114019
7.9135,-0.0819092459569,10.2038886733,1.12544617383,0.865196362836,11.0332524286,0.566856114019
7.915166,-0.0357644562901,10.2492695485,1.17082704906,0.794478129363,10.9968465774,0.531496997282
7.916832,-0.0357644562901,10.2038886733,1.17082704906,0.829837246099,10.9968465774,0.531496997282
7.918498,-0.0819092459569,10.2038886733,1.12544617383,0.865196362836,11.0332524286,0.566856114019
7.920164,-0.0819092459569,10.2038886733,1.12544617383,0.794478129363,11.0696582797,0.637574347493
7.92183,-0.0819092459569,10.158507798,1.12544617383,0.865196362836,10.9604407263,0.531496997282
7.923496,-0.0819092459569,10.158507798,1.12544617383,0.829837246099,10.9968465774,0.531496997282
7.925162,-0.0819092459569,10.158507798,1.12544617383,0.794478129363,10.9240348752,0.496137880546
7.926828,-0.0819092459569,10.2038886733,1.12544617383,0.829837246099,10.9604407263,0.496137880546
7.928494,-0.128054035624,10.158507798,1.12544617383,0.759119012626,10.887629024,0.460778763809
7.93016,-0.0819092459569,10.158507798,1.12544617383,0.829837246099,10.9604407263,0.531496997282
7.931826,-0.0819092459569,10.158507798,1.12544617383,0.794478129363,10.9240348752,0.496137880546
7.933492,-0.0819092459569,10.158507798,1.12544617383,0.794478129363,10.9240348752,0.496137880546
7.935158,-0.128054035624,10.158507798,1.12544617383,0.829837246099,10.9604407263,0.531496997282
7.936824,-0.0819092459569,10.158507798,1.12544617383,0.723759895889,10.887629024,0.390060530335
7.93849,-0.0819092459569,10.158507798,1.12544617383,0.794478129363,10.887629024,0.496137880546
7.940156,-0.0819092459569,10.158507798,1.17082704906,0.794478129363,10.9240348752,0.496137880546
7.941822,-0.0819092459569,10.1131269228,1.12544617383,0.93591459631,10.9968465774,0.531496997282
7.943488,-0.0819092459569,10.1131269228,1.12544617383,0.794478129363,10.887629024,0.531496997282
7.945154,-0.0819092459569,10.158507798,1.17082704906,0.794478129363,10.887629024,0.460778763809
7.94682,-0.128054035624,10.1131269228,1.12544617383,0.794478129363,10.887629024,0.496137880546
7.948486,-0.128054035624,10.0677460476,1.12544617383,0.829837246099,10.887629024,0.460778763809
7.950152,-0.0357644562901,10.158507798,1.26158879953,0.759119012626,10.8148173218,0.425419647072
7.951818,-0.128054035624,10.0677460476,1.12544617383,0.794478129363,10.887629024,0.460778763809
7.953484,-0.128054035624,10.0677460476,1.12544617383,0.794478129363,10.887629024,0.496137880546
7.95515,-0.0819092459569,10.0677460476,1.12544617383,0.93591459631,10.887629024,0.496137880546
7.956816,-0.128054035624,10.0223651723,1.08006529859,0.794478129363,10.887629024,0.496137880546
7.958482,-0.128054035624,10.0677460476,1.12544617383,0.794478129363,10.7784114706,0.460778763809
7.960148,-0.128054035624,10.0223651723,1.08006529859,0.794478129363,10.7784114706,0.496137880546
7.961814,-0.0819092459569,10.0677460476,1.12544617383,0.794478129363,10.8148173218,0.496137880546
7.96348,-0.0357644562901,10.1131269228,1.17082704906,0.794478129363,10.887629024,0.602215230756
7.965146,-0.0357644562901,10.1131269228,1.17082704906,0.794478129363,10.8148173218,0.496137880546
7.966812,-0.128054035624,10.0223651723,1.12544617383,0.794478129363,10.7784114706,0.460778763809
7.968478,-0.174198825291,10.0223651723,1.08006529859,0.829837246099,10.7784114706,0.460778763809
7.970144,-0.128054035624,10.0223651723,1.12544617383,0.829837246099,10.7784114706,0.496137880546
7.97181,-0.128054035624,10.0223651723,1.12544617383,0.794478129363,10.7055997684,0.460778763809
7.973476,-0.128054035624,9.9769842971,1.08006529859,0.794478129363,10.7784114706,0.496137880546
7.975142,-0.128054035624,10.0223651723,1.12544617383,0.865196362836,10.7784114706,0.496137880546
7.976808,-0.128054035624,10.0223651723,1.12544617383,0.759119012626,10.8148173218,0.602215230756
7.978474,-0.0357644562901,10.0677460476,1.17082704906,0.829837246099,10.7784114706,0.531496997282
7.98014,-0.128054035624,9.9769842971,1.08006529859,0.829837246099,10.7420056195,0.460778763809
7.981806,-0.128054035624,9.9769842971,1.08006529859,0.829837246099,10.7420056195,0.496137880546
7.983472,-0.0819092459569,9.9769842971,1.12544617383,0.865196362836,10.7784114706,0.566856114019
7.985138,-0.0819092459569,9.9769842971,1.12544617383,0.794478129363,10.7055997684,0.460778763809
7.986804,-0.0819092459569,9.9769842971,1.12544617383,0.829837246099,10.7420056195,0.531496997282
7.98847,-0.0819092459569,9.9769842971,1.12544617383,0.865196362836,10.7784114706,0.496137880546
7.990136,-0.0819092459569,9.9769842971,1.12544617383,0.93591459631,10.8148173218,0.566856114019
7.991802,-0.0819092459569,9.9769842971,1.12544617383,0.865196362836,10.7784114706,0.566856114019
7.993468,-0.0819092459569,9.9769842971,1.08006529859,0.794478129363,10.7055997684,0.460778763809
7.995134,-0.0819092459569,9.9769842971,1.12544617383,0.865196362836,10.7420056195,0.566856114019
7.9968,-0.0357644562901,10.0223651723,1.17082704906,0.900555479573,10.8148173218,0.566856114019
7.998466,-0.0819092459569,9.9769842971,1.08006529859,0.759119012626,10.7420056195,0.602215230756
8.000132,-0.0357644562901,9.9769842971,1.12544617383,0.865196362836,10.8148173218,0.566856114019
8.001798,-0.0357644562901,9.9769842971,1.12544617383,0.865196362836,10.7784114706,0.566856114019
8.003464,-0.0357644562901,9.9769842971,1.12544617383,0.900555479573,10.7784114706,0.566856114019
8.00513,0.0103803333768,10.0223651723,1.17082704906,0.865196362836,10.8148173218,0.566856114019
8.006796,0.0565251230437,10.0677460476,1.2162079243,0.829837246099,10.7420056195,0.531496997282
8.008462,-0.0357644562901,9.9769842971,1.08006529859,0.865196362836,10.7784114706,0.602215230756
8.010128,-0.0357644562901,10.0223651723,1.12544617383,0.900555479573,10.8512231729,0.566856114019
8.011794,-0.0357644562901,10.0223651723,1.12544617383,0.971273713047,10.9240348752,0.637574347493
8.01346,0.0103803333768,10.0223651723,1.12544617383,0.865196362836,10.887629024,0.602215230756
8.015126,0.0103803333768,10.0223651723,1.12544617383,0.865196362836,10.8148173218,0.602215230756
8.016792,0.0103803333768,9.9769842971,1.12544617383,0.865196362836,10.8512231729,0.602215230756
8.018458,0.0103803333768,10.0223651723,1.12544617383,0.865196362836,10.9240348752,0.637574347493
8.020124,0.0565251230437,10.0223651723,1.12544617383,0.865196362836,10.8148173218,0.566856114019
8.02179,0.0565251230437,10.0677460476,1.12544617383,0.865196362836,10.9240348752,0.637574347493
8.023456,0.0565251230437,10.0223651723,1.12544617383,0.865196362836,10.887629024,0.637574347493
8.025122,0.0565251230437,10.0223651723,1.12544617383,0.93591459631,10.9604407263,0.67293346423
8.026788,0.0565251230437,10.0677460476,1.12544617383,0.900555479573,10.9604407263,0.637574347493
8.028454,0.102669912711,10.1131269228,1.17082704906,0.865196362836,10.887629024,0.602215230756
8.03012,0.148814702377,10.158507798,1.2162079243,0.865196362836,10.9604407263,0.67293346423
8.031786,0.102669912711,10.0677460476,1.17082704906,0.900555479573,10.9968465774,0.67293346423
8.033452,0.0565251230437,10.0677460476,1.12544617383,0.93591459631,11.0696582797,0.743651697703
8.035118,0.0565251230437,10.0677460476,1.12544617383,0.900555479573,11.0332524286,0.67293346423
8.036784,0.0565251230437,10.1131269228,1.12544617383,0.865196362836,10.9968465774,0.637574347493
8.03845,0.0565251230437,10.0677460476,1.12544617383,0.93591459631,11.0332524286,0.67293346423
8.040116,0.0565251230437,10.1131269228,1.17082704906,0.900555479573,11.0696582797,0.67293346423
8.041782,0.194959492044,10.2038886733,1.2162079243,0.865196362836,10.9604407263,0.602215230756
8.043448,0.102669912711,10.158507798,1.17082704906,0.865196362836,10.9968465774,0.637574347493
8.045114,0.102669912711,10.158507798,1.17082704906,0.900555479573,11.0696582797,0.67293346423
8.04678,0.0565251230437,10.1131269228,1.12544617383,1.04199194652,11.142469982,0.77901081444
8.048446,0.102669912711,10.158507798,1.12544617383,0.900555479573,11.0696582797,0.708292580966
8.050112,0.148814702377,10.2038886733,1.2162079243,0.93591459631,11.0696582797,0.637574347493
8.051778,0.102669912711,10.158507798,1.12544617383,0.900555479573,11.0332524286,0.637574347493
8.053444,0.102669912711,10.2038886733,1.17082704906,0.93591459631,11.0696582797,0.67293346423
8.05511,0.102669912711,10.2038886733,1.17082704906,0.865196362836,11.0332524286,0.602215230756
8.056776,0.0565251230437,10.158507798,1.17082704906,0.93591459631,11.1060641308,0.67293346423
8.058442,0.102669912711,10.2038886733,1.17082704906,0.93591459631,11.0696582797,0.67293346423
8.060108,0.0565251230437,10.2038886733,1.17082704906,0.971273713047,11.1060641308,0.67293346423
8.061774,0.0565251230437,10.2038886733,1.17082704906,0.93591459631,11.1060641308,0.67293346423
8.06344,0.0565251230437,10.2038886733,1.17082704906,0.900555479573,11.0696582797,0.602215230756
8.065106,0.0565251230437,10.2492695485,1.2162079243,0.93591459631,11.1060641308,0.67293346423
8.066772,0.148814702377,10.340031299,1.26158879953,0.93591459631,11.1060641308,0.67293346423
8.068438,0.0565251230437,10.2492695485,1.17082704906,0.93591459631,11.2152816842,0.77901081444
8.070104,0.0565251230437,10.2492695485,1.17082704906,0.93591459631,11.142469982,0.67293346423
8.07177,0.0565251230437,10.2492695485,1.2162079243,0.93591459631,11.1060641308,0.637574347493
8.073436,0.0565251230437,10.2492695485,1.2162079243,0.93591459631,11.1060641308,0.637574347493
8.075102,0.0103803333768,10.2492695485,1.2162079243,0.971273713047,11.1060641308,0.637574347493
8.076768,0.0565251230437,10.2492695485,1.2162079243,0.93591459631,11.0696582797,0.637574347493
8.078434,0.0565251230437,10.2492695485,1.2162079243,0.971273713047,11.1060641308,0.637574347493
8.0801,0.102669912711,10.2946504237,1.26158879953,0.93591459631,11.1060641308,0.602215230756
8.081766,0.0103803333768,10.2492695485,1.2162079243,0.971273713047,11.0696582797,0.602215230756
8.083432,0.0103803333768,10.2492695485,1.2162079243,1.00663282978,11.142469982,0.637574347493
8.085098,0.0103803333768,10.2492695485,1.17082704906,0.93591459631,11.0696582797,0.566856114019
8.086764,0.0103803333768,10.2946504237,1.2162079243,0.971273713047,11.0696582797,0.637574347493
8.08843,0.0565251230437,10.2946504237,1.26158879953,0.93591459631,11.1060641308,0.637574347493
8.090096,0.0565251230437,10.2946504237,1.30696967477,1.11271017999,11.2152816842,0.708292580966
8.091762,0.102669912711,10.340031299,1.30696967477,1.00663282978,11.0696582797,0.602215230756
8.093428,0.102669912711,10.340031299,1.35235055001,1.00663282978,11.0696582797,0.602215230756
8.095094,0.102669912711,10.3854121742,1.35235055001,0.971273713047,11.0696582797,0.602215230756
8.09676,0.102669912711,10.340031299,1.30696967477,1.00663282978,11.1060641308,0.602215230756
8.098426,0.0103803333768,10.2946504237,1.30696967477,0.93591459631,10.9968465774,0.566856114019
8.100092,-0.0357644562901,10.2492695485,1.26158879953,1.00663282978,11.0696582797,0.602215230756
8.101758,0.0103803333768,10.2946504237,1.26158879953,0.971273713047,11.0332524286,0.566856114019
8.103424,0.102669912711,10.3854121742,1.35235055001,1.00663282978,11.0332524286,0.602215230756
8.10509,-0.0357644562901,10.2492695485,1.26158879953,1.04199194652,11.1060641308,0.602215230756
8.106756,-0.0357644562901,10.2492695485,1.26158879953,0.93591459631,10.9968465774,0.496137880546
8.108422,-0.0357644562901,10.2492695485,1.30696967477,1.00663282978,11.0332524286,0.602215230756
8.110088,-0.0357644562901,10.2492695485,1.26158879953,1.00663282978,11.0696582797,0.566856114019
8.111754,0.0103803333768,10.2492695485,1.30696967477,1.07735106326,11.1060641308,0.67293346423
8.11342,-0.0819092459569,10.2038886733,1.26158879953,1.00663282978,11.0332524286,0.602215230756
8.115086,-0.0357644562901,10.2038886733,1.30696967477,0.971273713047,10.9968465774,0.566856114019
8.116752,-0.0357644562901,10.2038886733,1.26158879953,1.00663282978,10.9968465774,0.531496997282
8.118418,-0.0819092459569,10.158507798,1.30696967477,1.04199194652,11.0332524286,0.602215230756
8.120084,-0.0357644562901,10.2038886733,1.30696967477,0.93591459631,10.9604407263,0.496137880546
8.12175,-0.0357644562901,10.158507798,1.30696967477,0.971273713047,10.9968465774,0.566856114019
8.123416,-0.0357644562901,10.158507798,1.30696967477,1.00663282978,10.9968465774,0.602215230756
8.125082,-0.0357644562901,10.158507798,1.30696967477,1.07735106326,11.0696582797,0.637574347493
8.126748,-0.0357644562901,10.158507798,1.30696967477,1.00663282978,10.9968465774,0.566856114019
8.128414,0.0103803333768,10.2038886733,1.35235055001,0.971273713047,10.9240348752,0.531496997282
8.13008,-0.0357644562901,10.158507798,1.30696967477,0.971273713047,10.9240348752,0.566856114019
8.131746,-0.0357644562901,10.158507798,1.30696967477,1.04199194652,10.9604407263,0.566856114019
8.133412,-0.0357644562901,10.1131269228,1.30696967477,0.93591459631,10.887629024,0.602215230756
8.135078,-0.0357644562901,10.1131269228,1.30696967477,0.971273713047,10.9240348752,0.602215230756
8.136744,-0.0357644562901,10.158507798,1.30696967477,0.971273713047,10.9240348752,0.531496997282
8.13841,0.0103803333768,10.158507798,1.35235055001,1.04199194652,10.9240348752,0.566856114019
8.140076,-0.0819092459569,10.1131269228,1.30696967477,1.00663282978,10.9240348752,0.566856114019
8.141742,-0.0819092459569,10.0677460476,1.26158879953,0.93591459631,10.887629024,0.496137880546
8.143408,-0.0819092459569,10.1131269228,1.30696967477,0.971273713047,10.887629024,0.566856114019
8.145074,0.0103803333768,10.158507798,1.35235055001,0.971273713047,10.9240348752,0.531496997282
8.14674,-0.0819092459569,10.1131269228,1.26158879953,0.93591459631,10.9968465774,0.637574347493
8.148406,-0.0819092459569,10.1131269228,1.26158879953,0.971273713047,10.9240348752,0.566856114019
8.150072,-0.0819092459569,10.0677460476,1.26158879953,0.93591459631,10.887629024,0.496137880546
8.151738,-0.0819092459569,10.0677460476,1.26158879953,0.971273713047,10.887629024,0.531496997282
8.153404,-0.0819092459569,10.1131269228,1.26158879953,0.971273713047,10.887629024,0.566856114019
8.15507,-0.0819092459569,10.0677460476,1.26158879953,0.900555479573,10.7784114706,0.460778763809
8.156736,-0.0819092459569,10.0677460476,1.26158879953,0.971273713047,10.887629024,0.566856114019
8.158402,-0.0819092459569,10.0677460476,1.2162079243,0.93591459631,10.887629024,0.496137880546
8.160068,-0.0357644562901,10.1131269228,1.30696967477,1.04199194652,10.887629024,0.531496997282
8.161734,-0.0819092459569,10.0677460476,1.2162079243,0.971273713047,10.887629024,0.566856114019
8.1634,-0.0819092459569,10.0677460476,1.2162079243,0.93591459631,10.8148173218,0.496137880546
8.165066,-0.0819092459569,10.0677460476,1.26158879953,0.93591459631,10.7784114706,0.496137880546
8.166732,-0.0819092459569,10.0677460476,1.2162079243,0.93591459631,10.8512231729,0.566856114019
8.168398,0.0103803333768,10.2038886733,1.30696967477,0.93591459631,10.9604407263,0.637574347493
8.170064,-0.0819092459569,10.0677460476,1.2162079243,0.93591459631,10.8512231729,0.566856114019
8.17173,-0.0819092459569,10.0677460476,1.2162079243,0.900555479573,10.8512231729,0.496137880546
8.173396,-0.0819092459569,10.0677460476,1.2162079243,0.900555479573,10.8148173218,0.496137880546
8.175062,-0.0819092459569,10.0677460476,1.17082704906,0.93591459631,10.8512231729,0.531496997282
8.176728,-0.0819092459569,10.0677460476,1.17082704906,0.900555479573,10.7784114706,0.460778763809
8.178394,-0.0819092459569,10.1131269228,1.17082704906,0.900555479573,10.8148173218,0.531496997282
8.18006,-0.0819092459569,10.0677460476,1.17082704906,0.900555479573,10.887629024,0.531496997282
8.181726,-0.0819092459569,10.1131269228,1.17082704906,0.93591459631,10.9604407263,0.602215230756
8.183392,-0.0357644562901,10.158507798,1.17082704906,0.900555479573,10.887629024,0.566856114019
8.185058,-0.0357644562901,10.1131269228,1.17082704906,0.865196362836,10.887629024,0.496137880546
8.186724,-0.0819092459569,10.1131269228,1.08006529859,0.900555479573,10.8512231729,0.531496997282
8.18839,-0.0819092459569,10.1131269228,1.12544617383,0.865196362836,10.887629024,0.566856114019
8.190056,-0.0819092459569,10.1131269228,1.08006529859,0.794478129363,10.8148173218,0.460778763809
8.191722,-0.0819092459569,10.1131269228,1.12544617383,0.829837246099,10.887629024,0.566856114019
8.193388,-0.0819092459569,10.0677460476,1.08006529859,0.794478129363,10.887629024,0.566856114019
8.195054,-0.0357644562901,10.1131269228,1.08006529859,0.829837246099,10.9604407263,0.637574347493
8.19672,-0.0819092459569,10.1131269228,1.08006529859,0.865196362836,10.9240348752,0.602215230756
8.198386,-0.0357644562901,10.1131269228,1.08006529859,0.794478129363,10.887629024,0.566856114019
8.200052,-0.0357644562901,10.1131269228,1.08006529859,0.829837246099,10.887629024,0.566856114019
8.201718,-0.0357644562901,10.1131269228,1.08006529859,0.794478129363,10.9240348752,0.602215230756
8.203384,-0.0357644562901,10.1131269228,1.08006529859,0.794478129363,10.8512231729,0.531496997282
8.20505,-0.0357644562901,10.1131269228,1.03468442336,0.794478129363,10.887629024,0.566856114019
8.206716,0.102669912711,10.2038886733,1.17082704906,0.794478129363,10.9240348752,0.602215230756
8.208382,-0.0357644562901,10.1131269228,1.08006529859,0.829837246099,11.0332524286,0.708292580966
8.210048,0.0103803333768,10.1131269228,1.03468442336,0.794478129363,10.9604407263,0.602215230756
8.211714,0.0103803333768,10.1131269228,1.03468442336,0.794478129363,10.887629024,0.602215230756
8.21338,0.0103803333768,10.1131269228,1.08006529859,0.794478129363,10.9240348752,0.602215230756
8.215046,-0.0357644562901,10.1131269228,1.03468442336,0.794478129363,10.9968465774,0.637574347493
8.216712,-0.0357644562901,10.0677460476,0.989303548122,0.723759895889,10.887629024,0.566856114019
8.218378,0.102669912711,10.2038886733,1.12544617383,0.794478129363,10.9604407263,0.602215230756
8.220044,0.0103803333768,10.1131269228,1.03468442336,0.794478129363,10.9604407263,0.637574347493
8.22171,0.0565251230437,10.1131269228,1.03468442336,0.900555479573,11.0332524286,0.67293346423
8.223376,0.0103803333768,10.0677460476,1.03468442336,0.794478129363,10.9968465774,0.637574347493
8.225042,0.0565251230437,10.1131269228,1.03468442336,0.759119012626,10.9240348752,0.602215230756
8.226708,0.0565251230437,10.0677460476,1.03468442336,0.759119012626,10.9604407263,0.602215230756
8.228374,0.0565251230437,10.1131269228,1.03468442336,0.794478129363,10.9968465774,0.67293346423
8.23004,0.0565251230437,10.1131269228,1.03468442336,0.723759895889,10.887629024,0.602215230756
8.231706,0.0565251230437,10.1131269228,1.03468442336,0.794478129363,10.9968465774,0.637574347493
8.233372,0.102669912711,10.158507798,1.08006529859,0.759119012626,10.9604407263,0.637574347493
8.235038,0.148814702377,10.158507798,1.12544617383,0.794478129363,10.9968465774,0.637574347493
8.236704,0.0565251230437,10.0677460476,0.989303548122,0.794478129363,10.9968465774,0.67293346423
8.23837,0.0565251230437,10.0677460476,1.03468442336,0.723759895889,10.9240348752,0.602215230756
8.240036,0.0565251230437,10.0677460476,1.03468442336,0.794478129363,10.9968465774,0.67293346423
8.241702,0.102669912711,10.1131269228,1.08006529859,0.794478129363,10.9968465774,0.67293346423
8.243368,0.194959492044,10.158507798,1.12544617383,0.865196362836,11.0696582797,0.708292580966
8.245034,0.0565251230437,10.0223651723,0.989303548122,0.794478129363,10.9604407263,0.708292580966
8.2467,0.0565251230437,10.0677460476,1.03468442336,0.759119012626,10.9240348752,0.637574347493
8.248366,0.0565251230437,10.0677460476,1.03468442336,0.794478129363,10.9240348752,0.637574347493
8.250032,0.148814702377,10.158507798,1.12544617383,0.794478129363,10.9968465774,0.67293346423
8.251698,0.0565251230437,10.0223651723,1.03468442336,0.723759895889,10.887629024,0.77901081444
8.253364,0.0565251230437,10.0677460476,1.03468442336,0.794478129363,10.9604407263,0.708292580966
8.25503,0.102669912711,10.0677460476,1.03468442336,0.794478129363,10.9604407263,0.67293346423
8.256696,0.194959492044,10.158507798,1.12544617383,0.794478129363,10.9240348752,0.67293346423
8.258362,0.0565251230437,10.0223651723,1.03468442336,0.829837246099,10.9968465774,0.67293346423
8.260028,0.0565251230437,10.0677460476,1.08006529859,0.794478129363,10.887629024,0.602215230756
8.261694,0.0565251230437,10.0677460476,1.08006529859,0.794478129363,10.9240348752,0.67293346423
8.26336,0.0565251230437,10.0223651723,1.08006529859,0.865196362836,10.9604407263,0.67293346423
8.265026,0.0565251230437,10.0223651723,1.08006529859,0.829837246099,10.9968465774,0.77901081444
8.266692,0.0565251230437,10.0677460476,1.08006529859,0.829837246099,10.9240348752,0.67293346423
8.268358,0.148814702377,10.158507798,1.17082704906,0.865196362836,10.9240348752,0.637574347493
8.270024,0.0565251230437,10.0223651723,1.08006529859,0.865196362836,10.887629024,0.67293346423
8.27169,0.0565251230437,10.0677460476,1.08006529859,0.865196362836,10.887629024,0.637574347493
8.273356,0.0565251230437,10.0223651723,1.08006529859,0.794478129363,10.8512231729,0.602215230756
8.275022,0.0103803333768,10.0223651723,1.08006529859,0.865196362836,10.887629024,0.637574347493
8.276688,0.0565251230437,10.0677460476,1.08006529859,0.865196362836,10.887629024,0.637574347493
8.278354,0.0565251230437,10.0223651723,1.08006529859,0.971273713047,10.9240348752,0.67293346423
8.28002,0.0565251230437,10.0677460476,1.08006529859,0.900555479573,10.887629024,0.637574347493
8.281686,0.0565251230437,10.0677460476,1.12544617383,0.865196362836,10.887629024,0.602215230756
8.283352,0.0565251230437,10.0677460476,1.12544617383,0.865196362836,10.887629024,0.637574347493
8.285018,0.148814702377,10.158507798,1.2162079243,0.93591459631,10.9240348752,0.637574347493
8.286684,0.148814702377,10.158507798,1.2162079243,0.865196362836,10.7784114706,0.637574347493
8.28835,0.102669912711,10.1131269228,1.26158879953,0.93591459631,10.887629024,0.602215230756
8.290016,0.0103803333768,10.0223651723,1.12544617383,0.93591459631,10.887629024,0.602215230756
8.291682,-0.0357644562901,10.0223651723,1.17082704906,0.93591459631,10.8512231729,0.602215230756
8.293348,-0.0357644562901,10.0223651723,1.17082704906,0.93591459631,10.887629024,0.637574347493
8.295014,-0.0357644562901,10.0223651723,1.17082704906,0.900555479573,10.8148173218,0.531496997282
8.29668,-0.0357644562901,10.0677460476,1.17082704906,0.93591459631,10.887629024,0.602215230756
8.298346,-0.0357644562901,10.0677460476,1.17082704906,0.971273713047,10.887629024,0.602215230756
8.300012,-0.0357644562901,10.0677460476,1.2162079243,1.07735106326,10.9968465774,0.637574347493
8.301678,-0.0357644562901,10.0677460476,1.2162079243,0.971273713047,10.887629024,0.602215230756
8.303344,-0.0357644562901,10.0677460476,1.2162079243,0.93591459631,10.8512231729,0.602215230756
8.30501,-0.0357644562901,10.0677460476,1.2162079243,0.93591459631,10.887629024,0.566856114019
8.306676,-0.0357644562901,10.0677460476,1.2162079243,0.971273713047,10.887629024,0.602215230756
8.308342,-0.0819092459569,10.0223651723,1.17082704906,0.900555479573,10.8148173218,0.531496997282
8.310008,-0.0357644562901,10.0677460476,1.2162079243,0.93591459631,10.8512231729,0.566856114019
8.311674,-0.0357644562901,10.0677460476,1.2162079243,0.93591459631,10.887629024,0.531496997282
8.31334,-0.0357644562901,10.0677460476,1.2162079243,0.93591459631,10.887629024,0.566856114019
8.315006,-0.0357644562901,10.1131269228,1.2162079243,0.971273713047,10.887629024,0.602215230756
8.316672,0.0565251230437,10.158507798,1.35235055001,0.900555479573,10.7784114706,0.566856114019
8.318338,0.0103803333768,10.1131269228,1.30696967477,1.00663282978,10.887629024,0.566856114019
8.320004,-0.0357644562901,10.0677460476,1.2162079243,0.971273713047,10.887629024,0.496137880546
8.32167,-0.0357644562901,10.1131269228,1.26158879953,0.971273713047,10.887629024,0.531496997282
8.323336,-0.0819092459569,10.1131269228,1.26158879953,0.93591459631,10.9240348752,0.566856114019
8.325002,-0.0819092459569,10.1131269228,1.26158879953,0.93591459631,10.8512231729,0.496137880546
8.326668,-0.0819092459569,10.1131269228,1.26158879953,0.971273713047,10.887629024,0.566856114019
8.328334,0.0103803333768,10.2038886733,1.35235055001,0.971273713047,10.9240348752,0.566856114019
8.33,-0.0819092459569,10.1131269228,1.26158879953,1.07735106326,10.9968465774,0.602215230756
8.331666,-0.0357644562901,10.158507798,1.26158879953,0.971273713047,10.9240348752,0.566856114019
8.333332,-0.0819092459569,10.158507798,1.26158879953,0.93591459631,10.9240348752,0.496137880546
8.334998,-0.0819092459569,10.1131269228,1.26158879953,0.93591459631,10.887629024,0.496137880546
8.336664,-0.0819092459569,10.1131269228,1.2162079243,0.971273713047,10.9604407263,0.566856114019
8.33833,-0.0819092459569,10.1131269228,1.2162079243,0.93591459631,10.887629024,0.460778763809
8.339996,-0.0819092459569,10.158507798,1.26158879953,0.971273713047,10.9240348752,0.531496997282
8.341662,-0.0819092459569,10.158507798,1.2162079243,0.971273713047,10.9968465774,0.496137880546
8.343328,-0.0819092459569,10.158507798,1.2162079243,1.04199194652,10.9968465774,0.566856114019
8.344994,-0.0819092459569,10.158507798,1.26158879953,0.93591459631,11.0332524286,0.531496997282
8.34666,-0.0819092459569,10.2038886733,1.26158879953,0.93591459631,10.9240348752,0.496137880546
8.348326,-0.0819092459569,10.158507798,1.26158879953,0.93591459631,10.9604407263,0.566856114019
8.349992,-0.0357644562901,10.2492695485,1.30696967477,0.93591459631,11.0332524286,0.496137880546
8.351658,-0.128054035624,10.158507798,1.26158879953,0.865196362836,11.0696582797,0.637574347493
8.353324,-0.0819092459569,10.2038886733,1.26158879953,0.93591459631,11.0332524286,0.496137880546
8.35499,-0.0819092459569,10.2038886733,1.26158879953,0.93591459631,10.9968465774,0.496137880546
8.356656,-0.0357644562901,10.2492695485,1.30696967477,0.971273713047,10.9968465774,0.496137880546
8.358322,-0.0819092459569,10.2038886733,1.26158879953,0.93591459631,11.0696582797,0.566856114019
8.359988,0.0565251230437,10.340031299,1.35235055001,0.900555479573,10.9240348752,0.460778763809
8.361654,-0.0819092459569,10.2038886733,1.2162079243,0.93591459631,11.0332524286,0.496137880546
8.36332,-0.0819092459569,10.2038886733,1.26158879953,0.93591459631,11.0696582797,0.531496997282
8.364986,-0.0357644562901,10.2946504237,1.26158879953,1.04199194652,11.1060641308,0.566856114019
8.366652,-0.0819092459569,10.2038886733,1.2162079243,0.93591459631,11.0332524286,0.531496997282
8.368318,-0.0819092459569,10.2492695485,1.26158879953,0.900555479573,10.9968465774,0.496137880546
8.369984,0.0103803333768,10.340031299,1.30696967477,0.900555479573,10.9968465774,0.496137880546
8.37165,-0.128054035624,10.2038886733,1.2162079243,0.93591459631,11.0332524286,0.566856114019
8.373316,-0.0819092459569,10.2492695485,1.2162079243,0.865196362836,11.0332524286,0.602215230756
8.374982,-0.0819092459569,10.2492695485,1.2162079243,0.93591459631,11.0696582797,0.531496997282
8.376648,-0.0819092459569,10.2492695485,1.2162079243,0.93591459631,11.0332524286,0.496137880546
8.378314,-0.0819092459569,10.2492695485,1.2162079243,0.93591459631,11.0696582797,0.496137880546
8.37998,-0.0357644562901,10.2946504237,1.26158879953,0.93591459631,11.0696582797,0.566856114019
8.381646,-0.0357644562901,10.340031299,1.26158879953,0.865196362836,10.9968465774,0.460778763809
8.383312,-0.0357644562901,10.2946504237,1.2162079243,0.900555479573,11.0332524286,0.566856114019
8.384978,-0.0357644562901,10.2946504237,1.2162079243,0.93591459631,11.0332524286,0.531496997282
8.386644,0.0103803333768,10.340031299,1.26158879953,0.971273713047,11.142469982,0.602215230756
8.38831,0.0103803333768,10.340031299,1.30696967477,0.93591459631,11.0332524286,0.566856114019
8.389976,0.0103803333768,10.340031299,1.26158879953,0.900555479573,11.0332524286,0.496137880546
8.391642,0.0565251230437,10.340031299,1.30696967477,0.93591459631,11.0332524286,0.496137880546
8.393308,-0.0819092459569,10.2038886733,1.2162079243,0.900555479573,11.0696582797,0.566856114019
8.394974,-0.0819092459569,10.2492695485,1.17082704906,0.865196362836,10.9968465774,0.496137880546
8.39664,-0.0819092459569,10.2492695485,1.2162079243,0.93591459631,11.0332524286,0.566856114019
8.398306,-0.0819092459569,10.2492695485,1.17082704906,0.93591459631,11.0332524286,0.531496997282
8.399972,-0.0357644562901,10.2946504237,1.2162079243,1.00663282978,11.0696582797,0.531496997282
8.401638,-0.0357644562901,10.2946504237,1.2162079243,0.93591459631,11.0696582797,0.566856114019
8.403304,0.0565251230437,10.2946504237,1.2162079243,0.900555479573,11.0332524286,0.496137880546
8.40497,0.0103803333768,10.2492695485,1.26158879953,0.900555479573,10.9968465774,0.566856114019
8.406636,0.0565251230437,10.2946504237,1.26158879953,0.900555479573,11.0332524286,0.566856114019
8.408302,0.0565251230437,10.2946504237,1.26158879953,0.93591459631,11.1060641308,0.67293346423
8.409968,-0.0357644562901,10.2038886733,1.17082704906,0.93591459631,11.0332524286,0.602215230756
8.411634,-0.0357644562901,10.2038886733,1.17082704906,0.900555479573,10.9968465774,0.566856114019
8.4133,-0.0357644562901,10.2038886733,1.17082704906,0.900555479573,10.9604407263,0.566856114019
8.414966,-0.0357644562901,10.158507798,1.17082704906,0.900555479573,11.0332524286,0.602215230756
8.416632,0.0565251230437,10.2492695485,1.2162079243,0.865196362836,10.9240348752,0.531496997282
8.418298,-0.0357644562901,10.158507798,1.12544617383,0.93591459631,10.9968465774,0.602215230756
8.419964,-0.0357644562901,10.158507798,1.17082704906,0.93591459631,10.9968465774,0.602215230756
8.42163,-0.0357644562901,10.158507798,1.12544617383,1.04199194652,11.0696582797,0.637574347493
8.423296,0.0103803333768,10.158507798,1.17082704906,0.93591459631,10.9968465774,0.602215230756
8.424962,0.0103803333768,10.158507798,1.17082704906,0.93591459631,10.9240348752,0.566856114019
8.426628,0.0103803333768,10.1131269228,1.17082704906,0.93591459631,10.9604407263,0.602215230756
8.428294,0.0565251230437,10.2038886733,1.2162079243,0.93591459631,10.9604407263,0.602215230756
8.42996,0.0103803333768,10.1131269228,1.12544617383,0.865196362836,10.9240348752,0.67293346423
8.431626,0.0103803333768,10.1131269228,1.17082704906,0.93591459631,10.9968465774,0.637574347493
8.433292,0.0565251230437,10.1131269228,1.17082704906,0.900555479573,10.9240348752,0.602215230756
8.434958,0.0103803333768,10.0677460476,1.12544617383,0.93591459631,10.9240348752,0.602215230756
8.436624,0.0565251230437,10.0677460476,1.17082704906,0.93591459631,10.9604407263,0.637574347493
8.43829,0.0565251230437,10.0677460476,1.2162079243,0.865196362836,10.887629024,0.566856114019
8.439956,0.0103803333768,10.0677460476,1.17082704906,0.900555479573,10.9240348752,0.67293346423
8.441622,0.0103803333768,10.0223651723,1.12544617383,0.900555479573,10.9240348752,0.637574347493
8.443288,0.0565251230437,10.0223651723,1.17082704906,1.00663282978,11.0332524286,0.67293346423
8.444954,0.0565251230437,10.0223651723,1.17082704906,0.93591459631,10.9240348752,0.67293346423
8.44662,0.102669912711,10.0677460476,1.2162079243,0.900555479573,10.887629024,0.602215230756
8.448286,0.148814702377,10.1131269228,1.2162079243,0.900555479573,10.887629024,0.67293346423
8.449952,0.0565251230437,10.0223651723,1.17082704906,0.93591459631,10.9604407263,0.67293346423
8.451618,0.0565251230437,10.0223651723,1.17082704906,0.865196362836,10.8148173218,0.602215230756
8.453284,0.0565251230437,10.0223651723,1.17082704906,0.93591459631,10.9240348752,0.67293346423
8.45495,0.148814702377,10.0677460476,1.26158879953,0.900555479573,10.9240348752,0.637574347493
8.456616,0.0565251230437,9.9769842971,1.17082704906,0.93591459631,10.887629024,0.637574347493
8.458282,0.0103803333768,9.9769842971,1.17082704906,0.93591459631,10.9240348752,0.67293346423
8.459948,0.0565251230437,9.9769842971,1.17082704906,0.93591459631,10.887629024,0.602215230756
8.461614,0.0565251230437,10.0223651723,1.17082704906,0.900555479573,10.887629024,0.637574347493
8.46328,0.0565251230437,9.9769842971,1.17082704906,0.93591459631,10.9240348752,0.67293346423
8.464946,0.0565251230437,9.9769842971,1.17082704906,1.04199194652,10.9604407263,0.708292580966
8.466612,0.0565251230437,9.9769842971,1.12544617383,0.900555479573,10.887629024,0.637574347493
8.468278,0.0565251230437,9.9769842971,1.17082704906,0.93591459631,10.887629024,0.637574347493
8.469944,0.0565251230437,9.9769842971,1.17082704906,0.93591459631,10.887629024,0.637574347493
8.47161,0.0565251230437,9.9769842971,1.12544617383,0.93591459631,10.9240348752,0.637574347493
8.473276,0.0565251230437,9.9769842971,1.17082704906,0.865196362836,10.8148173218,0.602215230756
8.474942,0.0565251230437,9.9769842971,1.12544617383,0.900555479573,10.887629024,0.637574347493
8.476608,0.0565251230437,9.9769842971,1.12544617383,0.93591459631,10.887629024,0.67293346423
8.478274,0.0565251230437,9.9769842971,1.17082704906,0.971273713047,11.0332524286,0.708292580966
8.47994,0.0103803333768,9.9769842971,1.12544617383,0.900555479573,10.887629024,0.67293346423
8.481606,0.0565251230437,10.0223651723,1.17082704906,0.93591459631,10.887629024,0.602215230756
8.483272,0.0103803333768,9.9769842971,1.17082704906,0.93591459631,10.887629024,0.637574347493
8.484938,0.0565251230437,10.0223651723,1.12544617383,0.93591459631,10.9240348752,0.637574347493
8.486604,0.0103803333768,10.0223651723,1.12544617383,0.865196362836,10.8148173218,0.531496997282
8.48827,0.0565251230437,10.0223651723,1.12544617383,0.93591459631,10.887629024,0.637574347493
8.489936,0.0565251230437,10.0677460476,1.17082704906,0.900555479573,10.887629024,0.602215230756
8.491602,-0.0357644562901,10.0223651723,1.12544617383,1.00663282978,10.9604407263,0.637574347493
8.493268,-0.0357644562901,10.0223651723,1.12544617383,0.93591459631,10.9240348752,0.637574347493
8.494934,-0.0357644562901,10.0677460476,1.12544617383,0.865196362836,10.887629024,0.566856114019
8.4966,0.0103803333768,10.0677460476,1.17082704906,0.900555479573,10.887629024,0.602215230756
8.498266,-0.0357644562901,10.0677460476,1.12544617383,0.93591459631,10.9240348752,0.602215230756
8.499932,0.102669912711,10.158507798,1.26158879953,0.865196362836,10.8512231729,0.531496997282
8.501598,-0.0357644562901,10.0677460476,1.12544617383,0.900555479573,10.9240348752,0.566856114019
8.503264,-0.0357644562901,10.0677460476,1.12544617383,0.900555479573,10.9240348752,0.602215230756
8.50493,-0.0357644562901,10.1131269228,1.17082704906,0.971273713047,10.9240348752,0.602215230756
8.506596,-0.0357644562901,10.1131269228,1.12544617383,0.900555479573,10.9240348752,0.602215230756
8.508262,-0.0357644562901,10.1131269228,1.12544617383,0.829837246099,10.887629024,0.531496997282
8.509928,0.0565251230437,10.2038886733,1.26158879953,0.865196362836,10.887629024,0.566856114019
8.511594,-0.0357644562901,10.1131269228,1.12544617383,0.900555479573,10.9240348752,0.566856114019
8.51326,-0.0357644562901,10.1131269228,1.12544617383,0.794478129363,10.8512231729,0.460778763809
8.514926,0.0565251230437,10.2492695485,1.2162079243,0.900555479573,10.9240348752,0.566856114019
8.516592,-0.0819092459569,10.1131269228,1.12544617383,0.865196362836,10.9240348752,0.566856114019
8.518258,-0.0819092459569,10.158507798,1.17082704906,0.971273713047,11.0332524286,0.602215230756
8.519924,-0.0819092459569,10.158507798,1.12544617383,0.865196362836,10.9240348752,0.566856114019
8.52159,0.0103803333768,10.2492695485,1.26158879953,0.829837246099,10.9240348752,0.496137880546
8.523256,-0.0819092459569,10.158507798,1.12544617383,0.794478129363,10.9240348752,0.531496997282
8.524922,-0.0819092459569,10.158507798,1.12544617383,0.865196362836,10.9968465774,0.496137880546
8.526588,-0.0819092459569,10.2038886733,1.12544617383,0.794478129363,10.887629024,0.460778763809
8.528254,0.0103803333768,10.2946504237,1.2162079243,0.865196362836,10.9240348752,0.566856114019
8.52992,-0.0819092459569,10.2038886733,1.12544617383,0.865196362836,10.9604407263,0.531496997282
8.531586,-0.0819092459569,10.2038886733,1.17082704906,0.93591459631,11.0696582797,0.602215230756
8.533252,-0.0357644562901,10.2492695485,1.17082704906,0.829837246099,10.9968465774,0.566856114019
8.534918,-0.128054035624,10.158507798,1.12544617383,0.794478129363,10.9604407263,0.460778763809
8.536584,-0.0819092459569,10.2038886733,1.12544617383,0.829837246099,10.9604407263,0.460778763809
8.53825,-0.0819092459569,10.2038886733,1.12544617383,0.794478129363,10.9968465774,0.496137880546
8.539916,-0.0357644562901,10.2492695485,1.2162079243,0.794478129363,10.887629024,0.496137880546
8.541582,-0.128054035624,10.158507798,1.12544617383,0.794478129363,10.9604407263,0.496137880546
8.543248,-0.128054035624,10.2038886733,1.12544617383,0.829837246099,10.9968465774,0.496137880546
8.544914,-0.128054035624,10.2038886733,1.12544617383,0.93591459631,11.0332524286,0.531496997282
8.54658,-0.128054035624,10.2038886733,1.12544617383,0.829837246099,11.0332524286,0.531496997282
8.548246,-0.0819092459569,10.2492695485,1.17082704906,0.794478129363,10.9240348752,0.460778763809
8.549912,-0.128054035624,10.2038886733,1.12544617383,0.794478129363,10.9604407263,0.460778763809
8.551578,-0.0819092459569,10.2038886733,1.12544617383,0.865196362836,10.9968465774,0.496137880546
8.553244,-0.128054035624,10.158507798,1.12544617383,0.900555479573,11.0696582797,0.602215230756
8.55491,-0.128054035624,10.2038886733,1.12544617383,0.865196362836,10.9968465774,0.496137880546
8.556576,-0.128054035624,10.2038886733,1.12544617383,0.829837246099,10.9968465774,0.496137880546
8.558242,-0.128054035624,10.2038886733,1.17082704906,0.829837246099,10.9240348752,0.496137880546
8.559908,-0.0819092459569,10.158507798,1.17082704906,0.865196362836,10.9604407263,0.496137880546
8.561574,-0.0357644562901,10.2492695485,1.2162079243,0.794478129363,10.887629024,0.460778763809
8.56324,-0.128054035624,10.158507798,1.12544617383,0.829837246099,10.9968465774,0.496137880546
8.564906,-0.128054035624,10.158507798,1.17082704906,0.829837246099,10.9968465774,0.496137880546
8.566572,-0.128054035624,10.158507798,1.17082704906,0.865196362836,10.9968465774,0.496137880546
8.568238,-0.0819092459569,10.2038886733,1.17082704906,0.865196362836,10.9604407263,0.531496997282
8.569904,-0.128054035624,10.158507798,1.17082704906,0.794478129363,10.9240348752,0.460778763809
8.57157,-0.128054035624,10.158507798,1.17082704906,0.794478129363,10.9240348752,0.496137880546
8.573236,-0.128054035624,10.158507798,1.17082704906,0.865196362836,10.9604407263,0.496137880546
8.574902,-0.0819092459569,10.158507798,1.17082704906,0.900555479573,11.0696582797,0.602215230756
8.576568,-0.0819092459569,10.158507798,1.17082704906,0.900555479573,10.9604407263,0.531496997282
8.578234,-0.0819092459569,10.2038886733,1.17082704906,0.865196362836,10.9240348752,0.496137880546
8.5799,-0.0819092459569,10.158507798,1.17082704906,0.865196362836,10.887629024,0.460778763809
8.581566,-0.128054035624,10.1131269228,1.17082704906,0.865196362836,10.9240348752,0.531496997282
8.583232,0.0103803333768,10.2492695485,1.26158879953,0.794478129363,10.8512231729,0.496137880546
8.584898,-0.128054035624,10.1131269228,1.17082704906,0.865196362836,10.9240348752,0.496137880546
8.586564,-0.0819092459569,10.1131269228,1.17082704906,0.865196362836,10.887629024,0.496137880546
8.58823,0.0103803333768,10.2038886733,1.2162079243,0.865196362836,10.887629024,0.496137880546
8.589896,-0.0819092459569,10.1131269228,1.17082704906,0.900555479573,10.9240348752,0.566856114019
8.591562,-0.0819092459569,10.1131269228,1.17082704906,0.829837246099,10.8512231729,0.460778763809
8.593228,-0.128054035624,10.0677460476,1.12544617383,0.865196362836,10.887629024,0.496137880546
8.594894,-0.0819092459569,10.1131269228,1.17082704906,0.93591459631,10.887629024,0.566856114019
8.59656,-0.0819092459569,10.1131269228,1.17082704906,0.971273713047,10.9968465774,0.602215230756
8.598226,-0.0819092459569,10.1131269228,1.17082704906,0.93591459631,10.887629024,0.566856114019
8.599892,0.0103803333768,10.2038886733,1.26158879953,0.900555479573,10.8512231729,0.496137880546
8.601558,-0.0819092459569,10.0677460476,1.17082704906,0.865196362836,10.8512231729,0.496137880546
8.603224,-0.0819092459569,10.0677460476,1.17082704906,0.93591459631,10.887629024,0.531496997282
8.60489,-0.0819092459569,10.0677460476,1.17082704906,0.865196362836,10.7784114706,0.460778763809
8.606556,-0.0819092459569,10.0677460476,1.17082704906,0.900555479573,10.8148173218,0.566856114019
8.608222,-0.0819092459569,10.0677460476,1.17082704906,0.93591459631,10.8512231729,0.531496997282
8.609888,-0.0357644562901,10.0677460476,1.17082704906,0.971273713047,10.887629024,0.566856114019
8.611554,-0.0357644562901,10.0677460476,1.2162079243,0.93591459631,10.8512231729,0.602215230756
8.61322,-0.0357644562901,10.0677460476,1.17082704906,0.900555479573,10.8148173218,0.460778763809
8.614886,-0.0357644562901,10.0677460476,1.17082704906,0.900555479573,10.8512231729,0.602215230756
8.616552,-0.0357644562901,10.0677460476,1.2162079243,0.900555479573,10.8512231729,0.566856114019
8.618218,-0.0819092459569,10.0223651723,1.17082704906,1.00663282978,10.9604407263,0.637574347493
8.619884,-0.0357644562901,10.0677460476,1.17082704906,0.93591459631,10.8512231729,0.602215230756
8.62155,-0.0357644562901,10.0223651723,1.12544617383,0.900555479573,10.7784114706,0.531496997282
8.623216,-0.0357644562901,10.0223651723,1.17082704906,0.900555479573,10.8148173218,0.602215230756
8.624882,-0.0357644562901,10.0223651723,1.17082704906,0.93591459631,10.887629024,0.637574347493
8.626548,-0.0357644562901,10.0223651723,1.17082704906,0.865196362836,10.8148173218,0.531496997282
8.628214,-0.0357644562901,10.0223651723,1.17082704906,0.93591459631,10.8512231729,0.602215230756
8.62988,0.0103803333768,10.0223651723,1.17082704906,0.93591459631,10.8512231729,0.602215230756
8.631546,0.102669912711,10.158507798,1.30696967477,1.00663282978,10.887629024,0.602215230756
8.633212,-0.0357644562901,10.0223651723,1.17082704906,0.93591459631,10.887629024,0.637574347493
8.634878,0.0103803333768,10.0223651723,1.17082704906,0.900555479573,10.8148173218,0.602215230756
8.636544,0.148814702377,10.1131269228,1.26158879953,0.900555479573,10.8512231729,0.602215230756
8.63821,0.0103803333768,10.0223651723,1.12544617383,0.93591459631,10.887629024,0.637574347493
8.639876,0.0565251230437,10.0223651723,1.12544617383,0.900555479573,10.9968465774,0.77901081444
8.641542,0.0565251230437,10.0223651723,1.17082704906,0.93591459631,10.9240348752,0.67293346423
8.643208,0.102669912711,10.0677460476,1.2162079243,0.93591459631,10.887629024,0.637574347493
8.644874,0.0103803333768,10.0223651723,1.17082704906,0.900555479573,10.887629024,0.637574347493
8.64654,0.0565251230437,10.0223651723,1.17082704906,0.93591459631,10.9240348752,0.67293346423
8.648206,0.0565251230437,10.0223651723,1.2162079243,0.900555479573,10.8512231729,0.602215230756
8.649872,0.0565251230437,10.0223651723,1.17082704906,0.93591459631,10.9240348752,0.637574347493
8.651538,0.0565251230437,10.0677460476,1.12544617383,0.93591459631,10.9240348752,0.637574347493
8.653204,0.0565251230437,10.0677460476,1.17082704906,1.04199194652,11.0696582797,0.743651697703
8.65487,0.102669912711,10.1131269228,1.2162079243,0.93591459631,10.9604407263,0.708292580966
8.656536,0.194959492044,10.158507798,1.30696967477,0.900555479573,10.9240348752,0.67293346423
8.658202,0.0565251230437,10.0223651723,1.12544617383,0.93591459631,10.9604407263,0.637574347493
8.659868,0.0565251230437,10.0223651723,1.12544617383,0.93591459631,10.9968465774,0.708292580966
8.661534,0.0565251230437,10.0677460476,1.17082704906,0.865196362836,10.9240348752,0.602215230756
8.6632,0.102669912711,10.0677460476,1.17082704906,0.93591459631,10.9968465774,0.708292580966
8.664866,0.0565251230437,10.0677460476,1.12544617383,0.93591459631,10.9968465774,0.67293346423
8.666532,0.0565251230437,10.0677460476,1.17082704906,1.04199194652,11.1060641308,0.743651697703
8.668198,0.0565251230437,10.0677460476,1.2162079243,0.93591459631,10.9968465774,0.708292580966
8.669864,0.102669912711,10.1131269228,1.17082704906,0.900555479573,10.9968465774,0.637574347493
8.67153,0.0565251230437,10.1131269228,1.12544617383,0.900555479573,10.9968465774,0.67293346423
8.673196,0.0565251230437,10.1131269228,1.12544617383,0.93591459631,11.0332524286,0.708292580966
8.674862,0.0565251230437,10.1131269228,1.12544617383,0.865196362836,11.0696582797,0.77901081444
8.676528,0.0565251230437,10.1131269228,1.17082704906,0.900555479573,11.0332524286,0.708292580966
8.678194,0.0565251230437,10.1131269228,1.17082704906,0.93591459631,11.0332524286,0.67293346423
8.67986,0.0565251230437,10.1131269228,1.12544617383,0.93591459631,11.0332524286,0.67293346423
8.681526,0.0565251230437,10.158507798,1.12544617383,0.93591459631,11.0696582797,0.67293346423
8.683192,0.0565251230437,10.1131269228,1.17082704906,0.865196362836,10.9968465774,0.637574347493
8.684858,0.0565251230437,10.158507798,1.17082704906,0.900555479573,11.0332524286,0.67293346423
8.686524,0.0565251230437,10.158507798,1.17082704906,0.900555479573,11.0696582797,0.67293346423
8.68819,0.0565251230437,10.158507798,1.17082704906,0.829837246099,10.9604407263,0.708292580966
8.689856,0.0565251230437,10.158507798,1.12544617383,0.900555479573,11.0332524286,0.67293346423
8.691522,0.0565251230437,10.2038886733,1.17082704906,0.900555479573,11.0332524286,0.637574347493
8.693188,0.0565251230437,10.2038886733,1.17082704906,0.971273713047,11.0696582797,0.637574347493
8.694854,0.0565251230437,10.2038886733,1.17082704906,0.93591459631,11.0696582797,0.637574347493
8.69652,0.0565251230437,10.2038886733,1.17082704906,0.865196362836,11.0332524286,0.566856114019
8.698186,0.0103803333768,10.2038886733,1.17082704906,0.900555479573,11.0696582797,0.637574347493
8.699852,0.0565251230437,10.2038886733,1.17082704906,0.93591459631,11.0696582797,0.637574347493
8.701518,0.0565251230437,10.2038886733,1.12544617383,0.900555479573,11.1060641308,0.743651697703
8.703184,0.102669912711,10.2492695485,1.26158879953,0.900555479573,11.0696582797,0.637574347493
8.70485,0.0103803333768,10.2038886733,1.17082704906,0.900555479573,11.0696582797,0.602215230756
8.706516,-0.0357644562901,10.2038886733,1.17082704906,0.93591459631,11.0696582797,0.602215230756
8.708182,0.148814702377,10.340031299,1.30696967477,0.93591459631,11.0696582797,0.637574347493
8.709848,0.102669912711,10.2946504237,1.30696967477,0.865196362836,10.9968465774,0.531496997282
8.711514,0.102669912711,10.340031299,1.26158879953,0.93591459631,11.0332524286,0.602215230756
8.71318,0.102669912711,10.2946504237,1.26158879953,0.900555479573,11.0696582797,0.602215230756
8.714846,0.0565251230437,10.2946504237,1.26158879953,1.00663282978,11.1060641308,0.602215230756
8.716512,0.0103803333768,10.2492695485,1.2162079243,0.93591459631,11.0696582797,0.602215230756
8.718178,-0.0357644562901,10.2038886733,1.17082704906,0.900555479573,11.0332524286,0.566856114019
8.719844,-0.0357644562901,10.2492695485,1.17082704906,0.900555479573,11.0332524286,0.566856114019
8.72151,-0.0357644562901,10.2492695485,1.17082704906,0.93591459631,11.0696582797,0.566856114019
8.723176,0.0103803333768,10.2946504237,1.2162079243,0.865196362836,10.9604407263,0.496137880546
8.724842,-0.0357644562901,10.2038886733,1.17082704906,0.93591459631,11.0332524286,0.602215230756
8.726508,-0.0357644562901,10.2492695485,1.2162079243,0.93591459631,11.0332524286,0.566856114019
8.728174,-0.0357644562901,10.2492695485,1.2162079243,1.04199194652,11.0696582797,0.602215230756
8.72984,-0.0357644562901,10.2038886733,1.2162079243,0.93591459631,11.0696582797,0.566856114019
8.731506,-0.0357644562901,10.2492695485,1.2162079243,0.93591459631,10.9968465774,0.496137880546
8.733172,-0.0357644562901,10.2038886733,1.2162079243,0.93591459631,10.9968465774,0.566856114019
8.734838,-0.0819092459569,10.2038886733,1.2162079243,0.93591459631,10.9968465774,0.531496997282
8.736504,-0.0819092459569,10.2038886733,1.2162079243,0.900555479573,11.0696582797,0.67293346423
8.73817,-0.0819092459569,10.2038886733,1.2162079243,0.93591459631,10.9968465774,0.566856114019
8.739836,-0.0819092459569,10.2038886733,1.2162079243,0.93591459631,10.9968465774,0.496137880546
8.741502,-0.0357644562901,10.2038886733,1.2162079243,0.93591459631,10.9968465774,0.531496997282
8.743168,0.0565251230437,10.2946504237,1.35235055001,0.93591459631,10.9968465774,0.566856114019
8.744834,-0.0819092459569,10.2038886733,1.26158879953,0.900555479573,10.9240348752,0.602215230756
8.7465,-0.0819092459569,10.2038886733,1.26158879953,0.93591459631,10.9968465774,0.566856114019
8.748166,-0.0819092459569,10.2038886733,1.26158879953,0.93591459631,10.9240348752,0.496137880546
8.749832,-0.0819092459569,10.2038886733,1.26158879953,0.93591459631,10.9240348752,0.531496997282
8.751498,-0.0819092459569,10.2038886733,1.26158879953,0.93591459631,10.9968465774,0.566856114019
8.753164,-0.0357644562901,10.2038886733,1.26158879953,0.900555479573,10.887629024,0.460778763809
8.75483,-0.0357644562901,10.2038886733,1.26158879953,0.93591459631,10.887629024,0.531496997282
8.756496,0.0565251230437,10.2492695485,1.35235055001,0.93591459631,10.9240348752,0.531496997282
8.758162,0.0103803333768,10.2038886733,1.35235055001,1.04199194652,10.9968465774,0.602215230756
8.759828,-0.0819092459569,10.158507798,1.30696967477,0.93591459631,10.9604407263,0.531496997282
8.761494,-0.0819092459569,10.1131269228,1.2162079243,0.93591459631,10.887629024,0.496137880546
8.76316,-0.0819092459569,10.1131269228,1.26158879953,0.93591459631,10.887629024,0.496137880546
8.764826,-0.0819092459569,10.1131269228,1.30696967477,0.971273713047,10.9240348752,0.531496997282
8.766492,-0.0819092459569,10.1131269228,1.26158879953,0.900555479573,10.8512231729,0.602215230756
8.768158,-0.0819092459569,10.1131269228,1.26158879953,0.93591459631,10.9240348752,0.566856114019
8.769824,-0.0819092459569,10.1131269228,1.26158879953,0.93591459631,10.887629024,0.496137880546
8.77149,-0.0819092459569,10.1131269228,1.26158879953,1.00663282978,10.9240348752,0.566856114019
8.773156,-0.0819092459569,10.1131269228,1.26158879953,0.93591459631,10.887629024,0.531496997282
8.774822,-0.0819092459569,10.1131269228,1.26158879953,0.93591459631,10.8148173218,0.496137880546
8.776488,-0.0819092459569,10.0677460476,1.26158879953,0.93591459631,10.887629024,0.566856114019
8.778154,-0.0819092459569,10.0677460476,1.2162079243,0.971273713047,10.887629024,0.496137880546
8.77982,-0.0819092459569,10.0677460476,1.26158879953,1.04199194652,10.9968465774,0.602215230756
8.781486,-0.0819092459569,10.0677460476,1.2162079243,0.971273713047,10.887629024,0.531496997282
8.783152,-0.0819092459569,10.0677460476,1.2162079243,0.93591459631,10.887629024,0.496137880546
8.784818,0.0103803333768,10.158507798,1.35235055001,0.93591459631,10.8512231729,0.496137880546
8.786484,0.0103803333768,10.158507798,1.30696967477,0.93591459631,10.887629024,0.566856114019
8.78815,-0.0819092459569,10.0677460476,1.2162079243,0.900555479573,10.7784114706,0.496137880546
8.789816,-0.0819092459569,10.0677460476,1.2162079243,0.93591459631,10.887629024,0.566856114019
8.791482,-0.0819092459569,10.0677460476,1.2162079243,0.93591459631,10.887629024,0.566856114019
8.793148,-0.0357644562901,10.1131269228,1.2162079243,1.00663282978,10.9240348752,0.602215230756
8.794814,-0.0357644562901,10.0677460476,1.2162079243,0.93591459631,10.9240348752,0.602215230756
8.79648,-0.0357644562901,10.0677460476,1.2162079243,0.865196362836,10.8148173218,0.496137880546
8.798146,0.0103803333768,10.1131269228,1.26158879953,0.93591459631,10.8148173218,0.566856114019
8.799812,-0.0819092459569,10.0677460476,1.2162079243,0.93591459631,10.887629024,0.566856114019
8.801478,-0.0357644562901,10.0677460476,1.2162079243,0.829837246099,10.8148173218,0.602215230756
8.803144,0.0565251230437,10.158507798,1.30696967477,0.900555479573,10.887629024,0.566856114019
8.80481,-0.0819092459569,10.0677460476,1.17082704906,0.93591459631,10.887629024,0.566856114019
8.806476,-0.0357644562901,10.0677460476,1.17082704906,0.93591459631,10.887629024,0.566856114019
8.808142,-0.0819092459569,10.0677460476,1.17082704906,0.900555479573,10.887629024,0.602215230756
8.809808,-0.0357644562901,10.0677460476,1.17082704906,0.900555479573,10.8148173218,0.531496997282
8.811474,-0.0357644562901,10.0677460476,1.17082704906,0.865196362836,10.8512231729,0.566856114019
8.81314,-0.0357644562901,10.0677460476,1.17082704906,0.900555479573,10.887629024,0.602215230756
8.814806,-0.0357644562901,10.1131269228,1.17082704906,0.829837246099,10.8148173218,0.566856114019
8.816472,-0.0357644562901,10.0677460476,1.12544617383,0.865196362836,10.887629024,0.602215230756
8.818138,-0.0357644562901,10.0677460476,1.12544617383,0.900555479573,10.8512231729,0.566856114019
8.819804,-0.0357644562901,10.0677460476,1.12544617383,0.865196362836,10.887629024,0.566856114019
8.82147,-0.0357644562901,10.0677460476,1.12544617383,0.900555479573,10.887629024,0.602215230756
8.823136,-0.0357644562901,10.0677460476,1.12544617383,0.794478129363,10.8512231729,0.496137880546
8.824802,-0.0357644562901,10.1131269228,1.08006529859,0.829837246099,10.9240348752,0.602215230756
8.826468,-0.0357644562901,10.0677460476,1.12544617383,0.900555479573,10.9240348752,0.602215230756
8.828134,0.0103803333768,10.1131269228,1.12544617383,0.900555479573,11.0332524286,0.67293346423
8.8298,0.0565251230437,10.1131269228,1.08006529859,0.865196362836,10.9240348752,0.602215230756
8.831466,-0.0357644562901,10.0677460476,1.08006529859,0.829837246099,10.887629024,0.566856114019
8.833132,0.0103803333768,10.1131269228,1.08006529859,0.829837246099,10.9240348752,0.602215230756
8.834798,0.0103803333768,10.0677460476,1.03468442336,0.829837246099,10.9240348752,0.637574347493
8.836464,0.0103803333768,10.1131269228,1.08006529859,0.759119012626,10.887629024,0.708292580966
8.83813,0.0565251230437,10.1131269228,1.12544617383,0.865196362836,10.9240348752,0.637574347493
8.839796,0.102669912711,10.2038886733,1.12544617383,0.829837246099,10.9240348752,0.602215230756
8.841462,0.0565251230437,10.158507798,1.12544617383,0.865196362836,10.9240348752,0.602215230756
8.843128,0.0103803333768,10.1131269228,1.08006529859,0.829837246099,10.9604407263,0.637574347493
8.844794,0.0565251230437,10.1131269228,1.03468442336,0.759119012626,10.887629024,0.566856114019
8.84646,0.0103803333768,10.1131269228,1.08006529859,0.829837246099,10.9240348752,0.637574347493
8.848126,0.0103803333768,10.1131269228,1.03468442336,0.829837246099,10.9968465774,0.637574347493
8.849792,0.0565251230437,10.1131269228,1.03468442336,0.93591459631,11.0332524286,0.67293346423
8.851458,0.0565251230437,10.1131269228,1.03468442336,0.794478129363,10.9968465774,0.67293346423
8.853124,0.0565251230437,10.1131269228,1.03468442336,0.794478129363,10.9240348752,0.602215230756
8.85479,0.0565251230437,10.1131269228,1.03468442336,0.794478129363,10.9240348752,0.67293346423
8.856456,0.148814702377,10.158507798,1.17082704906,0.794478129363,10.9968465774,0.637574347493
8.858122,0.0565251230437,10.1131269228,1.03468442336,0.759119012626,10.9240348752,0.743651697703
8.859788,0.102669912711,10.1131269228,1.03468442336,0.794478129363,10.9968465774,0.67293346423
8.861454,0.0565251230437,10.0677460476,1.03468442336,0.759119012626,10.9604407263,0.637574347493
8.86312,0.0565251230437,10.0677460476,1.03468442336,0.829837246099,10.9604407263,0.67293346423
8.864786,0.0565251230437,10.1131269228,1.03468442336,0.794478129363,10.9968465774,0.67293346423
8.866452,0.0565251230437,10.0677460476,1.03468442336,0.759119012626,10.9240348752,0.602215230756
8.868118,0.148814702377,10.2038886733,1.12544617383,0.794478129363,10.9604407263,0.67293346423
8.869784,0.102669912711,10.1131269228,1.08006529859,0.794478129363,10.9968465774,0.637574347493
8.87145,0.0565251230437,10.0677460476,1.03468442336,0.93591459631,11.0696582797,0.743651697703
8.873116,0.0565251230437,10.1131269228,1.03468442336,0.794478129363,10.9968465774,0.67293346423
8.874782,0.102669912711,10.0677460476,1.03468442336,0.794478129363,10.9604407263,0.637574347493
8.876448,0.102669912711,10.0677460476,1.08006529859,0.794478129363,10.9604407263,0.67293346423
8.878114,0.0565251230437,10.0677460476,1.03468442336,0.794478129363,10.9968465774,0.67293346423
8.87978,0.148814702377,10.158507798,1.12544617383,0.759119012626,10.887629024,0.602215230756
8.881446,0.0565251230437,10.0677460476,1.03468442336,0.794478129363,10.9604407263,0.67293346423
8.883112,0.0565251230437,10.0677460476,1.08006529859,0.794478129363,10.9604407263,0.637574347493
8.884778,0.0565251230437,10.1131269228,1.08006529859,0.900555479573,10.9604407263,0.67293346423
8.886444,0.102669912711,10.1131269228,1.08006529859,0.794478129363,10.9968465774,0.67293346423
8.88811,0.0565251230437,10.0677460476,1.08006529859,0.794478129363,10.9240348752,0.637574347493
8.889776,0.102669912711,10.0677460476,1.08006529859,0.794478129363,10.9240348752,0.637574347493
8.891442,0.148814702377,10.158507798,1.17082704906,0.829837246099,10.9968465774,0.67293346423
8.893108,0.148814702377,10.158507798,1.17082704906,0.794478129363,10.887629024,0.602215230756
8.894774,0.0103803333768,10.0223651723,1.03468442336,0.829837246099,10.9604407263,0.637574347493
8.89644,0.0565251230437,10.0677460476,1.08006529859,0.829837246099,10.9240348752,0.637574347493
8.898106,0.0565251230437,10.0677460476,1.08006529859,0.93591459631,11.0332524286,0.67293346423
8.899772,0.0565251230437,10.0677460476,1.08006529859,0.865196362836,10.9240348752,0.637574347493
8.901438,0.0103803333768,10.0677460476,1.12544617383,0.794478129363,10.887629024,0.566856114019
8.903104,0.0103803333768,10.0677460476,1.08006529859,0.865196362836,10.9240348752,0.637574347493
8.90477,0.102669912711,10.158507798,1.17082704906,0.900555479573,10.9240348752,0.602215230756
8.906436,0.0103803333768,10.0677460476,1.12544617383,0.93591459631,11.0332524286,0.67293346423
8.908102,0.0103803333768,10.0677460476,1.12544617383,0.865196362836,10.9240348752,0.637574347493
8.909768,0.0103803333768,10.0677460476,1.12544617383,0.865196362836,10.887629024,0.602215230756
8.911434,0.0103803333768,10.0677460476,1.12544617383,0.865196362836,10.887629024,0.602215230756
8.9131,-0.0357644562901,10.0677460476,1.12544617383,0.865196362836,10.9240348752,0.602215230756
8.914766,0.0103803333768,10.0677460476,1.12544617383,0.829837246099,10.9240348752,0.708292580966
8.916432,0.102669912711,10.158507798,1.2162079243,0.900555479573,10.887629024,0.602215230756
8.918098,-0.0357644562901,10.0677460476,1.12544617383,0.900555479573,10.887629024,0.566856114019
8.919764,-0.0357644562901,10.0677460476,1.17082704906,0.900555479573,10.887629024,0.566856114019
8.92143,-0.0357644562901,10.0677460476,1.17082704906,0.93591459631,10.887629024,0.602215230756
8.923096,-0.0357644562901,10.0677460476,1.17082704906,0.865196362836,10.8148173218,0.602215230756
8.924762,-0.0357644562901,10.0677460476,1.17082704906,0.93591459631,10.887629024,0.602215230756
8.926428,-0.0357644562901,10.0677460476,1.17082704906,0.93591459631,10.887629024,0.566856114019
8.928094,-0.0357644562901,10.0677460476,1.17082704906,0.971273713047,10.9240348752,0.566856114019
8.92976,-0.0357644562901,10.1131269228,1.2162079243,0.93591459631,10.887629024,0.602215230756
8.931426,-0.0357644562901,10.0677460476,1.2162079243,0.93591459631,10.8148173218,0.531496997282
8.933092,-0.0819092459569,10.0677460476,1.2162079243,0.93591459631,10.887629024,0.566856114019
8.934758,-0.0357644562901,10.1131269228,1.2162079243,0.93591459631,10.887629024,0.566856114019
8.936424,-0.0357644562901,10.1131269228,1.2162079243,0.900555479573,10.8148173218,0.602215230756
8.93809,-0.0357644562901,10.1131269228,1.26158879953,0.93591459631,10.887629024,0.566856114019
8.939756,-0.0819092459569,10.0677460476,1.26158879953,0.971273713047,10.887629024,0.531496997282
8.941422,-0.0819092459569,10.0677460476,1.2162079243,1.04199194652,10.9240348752,0.566856114019
8.943088,-0.0819092459569,10.1131269228,1.2162079243,0.971273713047,10.887629024,0.531496997282
8.944754,-0.0819092459569,10.1131269228,1.26158879953,0.93591459631,10.8512231729,0.496137880546
8.94642,-0.0819092459569,10.0677460476,1.26158879953,0.93591459631,10.887629024,0.496137880546
8.948086,-0.0819092459569,10.1131269228,1.26158879953,0.971273713047,10.9240348752,0.566856114019
8.949752,-0.0819092459569,10.1131269228,1.26158879953,0.900555479573,10.887629024,0.637574347493
8.951418,-0.0819092459569,10.1131269228,1.26158879953,0.971273713047,10.887629024,0.531496997282
8.953084,-0.0819092459569,10.158507798,1.26158879953,0.93591459631,10.887629024,0.496137880546
8.95475,-0.0819092459569,10.1131269228,1.26158879953,0.971273713047,10.887629024,0.496137880546
8.956416,-0.0819092459569,10.1131269228,1.26158879953,0.971273713047,10.9240348752,0.531496997282
8.958082,-0.0357644562901,10.158507798,1.30696967477,0.93591459631,10.8512231729,0.460778763809
8.959748,-0.0357644562901,10.2038886733,1.35235055001,0.93591459631,10.9240348752,0.566856114019
8.961414,-0.0819092459569,10.1131269228,1.26158879953,0.971273713047,10.9240348752,0.531496997282
8.96308,-0.0819092459569,10.158507798,1.30696967477,0.900555479573,10.9968465774,0.602215230756
8.964746,-0.0819092459569,10.1131269228,1.26158879953,0.971273713047,10.9240348752,0.531496997282
8.966412,-0.128054035624,10.1131269228,1.26158879953,0.93591459631,10.9240348752,0.496137880546
8.968078,-0.128054035624,10.158507798,1.30696967477,1.00663282978,10.9604407263,0.496137880546
8.969744,-0.0819092459569,10.158507798,1.30696967477,0.971273713047,10.9240348752,0.531496997282
8.97141,-0.0819092459569,10.158507798,1.26158879953,0.900555479573,10.887629024,0.460778763809
8.973076,-0.0819092459569,10.158507798,1.26158879953,0.971273713047,10.9604407263,0.531496997282
8.974742,-0.0357644562901,10.2492695485,1.30696967477,1.00663282978,10.9968465774,0.531496997282
8.976408,0.0103803333768,10.2492695485,1.35235055001,1.04199194652,11.1060641308,0.637574347493
8.978074,-0.0357644562901,10.2492695485,1.35235055001,0.971273713047,10.9968465774,0.566856114019
8.97974,-0.0819092459569,10.2038886733,1.26158879953,0.93591459631,10.9968465774,0.496137880546
8.981406,-0.0819092459569,10.158507798,1.26158879953,0.971273713047,10.9604407263,0.531496997282
8.983072,-0.0819092459569,10.2038886733,1.26158879953,0.971273713047,11.0332524286,0.566856114019
8.984738,-0.0819092459569,10.2038886733,1.26158879953,0.93591459631,10.9604407263,0.460778763809
8.986404,-0.0819092459569,10.2038886733,1.30696967477,0.93591459631,10.9968465774,0.531496997282
8.98807,0.0565251230437,10.340031299,1.39773142524,0.971273713047,11.0332524286,0.531496997282
8.989736,-0.0819092459569,10.2492695485,1.26158879953,1.00663282978,11.1060641308,0.637574347493
8.991402,-0.0819092459569,10.2492695485,1.26158879953,0.971273713047,11.0332524286,0.566856114019
8.993068,-0.0819092459569,10.2038886733,1.26158879953,0.93591459631,11.0696582797,0.531496997282
8.994734,-0.0819092459569,10.2492695485,1.30696967477,0.971273713047,11.0332524286,0.531496997282
8.9964,-0.0819092459569,10.2492695485,1.26158879953,0.971273713047,11.0696582797,0.566856114019
8.998066,-0.0819092459569,10.2038886733,1.26158879953,0.93591459631,10.9968465774,0.460778763809
8.999732,-0.0819092459569,10.2492695485,1.26158879953,0.93591459631,11.0696582797,0.602215230756
9.001398,0.0565251230437,10.340031299,1.35235055001,0.93591459631,11.0696582797,0.566856114019
9.003064,-0.0819092459569,10.2492695485,1.26158879953,1.07735106326,11.1060641308,0.602215230756
9.00473,-0.0819092459569,10.2492695485,1.26158879953,0.971273713047,11.0696582797,0.602215230756
9.006396,-0.0819092459569,10.2038886733,1.2162079243,0.93591459631,11.0696582797,0.496137880546
9.008062,-0.0819092459569,10.2492695485,1.26158879953,0.93591459631,11.0696582797,0.566856114019
9.009728,-0.0819092459569,10.2492695485,1.26158879953,0.93591459631,11.1060641308,0.566856114019
9.011394,0.0103803333768,10.2946504237,1.30696967477,0.93591459631,11.1060641308,0.67293346423
9.01306,0.0103803333768,10.2946504237,1.30696967477,0.971273713047,11.0696582797,0.566856114019
9.014726,-0.0819092459569,10.2492695485,1.2162079243,0.93591459631,11.0696582797,0.531496997282
9.016392,-0.0357644562901,10.2492695485,1.2162079243,0.93591459631,11.0696582797,0.531496997282
9.018058,-0.0819092459569,10.2492695485,1.2162079243,0.93591459631,11.1060641308,0.602215230756
9.019724,0.0103803333768,10.2946504237,1.26158879953,0.900555479573,11.0332524286,0.496137880546
9.02139,0.0565251230437,10.340031299,1.30696967477,0.93591459631,11.0696582797,0.602215230756
9.023056,0.102669912711,10.340031299,1.30696967477,0.93591459631,11.0696582797,0.602215230756
9.024722,0.0565251230437,10.2946504237,1.30696967477,1.04199194652,11.1060641308,0.602215230756
9.026388,-0.0819092459569,10.2038886733,1.17082704906,0.93591459631,11.0696582797,0.602215230756
9.028054,-0.0357644562901,10.2492695485,1.17082704906,0.93591459631,11.0696582797,0.566856114019
9.02972,-0.0357644562901,10.2038886733,1.17082704906,0.93591459631,11.0696582797,0.602215230756
9.031386,-0.0357644562901,10.2038886733,1.17082704906,0.93591459631,11.0696582797,0.602215230756
9.033052,-0.0357644562901,10.2038886733,1.17082704906,0.865196362836,10.9968465774,0.496137880546
9.034718,-0.0357644562901,10.2038886733,1.17082704906,0.93591459631,11.0696582797,0.602215230756
9.036384,0.102669912711,10.340031299,1.30696967477,0.93591459631,11.0696582797,0.602215230756
9.03805,0.0103803333768,10.2038886733,1.17082704906,1.04199194652,11.0696582797,0.602215230756
9.039716,0.0103803333768,10.2038886733,1.17082704906,0.93591459631,11.0696582797,0.602215230756
9.041382,-0.0357644562901,10.2038886733,1.17082704906,0.93591459631,10.9968465774,0.566856114019
9.043048,0.0103803333768,10.2038886733,1.2162079243,0.93591459631,11.0332524286,0.637574347493
9.044714,0.0103803333768,10.2038886733,1.17082704906,0.93591459631,11.0696582797,0.637574347493
9.04638,0.0103803333768,10.2038886733,1.17082704906,0.865196362836,10.9604407263,0.602215230756
9.048046,0.102669912711,10.2492695485,1.26158879953,0.93591459631,11.0332524286,0.637574347493
9.049712,0.0103803333768,10.158507798,1.17082704906,0.900555479573,11.0332524286,0.602215230756
9.051378,0.0103803333768,10.158507798,1.17082704906,1.04199194652,11.0696582797,0.67293346423
9.053044,0.0565251230437,10.2038886733,1.17082704906,0.93591459631,11.0332524286,0.67293346423
9.05471,0.0103803333768,10.1131269228,1.12544617383,0.900555479573,10.9968465774,0.602215230756
9.056376,0.0103803333768,10.158507798,1.17082704906,0.900555479573,10.9968465774,0.637574347493
9.058042,0.0103803333768,10.158507798,1.17082704906,0.93591459631,10.9968465774,0.637574347493
9.059708,0.0103803333768,10.1131269228,1.17082704906,0.865196362836,10.9240348752,0.566856114019
9.061374,0.0103803333768,10.1131269228,1.12544617383,0.900555479573,10.9968465774,0.637574347493
9.06304,0.0565251230437,10.1131269228,1.12544617383,0.93591459631,10.9968465774,0.602215230756
9.064706,0.0103803333768,10.0677460476,1.12544617383,1.04199194652,11.0696582797,0.67293346423
9.066372,0.0565251230437,10.0677460476,1.12544617383,0.93591459631,10.9604407263,0.67293346423
9.068038,0.0565251230437,10.0677460476,1.08006529859,0.900555479573,10.9240348752,0.602215230756
9.069704,0.0565251230437,10.0677460476,1.12544617383,0.865196362836,10.9240348752,0.637574347493
9.07137,0.0565251230437,10.0677460476,1.12544617383,0.900555479573,10.9968465774,0.67293346423
9.073036,0.102669912711,10.1131269228,1.17082704906,0.794478129363,10.887629024,0.708292580966
9.074702,0.102669912711,10.1131269228,1.17082704906,0.93591459631,10.9240348752,0.637574347493
9.076368,0.0103803333768,10.0223651723,1.08006529859,0.900555479573,10.887629024,0.637574347493
9.078034,0.0565251230437,10.0223651723,1.12544617383,0.93591459631,10.887629024,0.637574347493
9.0797,0.0103803333768,10.0223651723,1.12544617383,0.900555479573,10.9240348752,0.67293346423
9.081366,0.0565251230437,10.0223651723,1.12544617383,0.794478129363,10.887629024,0.566856114019
9.083032,0.0103803333768,9.9769842971,1.12544617383,0.865196362836,10.9240348752,0.67293346423
9.084698,0.0103803333768,9.9769842971,1.08006529859,0.865196362836,10.887629024,0.637574347493
9.086364,0.0103803333768,9.9769842971,1.12544617383,1.00663282978,10.9968465774,0.743651697703
9.08803,0.0103803333768,10.0223651723,1.12544617383,0.900555479573,10.9240348752,0.67293346423
9.089696,0.0565251230437,10.0223651723,1.12544617383,0.865196362836,10.8512231729,0.602215230756
9.091362,0.0565251230437,10.0223651723,1.12544617383,0.865196362836,10.8512231729,0.637574347493
9.093028,0.0565251230437,9.9769842971,1.12544617383,0.865196362836,10.887629024,0.637574347493
9.094694,0.102669912711,10.0677460476,1.2162079243,0.900555479573,10.9968465774,0.743651697703
9.09636,0.0103803333768,9.9769842971,1.12544617383,0.900555479573,10.887629024,0.637574347493
9.098026,0.0103803333768,9.93160342186,1.08006529859,0.865196362836,10.8512231729,0.602215230756
9.099692,-0.0357644562901,9.9769842971,1.08006529859,0.865196362836,10.8148173218,0.602215230756
9.101358,0.0565251230437,10.0223651723,1.17082704906,0.865196362836,10.887629024,0.637574347493
9.103024,0.0565251230437,10.0223651723,1.12544617383,0.794478129363,10.7420056195,0.602215230756
9.10469,-0.0357644562901,9.9769842971,1.08006529859,0.865196362836,10.8512231729,0.637574347493
9.106356,0.0103803333768,9.9769842971,1.08006529859,0.865196362836,10.8512231729,0.602215230756
9.108022,0.0103803333768,9.9769842971,1.08006529859,0.900555479573,10.887629024,0.602215230756
9.109688,-0.0357644562901,9.9769842971,1.08006529859,0.900555479573,10.887629024,0.637574347493
9.111354,-0.0357644562901,9.9769842971,1.08006529859,0.794478129363,10.7784114706,0.531496997282
9.11302,-0.0357644562901,9.9769842971,1.08006529859,0.829837246099,10.8148173218,0.602215230756
9.114686,-0.0357644562901,9.9769842971,1.08006529859,0.865196362836,10.8512231729,0.566856114019
9.116352,0.0103803333768,10.0223651723,1.12544617383,0.865196362836,10.9240348752,0.67293346423
9.118018,-0.0357644562901,9.9769842971,1.08006529859,0.865196362836,10.8148173218,0.602215230756
9.119684,-0.0357644562901,10.0223651723,1.08006529859,0.829837246099,10.7784114706,0.566856114019
9.12135,-0.0357644562901,10.0223651723,1.08006529859,0.829837246099,10.8148173218,0.566856114019
9.123016,0.0565251230437,10.1131269228,1.17082704906,0.900555479573,10.8512231729,0.602215230756
9.124682,-0.0357644562901,10.0223651723,1.08006529859,0.794478129363,10.7784114706,0.496137880546
9.126348,-0.0357644562901,10.0223651723,1.08006529859,0.794478129363,10.8148173218,0.566856114019
9.128014,-0.0357644562901,10.0677460476,1.12544617383,0.865196362836,10.8512231729,0.531496997282
9.12968,-0.0819092459569,10.0223651723,1.08006529859,0.93591459631,10.9604407263,0.602215230756
9.131346,-0.0819092459569,10.0223651723,1.12544617383,0.794478129363,10.8148173218,0.602215230756
9.133012,-0.0819092459569,10.0677460476,1.12544617383,0.829837246099,10.8148173218,0.496137880546
9.134678,-0.0819092459569,10.0677460476,1.12544617383,0.794478129363,10.8148173218,0.496137880546
9.136344,-0.0819092459569,10.0677460476,1.12544617383,0.829837246099,10.8512231729,0.566856114019
9.13801,-0.0819092459569,10.0677460476,1.12544617383,0.759119012626,10.7784114706,0.602215230756
9.139676,-0.0819092459569,10.0677460476,1.08006529859,0.829837246099,10.8512231729,0.566856114019
9.141342,-0.128054035624,10.0677460476,1.12544617383,0.829837246099,10.8512231729,0.496137880546
9.143008,-0.128054035624,10.0677460476,1.08006529859,0.865196362836,10.887629024,0.496137880546
9.144674,-0.128054035624,10.0677460476,1.08006529859,0.865196362836,10.887629024,0.566856114019
9.14634,-0.128054035624,10.1131269228,1.08006529859,0.794478129363,10.8148173218,0.460778763809
9.148006,-0.128054035624,10.0677460476,1.08006529859,0.829837246099,10.887629024,0.496137880546
9.149672,-0.0357644562901,10.158507798,1.2162079243,0.829837246099,10.887629024,0.496137880546
9.151338,-0.128054035624,10.1131269228,1.08006529859,0.688400779152,10.9604407263,0.602215230756
9.153004,-0.128054035624,10.1131269228,1.08006529859,0.794478129363,10.9240348752,0.531496997282
9.15467,-0.128054035624,10.1131269228,1.12544617383,0.794478129363,10.887629024,0.460778763809
9.156336,-0.128054035624,10.1131269228,1.08006529859,0.794478129363,10.887629024,0.496137880546
9.158002,-0.0357644562901,10.2038886733,1.17082704906,0.829837246099,10.9240348752,0.531496997282
9.159668,-0.128054035624,10.158507798,1.12544617383,0.794478129363,10.8512231729,0.460778763809
9.161334,-0.128054035624,10.158507798,1.12544617383,0.829837246099,10.9240348752,0.496137880546
9.163,-0.128054035624,10.1131269228,1.08006529859,0.829837246099,10.9240348752,0.460778763809
9.164666,-0.0357644562901,10.2492695485,1.2162079243,0.93591459631,11.0332524286,0.566856114019
9.166332,-0.0819092459569,10.2038886733,1.17082704906,0.829837246099,10.9240348752,0.531496997282
9.167998,-0.128054035624,10.158507798,1.12544617383,0.794478129363,10.887629024,0.460778763809
9.169664,-0.128054035624,10.158507798,1.12544617383,0.829837246099,10.9240348752,0.460778763809
9.17133,-0.128054035624,10.158507798,1.12544617383,0.829837246099,10.9240348752,0.496137880546
9.172996,-0.128054035624,10.158507798,1.12544617383,0.794478129363,10.887629024,0.496137880546
9.174662,-0.128054035624,10.158507798,1.12544617383,0.865196362836,10.9604407263,0.496137880546
9.176328,-0.128054035624,10.158507798,1.12544617383,0.865196362836,10.9604407263,0.496137880546
9.177994,-0.0819092459569,10.158507798,1.12544617383,0.93591459631,11.0332524286,0.496137880546
9.17966,-0.0819092459569,10.158507798,1.17082704906,0.865196362836,10.9968465774,0.566856114019
9.181326,-0.128054035624,10.2038886733,1.12544617383,0.794478129363,10.9240348752,0.460778763809
9.182992,-0.0819092459569,10.2038886733,1.17082704906,0.865196362836,10.9604407263,0.496137880546
9.184658,-0.0819092459569,10.2038886733,1.17082704906,0.900555479573,10.9968465774,0.531496997282
9.186324,-0.128054035624,10.2038886733,1.17082704906,0.759119012626,11.0332524286,0.602215230756
9.18799,-0.128054035624,10.2038886733,1.17082704906,0.865196362836,11.0332524286,0.531496997282
9.189656,0.0103803333768,10.2946504237,1.26158879953,0.865196362836,10.9968465774,0.496137880546
9.191322,-0.0819092459569,10.2038886733,1.17082704906,0.865196362836,10.9604407263,0.496137880546
9.192988,-0.0819092459569,10.158507798,1.17082704906,0.865196362836,10.9968465774,0.531496997282
9.194654,-0.0819092459569,10.2038886733,1.17082704906,0.794478129363,10.9240348752,0.460778763809
9.19632,-0.0819092459569,10.2038886733,1.17082704906,0.865196362836,10.9968465774,0.566856114019
9.197986,0.0103803333768,10.2946504237,1.26158879953,0.865196362836,10.9968465774,0.531496997282
9.199652,-0.0819092459569,10.158507798,1.17082704906,0.971273713047,11.0332524286,0.531496997282
9.201318,-0.0819092459569,10.2038886733,1.17082704906,0.93591459631,11.0332524286,0.566856114019
9.202984,-0.0819092459569,10.158507798,1.2162079243,0.900555479573,10.9604407263,0.496137880546
9.20465,-0.0819092459569,10.2038886733,1.2162079243,0.865196362836,10.9968465774,0.566856114019
9.206316,-0.0819092459569,10.2038886733,1.17082704906,0.93591459631,10.9968465774,0.566856114019
9.207982,-0.0819092459569,10.2038886733,1.2162079243,0.93591459631,11.1060641308,0.637574347493
9.209648,-0.0819092459569,10.2038886733,1.2162079243,0.93591459631,11.0332524286,0.566856114019
9.211314,0.0565251230437,10.2946504237,1.30696967477,0.865196362836,10.9968465774,0.531496997282
9.21298,-0.0819092459569,10.158507798,1.17082704906,0.93591459631,10.9968465774,0.531496997282
9.214646,-0.0357644562901,10.158507798,1.2162079243,0.93591459631,11.0332524286,0.566856114019
9.216312,-0.0819092459569,10.158507798,1.2162079243,0.900555479573,10.9240348752,0.496137880546
9.217978,-0.0357644562901,10.2038886733,1.2162079243,0.93591459631,10.9968465774,0.566856114019
9.219644,0.0565251230437,10.2946504237,1.30696967477,0.93591459631,10.9968465774,0.566856114019
9.22131,0.0565251230437,10.2492695485,1.30696967477,0.93591459631,11.0696582797,0.67293346423
9.222976,0.0103803333768,10.2038886733,1.26158879953,0.93591459631,10.9968465774,0.602215230756
9.224642,-0.0357644562901,10.158507798,1.26158879953,0.900555479573,10.9604407263,0.566856114019
9.226308,0.0103803333768,10.2038886733,1.26158879953,0.93591459631,10.9968465774,0.566856114019
9.227974,0.0103803333768,10.158507798,1.2162079243,0.971273713047,10.9968465774,0.602215230756
9.22964,0.0103803333768,10.2038886733,1.26158879953,0.900555479573,10.887629024,0.496137880546
9.231306,0.0565251230437,10.2492695485,1.30696967477,0.93591459631,10.9968465774,0.602215230756
9.232972,0.0565251230437,10.2038886733,1.26158879953,0.93591459631,10.9968465774,0.602215230756
9.234638,0.0565251230437,10.2038886733,1.30696967477,1.04199194652,10.9968465774,0.602215230756
9.236304,0.102669912711,10.2492695485,1.30696967477,0.971273713047,10.9604407263,0.637574347493
9.23797,-0.0357644562901,10.1131269228,1.26158879953,0.93591459631,10.887629024,0.566856114019
9.239636,-0.0357644562901,10.1131269228,1.2162079243,0.971273713047,10.9604407263,0.566856114019
9.241302,-0.0357644562901,10.1131269228,1.2162079243,0.971273713047,10.9604407263,0.637574347493
9.242968,-0.0357644562901,10.1131269228,1.2162079243,1.04199194652,11.0696582797,0.67293346423
9.244634,0.0103803333768,10.1131269228,1.2162079243,1.00663282978,10.9968465774,0.637574347493
9.2463,0.0103803333768,10.1131269228,1.2162079243,0.971273713047,10.9240348752,0.566856114019
9.247966,0.0103803333768,10.1131269228,1.2162079243,0.971273713047,10.9240348752,0.602215230756
9.249632,0.0103803333768,10.1131269228,1.2162079243,1.00663282978,10.9604407263,0.602215230756
9.251298,0.0103803333768,10.1131269228,1.2162079243,0.971273713047,11.0696582797,0.743651697703
9.252964,0.0565251230437,10.1131269228,1.2162079243,1.00663282978,10.9968465774,0.637574347493
9.25463,0.0565251230437,10.1131269228,1.26158879953,1.00663282978,10.9240348752,0.602215230756
9.256296,0.0565251230437,10.1131269228,1.26158879953,1.00663282978,10.9604407263,0.637574347493
9.257962,0.148814702377,10.2038886733,1.35235055001,1.00663282978,10.9604407263,0.637574347493
9.259628,0.0103803333768,10.0677460476,1.2162079243,0.971273713047,10.9240348752,0.566856114019
9.261294,0.0103803333768,10.0677460476,1.2162079243,0.971273713047,10.9604407263,0.637574347493
9.26296,0.0103803333768,10.0677460476,1.2162079243,1.00663282978,10.9604407263,0.637574347493
9.264626,0.0103803333768,10.0677460476,1.2162079243,1.04199194652,11.0696582797,0.77901081444
9.266292,0.0565251230437,10.0677460476,1.2162079243,1.00663282978,10.9968465774,0.637574347493
9.267958,0.0565251230437,10.0677460476,1.2162079243,0.971273713047,10.9240348752,0.602215230756
9.269624,0.0565251230437,10.0677460476,1.2162079243,0.971273713047,10.9240348752,0.637574347493
9.27129,0.0565251230437,10.0677460476,1.26158879953,1.00663282978,10.9968465774,0.67293346423
9.272956,0.0565251230437,10.0677460476,1.2162079243,0.93591459631,10.887629024,0.602215230756
9.274622,0.0565251230437,10.0677460476,1.2162079243,0.971273713047,10.9968465774,0.637574347493
9.276288,0.0565251230437,10.0677460476,1.2162079243,0.971273713047,10.9968465774,0.67293346423
9.277954,0.0565251230437,10.0677460476,1.2162079243,1.04199194652,11.0696582797,0.743651697703
9.27962,0.0565251230437,10.0677460476,1.2162079243,0.93591459631,10.9968465774,0.708292580966
9.281286,0.0565251230437,10.1131269228,1.2162079243,0.971273713047,10.9240348752,0.637574347493
9.282952,0.0565251230437,10.0677460476,1.2162079243,0.971273713047,10.9240348752,0.637574347493
9.284618,0.0565251230437,10.0677460476,1.17082704906,1.00663282978,10.9968465774,0.708292580966
9.286284,0.102669912711,10.1131269228,1.2162079243,0.900555479573,10.9240348752,0.637574347493
9.28795,0.102669912711,10.1131269228,1.2162079243,0.93591459631,10.9968465774,0.67293346423
9.289616,0.102669912711,10.1131269228,1.2162079243,0.93591459631,10.9968465774,0.67293346423
9.291282,0.0565251230437,10.1131269228,1.17082704906,1.04199194652,11.0696582797,0.67293346423
9.292948,0.0565251230437,10.0677460476,1.17082704906,0.93591459631,10.9968465774,0.708292580966
9.294614,0.0565251230437,10.1131269228,1.17082704906,0.93591459631,10.9604407263,0.637574347493
9.29628,0.0565251230437,10.1131269228,1.17082704906,0.93591459631,10.9968465774,0.67293346423
9.297946,0.0565251230437,10.1131269228,1.17082704906,0.93591459631,10.9968465774,0.67293346423
9.299612,0.0565251230437,10.1131269228,1.17082704906,0.865196362836,11.0696582797,0.77901081444
9.301278,0.0103803333768,10.1131269228,1.17082704906,0.93591459631,10.9968465774,0.67293346423
9.302944,0.0565251230437,10.1131269228,1.2162079243,0.93591459631,10.9968465774,0.637574347493
9.30461,0.148814702377,10.2038886733,1.26158879953,0.93591459631,10.9968465774,0.637574347493
9.306276,0.0565251230437,10.1131269228,1.17082704906,0.93591459631,10.9968465774,0.637574347493
9.307942,0.0565251230437,10.1131269228,1.17082704906,0.900555479573,10.9604407263,0.602215230756
9.309608,0.0103803333768,10.1131269228,1.12544617383,0.93591459631,10.9968465774,0.637574347493
9.311274,0.0103803333768,10.1131269228,1.12544617383,0.93591459631,11.0332524286,0.637574347493
9.31294,0.102669912711,10.2038886733,1.26158879953,0.794478129363,10.9968465774,0.743651697703
9.314606,0.0565251230437,10.158507798,1.17082704906,0.93591459631,11.0332524286,0.67293346423
9.316272,0.0565251230437,10.158507798,1.17082704906,0.900555479573,10.9968465774,0.637574347493
9.317938,0.0103803333768,10.158507798,1.12544617383,0.93591459631,10.9968465774,0.637574347493
9.319604,0.0103803333768,10.158507798,1.17082704906,0.865196362836,11.0332524286,0.637574347493
9.32127,0.0103803333768,10.1131269228,1.12544617383,0.865196362836,10.9240348752,0.566856114019
9.322936,0.0103803333768,10.158507798,1.12544617383,0.865196362836,10.9968465774,0.602215230756
9.324602,0.0103803333768,10.158507798,1.12544617383,0.900555479573,11.0332524286,0.637574347493
9.326268,0.102669912711,10.2492695485,1.2162079243,0.829837246099,11.0696582797,0.743651697703
9.327934,-0.0357644562901,10.158507798,1.17082704906,0.900555479573,11.0332524286,0.602215230756
9.3296,0.0103803333768,10.158507798,1.17082704906,0.900555479573,10.9968465774,0.602215230756
9.331266,0.0103803333768,10.158507798,1.12544617383,0.865196362836,10.9604407263,0.602215230756
9.332932,-0.0357644562901,10.158507798,1.17082704906,0.900555479573,10.9968465774,0.602215230756
9.334598,-0.0357644562901,10.158507798,1.12544617383,0.829837246099,10.9240348752,0.531496997282
9.336264,-0.0357644562901,10.158507798,1.12544617383,0.865196362836,10.9968465774,0.602215230756
9.33793,-0.0357644562901,10.158507798,1.12544617383,0.900555479573,10.9968465774,0.602215230756
9.339596,-0.0357644562901,10.2038886733,1.12544617383,0.971273713047,11.0696582797,0.637574347493
9.341262,-0.0357644562901,10.158507798,1.12544617383,0.865196362836,10.9968465774,0.602215230756
9.342928,-0.0819092459569,10.2038886733,1.12544617383,0.829837246099,10.9240348752,0.566856114019
9.344594,-0.0357644562901,10.2038886733,1.17082704906,0.829837246099,10.9604407263,0.566856114019
9.34626,-0.0357644562901,10.2492695485,1.17082704906,0.865196362836,10.9968465774,0.566856114019
9.347926,-0.0357644562901,10.2038886733,1.12544617383,0.794478129363,10.9240348752,0.637574347493
9.349592,-0.0819092459569,10.2038886733,1.12544617383,0.865196362836,10.9968465774,0.566856114019
9.351258,-0.0357644562901,10.2038886733,1.12544617383,0.865196362836,10.9968465774,0.531496997282
9.352924,-0.0819092459569,10.158507798,1.12544617383,0.93591459631,10.9968465774,0.566856114019
9.35459,-0.0819092459569,10.158507798,1.12544617383,0.900555479573,10.9968465774,0.566856114019
9.356256,-0.0357644562901,10.2038886733,1.17082704906,0.794478129363,10.887629024,0.496137880546
9.357922,-0.0819092459569,10.158507798,1.12544617383,0.865196362836,10.9604407263,0.566856114019
9.359588,-0.0819092459569,10.2038886733,1.12544617383,0.865196362836,10.9604407263,0.566856114019
9.361254,-0.0819092459569,10.2038886733,1.12544617383,0.794478129363,11.0332524286,0.637574347493
9.36292,-0.0819092459569,10.158507798,1.12544617383,0.865196362836,10.9604407263,0.566856114019
9.364586,-0.0819092459569,10.2038886733,1.17082704906,0.865196362836,10.9240348752,0.531496997282
9.366252,0.0103803333768,10.2492695485,1.2162079243,0.865196362836,10.9240348752,0.496137880546
9.367918,-0.128054035624,10.158507798,1.12544617383,0.900555479573,10.9240348752,0.531496997282
9.369584,-0.0819092459569,10.158507798,1.12544617383,0.829837246099,10.8512231729,0.460778763809
9.37125,-0.0819092459569,10.158507798,1.12544617383,0.829837246099,10.887629024,0.496137880546
9.372916,-0.0819092459569,10.158507798,1.17082704906,0.865196362836,10.9240348752,0.531496997282
9.374582,-0.128054035624,10.158507798,1.12544617383,0.93591459631,11.0332524286,0.566856114019
9.376248,-0.0819092459569,10.158507798,1.12544617383,0.900555479573,10.9240348752,0.566856114019
9.377914,-0.0819092459569,10.158507798,1.17082704906,0.900555479573,10.887629024,0.496137880546
9.37958,-0.128054035624,10.1131269228,1.17082704906,0.865196362836,10.887629024,0.496137880546
9.381246,-0.0819092459569,10.1131269228,1.17082704906,0.865196362836,10.9240348752,0.566856114019
9.382912,-0.0819092459569,10.1131269228,1.17082704906,0.794478129363,10.8148173218,0.496137880546
9.384578,-0.0819092459569,10.1131269228,1.17082704906,0.900555479573,10.887629024,0.531496997282
9.386244,-0.0819092459569,10.1131269228,1.17082704906,0.900555479573,10.887629024,0.496137880546
9.38791,-0.0819092459569,10.1131269228,1.17082704906,0.93591459631,10.887629024,0.496137880546
9.389576,-0.0357644562901,10.1131269228,1.17082704906,0.900555479573,10.887629024,0.566856114019
9.391242,-0.0819092459569,10.1131269228,1.17082704906,0.829837246099,10.8148173218,0.460778763809
9.392908,-0.0819092459569,10.1131269228,1.17082704906,0.865196362836,10.887629024,0.566856114019
9.394574,-0.0357644562901,10.1131269228,1.2162079243,0.865196362836,10.887629024,0.531496997282
9.39624,-0.0819092459569,10.0677460476,1.17082704906,0.93591459631,10.9968465774,0.637574347493
9.397906,-0.0819092459569,10.0677460476,1.17082704906,0.900555479573,10.887629024,0.566856114019
9.399572,-0.0819092459569,10.0677460476,1.17082704906,0.900555479573,10.8512231729,0.496137880546
9.401238,-0.0819092459569,10.0677460476,1.17082704906,0.900555479573,10.8512231729,0.566856114019
9.402904,-0.0819092459569,10.0677460476,1.17082704906,0.93591459631,10.887629024,0.566856114019
9.40457,-0.0357644562901,10.1131269228,1.2162079243,0.829837246099,10.8148173218,0.496137880546
9.406236,0.0565251230437,10.158507798,1.26158879953,0.93591459631,10.887629024,0.566856114019
9.407902,0.0565251230437,10.158507798,1.30696967477,0.900555479573,10.887629024,0.566856114019
9.409568,-0.0357644562901,10.0677460476,1.17082704906,0.93591459631,10.9240348752,0.566856114019
9.411234,-0.0819092459569,10.0677460476,1.17082704906,0.93591459631,10.887629024,0.566856114019
9.4129,-0.0357644562901,10.0223651723,1.17082704906,0.865196362836,10.8148173218,0.496137880546
9.414566,-0.0819092459569,10.0677460476,1.17082704906,0.900555479573,10.8512231729,0.602215230756
9.416232,-0.0819092459569,10.0223651723,1.2162079243,0.93591459631,10.887629024,0.602215230756
9.417898,-0.0357644562901,10.0677460476,1.17082704906,0.93591459631,10.9604407263,0.708292580966
9.419564,-0.0357644562901,10.0677460476,1.17082704906,0.93591459631,10.887629024,0.602215230756
9.42123,-0.0357644562901,10.0677460476,1.17082704906,0.865196362836,10.8512231729,0.566856114019
9.422896,-0.0357644562901,10.0223651723,1.17082704906,0.900555479573,10.887629024,0.566856114019
9.424562,-0.0819092459569,10.0223651723,1.17082704906,0.93591459631,10.887629024,0.602215230756
9.426228,-0.0357644562901,10.0677460476,1.2162079243,0.865196362836,10.8148173218,0.496137880546
9.427894,0.0565251230437,10.158507798,1.26158879953,0.93591459631,10.887629024,0.602215230756
9.42956,-0.0357644562901,10.0223651723,1.17082704906,0.900555479573,10.8512231729,0.602215230756
9.431226,-0.0357644562901,10.0677460476,1.17082704906,0.971273713047,10.9240348752,0.602215230756
9.432892,-0.0357644562901,10.0223651723,1.17082704906,0.93591459631,10.887629024,0.637574347493
9.434558,-0.0357644562901,10.0677460476,1.17082704906,0.900555479573,10.8512231729,0.566856114019
9.436224,0.102669912711,10.158507798,1.26158879953,0.900555479573,10.887629024,0.602215230756
9.43789,-0.0357644562901,10.0677460476,1.17082704906,0.93591459631,10.9240348752,0.602215230756
9.439556,0.0103803333768,10.0677460476,1.17082704906,0.865196362836,10.887629024,0.708292580966
9.441222,0.0103803333768,10.0677460476,1.17082704906,0.93591459631,10.887629024,0.637574347493
9.442888,0.0103803333768,10.0677460476,1.17082704906,0.900555479573,10.9240348752,0.602215230756
9.444554,-0.0357644562901,10.0223651723,1.12544617383,0.971273713047,10.9240348752,0.637574347493
9.44622,0.0103803333768,10.1131269228,1.17082704906,0.93591459631,10.9240348752,0.637574347493
9.447886,0.0103803333768,10.0677460476,1.17082704906,0.900555479573,10.887629024,0.602215230756
9.449552,0.0103803333768,10.0677460476,1.17082704906,0.900555479573,10.887629024,0.637574347493
9.451218,0.0103803333768,10.0677460476,1.12544617383,0.93591459631,10.9604407263,0.602215230756
9.452884,0.0565251230437,10.0677460476,1.12544617383,0.829837246099,10.8512231729,0.67293346423
9.45455,0.0103803333768,10.0677460476,1.12544617383,0.900555479573,10.9240348752,0.637574347493
9.456216,0.0103803333768,10.1131269228,1.17082704906,0.900555479573,10.9604407263,0.602215230756
9.457882,0.0565251230437,10.0677460476,1.12544617383,0.971273713047,10.9604407263,0.637574347493
9.459548,0.0103803333768,10.1131269228,1.12544617383,0.93591459631,10.9604407263,0.637574347493
9.461214,0.0103803333768,10.1131269228,1.12544617383,0.900555479573,10.9240348752,0.602215230756
9.46288,0.0103803333768,10.1131269228,1.12544617383,0.865196362836,10.9240348752,0.602215230756
9.464546,0.0565251230437,10.1131269228,1.17082704906,0.93591459631,10.9604407263,0.637574347493
9.466212,0.0103803333768,10.1131269228,1.12544617383,0.794478129363,11.0332524286,0.77901081444
9.467878,0.0103803333768,10.1131269228,1.12544617383,0.93591459631,10.9604407263,0.637574347493
9.469544,0.0103803333768,10.1131269228,1.12544617383,0.900555479573,10.9240348752,0.602215230756
9.47121,0.0565251230437,10.1131269228,1.12544617383,0.865196362836,10.9604407263,0.637574347493
9.472876,0.148814702377,10.2038886733,1.2162079243,0.865196362836,10.9968465774,0.637574347493
9.474542,0.0565251230437,10.1131269228,1.12544617383,0.794478129363,10.887629024,0.67293346423
9.476208,0.0565251230437,10.1131269228,1.12544617383,0.900555479573,10.9968465774,0.67293346423
9.477874,0.0565251230437,10.158507798,1.12544617383,0.865196362836,10.9968465774,0.637574347493
9.47954,0.148814702377,10.2492695485,1.2162079243,1.00663282978,11.0332524286,0.67293346423
9.481206,0.0103803333768,10.1131269228,1.08006529859,0.900555479573,10.9968465774,0.637574347493
9.482872,0.0565251230437,10.1131269228,1.12544617383,0.829837246099,10.9604407263,0.637574347493
9.484538,0.0565251230437,10.1131269228,1.12544617383,0.865196362836,10.9604407263,0.637574347493
9.486204,0.148814702377,10.2492695485,1.2162079243,0.865196362836,11.0332524286,0.67293346423
9.48787,0.0565251230437,10.1131269228,1.12544617383,0.794478129363,10.9240348752,0.637574347493
9.489536,0.0103803333768,10.1131269228,1.08006529859,0.865196362836,10.9968465774,0.67293346423
9.491202,0.0565251230437,10.1131269228,1.12544617383,0.865196362836,11.0332524286,0.637574347493
9.492868,0.0565251230437,10.158507798,1.12544617383,0.93591459631,10.9968465774,0.637574347493
9.494534,0.0565251230437,10.158507798,1.12544617383,0.865196362836,11.0332524286,0.637574347493
9.4962,0.148814702377,10.2492695485,1.2162079243,0.865196362836,10.9968465774,0.602215230756
9.497866,0.0565251230437,10.1131269228,1.08006529859,0.865196362836,10.9968465774,0.637574347493
9.499532,0.0565251230437,10.158507798,1.12544617383,0.865196362836,11.0332524286,0.637574347493
9.501198,0.0565251230437,10.158507798,1.08006529859,0.93591459631,11.1060641308,0.743651697703
9.502864,0.0565251230437,10.158507798,1.12544617383,0.865196362836,11.0332524286,0.637574347493
9.50453,0.0565251230437,10.158507798,1.12544617383,0.829837246099,11.0332524286,0.637574347493
9.506196,0.0565251230437,10.158507798,1.12544617383,0.865196362836,10.9968465774,0.637574347493
9.507862,0.0565251230437,10.1131269228,1.12544617383,0.865196362836,11.0332524286,0.637574347493
9.509528,0.0565251230437,10.158507798,1.12544617383,0.794478129363,10.9240348752,0.602215230756
9.511194,0.102669912711,10.2038886733,1.17082704906,0.829837246099,11.0332524286,0.637574347493
9.51286,0.0103803333768,10.1131269228,1.08006529859,0.829837246099,11.0332524286,0.637574347493
9.514526,0.0565251230437,10.158507798,1.12544617383,0.971273713047,11.0696582797,0.67293346423
9.516192,0.0103803333768,10.158507798,1.12544617383,0.865196362836,11.0332524286,0.637574347493
9.517858,0.0103803333768,10.1131269228,1.12544617383,0.865196362836,10.9604407263,0.602215230756
9.519524,0.0565251230437,10.2038886733,1.17082704906,0.865196362836,10.9968465774,0.637574347493
9.52119,0.102669912711,10.2492695485,1.26158879953,0.865196362836,10.9968465774,0.637574347493
9.522856,0.0103803333768,10.1131269228,1.12544617383,0.900555479573,11.0696582797,0.743651697703
9.524522,0.0103803333768,10.1131269228,1.12544617383,0.900555479573,10.9968465774,0.602215230756
9.526188,-0.0357644562901,10.1131269228,1.12544617383,0.865196362836,10.9604407263,0.602215230756
9.527854,0.0103803333768,10.1131269228,1.17082704906,0.865196362836,10.9240348752,0.602215230756
9.52952,-0.0357644562901,10.1131269228,1.12544617383,0.865196362836,10.9968465774,0.637574347493
9.531186,0.0103803333768,10.1131269228,1.17082704906,0.794478129363,10.887629024,0.602215230756
9.532852,-0.0357644562901,10.158507798,1.12544617383,0.865196362836,10.9604407263,0.602215230756
9.534518,-0.0357644562901,10.1131269228,1.12544617383,0.900555479573,10.9240348752,0.566856114019
9.536184,-0.0357644562901,10.1131269228,1.17082704906,0.900555479573,10.9240348752,0.602215230756
9.53785,-0.0357644562901,10.1131269228,1.17082704906,0.900555479573,10.9240348752,0.602215230756
9.539516,-0.0357644562901,10.1131269228,1.17082704906,0.829837246099,10.8512231729,0.531496997282
9.541182,0.0565251230437,10.2038886733,1.26158879953,0.865196362836,10.9240348752,0.566856114019
9.542848,-0.0819092459569,10.1131269228,1.17082704906,0.900555479573,10.9240348752,0.566856114019
9.544514,-0.0819092459569,10.1131269228,1.17082704906,0.971273713047,10.9604407263,0.602215230756
9.54618,-0.0819092459569,10.1131269228,1.17082704906,0.900555479573,10.9240348752,0.566856114019
9.547846,-0.0819092459569,10.1131269228,1.2162079243,0.865196362836,10.8512231729,0.496137880546
9.549512,-0.0819092459569,10.1131269228,1.17082704906,0.865196362836,10.887629024,0.566856114019
9.551178,-0.0357644562901,10.1131269228,1.2162079243,0.900555479573,10.887629024,0.566856114019
9.552844,-0.0819092459569,10.1131269228,1.17082704906,0.93591459631,10.9968465774,0.67293346423
9.55451,-0.0819092459569,10.1131269228,1.2162079243,0.900555479573,10.887629024,0.566856114019
9.556176,-0.0819092459569,10.1131269228,1.2162079243,0.900555479573,10.8148173218,0.496137880546
9.557842,-0.0819092459569,10.1131269228,1.2162079243,0.900555479573,10.887629024,0.531496997282
9.559508,-0.0819092459569,10.158507798,1.2162079243,0.93591459631,10.887629024,0.566856114019
9.561174,-0.0819092459569,10.1131269228,1.17082704906,0.865196362836,10.7784114706,0.496137880546
9.56284,-0.0819092459569,10.1131269228,1.2162079243,0.93591459631,10.887629024,0.531496997282
9.564506,-0.0819092459569,10.1131269228,1.2162079243,0.900555479573,10.887629024,0.566856114019
9.566172,-0.0819092459569,10.1131269228,1.2162079243,1.04199194652,10.9240348752,0.496137880546
9.567838,-0.128054035624,10.0677460476,1.2162079243,0.93591459631,10.9240348752,0.566856114019
9.569504,-0.128054035624,10.1131269228,1.17082704906,0.900555479573,10.8148173218,0.496137880546
9.57117,-0.0819092459569,10.1131269228,1.2162079243,0.865196362836,10.8512231729,0.496137880546
9.572836,-0.0819092459569,10.158507798,1.26158879953,0.93591459631,10.887629024,0.496137880546
9.574502,-0.0357644562901,10.2038886733,1.30696967477,0.93591459631,10.9968465774,0.602215230756
9.576168,-0.0357644562901,10.158507798,1.30696967477,0.93591459631,10.887629024,0.531496997282
9.577834,0.0103803333768,10.2038886733,1.30696967477,0.93591459631,10.8512231729,0.460778763809
9.5795,-0.128054035624,10.1131269228,1.2162079243,0.93591459631,10.887629024,0.496137880546
9.581166,-0.128054035624,10.1131269228,1.2162079243,0.93591459631,10.887629024,0.531496997282
9.582832,-0.0819092459569,10.1131269228,1.26158879953,0.900555479573,10.8512231729,0.460778763809
9.584498,-0.0819092459569,10.1131269228,1.26158879953,0.93591459631,10.887629024,0.496137880546
9.586164,-0.0819092459569,10.1131269228,1.26158879953,0.93591459631,10.9240348752,0.531496997282
9.58783,-0.0819092459569,10.1131269228,1.26158879953,0.900555479573,10.9968465774,0.637574347493
9.589496,-0.0819092459569,10.1131269228,1.26158879953,0.971273713047,10.887629024,0.531496997282
9.591162,-0.128054035624,10.1131269228,1.2162079243,0.93591459631,10.887629024,0.496137880546
9.592828,-0.0819092459569,10.1131269228,1.2162079243,0.971273713047,10.887629024,0.531496997282
9.594494,-0.0819092459569,10.158507798,1.26158879953,0.971273713047,10.9240348752,0.531496997282
9.59616,-0.0819092459569,10.1131269228,1.26158879953,0.900555479573,10.887629024,0.460778763809
9.597826,-0.0819092459569,10.1131269228,1.26158879953,0.93591459631,10.887629024,0.531496997282
9.599492,-0.0819092459569,10.1131269228,1.26158879953,0.93591459631,10.9240348752,0.496137880546
9.601158,-0.0819092459569,10.1131269228,1.26158879953,1.04199194652,10.9968465774,0.602215230756
9.602824,-0.0819092459569,10.158507798,1.26158879953,0.971273713047,10.9604407263,0.531496997282
9.60449,-0.0819092459569,10.158507798,1.26158879953,0.93591459631,10.9240348752,0.496137880546
9.606156,-0.0819092459569,10.1131269228,1.26158879953,0.93591459631,10.9240348752,0.496137880546
9.607822,-0.0819092459569,10.158507798,1.26158879953,0.93591459631,10.9604407263,0.566856114019
9.609488,-0.0819092459569,10.158507798,1.26158879953,0.900555479573,10.887629024,0.460778763809
9.611154,-0.0819092459569,10.1131269228,1.2162079243,0.93591459631,10.9604407263,0.566856114019
9.61282,-0.0819092459569,10.1131269228,1.26158879953,0.93591459631,10.9604407263,0.531496997282
9.614486,-0.0819092459569,10.1131269228,1.2162079243,1.00663282978,10.9968465774,0.566856114019
9.616152,-0.0819092459569,10.158507798,1.2162079243,0.971273713047,10.9968465774,0.566856114019
9.617818,-0.0357644562901,10.158507798,1.2162079243,0.93591459631,10.9240348752,0.496137880546
9.619484,-0.0819092459569,10.1131269228,1.26158879953,0.93591459631,10.9968465774,0.566856114019
9.62115,-0.0819092459569,10.158507798,1.2162079243,0.971273713047,10.9968465774,0.566856114019
9.622816,-0.0357644562901,10.158507798,1.26158879953,1.04199194652,11.0696582797,0.602215230756
9.624482,-0.0357644562901,10.158507798,1.26158879953,0.93591459631,11.0332524286,0.566856114019
9.626148,-0.0357644562901,10.158507798,1.2162079243,0.93591459631,10.9968465774,0.566856114019
9.627814,-0.0357644562901,10.158507798,1.26158879953,0.93591459631,10.9968465774,0.566856114019
9.62948,-0.0357644562901,10.2038886733,1.26158879953,0.93591459631,11.0332524286,0.602215230756
9.631146,0.0565251230437,10.2492695485,1.30696967477,0.865196362836,10.9604407263,0.566856114019
9.632812,-0.0357644562901,10.158507798,1.17082704906,0.900555479573,11.0332524286,0.602215230756
9.634478,-0.0357644562901,10.2038886733,1.2162079243,0.93591459631,11.0696582797,0.602215230756
9.636144,-0.0357644562901,10.158507798,1.2162079243,1.04199194652,11.0696582797,0.602215230756
9.63781,0.0103803333768,10.2038886733,1.2162079243,0.93591459631,11.0696582797,0.602215230756
9.639476,0.0565251230437,10.2946504237,1.30696967477,0.93591459631,11.0332524286,0.602215230756
9.641142,-0.0357644562901,10.158507798,1.17082704906,0.93591459631,11.0332524286,0.602215230756
9.642808,-0.0357644562901,10.2038886733,1.17082704906,0.93591459631,11.1060641308,0.602215230756
9.644474,-0.0357644562901,10.2038886733,1.2162079243,0.900555479573,11.0696582797,0.708292580966
9.64614,-0.0357644562901,10.2038886733,1.17082704906,0.900555479573,11.0696582797,0.602215230756
9.647806,0.0565251230437,10.2946504237,1.26158879953,0.93591459631,11.0332524286,0.602215230756
9.649472,-0.0357644562901,10.2038886733,1.17082704906,0.93591459631,11.0332524286,0.602215230756
9.651138,-0.0357644562901,10.2038886733,1.2162079243,0.93591459631,11.0696582797,0.602215230756
9.652804,0.0565251230437,10.2492695485,1.2162079243,0.900555479573,10.9968465774,0.566856114019
9.65447,-0.0357644562901,10.2038886733,1.17082704906,0.900555479573,11.0696582797,0.602215230756
9.656136,-0.0357644562901,10.2038886733,1.17082704906,0.93591459631,11.0696582797,0.637574347493
9.657802,0.0103803333768,10.2038886733,1.17082704906,0.865196362836,10.9968465774,0.708292580966
9.659468,0.0103803333768,10.2038886733,1.17082704906,0.93591459631,11.0696582797,0.602215230756
9.661134,0.0565251230437,10.2492695485,1.2162079243,0.900555479573,11.0332524286,0.602215230756
9.6628,0.0103803333768,10.2038886733,1.17082704906,1.04199194652,11.1060641308,0.637574347493
9.664466,0.0103803333768,10.2038886733,1.17082704906,0.93591459631,11.0696582797,0.602215230756
9.666132,0.0103803333768,10.2038886733,1.17082704906,0.900555479573,10.9968465774,0.566856114019
9.667798,0.0103803333768,10.158507798,1.17082704906,0.900555479573,11.0332524286,0.602215230756
9.669464,0.0103803333768,10.2038886733,1.17082704906,0.93591459631,11.0332524286,0.602215230756
9.67113,0.0103803333768,10.2038886733,1.12544617383,0.93591459631,11.142469982,0.708292580966
9.672796,0.0103803333768,10.2038886733,1.12544617383,0.865196362836,11.0332524286,0.602215230756
9.674462,0.0565251230437,10.158507798,1.17082704906,0.93591459631,11.0332524286,0.602215230756
9.676128,0.0103803333768,10.158507798,1.12544617383,0.900555479573,11.0332524286,0.602215230756
9.677794,0.0103803333768,10.158507798,1.12544617383,0.93591459631,11.0696582797,0.637574347493
9.67946,0.0103803333768,10.1131269228,1.12544617383,0.865196362836,10.9968465774,0.602215230756
9.681126,0.102669912711,10.2946504237,1.26158879953,0.93591459631,11.0332524286,0.637574347493
9.682792,0.0103803333768,10.158507798,1.12544617383,0.93591459631,11.0332524286,0.637574347493
9.684458,0.0565251230437,10.158507798,1.12544617383,0.971273713047,11.0332524286,0.637574347493
9.686124,0.0103803333768,10.1131269228,1.12544617383,0.900555479573,11.0332524286,0.67293346423
9.68779,0.0103803333768,10.158507798,1.12544617383,0.865196362836,10.9604407263,0.602215230756
9.689456,0.0565251230437,10.158507798,1.12544617383,0.900555479573,10.9968465774,0.637574347493
9.691122,0.0103803333768,10.1131269228,1.12544617383,0.900555479573,11.0332524286,0.637574347493
9.692788,0.0103803333768,10.0677460476,1.12544617383,0.829837246099,10.9240348752,0.566856114019
9.694454,0.0103803333768,10.1131269228,1.12544617383,0.900555479573,10.9968465774,0.637574347493
9.69612,0.0103803333768,10.1131269228,1.12544617383,0.865196362836,10.9968465774,0.602215230756
9.697786,0.0103803333768,10.1131269228,1.12544617383,1.00663282978,10.9968465774,0.637574347493
9.699452,0.0103803333768,10.0677460476,1.12544617383,0.93591459631,10.9968465774,0.67293346423
9.701118,0.0103803333768,10.0677460476,1.12544617383,0.865196362836,10.9240348752,0.602215230756
9.702784,0.0103803333768,10.0677460476,1.12544617383,0.865196362836,10.9240348752,0.602215230756
9.70445,-0.0357644562901,10.0677460476,1.12544617383,0.900555479573,10.9604407263,0.637574347493
9.706116,0.0103803333768,10.0677460476,1.12544617383,0.794478129363,10.8148173218,0.566856114019
9.707782,0.102669912711,10.158507798,1.2162079243,0.865196362836,10.9240348752,0.637574347493
9.709448,0.0103803333768,10.0677460476,1.12544617383,0.865196362836,10.9240348752,0.602215230756
9.711114,0.0103803333768,10.0677460476,1.12544617383,0.93591459631,10.9240348752,0.602215230756
9.71278,0.0103803333768,10.0223651723,1.08006529859,0.865196362836,10.9240348752,0.602215230756
9.714446,0.0103803333768,10.0223651723,1.12544617383,0.829837246099,10.8148173218,0.566856114019
9.716112,0.0103803333768,10.0223651723,1.12544617383,0.865196362836,10.887629024,0.602215230756
9.717778,0.0103803333768,10.0223651723,1.12544617383,0.865196362836,10.9240348752,0.602215230756
9.719444,-0.0357644562901,10.0223651723,1.12544617383,0.794478129363,10.9240348752,0.743651697703
9.72111,0.0103803333768,10.0223651723,1.17082704906,0.865196362836,10.887629024,0.602215230756
9.722776,0.0565251230437,10.0677460476,1.17082704906,0.829837246099,10.8512231729,0.602215230756
9.724442,0.0565251230437,10.1131269228,1.2162079243,0.865196362836,10.887629024,0.602215230756
9.726108,0.102669912711,10.1131269228,1.2162079243,0.865196362836,10.887629024,0.602215230756
9.727774,0.102669912711,10.1131269228,1.2162079243,0.865196362836,10.8148173218,0.531496997282
9.72944,0.0565251230437,10.0677460476,1.17082704906,0.865196362836,10.8512231729,0.566856114019
9.731106,0.0103803333768,10.0223651723,1.12544617383,0.865196362836,10.8512231729,0.602215230756
9.732772,-0.0357644562901,10.0223651723,1.12544617383,0.794478129363,10.7784114706,0.637574347493
9.734438,0.0565251230437,10.1131269228,1.2162079243,0.829837246099,10.887629024,0.602215230756
9.736104,-0.0357644562901,9.9769842971,1.12544617383,0.829837246099,10.8148173218,0.566856114019
9.73777,-0.0819092459569,9.9769842971,1.08006529859,0.865196362836,10.8512231729,0.496137880546
9.739436,-0.0819092459569,9.9769842971,1.12544617383,0.865196362836,10.8148173218,0.566856114019
9.741102,-0.0819092459569,9.9769842971,1.12544617383,0.829837246099,10.7784114706,0.496137880546
9.742768,-0.0357644562901,10.0223651723,1.12544617383,0.829837246099,10.8148173218,0.602215230756
9.744434,-0.0819092459569,10.0223651723,1.12544617383,0.865196362836,10.8148173218,0.566856114019
9.7461,-0.0819092459569,9.9769842971,1.08006529859,0.93591459631,10.9604407263,0.637574347493
9.747766,-0.0819092459569,9.9769842971,1.12544617383,0.865196362836,10.8148173218,0.566856114019
9.749432,-0.0819092459569,10.0223651723,1.12544617383,0.829837246099,10.8148173218,0.496137880546
9.751098,-0.0819092459569,10.0223651723,1.12544617383,0.794478129363,10.8512231729,0.531496997282
9.752764,-0.0819092459569,10.0223651723,1.08006529859,0.865196362836,10.8148173218,0.566856114019
9.75443,-0.0819092459569,10.0223651723,1.12544617383,0.794478129363,10.8512231729,0.602215230756
9.756096,-0.0357644562901,10.0677460476,1.12544617383,0.865196362836,10.8148173218,0.566856114019
9.757762,-0.0819092459569,10.0223651723,1.12544617383,0.829837246099,10.8148173218,0.531496997282
9.759428,-0.0819092459569,10.0223651723,1.12544617383,0.900555479573,10.8512231729,0.531496997282
9.761094,-0.0819092459569,10.0677460476,1.12544617383,0.865196362836,10.8512231729,0.566856114019
9.76276,-0.128054035624,10.0223651723,1.12544617383,0.794478129363,10.8148173218,0.460778763809
9.764426,-0.0819092459569,10.0677460476,1.12544617383,0.794478129363,10.8148173218,0.496137880546
9.766092,-0.0819092459569,10.0223651723,1.12544617383,0.865196362836,10.887629024,0.531496997282
9.767758,-0.0819092459569,10.0677460476,1.12544617383,0.759119012626,10.7784114706,0.602215230756
9.769424,-0.128054035624,10.0677460476,1.12544617383,0.829837246099,10.8512231729,0.531496997282
9.77109,-0.128054035624,10.0677460476,1.12544617383,0.829837246099,10.8148173218,0.496137880546
9.772756,-0.0819092459569,10.1131269228,1.17082704906,0.900555479573,10.8512231729,0.496137880546
9.774422,-0.0819092459569,10.1131269228,1.17082704906,0.865196362836,10.8512231729,0.531496997282
9.776088,-0.0819092459569,10.1131269228,1.12544617383,0.794478129363,10.8148173218,0.460778763809
9.777754,-0.0819092459569,10.1131269228,1.12544617383,0.794478129363,10.8512231729,0.531496997282
9.77942,-0.128054035624,10.0677460476,1.12544617383,0.794478129363,10.887629024,0.496137880546
9.781086,-0.0819092459569,10.1131269228,1.12544617383,0.93591459631,10.9604407263,0.566856114019
9.782752,-0.128054035624,10.1131269228,1.12544617383,0.829837246099,10.887629024,0.531496997282
9.784418,-0.128054035624,10.1131269228,1.12544617383,0.794478129363,10.887629024,0.460778763809
9.786084,-0.128054035624,10.1131269228,1.12544617383,0.829837246099,10.887629024,0.496137880546
9.78775,-0.0819092459569,10.158507798,1.17082704906,0.865196362836,10.887629024,0.496137880546
9.789416,-0.128054035624,10.1131269228,1.12544617383,0.794478129363,10.8148173218,0.425419647072
9.791082,-0.128054035624,10.1131269228,1.12544617383,0.865196362836,10.9240348752,0.496137880546
9.792748,-0.128054035624,10.1131269228,1.12544617383,0.794478129363,10.9240348752,0.496137880546
9.794414,0.0103803333768,10.2492695485,1.2162079243,0.93591459631,10.9968465774,0.496137880546
9.79608,-0.128054035624,10.158507798,1.12544617383,0.829837246099,10.9604407263,0.531496997282
9.797746,-0.0357644562901,10.2038886733,1.2162079243,0.794478129363,10.887629024,0.496137880546
9.799412,-0.0819092459569,10.158507798,1.12544617383,0.829837246099,10.9240348752,0.496137880546
9.801078,-0.0819092459569,10.158507798,1.17082704906,0.865196362836,10.9968465774,0.566856114019
9.802744,-0.0819092459569,10.158507798,1.12544617383,0.865196362836,11.0332524286,0.637574347493
9.80441,-0.128054035624,10.158507798,1.17082704906,0.865196362836,10.9968465774,0.496137880546
9.806076,-0.0819092459569,10.158507798,1.12544617383,0.865196362836,10.9604407263,0.496137880546
9.807742,-0.0819092459569,10.2038886733,1.17082704906,0.829837246099,10.9240348752,0.496137880546
9.809408,0.0103803333768,10.2946504237,1.2162079243,0.865196362836,10.9968465774,0.531496997282
9.811074,-0.0819092459569,10.158507798,1.12544617383,0.794478129363,10.887629024,0.460778763809
9.81274,-0.0819092459569,10.158507798,1.17082704906,0.865196362836,10.9968465774,0.531496997282
9.814406,-0.0357644562901,10.2038886733,1.17082704906,0.865196362836,10.9968465774,0.566856114019
9.816072,-0.0819092459569,10.158507798,1.12544617383,0.93591459631,10.9968465774,0.496137880546
9.817738,-0.0819092459569,10.158507798,1.17082704906,0.865196362836,11.0696582797,0.566856114019
9.819404,-0.0819092459569,10.2038886733,1.17082704906,0.829837246099,10.9240348752,0.496137880546
9.82107,-0.0819092459569,10.2038886733,1.17082704906,0.865196362836,10.9968465774,0.531496997282
9.822736,-0.0357644562901,10.2038886733,1.17082704906,0.93591459631,11.0332524286,0.566856114019
9.824402,0.0565251230437,10.2492695485,1.26158879953,0.829837246099,11.0696582797,0.67293346423
9.826068,-0.0819092459569,10.158507798,1.17082704906,0.93591459631,11.0332524286,0.566856114019
9.827734,-0.0819092459569,10.2038886733,1.17082704906,0.900555479573,11.0332524286,0.566856114019
9.8294,-0.0357644562901,10.2038886733,1.17082704906,0.900555479573,11.0332524286,0.566856114019
9.831066,-0.0357644562901,10.2038886733,1.17082704906,0.93591459631,11.0332524286,0.602215230756
9.832732,-0.0819092459569,10.158507798,1.17082704906,0.829837246099,10.9604407263,0.637574347493
9.834398,-0.0357644562901,10.2038886733,1.17082704906,0.93591459631,11.0696582797,0.602215230756
9.836064,-0.0357644562901,10.2038886733,1.2162079243,0.93591459631,11.0332524286,0.602215230756
9.83773,0.0103803333768,10.2038886733,1.2162079243,1.00663282978,11.0696582797,0.602215230756
9.839396,0.0103803333768,10.2038886733,1.2162079243,0.93591459631,11.0696582797,0.602215230756
9.841062,-0.0357644562901,10.2038886733,1.2162079243,0.865196362836,10.9968465774,0.602215230756
9.842728,0.0103803333768,10.2038886733,1.2162079243,0.93591459631,11.0332524286,0.566856114019
9.844394,-0.0357644562901,10.2038886733,1.2162079243,0.971273713047,11.0696582797,0.602215230756
9.84606,-0.0357644562901,10.1131269228,1.2162079243,0.865196362836,10.9968465774,0.566856114019
9.847726,0.0103803333768,10.2038886733,1.17082704906,0.93591459631,10.9968465774,0.602215230756
9.849392,-0.0357644562901,10.158507798,1.2162079243,0.93591459631,11.0332524286,0.602215230756
9.851058,0.0103803333768,10.2038886733,1.2162079243,1.04199194652,11.0332524286,0.602215230756
9.852724,0.0103803333768,10.2038886733,1.26158879953,1.00663282978,11.0332524286,0.637574347493
9.85439,0.0103803333768,10.158507798,1.2162079243,0.93591459631,10.9968465774,0.566856114019
9.856056,0.102669912711,10.2492695485,1.30696967477,0.971273713047,10.9968465774,0.602215230756
9.857722,0.0103803333768,10.158507798,1.2162079243,0.93591459631,11.0332524286,0.602215230756
9.859388,0.0565251230437,10.2038886733,1.26158879953,1.00663282978,11.0696582797,0.602215230756
9.861054,0.0103803333768,10.158507798,1.26158879953,1.00663282978,11.0332524286,0.637574347493
9.86272,0.0103803333768,10.158507798,1.2162079243,0.971273713047,10.9968465774,0.602215230756
9.864386,0.0103803333768,10.158507798,1.2162079243,0.93591459631,11.0332524286,0.637574347493
9.866052,0.0103803333768,10.158507798,1.26158879953,0.971273713047,11.0332524286,0.637574347493
9.867718,0.0103803333768,10.158507798,1.2162079243,1.04199194652,11.1060641308,0.743651697703
9.869384,0.0565251230437,10.2038886733,1.26158879953,1.00663282978,10.9968465774,0.67293346423
9.87105,0.0565251230437,10.2038886733,1.26158879953,0.971273713047,11.0332524286,0.602215230756
9.872716,0.0103803333768,10.158507798,1.2162079243,1.04199194652,10.9968465774,0.637574347493
9.874382,0.0103803333768,10.158507798,1.26158879953,1.04199194652,11.0332524286,0.67293346423
9.876048,0.0565251230437,10.158507798,1.26158879953,0.93591459631,10.9240348752,0.566856114019
9.877714,0.0565251230437,10.158507798,1.26158879953,1.00663282978,10.9968465774,0.637574347493
9.87938,0.0565251230437,10.158507798,1.26158879953,1.00663282978,11.0332524286,0.637574347493
9.881046,0.0103803333768,10.0677460476,1.26158879953,1.07735106326,11.0332524286,0.637574347493
9.882712,0.0103803333768,10.1131269228,1.2162079243,1.04199194652,11.0332524286,0.67293346423
9.884378,0.0565251230437,10.158507798,1.26158879953,0.971273713047,10.9604407263,0.602215230756
9.886044,0.0565251230437,10.158507798,1.2162079243,1.00663282978,10.9604407263,0.637574347493
9.88771,0.0565251230437,10.158507798,1.26158879953,1.04199194652,11.0332524286,0.637574347493
9.889376,0.0565251230437,10.1131269228,1.30696967477,0.93591459631,10.9240348752,0.708292580966
9.891042,0.0565251230437,10.1131269228,1.26158879953,1.00663282978,10.9968465774,0.637574347493
9.892708,0.0565251230437,10.1131269228,1.26158879953,1.00663282978,10.9604407263,0.637574347493
9.894374,0.0565251230437,10.1131269228,1.26158879953,1.04199194652,10.9604407263,0.637574347493
9.89604,0.0103803333768,10.1131269228,1.26158879953,1.04199194652,10.9968465774,0.67293346423
9.897706,0.0103803333768,10.1131269228,1.2162079243,0.971273713047,10.9240348752,0.602215230756
9.899372,0.0565251230437,10.1131269228,1.26158879953,0.971273713047,10.9604407263,0.637574347493
9.901038,0.0565251230437,10.1131269228,1.26158879953,1.04199194652,10.9968465774,0.67293346423
9.902704,0.0565251230437,10.1131269228,1.26158879953,0.93591459631,11.0332524286,0.77901081444
9.90437,0.0565251230437,10.1131269228,1.26158879953,1.00663282978,10.9968465774,0.637574347493
9.906036,0.148814702377,10.2038886733,1.35235055001,0.93591459631,10.9604407263,0.637574347493
9.907702,0.0103803333768,10.0677460476,1.2162079243,1.04199194652,10.9968465774,0.637574347493
9.909368,0.0103803333768,10.1131269228,1.2162079243,1.00663282978,10.9968465774,0.67293346423
9.911034,0.0565251230437,10.1131269228,1.2162079243,0.93591459631,10.9240348752,0.602215230756
9.9127,0.0103803333768,10.1131269228,1.2162079243,0.93591459631,10.9968465774,0.67293346423
9.914366,0.148814702377,10.2038886733,1.30696967477,0.93591459631,10.9968465774,0.67293346423
9.916032,0.0103803333768,10.0677460476,1.17082704906,0.971273713047,11.0696582797,0.743651697703
9.917698,0.0565251230437,10.1131269228,1.2162079243,0.971273713047,10.9604407263,0.67293346423
9.919364,0.0565251230437,10.1131269228,1.2162079243,0.93591459631,10.9240348752,0.637574347493
9.92103,0.0103803333768,10.1131269228,1.2162079243,0.971273713047,10.9604407263,0.637574347493
9.922696,0.0103803333768,10.1131269228,1.2162079243,0.93591459631,10.9604407263,0.67293346423
9.924362,0.0565251230437,10.158507798,1.2162079243,0.829837246099,10.887629024,0.602215230756
9.926028,0.0103803333768,10.1131269228,1.17082704906,0.900555479573,10.9604407263,0.637574347493
9.927694,0.0103803333768,10.1131269228,1.2162079243,0.93591459631,10.9968465774,0.637574347493
9.92936,0.0103803333768,10.1131269228,1.17082704906,0.93591459631,11.0696582797,0.708292580966
9.931026,0.0565251230437,10.1131269228,1.17082704906,0.900555479573,10.9604407263,0.637574347493
9.932692,0.102669912711,10.2038886733,1.26158879953,0.865196362836,10.9240348752,0.602215230756
9.934358,-0.0357644562901,10.1131269228,1.12544617383,0.900555479573,10.9604407263,0.602215230756
9.936024,-0.0357644562901,10.1131269228,1.17082704906,0.93591459631,10.9604407263,0.637574347493
9.93769,0.102669912711,10.2038886733,1.26158879953,0.829837246099,10.9240348752,0.566856114019
9.939356,-0.0357644562901,10.1131269228,1.12544617383,0.865196362836,10.9604407263,0.602215230756
9.941022,-0.0357644562901,10.1131269228,1.12544617383,0.900555479573,10.9968465774,0.602215230756
9.942688,-0.0357644562901,10.1131269228,1.12544617383,0.794478129363,11.0332524286,0.708292580966
9.944354,0.102669912711,10.2038886733,1.26158879953,0.900555479573,10.9968465774,0.602215230756
9.94602,0.0103803333768,10.1131269228,1.12544617383,0.829837246099,10.9240348752,0.566856114019
9.947686,0.0103803333768,10.1131269228,1.17082704906,0.865196362836,10.9240348752,0.602215230756
9.949352,0.0103803333768,10.158507798,1.12544617383,0.829837246099,10.9968465774,0.602215230756
9.951018,0.0565251230437,10.2492695485,1.2162079243,0.794478129363,10.9240348752,0.531496997282
9.952684,-0.0357644562901,10.158507798,1.12544617383,0.829837246099,10.9240348752,0.602215230756
9.95435,-0.0357644562901,10.1131269228,1.12544617383,0.794478129363,10.9604407263,0.566856114019
9.956016,-0.0357644562901,10.1131269228,1.08006529859,0.900555479573,11.0332524286,0.637574347493
9.957682,-0.0357644562901,10.158507798,1.12544617383,0.794478129363,10.9968465774,0.602215230756
9.959348,-0.0357644562901,10.158507798,1.08006529859,0.794478129363,10.9240348752,0.496137880546
9.961014,-0.0357644562901,10.158507798,1.12544617383,0.794478129363,10.9240348752,0.566856114019
9.96268,-0.0357644562901,10.158507798,1.12544617383,0.794478129363,10.9968465774,0.602215230756
9.964346,-0.0357644562901,10.1131269228,1.08006529859,0.723759895889,10.8512231729,0.460778763809
9.966012,-0.0819092459569,10.1131269228,1.08006529859,0.794478129363,10.9240348752,0.566856114019
9.967678,0.0103803333768,10.2492695485,1.12544617383,0.794478129363,10.9604407263,0.566856114019
9.969344,0.0565251230437,10.2492695485,1.17082704906,0.794478129363,11.0696582797,0.637574347493
9.97101,0.0565251230437,10.2492695485,1.17082704906,0.794478129363,10.9240348752,0.566856114019
9.972676,0.0565251230437,10.2492695485,1.17082704906,0.759119012626,10.887629024,0.496137880546
9.974342,-0.0357644562901,10.158507798,1.08006529859,0.759119012626,10.9240348752,0.531496997282
9.976008,-0.0819092459569,10.158507798,1.08006529859,0.794478129363,10.9604407263,0.566856114019
9.977674,-0.0819092459569,10.158507798,1.08006529859,0.723759895889,10.8512231729,0.460778763809
9.97934,-0.0819092459569,10.158507798,1.08006529859,0.759119012626,10.887629024,0.531496997282
9.981006,-0.0819092459569,10.158507798,1.08006529859,0.759119012626,10.9240348752,0.531496997282
9.982672,-0.0819092459569,10.158507798,1.03468442336,0.829837246099,11.0332524286,0.602215230756
9.984338,0.0565251230437,10.2492695485,1.12544617383,0.759119012626,10.9240348752,0.566856114019
9.986004,-0.0819092459569,10.158507798,1.08006529859,0.688400779152,10.887629024,0.460778763809
9.98767,-0.0819092459569,10.158507798,1.08006529859,0.688400779152,10.887629024,0.531496997282
9.989336,-0.128054035624,10.158507798,1.03468442336,0.759119012626,10.9240348752,0.531496997282
9.991002,-0.0819092459569,10.158507798,1.08006529859,0.688400779152,10.8148173218,0.496137880546
9.992668,-0.0819092459569,10.158507798,1.08006529859,0.794478129363,10.887629024,0.496137880546
9.994334,-0.0819092459569,10.158507798,1.08006529859,0.759119012626,10.887629024,0.496137880546
9.996,-0.0357644562901,10.158507798,1.08006529859,0.865196362836,10.9240348752,0.566856114019
9.997666,-0.0819092459569,10.1131269228,1.03468442336,0.794478129363,10.9240348752,0.566856114019
9.999332,-0.0819092459569,10.1131269228,1.03468442336,0.723759895889,10.8512231729,0.496137880546
10.000998,0.0565251230437,10.2492695485,1.17082704906,0.759119012626,10.8512231729,0.496137880546
10.002664,-0.0819092459569,10.1131269228,1.03468442336,0.794478129363,10.887629024,0.566856114019
10.00433,-0.0819092459569,10.1131269228,1.03468442336,0.759119012626,10.9968465774,0.637574347493
10.005996,-0.0819092459569,10.1131269228,1.08006529859,0.794478129363,10.887629024,0.531496997282
10.007662,-0.0819092459569,10.1131269228,1.03468442336,0.759119012626,10.8512231729,0.531496997282
10.009328,-0.0819092459569,10.1131269228,1.03468442336,0.759119012626,10.887629024,0.531496997282
10.010994,0.0565251230437,10.2038886733,1.17082704906,0.794478129363,10.887629024,0.566856114019
10.01266,-0.0819092459569,10.1131269228,1.08006529859,0.759119012626,10.8148173218,0.460778763809
10.014326,-0.0819092459569,10.0677460476,1.03468442336,0.794478129363,10.887629024,0.566856114019
10.015992,-0.0819092459569,10.1131269228,1.08006529859,0.794478129363,10.887629024,0.566856114019
10.017658,-0.0819092459569,10.0677460476,1.08006529859,0.865196362836,10.9968465774,0.602215230756
10.019324,-0.0819092459569,10.0677460476,1.08006529859,0.865196362836,10.887629024,0.566856114019
10.02099,-0.0357644562901,10.1131269228,1.08006529859,0.794478129363,10.8512231729,0.531496997282
10.022656,-0.0819092459569,10.0677460476,1.08006529859,0.794478129363,10.887629024,0.531496997282
10.024322,-0.0819092459569,10.0677460476,1.08006529859,0.794478129363,10.887629024,0.602215230756
10.025988,-0.0357644562901,10.0677460476,1.08006529859,0.759119012626,10.8148173218,0.496137880546
10.027654,-0.0357644562901,10.0223651723,1.08006529859,0.794478129363,10.887629024,0.566856114019
10.02932,-0.0819092459569,10.0677460476,1.08006529859,0.794478129363,10.887629024,0.566856114019
10.030986,-0.0357644562901,10.0677460476,1.12544617383,0.900555479573,10.887629024,0.602215230756
10.032652,-0.0357644562901,10.0677460476,1.08006529859,0.829837246099,10.887629024,0.602215230756
10.034318,-0.0357644562901,10.0223651723,1.12544617383,0.794478129363,10.8148173218,0.531496997282
10.035984,0.102669912711,10.158507798,1.2162079243,0.829837246099,10.8512231729,0.602215230756
10.03765,-0.0357644562901,10.0223651723,1.12544617383,0.865196362836,10.887629024,0.602215230756
10.039316,-0.0357644562901,10.0223651723,1.12544617383,0.794478129363,10.7784114706,0.637574347493
10.040982,-0.0357644562901,10.0223651723,1.12544617383,0.865196362836,10.887629024,0.602215230756
10.042648,-0.0357644562901,10.0223651723,1.08006529859,0.865196362836,10.8512231729,0.602215230756
10.044314,0.102669912711,10.1131269228,1.2162079243,0.829837246099,10.887629024,0.602215230756
10.04598,-0.0357644562901,10.0223651723,1.12544617383,0.829837246099,10.887629024,0.602215230756
10.047646,-0.0357644562901,10.0223651723,1.12544617383,0.794478129363,10.8148173218,0.566856114019
10.049312,-0.0357644562901,10.0223651723,1.12544617383,0.865196362836,10.9240348752,0.602215230756
10.050978,0.102669912711,10.1131269228,1.2162079243,0.865196362836,10.887629024,0.602215230756
10.052644,0.0565251230437,10.0677460476,1.12544617383,0.93591459631,10.9240348752,0.637574347493
10.05431,0.0565251230437,10.0677460476,1.17082704906,0.865196362836,10.887629024,0.637574347493
10.055976,0.102669912711,10.1131269228,1.17082704906,0.829837246099,10.887629024,0.602215230756
10.057642,0.0103803333768,10.0223651723,1.17082704906,0.865196362836,10.887629024,0.637574347493
10.059308,-0.0357644562901,10.0223651723,1.12544617383,0.900555479573,10.9240348752,0.602215230756
10.060974,0.0103803333768,10.0223651723,1.12544617383,0.794478129363,10.8148173218,0.637574347493
10.06264,0.0565251230437,10.0677460476,1.17082704906,0.93591459631,10.887629024,0.637574347493
10.064306,0.0103803333768,10.0223651723,1.12544617383,0.900555479573,10.887629024,0.602215230756
10.065972,0.0103803333768,10.0677460476,1.17082704906,0.971273713047,10.9604407263,0.67293346423
10.067638,0.0565251230437,10.0677460476,1.17082704906,0.93591459631,10.9604407263,0.637574347493
10.069304,0.0565251230437,10.0677460476,1.17082704906,0.865196362836,10.887629024,0.602215230756
10.07097,0.102669912711,10.1131269228,1.17082704906,0.865196362836,10.887629024,0.602215230756
10.072636,0.102669912711,10.158507798,1.2162079243,0.93591459631,10.9240348752,0.637574347493
10.074302,0.0565251230437,10.0677460476,1.17082704906,0.865196362836,10.887629024,0.566856114019
10.075968,0.0103803333768,10.0677460476,1.12544617383,0.900555479573,10.9240348752,0.637574347493
10.077634,0.0103803333768,10.0677460476,1.12544617383,0.93591459631,10.9240348752,0.637574347493
10.0793,0.0103803333768,10.0677460476,1.12544617383,0.971273713047,11.0332524286,0.67293346423
10.080966,0.0103803333768,10.0677460476,1.17082704906,0.93591459631,10.9968465774,0.637574347493
10.082632,0.0103803333768,10.0677460476,1.12544617383,0.900555479573,10.9240348752,0.602215230756
10.084298,0.0103803333768,10.0677460476,1.17082704906,0.865196362836,10.9240348752,0.637574347493
10.085964,0.0103803333768,10.0677460476,1.12544617383,0.900555479573,10.9604407263,0.637574347493
10.08763,0.0103803333768,10.1131269228,1.12544617383,0.794478129363,10.887629024,0.67293346423
10.089296,0.0103803333768,10.1131269228,1.12544617383,0.900555479573,10.9604407263,0.637574347493
10.090962,0.0565251230437,10.1131269228,1.12544617383,0.93591459631,10.9604407263,0.637574347493
10.092628,0.0103803333768,10.1131269228,1.12544617383,0.93591459631,11.0332524286,0.637574347493
10.094294,0.102669912711,10.2038886733,1.2162079243,0.93591459631,10.9968465774,0.67293346423
10.09596,0.0103803333768,10.1131269228,1.12544617383,0.865196362836,10.9604407263,0.602215230756
10.097626,0.0565251230437,10.158507798,1.12544617383,0.900555479573,10.9968465774,0.637574347493
10.099292,0.102669912711,10.2038886733,1.26158879953,0.93591459631,11.0332524286,0.67293346423
10.100958,0.0103803333768,10.1131269228,1.17082704906,0.829837246099,10.887629024,0.708292580966
10.102624,0.0103803333768,10.1131269228,1.17082704906,0.900555479573,10.9968465774,0.637574347493
10.10429,0.0103803333768,10.158507798,1.17082704906,0.900555479573,10.9968465774,0.637574347493
10.105956,0.0565251230437,10.158507798,1.2162079243,0.93591459631,11.0332524286,0.637574347493
10.107622,0.0565251230437,10.158507798,1.17082704906,0.93591459631,11.0332524286,0.637574347493
10.109288,0.0103803333768,10.158507798,1.12544617383,0.865196362836,10.9604407263,0.566856114019
10.110954,0.0103803333768,10.158507798,1.17082704906,0.93591459631,10.9968465774,0.637574347493
10.11262,0.0103803333768,10.158507798,1.12544617383,0.93591459631,10.9968465774,0.637574347493
10.114286,0.0565251230437,10.158507798,1.17082704906,0.900555479573,10.9968465774,0.602215230756
10.115952,0.0565251230437,10.158507798,1.17082704906,0.93591459631,11.0696582797,0.637574347493
10.117618,0.0103803333768,10.158507798,1.17082704906,0.865196362836,10.9604407263,0.566856114019
10.119284,0.0103803333768,10.158507798,1.12544617383,0.865196362836,11.0332524286,0.637574347493
10.12095,0.0103803333768,10.158507798,1.12544617383,0.900555479573,11.0696582797,0.637574347493
10.122616,0.0103803333768,10.158507798,1.12544617383,0.971273713047,11.0696582797,0.637574347493
10.124282,0.0103803333768,10.2038886733,1.12544617383,0.900555479573,11.0696582797,0.637574347493
10.125948,0.0103803333768,10.2038886733,1.17082704906,0.865196362836,11.0332524286,0.602215230756
10.127614,0.0103803333768,10.158507798,1.17082704906,0.865196362836,11.0332524286,0.602215230756
10.12928,0.0103803333768,10.2038886733,1.17082704906,0.900555479573,11.0696582797,0.637574347493
10.130946,0.148814702377,10.2946504237,1.26158879953,0.794478129363,11.0696582797,0.743651697703
10.132612,0.102669912711,10.2492695485,1.2162079243,0.900555479573,11.0332524286,0.637574347493
10.134278,0.0103803333768,10.2038886733,1.12544617383,0.900555479573,11.0332524286,0.602215230756
10.135944,0.0103803333768,10.158507798,1.17082704906,0.93591459631,11.0332524286,0.602215230756
10.13761,-0.0357644562901,10.2038886733,1.12544617383,0.900555479573,11.0696582797,0.637574347493
10.139276,0.0103803333768,10.2038886733,1.17082704906,0.829837246099,10.9968465774,0.531496997282
10.140942,-0.0357644562901,10.158507798,1.17082704906,0.865196362836,11.0332524286,0.602215230756
10.142608,-0.0357644562901,10.2038886733,1.17082704906,0.865196362836,11.0332524286,0.602215230756
10.144274,-0.0357644562901,10.158507798,1.12544617383,0.971273713047,11.0696582797,0.637574347493
10.14594,-0.0357644562901,10.2038886733,1.17082704906,0.900555479573,11.0332524286,0.602215230756
10.147606,-0.0357644562901,10.2038886733,1.17082704906,0.829837246099,10.9604407263,0.566856114019
10.149272,-0.0357644562901,10.158507798,1.12544617383,0.865196362836,10.9968465774,0.566856114019
10.150938,-0.0357644562901,10.158507798,1.17082704906,0.900555479573,11.0332524286,0.602215230756
10.152604,-0.0357644562901,10.158507798,1.17082704906,0.900555479573,11.1060641308,0.67293346423
10.15427,0.0103803333768,10.2492695485,1.26158879953,0.900555479573,10.9968465774,0.566856114019
10.155936,-0.0357644562901,10.2038886733,1.17082704906,0.865196362836,10.9968465774,0.566856114019
10.157602,-0.0357644562901,10.2038886733,1.17082704906,0.900555479573,10.9968465774,0.566856114019
10.159268,-0.0357644562901,10.2038886733,1.17082704906,0.900555479573,10.9968465774,0.602215230756
10.160934,-0.0819092459569,10.158507798,1.12544617383,0.794478129363,10.9240348752,0.496137880546
10.1626,-0.0819092459569,10.158507798,1.17082704906,0.900555479573,10.9968465774,0.566856114019
10.164266,-0.0819092459569,10.158507798,1.12544617383,0.865196362836,10.9968465774,0.531496997282
10.165932,-0.0357644562901,10.158507798,1.17082704906,0.93591459631,10.9968465774,0.566856114019
10.167598,-0.0357644562901,10.158507798,1.17082704906,0.900555479573,10.9968465774,0.566856114019
10.169264,-0.0819092459569,10.158507798,1.17082704906,0.829837246099,10.9240348752,0.496137880546
10.17093,-0.0819092459569,10.158507798,1.17082704906,0.900555479573,10.9240348752,0.531496997282
10.172596,-0.0357644562901,10.158507798,1.17082704906,0.900555479573,10.9604407263,0.566856114019
10.174262,0.0565251230437,10.2492695485,1.26158879953,0.794478129363,10.8512231729,0.602215230756
10.175928,0.0565251230437,10.2492695485,1.30696967477,0.900555479573,10.9240348752,0.531496997282
10.177594,-0.0819092459569,10.158507798,1.2162079243,0.900555479573,10.887629024,0.496137880546
10.17926,-0.0819092459569,10.158507798,1.17082704906,0.93591459631,10.9240348752,0.531496997282
10.180926,-0.0819092459569,10.158507798,1.17082704906,0.900555479573,10.9240348752,0.566856114019
10.182592,-0.0819092459569,10.158507798,1.17082704906,0.865196362836,10.887629024,0.460778763809
10.184258,-0.0819092459569,10.158507798,1.17082704906,0.865196362836,10.887629024,0.496137880546
10.185924,-0.0357644562901,10.158507798,1.2162079243,0.900555479573,10.9240348752,0.531496997282
10.18759,-0.0357644562901,10.2038886733,1.2162079243,0.865196362836,10.8148173218,0.460778763809
10.189256,-0.0819092459569,10.1131269228,1.17082704906,0.900555479573,10.887629024,0.531496997282
10.190922,-0.128054035624,10.1131269228,1.17082704906,0.900555479573,10.887629024,0.531496997282
10.192588,-0.0819092459569,10.1131269228,1.17082704906,1.00663282978,10.9968465774,0.602215230756
10.194254,-0.0819092459569,10.1131269228,1.2162079243,0.900555479573,10.887629024,0.496137880546
10.19592,-0.128054035624,10.1131269228,1.17082704906,0.865196362836,10.8512231729,0.496137880546
10.197586,-0.128054035624,10.1131269228,1.17082704906,0.900555479573,10.887629024,0.496137880546
10.199252,-0.0819092459569,10.1131269228,1.2162079243,0.900555479573,10.887629024,0.531496997282
10.200918,-0.128054035624,10.0677460476,1.17082704906,0.794478129363,10.8148173218,0.531496997282
10.202584,-0.0819092459569,10.1131269228,1.17082704906,0.900555479573,10.887629024,0.496137880546
10.20425,-0.0819092459569,10.1131269228,1.17082704906,0.865196362836,10.887629024,0.496137880546
10.205916,-0.128054035624,10.1131269228,1.17082704906,0.93591459631,10.9240348752,0.531496997282
10.207582,-0.0819092459569,10.0677460476,1.17082704906,0.93591459631,10.887629024,0.566856114019
10.209248,-0.0819092459569,10.0677460476,1.17082704906,0.865196362836,10.8512231729,0.496137880546
10.210914,-0.0819092459569,10.0677460476,1.17082704906,0.865196362836,10.8512231729,0.531496997282
10.21258,0.0103803333768,10.2038886733,1.26158879953,0.900555479573,10.887629024,0.566856114019
10.214246,-0.128054035624,10.0677460476,1.17082704906,0.971273713047,10.9240348752,0.602215230756
10.215912,-0.0819092459569,10.0677460476,1.17082704906,0.900555479573,10.887629024,0.566856114019
10.217578,-0.0819092459569,10.0677460476,1.17082704906,0.865196362836,10.8512231729,0.496137880546
10.219244,-0.128054035624,10.0677460476,1.17082704906,0.865196362836,10.887629024,0.496137880546
10.22091,-0.0819092459569,10.0677460476,1.17082704906,0.900555479573,10.887629024,0.566856114019
10.222576,-0.0819092459569,10.0677460476,1.17082704906,0.865196362836,10.8148173218,0.460778763809
10.224242,-0.0819092459569,10.0677460476,1.17082704906,0.865196362836,10.887629024,0.566856114019
10.225908,-0.0819092459569,10.0677460476,1.17082704906,0.865196362836,10.887629024,0.531496997282
10.227574,-0.0819092459569,10.0677460476,1.17082704906,1.00663282978,10.9604407263,0.602215230756
10.22924,-0.0819092459569,10.0677460476,1.17082704906,0.93591459631,10.887629024,0.566856114019
10.230906,-0.0819092459569,10.0677460476,1.17082704906,0.865196362836,10.887629024,0.496137880546
10.232572,-0.0819092459569,10.0677460476,1.12544617383,0.865196362836,10.8512231729,0.531496997282
10.234238,-0.0357644562901,10.0677460476,1.17082704906,0.865196362836,10.887629024,0.602215230756
10.235904,-0.0819092459569,10.0677460476,1.12544617383,0.794478129363,10.9240348752,0.708292580966
10.23757,-0.0357644562901,10.0677460476,1.17082704906,0.93591459631,10.9240348752,0.602215230756
10.239236,-0.0819092459569,10.0677460476,1.17082704906,0.865196362836,10.9240348752,0.566856114019
10.240902,-0.0357644562901,10.0677460476,1.17082704906,0.971273713047,10.9968465774,0.602215230756
10.242568,-0.0357644562901,10.1131269228,1.17082704906,0.900555479573,10.9604407263,0.602215230756
10.244234,-0.0819092459569,10.0677460476,1.12544617383,0.865196362836,10.887629024,0.566856114019
10.2459,-0.0357644562901,10.1131269228,1.12544617383,0.865196362836,10.887629024,0.566856114019
10.247566,-0.0357644562901,10.1131269228,1.17082704906,0.900555479573,10.9604407263,0.602215230756
10.249232,0.0103803333768,10.1131269228,1.17082704906,0.794478129363,10.887629024,0.67293346423
10.250898,-0.0357644562901,10.0677460476,1.12544617383,0.865196362836,10.9604407263,0.602215230756
10.252564,-0.0357644562901,10.0677460476,1.12544617383,0.900555479573,10.9604407263,0.602215230756
10.25423,-0.0357644562901,10.0677460476,1.12544617383,0.900555479573,10.9604407263,0.602215230756
10.255896,-0.0357644562901,10.1131269228,1.17082704906,0.900555479573,10.9604407263,0.602215230756
10.257562,-0.0357644562901,10.1131269228,1.17082704906,0.865196362836,10.9240348752,0.566856114019
10.259228,-0.0357644562901,10.1131269228,1.12544617383,0.865196362836,10.9240348752,0.602215230756
10.260894,0.102669912711,10.158507798,1.2162079243,0.900555479573,10.9968465774,0.602215230756
10.26256,-0.0357644562901,10.1131269228,1.12544617383,0.794478129363,10.9968465774,0.67293346423
10.264226,-0.0357644562901,10.1131269228,1.12544617383,0.900555479573,10.9968465774,0.602215230756
10.265892,0.0103803333768,10.1131269228,1.12544617383,0.829837246099,10.9968465774,0.602215230756
10.267558,0.0103803333768,10.1131269228,1.12544617383,0.900555479573,10.9604407263,0.602215230756
10.269224,-0.0357644562901,10.1131269228,1.12544617383,0.865196362836,11.0332524286,0.637574347493
10.27089,0.0103803333768,10.1131269228,1.12544617383,0.829837246099,10.9240348752,0.566856114019
10.272556,0.0103803333768,10.1131269228,1.12544617383,0.865196362836,10.9968465774,0.602215230756
10.274222,0.0103803333768,10.1131269228,1.12544617383,0.865196362836,11.0332524286,0.637574347493
10.275888,0.0103803333768,10.1131269228,1.12544617383,0.971273713047,11.1060641308,0.67293346423
10.277554,0.0565251230437,10.1131269228,1.12544617383,0.93591459631,11.0696582797,0.637574347493
10.27922,-0.0357644562901,10.1131269228,1.12544617383,0.865196362836,10.9968465774,0.602215230756
10.280886,0.0565251230437,10.158507798,1.17082704906,0.865196362836,10.9604407263,0.602215230756
10.282552,0.102669912711,10.2492695485,1.26158879953,0.900555479573,11.0332524286,0.637574347493
10.284218,0.0103803333768,10.158507798,1.12544617383,0.794478129363,10.9240348752,0.637574347493
10.285884,0.0565251230437,10.158507798,1.12544617383,0.900555479573,10.9968465774,0.637574347493
10.28755,0.102669912711,10.2492695485,1.2162079243,0.900555479573,11.0332524286,0.602215230756
10.289216,0.0103803333768,10.158507798,1.12544617383,0.971273713047,11.0696582797,0.637574347493
10.290882,0.0565251230437,10.158507798,1.12544617383,0.900555479573,11.0332524286,0.637574347493
10.292548,0.0565251230437,10.158507798,1.12544617383,0.865196362836,10.9968465774,0.566856114019
10.294214,0.0103803333768,10.158507798,1.12544617383,0.865196362836,10.9968465774,0.602215230756
10.29588,0.0103803333768,10.1131269228,1.12544617383,0.900555479573,11.0332524286,0.637574347493
10.297546,0.0103803333768,10.158507798,1.12544617383,0.829837246099,11.0332524286,0.743651697703
10.299212,0.0103803333768,10.158507798,1.12544617383,0.865196362836,10.9968465774,0.637574347493
10.300878,0.0103803333768,10.158507798,1.12544617383,0.865196362836,10.9968465774,0.602215230756
10.302544,0.0103803333768,10.158507798,1.12544617383,0.900555479573,10.9968465774,0.602215230756
10.30421,0.0103803333768,10.158507798,1.12544617383,0.900555479573,11.0332524286,0.637574347493
10.305876,0.102669912711,10.2492695485,1.2162079243,0.829837246099,10.9240348752,0.566856114019
10.307542,-0.0357644562901,10.1131269228,1.08006529859,0.829837246099,10.9968465774,0.637574347493
10.309208,-0.0357644562901,10.1131269228,1.08006529859,0.900555479573,10.9968465774,0.602215230756
10.310874,0.0103803333768,10.1131269228,1.12544617383,0.93591459631,11.0332524286,0.602215230756
10.31254,0.0103803333768,10.158507798,1.12544617383,0.865196362836,11.0332524286,0.602215230756
10.314206,-0.0357644562901,10.1131269228,1.12544617383,0.865196362836,10.9240348752,0.566856114019
10.315872,0.0103803333768,10.1131269228,1.12544617383,0.829837246099,10.9968465774,0.602215230756
10.317538,-0.0357644562901,10.1131269228,1.12544617383,0.900555479573,10.9968465774,0.637574347493
10.319204,0.0565251230437,10.158507798,1.17082704906,0.794478129363,10.9604407263,0.67293346423
10.32087,0.0565251230437,10.158507798,1.17082704906,0.900555479573,10.9968465774,0.637574347493
10.322536,0.0565251230437,10.158507798,1.17082704906,0.900555479573,10.9240348752,0.602215230756
10.324202,0.102669912711,10.2038886733,1.2162079243,0.900555479573,10.9968465774,0.602215230756
10.325868,0.0103803333768,10.158507798,1.17082704906,0.900555479573,10.9968465774,0.637574347493
10.327534,0.0103803333768,10.1131269228,1.08006529859,0.865196362836,10.9240348752,0.566856114019
10.3292,-0.0357644562901,10.1131269228,1.12544617383,0.865196362836,10.9240348752,0.566856114019
10.330866,-0.0357644562901,10.1131269228,1.12544617383,0.93591459631,10.9604407263,0.602215230756
10.332532,0.0103803333768,10.1131269228,1.17082704906,0.794478129363,10.9968465774,0.708292580966
10.334198,-0.0357644562901,10.0677460476,1.12544617383,0.900555479573,10.9240348752,0.602215230756
10.335864,-0.0357644562901,10.1131269228,1.12544617383,0.900555479573,10.9240348752,0.566856114019
10.33753,-0.0357644562901,10.0677460476,1.12544617383,0.900555479573,10.9240348752,0.566856114019
10.339196,-0.0357644562901,10.0677460476,1.12544617383,0.900555479573,10.9604407263,0.602215230756
10.340862,-0.0357644562901,10.0677460476,1.12544617383,0.829837246099,10.887629024,0.531496997282
10.342528,-0.0357644562901,10.0677460476,1.12544617383,0.900555479573,10.887629024,0.566856114019
10.344194,-0.0819092459569,10.0677460476,1.12544617383,0.93591459631,10.9240348752,0.602215230756
10.34586,-0.0819092459569,10.0677460476,1.12544617383,0.93591459631,11.0332524286,0.637574347493
10.347526,-0.0357644562901,10.0677460476,1.12544617383,0.93591459631,10.9240348752,0.602215230756
10.349192,-0.0357644562901,10.0677460476,1.12544617383,0.865196362836,10.887629024,0.531496997282
10.350858,-0.0357644562901,10.0677460476,1.12544617383,0.900555479573,10.887629024,0.566856114019
10.352524,-0.0357644562901,10.0677460476,1.12544617383,0.900555479573,10.9240348752,0.566856114019
10.35419,-0.0357644562901,10.0677460476,1.17082704906,0.829837246099,10.8148173218,0.496137880546
10.355856,-0.0819092459569,10.0677460476,1.12544617383,0.865196362836,10.887629024,0.566856114019
10.357522,-0.0357644562901,10.0223651723,1.12544617383,0.900555479573,10.887629024,0.566856114019
10.359188,-0.0819092459569,10.0677460476,1.17082704906,0.971273713047,10.9604407263,0.602215230756
10.360854,-0.0819092459569,10.0223651723,1.12544617383,0.865196362836,10.887629024,0.602215230756
10.36252,-0.0819092459569,10.0223651723,1.17082704906,0.865196362836,10.8512231729,0.496137880546
10.364186,-0.0819092459569,10.0223651723,1.17082704906,0.865196362836,10.8512231729,0.531496997282
10.365852,-0.0819092459569,10.0677460476,1.17082704906,0.900555479573,10.887629024,0.531496997282
10.367518,-0.0819092459569,10.0223651723,1.17082704906,0.829837246099,10.9240348752,0.637574347493
10.369184,-0.0819092459569,10.0677460476,1.17082704906,0.900555479573,10.887629024,0.566856114019
10.37085,-0.0819092459569,10.0677460476,1.17082704906,0.794478129363,10.8148173218,0.496137880546
10.372516,-0.0819092459569,10.0223651723,1.17082704906,0.865196362836,10.8148173218,0.496137880546
10.374182,-0.0819092459569,10.0223651723,1.17082704906,0.900555479573,10.887629024,0.531496997282
10.375848,-0.0819092459569,10.0677460476,1.17082704906,0.829837246099,10.7784114706,0.460778763809
10.377514,-0.0819092459569,10.0677460476,1.17082704906,0.900555479573,10.8512231729,0.496137880546
10.37918,-0.0819092459569,10.0677460476,1.17082704906,0.900555479573,10.887629024,0.531496997282
10.380846,-0.0819092459569,10.0677460476,1.17082704906,0.971273713047,10.9240348752,0.602215230756
10.382512,-0.0819092459569,10.0677460476,1.17082704906,0.900555479573,10.887629024,0.531496997282
10.384178,-0.128054035624,10.0223651723,1.12544617383,0.829837246099,10.8148173218,0.496137880546
10.385844,-0.0357644562901,10.1131269228,1.26158879953,0.865196362836,10.8512231729,0.531496997282
10.38751,-0.128054035624,10.0677460476,1.17082704906,0.900555479573,10.887629024,0.531496997282
10.389176,-0.0819092459569,10.0677460476,1.17082704906,0.794478129363,10.7784114706,0.566856114019
10.390842,-0.0819092459569,10.0677460476,1.17082704906,0.865196362836,10.8512231729,0.496137880546
10.392508,-0.0819092459569,10.0677460476,1.17082704906,0.865196362836,10.8512231729,0.496137880546
10.394174,-0.0819092459569,10.0677460476,1.17082704906,0.900555479573,10.8512231729,0.531496997282
10.39584,-0.0819092459569,10.0677460476,1.12544617383,0.865196362836,10.887629024,0.496137880546
10.397506,-0.0819092459569,10.0677460476,1.17082704906,0.865196362836,10.7784114706,0.460778763809
10.399172,-0.0819092459569,10.0677460476,1.17082704906,0.829837246099,10.8512231729,0.496137880546
10.400838,-0.128054035624,10.0677460476,1.12544617383,0.865196362836,10.887629024,0.496137880546
10.402504,-0.0819092459569,10.0677460476,1.17082704906,0.829837246099,10.9240348752,0.637574347493
10.40417,-0.128054035624,10.0677460476,1.12544617383,0.900555479573,10.887629024,0.531496997282
10.405836,-0.0819092459569,10.1131269228,1.17082704906,0.865196362836,10.8512231729,0.460778763809
10.407502,-0.128054035624,10.1131269228,1.17082704906,0.865196362836,10.8512231729,0.496137880546
10.409168,-0.0819092459569,10.0677460476,1.17082704906,0.900555479573,10.887629024,0.531496997282
10.410834,-0.0357644562901,10.158507798,1.2162079243,0.794478129363,10.8148173218,0.460778763809
10.4125,-0.0357644562901,10.1131269228,1.2162079243,0.829837246099,10.887629024,0.496137880546
10.414166,-0.128054035624,10.1131269228,1.12544617383,0.865196362836,10.887629024,0.531496997282
10.415832,-0.0819092459569,10.1131269228,1.12544617383,0.971273713047,10.9240348752,0.531496997282
10.417498,-0.0819092459569,10.158507798,1.12544617383,0.900555479573,10.9240348752,0.566856114019
10.419164,-0.128054035624,10.1131269228,1.12544617383,0.865196362836,10.887629024,0.496137880546
10.42083,-0.0819092459569,10.158507798,1.12544617383,0.865196362836,10.887629024,0.496137880546
10.422496,-0.0819092459569,10.1131269228,1.12544617383,0.900555479573,10.9240348752,0.566856114019
10.424162,-0.128054035624,10.1131269228,1.08006529859,0.794478129363,10.8512231729,0.460778763809
10.425828,-0.0819092459569,10.1131269228,1.17082704906,0.865196362836,10.9240348752,0.566856114019
10.427494,-0.0819092459569,10.1131269228,1.17082704906,0.865196362836,10.9240348752,0.531496997282
10.42916,-0.0357644562901,10.158507798,1.17082704906,0.93591459631,10.9240348752,0.531496997282
10.430826,-0.0819092459569,10.158507798,1.12544617383,0.900555479573,10.9240348752,0.566856114019
10.432492,-0.0819092459569,10.158507798,1.12544617383,0.829837246099,10.9240348752,0.496137880546
10.434158,-0.0357644562901,10.158507798,1.17082704906,0.865196362836,10.9240348752,0.566856114019
10.435824,-0.0357644562901,10.158507798,1.17082704906,0.900555479573,10.9604407263,0.566856114019
10.43749,-0.0357644562901,10.158507798,1.17082704906,0.794478129363,10.887629024,0.602215230756
10.439156,-0.0357644562901,10.158507798,1.17082704906,0.900555479573,10.9604407263,0.566856114019
10.440822,-0.0357644562901,10.158507798,1.12544617383,0.865196362836,10.9968465774,0.602215230756
10.442488,-0.0357644562901,10.2038886733,1.2162079243,0.971273713047,11.0696582797,0.637574347493
10.444154,0.0103803333768,10.2038886733,1.17082704906,0.900555479573,10.9968465774,0.602215230756
10.44582,-0.0357644562901,10.158507798,1.12544617383,0.865196362836,10.9604407263,0.602215230756
10.447486,-0.0357644562901,10.158507798,1.17082704906,0.865196362836,10.9968465774,0.602215230756
10.449152,0.0103803333768,10.158507798,1.17082704906,0.900555479573,10.9968465774,0.602215230756
10.450818,0.102669912711,10.2492695485,1.26158879953,0.794478129363,10.9604407263,0.602215230756
10.452484,-0.0357644562901,10.158507798,1.17082704906,0.900555479573,11.0332524286,0.602215230756
10.45415,0.0103803333768,10.2038886733,1.17082704906,0.900555479573,11.0332524286,0.602215230756
10.455816,0.0103803333768,10.2038886733,1.17082704906,0.971273713047,11.0332524286,0.602215230756
10.457482,0.0565251230437,10.2492695485,1.2162079243,0.900555479573,11.0696582797,0.637574347493
10.459148,0.0103803333768,10.2038886733,1.17082704906,0.865196362836,10.9968465774,0.566856114019
10.460814,-0.0357644562901,10.158507798,1.12544617383,0.900555479573,10.9968465774,0.602215230756
10.46248,0.0103803333768,10.158507798,1.17082704906,0.93591459631,11.0332524286,0.637574347493
10.464146,0.0103803333768,10.158507798,1.17082704906,0.829837246099,11.0696582797,0.708292580966
10.465812,0.0565251230437,10.158507798,1.17082704906,0.93591459631,11.0696582797,0.637574347493
10.467478,0.0103803333768,10.158507798,1.17082704906,0.93591459631,11.0332524286,0.602215230756
10.469144,0.0103803333768,10.158507798,1.17082704906,1.00663282978,11.0696582797,0.602215230756
10.47081,0.0565251230437,10.2038886733,1.2162079243,0.93591459631,11.0696582797,0.637574347493
10.472476,0.148814702377,10.2492695485,1.26158879953,0.900555479573,10.9968465774,0.602215230756
10.474142,0.0565251230437,10.158507798,1.17082704906,0.93591459631,11.0332524286,0.602215230756
10.475808,0.0565251230437,10.158507798,1.17082704906,0.93591459631,11.0696582797,0.637574347493
10.477474,0.0565251230437,10.158507798,1.2162079243,0.900555479573,11.0332524286,0.743651697703
10.47914,0.0103803333768,10.158507798,1.17082704906,0.93591459631,11.0332524286,0.67293346423
10.480806,0.0565251230437,10.158507798,1.17082704906,0.93591459631,11.0332524286,0.637574347493
10.482472,0.0565251230437,10.158507798,1.2162079243,0.971273713047,10.9968465774,0.637574347493
10.484138,0.0103803333768,10.1131269228,1.17082704906,0.971273713047,11.0696582797,0.637574347493
10.485804,0.0565251230437,10.158507798,1.2162079243,0.900555479573,10.9968465774,0.602215230756
10.48747,0.0565251230437,10.158507798,1.17082704906,0.93591459631,11.0332524286,0.637574347493
10.489136,0.0565251230437,10.158507798,1.17082704906,0.971273713047,11.0696582797,0.67293346423
10.490802,0.0565251230437,10.158507798,1.2162079243,0.900555479573,10.9240348752,0.708292580966
10.492468,0.0565251230437,10.158507798,1.2162079243,0.971273713047,11.0332524286,0.67293346423
10.494134,0.0565251230437,10.158507798,1.2162079243,0.971273713047,11.0332524286,0.637574347493
10.4958,0.0565251230437,10.158507798,1.2162079243,0.971273713047,11.0332524286,0.637574347493
10.497466,0.0565251230437,10.158507798,1.2162079243,0.971273713047,11.0332524286,0.637574347493
10.499132,0.102669912711,10.158507798,1.2162079243,0.93591459631,10.9604407263,0.602215230756
10.500798,0.102669912711,10.2038886733,1.30696967477,0.93591459631,10.9968465774,0.637574347493
10.502464,0.0565251230437,10.1131269228,1.2162079243,1.00663282978,10.9968465774,0.67293346423
10.50413,0.0565251230437,10.1131269228,1.2162079243,0.93591459631,11.0696582797,0.743651697703
10.505796,0.0103803333768,10.1131269228,1.17082704906,0.971273713047,11.0332524286,0.637574347493
10.507462,0.0103803333768,10.1131269228,1.2162079243,0.93591459631,10.9604407263,0.637574347493
10.509128,0.0565251230437,10.1131269228,1.2162079243,0.971273713047,10.9240348752,0.637574347493
10.510794,0.0103803333768,10.1131269228,1.2162079243,1.00663282978,10.9968465774,0.637574347493
10.51246,0.0565251230437,10.158507798,1.26158879953,0.93591459631,10.887629024,0.602215230756
10.514126,0.102669912711,10.2038886733,1.30696967477,0.93591459631,10.9968465774,0.637574347493
10.515792,0.102669912711,10.158507798,1.26158879953,1.00663282978,10.9968465774,0.637574347493
10.517458,0.102669912711,10.2038886733,1.30696967477,1.07735106326,11.0696582797,0.743651697703
10.519124,0.148814702377,10.2038886733,1.35235055001,0.971273713047,10.9968465774,0.637574347493
10.52079,0.148814702377,10.2038886733,1.30696967477,0.93591459631,10.9240348752,0.602215230756
10.522456,0.0565251230437,10.158507798,1.26158879953,0.93591459631,10.9240348752,0.602215230756
10.524122,0.0565251230437,10.1131269228,1.2162079243,1.00663282978,10.9604407263,0.637574347493
10.525788,0.0565251230437,10.1131269228,1.26158879953,0.93591459631,11.0332524286,0.743651697703
10.527454,0.102669912711,10.2038886733,1.30696967477,0.971273713047,10.9604407263,0.637574347493
10.52912,0.102669912711,10.2038886733,1.30696967477,0.971273713047,10.9240348752,0.602215230756
10.530786,0.0565251230437,10.158507798,1.26158879953,1.00663282978,10.9604407263,0.602215230756
10.532452,0.102669912711,10.2038886733,1.30696967477,1.00663282978,10.9968465774,0.602215230756
10.534118,0.0103803333768,10.0677460476,1.2162079243,0.93591459631,10.9240348752,0.566856114019
10.535784,0.0103803333768,10.1131269228,1.2162079243,0.93591459631,10.9240348752,0.602215230756
10.53745,0.0103803333768,10.1131269228,1.2162079243,0.971273713047,10.9604407263,0.602215230756
10.539116,0.0103803333768,10.1131269228,1.2162079243,0.93591459631,10.9240348752,0.743651697703
10.540782,0.0565251230437,10.158507798,1.30696967477,0.971273713047,10.9240348752,0.602215230756
10.542448,-0.0357644562901,10.1131269228,1.2162079243,0.971273713047,10.9240348752,0.602215230756
10.544114,-0.0357644562901,10.1131269228,1.2162079243,1.00663282978,10.9240348752,0.602215230756
10.54578,-0.0357644562901,10.1131269228,1.2162079243,0.971273713047,10.9604407263,0.637574347493
10.547446,-0.0357644562901,10.1131269228,1.2162079243,0.93591459631,10.887629024,0.566856114019
10.549112,-0.0357644562901,10.1131269228,1.2162079243,0.93591459631,10.9240348752,0.602215230756
10.550778,-0.0357644562901,10.1131269228,1.2162079243,0.93591459631,10.9604407263,0.602215230756
10.552444,0.0103803333768,10.1131269228,1.2162079243,0.865196362836,10.887629024,0.67293346423
10.55411,0.102669912711,10.2038886733,1.30696967477,0.93591459631,10.9604407263,0.602215230756
10.555776,0.0565251230437,10.2038886733,1.30696967477,0.900555479573,10.887629024,0.602215230756
10.557442,0.0103803333768,10.1131269228,1.2162079243,0.900555479573,10.9240348752,0.566856114019
10.559108,-0.0357644562901,10.1131269228,1.17082704906,0.93591459631,10.9240348752,0.602215230756
10.560774,-0.0357644562901,10.1131269228,1.17082704906,0.865196362836,10.887629024,0.531496997282
10.56244,-0.0357644562901,10.1131269228,1.17082704906,0.900555479573,10.9240348752,0.602215230756
10.564106,-0.0357644562901,10.0677460476,1.17082704906,0.900555479573,10.9240348752,0.602215230756
10.565772,-0.0357644562901,10.1131269228,1.17082704906,0.971273713047,10.9968465774,0.566856114019
10.567438,-0.0357644562901,10.1131269228,1.17082704906,0.93591459631,10.9604407263,0.602215230756
10.569104,-0.0357644562901,10.1131269228,1.17082704906,0.865196362836,10.9240348752,0.566856114019
10.57077,0.0565251230437,10.2038886733,1.26158879953,0.865196362836,10.887629024,0.531496997282
10.572436,-0.0819092459569,10.1131269228,1.17082704906,0.93591459631,10.9240348752,0.602215230756
10.574102,-0.0357644562901,10.1131269228,1.17082704906,0.794478129363,10.8148173218,0.496137880546
10.575768,-0.0357644562901,10.1131269228,1.17082704906,0.865196362836,10.9240348752,0.566856114019
10.577434,0.0565251230437,10.2038886733,1.26158879953,0.900555479573,10.9240348752,0.566856114019
10.5791,-0.0819092459569,10.0677460476,1.12544617383,0.900555479573,10.9240348752,0.566856114019
10.580766,-0.0819092459569,10.1131269228,1.12544617383,0.865196362836,10.9240348752,0.566856114019
10.582432,-0.0819092459569,10.1131269228,1.12544617383,0.794478129363,10.887629024,0.460778763809
10.584098,-0.0357644562901,10.1131269228,1.12544617383,0.865196362836,10.887629024,0.566856114019
10.585764,-0.0819092459569,10.1131269228,1.12544617383,0.900555479573,10.9240348752,0.566856114019
10.58743,-0.0357644562901,10.158507798,1.17082704906,0.900555479573,11.0332524286,0.637574347493
10.589096,0.0103803333768,10.158507798,1.2162079243,0.865196362836,10.9240348752,0.602215230756
10.590762,-0.0819092459569,10.158507798,1.12544617383,0.794478129363,10.887629024,0.496137880546
10.592428,-0.0819092459569,10.158507798,1.12544617383,0.865196362836,10.887629024,0.531496997282
10.594094,-0.0819092459569,10.1131269228,1.12544617383,0.794478129363,10.9604407263,0.566856114019
10.59576,-0.0819092459569,10.1131269228,1.12544617383,0.794478129363,10.8512231729,0.460778763809
10.597426,-0.0819092459569,10.1131269228,1.12544617383,0.829837246099,10.9240348752,0.531496997282
10.599092,-0.0357644562901,10.2038886733,1.17082704906,0.794478129363,10.887629024,0.566856114019
10.600758,-0.0819092459569,10.158507798,1.12544617383,0.865196362836,10.887629024,0.531496997282
10.602424,-0.0819092459569,10.158507798,1.12544617383,0.829837246099,10.9240348752,0.566856114019
10.60409,-0.0819092459569,10.158507798,1.12544617383,0.794478129363,10.887629024,0.496137880546
10.605756,-0.0819092459569,10.158507798,1.12544617383,0.794478129363,10.887629024,0.531496997282
10.607422,-0.0819092459569,10.158507798,1.12544617383,0.829837246099,10.9240348752,0.566856114019
10.609088,-0.0819092459569,10.1131269228,1.08006529859,0.759119012626,10.8148173218,0.496137880546
10.610754,0.0103803333768,10.2492695485,1.17082704906,0.794478129363,10.887629024,0.531496997282
10.61242,-0.0819092459569,10.158507798,1.08006529859,0.829837246099,10.9240348752,0.566856114019
10.614086,-0.0819092459569,10.1131269228,1.08006529859,0.900555479573,10.9240348752,0.531496997282
10.615752,-0.0819092459569,10.1131269228,1.08006529859,0.829837246099,10.9240348752,0.566856114019
10.617418,-0.0357644562901,10.158507798,1.17082704906,0.794478129363,10.887629024,0.496137880546
10.619084,-0.0819092459569,10.1131269228,1.08006529859,0.794478129363,10.887629024,0.496137880546
10.62075,-0.0819092459569,10.1131269228,1.08006529859,0.829837246099,10.9240348752,0.566856114019
10.622416,-0.0819092459569,10.1131269228,1.12544617383,0.723759895889,10.8148173218,0.602215230756
10.624082,-0.0819092459569,10.1131269228,1.08006529859,0.794478129363,10.9240348752,0.566856114019
10.625748,0.0565251230437,10.2492695485,1.2162079243,0.794478129363,10.887629024,0.531496997282
10.627414,-0.0819092459569,10.1131269228,1.08006529859,0.865196362836,10.887629024,0.566856114019
10.62908,-0.0819092459569,10.1131269228,1.12544617383,0.794478129363,10.9240348752,0.602215230756
10.630746,-0.0819092459569,10.1131269228,1.08006529859,0.794478129363,10.887629024,0.531496997282
10.632412,0.0103803333768,10.2038886733,1.17082704906,0.794478129363,10.887629024,0.566856114019
10.634078,-0.0819092459569,10.0677460476,1.08006529859,0.829837246099,10.9240348752,0.566856114019
10.635744,-0.0819092459569,10.0677460476,1.08006529859,0.794478129363,10.8148173218,0.566856114019
10.63741,-0.0819092459569,10.0677460476,1.12544617383,0.829837246099,10.887629024,0.602215230756
10.639076,-0.0357644562901,10.0677460476,1.08006529859,0.794478129363,10.887629024,0.566856114019
10.640742,-0.0357644562901,10.0677460476,1.08006529859,0.93591459631,10.9240348752,0.566856114019
10.642408,-0.0357644562901,10.0677460476,1.12544617383,0.794478129363,10.9240348752,0.637574347493
10.644074,-0.0357644562901,10.1131269228,1.08006529859,0.794478129363,10.8512231729,0.531496997282
10.64574,-0.0357644562901,10.1131269228,1.12544617383,0.829837246099,10.887629024,0.602215230756
10.647406,0.0565251230437,10.2038886733,1.17082704906,0.794478129363,10.887629024,0.566856114019
10.649072,-0.0357644562901,10.1131269228,1.12544617383,0.93591459631,10.9604407263,0.602215230756
10.650738,-0.0357644562901,10.0677460476,1.08006529859,0.829837246099,10.9240348752,0.637574347493
10.652404,-0.0357644562901,10.0677460476,1.12544617383,0.829837246099,10.887629024,0.566856114019
10.65407,-0.0357644562901,10.0677460476,1.08006529859,0.794478129363,10.887629024,0.602215230756
10.655736,-0.0357644562901,10.0677460476,1.12544617383,0.865196362836,10.9240348752,0.637574347493
10.657402,0.102669912711,10.158507798,1.2162079243,0.794478129363,10.8148173218,0.531496997282
10.659068,-0.0357644562901,10.0677460476,1.12544617383,0.865196362836,10.887629024,0.602215230756
10.660734,-0.0357644562901,10.0677460476,1.08006529859,0.865196362836,10.887629024,0.602215230756
10.6624,0.0103803333768,10.0677460476,1.08006529859,0.93591459631,10.9240348752,0.637574347493
10.664066,0.0103803333768,10.0677460476,1.12544617383,0.900555479573,10.9240348752,0.637574347493
10.665732,0.0103803333768,10.0677460476,1.17082704906,0.829837246099,10.887629024,0.602215230756
10.667398,0.0565251230437,10.1131269228,1.17082704906,0.865196362836,10.887629024,0.602215230756
10.669064,0.0103803333768,10.0223651723,1.12544617383,0.900555479573,10.9240348752,0.637574347493
10.67073,0.0103803333768,10.0223651723,1.12544617383,0.794478129363,10.9240348752,0.743651697703
10.672396,0.0103803333768,10.0223651723,1.17082704906,0.900555479573,10.9240348752,0.637574347493
10.674062,0.0565251230437,10.0677460476,1.12544617383,0.900555479573,10.887629024,0.602215230756
10.675728,0.0103803333768,10.0223651723,1.12544617383,0.900555479573,10.9240348752,0.602215230756
10.677394,0.0103803333768,10.0223651723,1.12544617383,0.93591459631,10.9240348752,0.67293346423
10.67906,0.148814702377,10.158507798,1.2162079243,0.829837246099,10.887629024,0.602215230756
10.680726,0.0103803333768,10.0223651723,1.12544617383,0.865196362836,10.887629024,0.637574347493
10.682392,0.0565251230437,10.0677460476,1.17082704906,0.93591459631,10.9240348752,0.637574347493
10.684058,0.0565251230437,10.0223651723,1.12544617383,1.00663282978,11.0332524286,0.67293346423
10.685724,0.0565251230437,10.0223651723,1.17082704906,0.900555479573,10.9240348752,0.67293346423
10.68739,0.0103803333768,10.0223651723,1.12544617383,0.865196362836,10.887629024,0.602215230756
10.689056,0.148814702377,10.158507798,1.26158879953,0.900555479573,10.9240348752,0.637574347493
10.690722,0.0103803333768,10.0223651723,1.12544617383,0.900555479573,10.9240348752,0.637574347493
10.692388,0.0103803333768,10.0677460476,1.17082704906,0.865196362836,10.8148173218,0.566856114019
10.694054,0.0103803333768,10.0677460476,1.17082704906,0.93591459631,10.887629024,0.637574347493
10.69572,0.0565251230437,10.0677460476,1.2162079243,0.93591459631,10.9240348752,0.637574347493
10.697386,0.148814702377,10.2038886733,1.26158879953,0.971273713047,10.9604407263,0.637574347493
10.699052,0.148814702377,10.158507798,1.26158879953,0.93591459631,10.9604407263,0.637574347493
10.700718,0.0565251230437,10.0677460476,1.17082704906,0.900555479573,10.9240348752,0.602215230756
10.702384,0.0103803333768,10.0677460476,1.17082704906,0.93591459631,10.887629024,0.637574347493
10.70405,0.0103803333768,10.0677460476,1.17082704906,0.93591459631,10.9604407263,0.67293346423
10.705716,0.0565251230437,10.1131269228,1.17082704906,0.865196362836,10.887629024,0.67293346423
10.707382,0.0565251230437,10.0677460476,1.2162079243,0.971273713047,10.9240348752,0.67293346423
10.709048,0.0103803333768,10.0677460476,1.17082704906,0.93591459631,10.9240348752,0.602215230756
10.710714,0.0565251230437,10.1131269228,1.17082704906,0.93591459631,10.9240348752,0.637574347493
10.71238,0.0565251230437,10.1131269228,1.17082704906,0.971273713047,10.9604407263,0.637574347493
10.714046,0.0565251230437,10.1131269228,1.2162079243,0.900555479573,10.887629024,0.602215230756
10.715712,0.0103803333768,10.1131269228,1.2162079243,0.93591459631,10.9604407263,0.637574347493
10.717378,0.0103803333768,10.1131269228,1.2162079243,0.93591459631,10.9968465774,0.602215230756
10.719044,0.0103803333768,10.1131269228,1.2162079243,1.04199194652,11.0332524286,0.67293346423
10.72071,0.0103803333768,10.158507798,1.2162079243,0.93591459631,10.9968465774,0.637574347493
10.722376,0.0565251230437,10.1131269228,1.17082704906,0.93591459631,10.9240348752,0.602215230756
10.724042,0.0103803333768,10.158507798,1.17082704906,0.971273713047,10.9968465774,0.602215230756
10.725708,0.0103803333768,10.158507798,1.2162079243,0.971273713047,10.9968465774,0.602215230756
10.727374,0.0103803333768,10.1131269228,1.2162079243,0.93591459631,11.0332524286,0.743651697703
10.72904,0.0103803333768,10.158507798,1.2162079243,0.93591459631,11.0332524286,0.67293346423
10.730706,0.0103803333768,10.158507798,1.17082704906,0.93591459631,10.9604407263,0.602215230756
10.732372,0.0103803333768,10.158507798,1.2162079243,0.93591459631,10.9968465774,0.602215230756
10.734038,0.0103803333768,10.158507798,1.2162079243,0.93591459631,11.0332524286,0.602215230756
10.735704,0.0103803333768,10.158507798,1.2162079243,0.93591459631,10.9240348752,0.566856114019
10.73737,0.102669912711,10.2492695485,1.30696967477,0.93591459631,10.9968465774,0.602215230756
10.739036,0.0103803333768,10.158507798,1.2162079243,0.971273713047,11.0332524286,0.602215230756
10.740702,-0.0357644562901,10.2038886733,1.2162079243,1.00663282978,11.1060641308,0.708292580966
10.742368,0.0103803333768,10.2038886733,1.26158879953,0.93591459631,11.0696582797,0.637574347493
10.744034,0.0103803333768,10.2038886733,1.26158879953,0.93591459631,10.9968465774,0.602215230756
10.7457,-0.0357644562901,10.2038886733,1.26158879953,0.93591459631,10.9968465774,0.602215230756
10.747366,0.0103803333768,10.2038886733,1.26158879953,0.971273713047,11.0332524286,0.602215230756
10.749032,-0.0357644562901,10.2038886733,1.26158879953,0.900555479573,10.9604407263,0.531496997282
10.750698,0.0565251230437,10.2946504237,1.30696967477,0.93591459631,11.0332524286,0.602215230756
10.752364,0.0103803333768,10.2492695485,1.26158879953,0.93591459631,11.0332524286,0.602215230756
10.75403,-0.0357644562901,10.158507798,1.2162079243,1.00663282978,11.0696582797,0.602215230756
10.755696,-0.0357644562901,10.2038886733,1.2162079243,0.93591459631,11.0696582797,0.602215230756
10.757362,-0.0357644562901,10.2038886733,1.26158879953,0.93591459631,11.0332524286,0.566856114019
10.759028,0.0565251230437,10.2946504237,1.35235055001,0.93591459631,11.0332524286,0.566856114019
10.760694,-0.0357644562901,10.2038886733,1.2162079243,0.93591459631,11.0332524286,0.566856114019
10.76236,-0.0357644562901,10.2492695485,1.2162079243,0.971273713047,11.142469982,0.67293346423
10.764026,-0.0357644562901,10.2038886733,1.2162079243,0.93591459631,11.0696582797,0.602215230756
10.765692,-0.0357644562901,10.2038886733,1.2162079243,0.93591459631,10.9968465774,0.531496997282
10.767358,-0.0357644562901,10.2038886733,1.26158879953,0.93591459631,11.0332524286,0.566856114019
10.769024,-0.0357644562901,10.2492695485,1.2162079243,0.971273713047,11.0696582797,0.602215230756
10.77069,-0.0357644562901,10.2038886733,1.2162079243,0.865196362836,10.9240348752,0.496137880546
10.772356,-0.0357644562901,10.2038886733,1.26158879953,0.93591459631,11.0332524286,0.566856114019
10.774022,0.0565251230437,10.2946504237,1.35235055001,0.93591459631,10.9968465774,0.566856114019
10.775688,-0.0357644562901,10.2038886733,1.26158879953,0.971273713047,11.0332524286,0.531496997282
10.777354,-0.0819092459569,10.2038886733,1.26158879953,0.93591459631,11.0332524286,0.566856114019
10.77902,0.0103803333768,10.2946504237,1.30696967477,0.93591459631,10.9968465774,0.496137880546
10.780686,0.0103803333768,10.2946504237,1.30696967477,0.93591459631,10.9968465774,0.566856114019
10.782352,-0.0819092459569,10.2038886733,1.2162079243,0.93591459631,11.0332524286,0.566856114019
10.784018,-0.0819092459569,10.2038886733,1.2162079243,1.04199194652,11.0696582797,0.602215230756
10.785684,-0.0819092459569,10.2038886733,1.2162079243,0.93591459631,11.0332524286,0.566856114019
10.78735,-0.0819092459569,10.2038886733,1.2162079243,0.900555479573,10.9968465774,0.496137880546
10.789016,-0.0819092459569,10.158507798,1.2162079243,0.93591459631,10.9968465774,0.496137880546
10.790682,-0.0357644562901,10.2492695485,1.26158879953,0.900555479573,10.9968465774,0.566856114019
10.792348,-0.128054035624,10.2038886733,1.2162079243,0.865196362836,10.9240348752,0.460778763809
10.794014,-0.0819092459569,10.2038886733,1.2162079243,0.900555479573,10.9968465774,0.496137880546
10.79568,-0.0819092459569,10.2038886733,1.2162079243,0.900555479573,10.9968465774,0.531496997282
10.797346,0.0103803333768,10.2946504237,1.30696967477,1.04199194652,11.0696582797,0.602215230756
10.799012,-0.0819092459569,10.2038886733,1.2162079243,0.93591459631,10.9968465774,0.531496997282
10.800678,-0.0819092459569,10.158507798,1.2162079243,0.900555479573,10.9240348752,0.496137880546
10.802344,-0.0819092459569,10.2038886733,1.2162079243,0.93591459631,10.9240348752,0.496137880546
10.80401,-0.0819092459569,10.2038886733,1.2162079243,0.93591459631,10.9968465774,0.566856114019
10.805676,-0.0819092459569,10.158507798,1.2162079243,0.900555479573,10.9240348752,0.460778763809
10.807342,-0.0357644562901,10.2038886733,1.2162079243,0.900555479573,10.9240348752,0.531496997282
10.809008,-0.0357644562901,10.2492695485,1.26158879953,0.93591459631,10.9240348752,0.531496997282
10.810674,-0.0357644562901,10.2038886733,1.26158879953,0.971273713047,11.0696582797,0.566856114019
10.81234,-0.0819092459569,10.158507798,1.17082704906,0.93591459631,10.9968465774,0.566856114019
10.814006,-0.128054035624,10.1131269228,1.17082704906,0.865196362836,10.887629024,0.460778763809
10.815672,-0.128054035624,10.1131269228,1.17082704906,0.900555479573,10.887629024,0.496137880546
10.817338,-0.0819092459569,10.158507798,1.2162079243,0.93591459631,10.9240348752,0.566856114019
10.819004,-0.0357644562901,10.158507798,1.2162079243,0.829837246099,10.8512231729,0.602215230756
10.82067,-0.0357644562901,10.2038886733,1.30696967477,0.900555479573,10.9240348752,0.531496997282
10.822336,-0.0819092459569,10.158507798,1.2162079243,0.865196362836,10.9240348752,0.531496997282
10.824002,-0.128054035624,10.0677460476,1.17082704906,0.93591459631,10.9240348752,0.531496997282
10.825668,-0.0819092459569,10.1131269228,1.17082704906,0.93591459631,10.887629024,0.566856114019
10.827334,-0.0819092459569,10.1131269228,1.17082704906,0.865196362836,10.8512231729,0.460778763809
10.829,-0.0819092459569,10.1131269228,1.17082704906,0.900555479573,10.887629024,0.496137880546
10.830666,-0.0819092459569,10.1131269228,1.2162079243,0.865196362836,10.887629024,0.566856114019
10.832332,-0.0819092459569,10.1131269228,1.17082704906,0.971273713047,10.9968465774,0.566856114019
10.833998,-0.0819092459569,10.0677460476,1.17082704906,0.93591459631,10.9240348752,0.566856114019
10.835664,-0.0819092459569,10.1131269228,1.17082704906,0.900555479573,10.887629024,0.496137880546
10.83733,-0.0819092459569,10.0677460476,1.17082704906,0.900555479573,10.887629024,0.531496997282
10.838996,-0.128054035624,10.0677460476,1.17082704906,0.93591459631,10.887629024,0.531496997282
10.840662,-0.0819092459569,10.0677460476,1.12544617383,0.794478129363,10.8148173218,0.531496997282
10.842328,-0.0357644562901,10.1131269228,1.2162079243,0.900555479573,10.887629024,0.566856114019
10.843994,-0.0357644562901,10.0677460476,1.17082704906,0.900555479573,10.887629024,0.566856114019
10.84566,-0.0819092459569,10.0677460476,1.17082704906,0.971273713047,10.9604407263,0.602215230756
10.847326,-0.0819092459569,10.0677460476,1.17082704906,0.900555479573,10.887629024,0.602215230756
10.848992,-0.0357644562901,10.0677460476,1.17082704906,0.865196362836,10.8148173218,0.496137880546
10.850658,-0.0357644562901,10.0677460476,1.17082704906,0.865196362836,10.8148173218,0.566856114019
10.852324,-0.0819092459569,10.0677460476,1.17082704906,0.865196362836,10.887629024,0.602215230756
10.85399,-0.0357644562901,10.0677460476,1.12544617383,0.829837246099,10.8148173218,0.566856114019
10.855656,-0.0357644562901,10.0677460476,1.17082704906,0.900555479573,10.887629024,0.602215230756
10.857322,-0.0357644562901,10.0677460476,1.17082704906,0.865196362836,10.887629024,0.566856114019
10.858988,0.0565251230437,10.1131269228,1.2162079243,0.93591459631,10.887629024,0.602215230756
10.860654,-0.0357644562901,10.0223651723,1.12544617383,0.865196362836,10.9240348752,0.602215230756
10.86232,-0.0357644562901,10.0223651723,1.17082704906,0.829837246099,10.8148173218,0.531496997282
10.863986,-0.0357644562901,10.0223651723,1.17082704906,0.865196362836,10.8512231729,0.602215230756
10.865652,-0.0357644562901,10.0223651723,1.12544617383,0.900555479573,10.887629024,0.566856114019
10.867318,-0.0357644562901,10.0677460476,1.17082704906,0.829837246099,10.9240348752,0.708292580966
10.868984,-0.0357644562901,10.0677460476,1.12544617383,0.865196362836,10.9240348752,0.637574347493
10.87065,-0.0357644562901,10.0677460476,1.12544617383,0.865196362836,10.887629024,0.566856114019
10.872316,-0.0357644562901,10.0223651723,1.12544617383,0.900555479573,10.887629024,0.566856114019
10.873982,0.0103803333768,10.0223651723,1.12544617383,0.900555479573,10.9240348752,0.602215230756
10.875648,0.0103803333768,10.0223651723,1.12544617383,0.794478129363,10.8148173218,0.566856114019
10.877314,-0.0357644562901,10.0223651723,1.12544617383,0.865196362836,10.887629024,0.602215230756
10.87898,0.0103803333768,10.0677460476,1.12544617383,0.865196362836,10.887629024,0.602215230756
10.880646,0.0103803333768,10.0223651723,1.12544617383,0.865196362836,10.887629024,0.602215230756
10.882312,0.0103803333768,10.0677460476,1.12544617383,0.900555479573,10.9240348752,0.602215230756
10.883978,0.0103803333768,10.0677460476,1.12544617383,0.829837246099,10.887629024,0.566856114019
10.885644,0.0103803333768,10.0677460476,1.12544617383,0.865196362836,10.9240348752,0.602215230756
10.88731,0.0565251230437,10.0677460476,1.12544617383,0.865196362836,10.9240348752,0.602215230756
10.888976,0.102669912711,10.158507798,1.17082704906,0.971273713047,10.9968465774,0.67293346423
10.890642,0.0103803333768,10.0677460476,1.12544617383,0.829837246099,10.9240348752,0.637574347493
10.892308,0.0103803333768,10.0677460476,1.12544617383,0.829837246099,10.887629024,0.566856114019
10.893974,0.0565251230437,10.1131269228,1.17082704906,0.829837246099,10.9240348752,0.637574347493
10.89564,0.0565251230437,10.1131269228,1.12544617383,0.865196362836,10.9240348752,0.637574347493
10.897306,0.0103803333768,10.0677460476,1.12544617383,0.971273713047,11.0696582797,0.708292580966
10.898972,0.0565251230437,10.0677460476,1.08006529859,0.865196362836,10.9968465774,0.637574347493
10.900638,0.0103803333768,10.0677460476,1.12544617383,0.829837246099,10.9240348752,0.602215230756
10.902304,0.0565251230437,10.1131269228,1.12544617383,0.865196362836,10.9240348752,0.637574347493
10.90397,0.0103803333768,10.0677460476,1.12544617383,0.865196362836,10.9968465774,0.637574347493
10.905636,0.0103803333768,10.0677460476,1.08006529859,0.794478129363,10.887629024,0.566856114019
10.907302,-0.0357644562901,10.0677460476,1.08006529859,0.865196362836,10.9240348752,0.637574347493
10.908968,0.102669912711,10.158507798,1.17082704906,0.865196362836,10.9604407263,0.602215230756
10.910634,0.0103803333768,10.1131269228,1.12544617383,0.93591459631,10.9968465774,0.637574347493
10.9123,0.0103803333768,10.1131269228,1.12544617383,0.865196362836,10.9968465774,0.67293346423
10.913966,0.0103803333768,10.1131269228,1.12544617383,0.794478129363,10.9240348752,0.602215230756
10.915632,0.0103803333768,10.0677460476,1.12544617383,0.865196362836,10.9240348752,0.602215230756
10.917298,0.0565251230437,10.1131269228,1.12544617383,0.900555479573,10.9968465774,0.602215230756
10.918964,0.0565251230437,10.158507798,1.12544617383,0.829837246099,10.9240348752,0.708292580966
10.92063,0.0103803333768,10.1131269228,1.12544617383,0.829837246099,10.9968465774,0.637574347493
10.922296,0.0103803333768,10.1131269228,1.12544617383,0.865196362836,10.9968465774,0.602215230756
10.923962,-0.0357644562901,10.1131269228,1.12544617383,0.900555479573,10.9968465774,0.602215230756
10.925628,0.0103803333768,10.1131269228,1.12544617383,0.865196362836,10.9968465774,0.602215230756
10.927294,0.0103803333768,10.158507798,1.12544617383,0.829837246099,10.9604407263,0.602215230756
10.92896,0.102669912711,10.2492695485,1.2162079243,0.865196362836,10.9968465774,0.602215230756
10.930626,-0.0357644562901,10.1131269228,1.12544617383,0.865196362836,10.9968465774,0.602215230756
10.932292,-0.0357644562901,10.1131269228,1.12544617383,0.829837246099,11.0332524286,0.708292580966
10.933958,-0.0357644562901,10.1131269228,1.12544617383,0.865196362836,10.9968465774,0.602215230756
10.935624,-0.0357644562901,10.1131269228,1.12544617383,0.900555479573,10.9240348752,0.566856114019
10.93729,-0.0357644562901,10.158507798,1.12544617383,0.900555479573,10.9968465774,0.566856114019
10.938956,0.0103803333768,10.158507798,1.12544617383,0.865196362836,10.9968465774,0.602215230756
10.940622,-0.0357644562901,10.158507798,1.12544617383,0.829837246099,10.9240348752,0.496137880546
10.942288,-0.0357644562901,10.158507798,1.12544617383,0.829837246099,10.9968465774,0.602215230756
10.943954,0.0103803333768,10.158507798,1.17082704906,0.865196362836,10.9968465774,0.602215230756
10.94562,-0.0357644562901,10.1131269228,1.12544617383,0.971273713047,11.0696582797,0.67293346423
10.947286,-0.0357644562901,10.158507798,1.12544617383,0.900555479573,10.9968465774,0.602215230756
10.948952,-0.0357644562901,10.1131269228,1.12544617383,0.900555479573,10.9240348752,0.566856114019
10.950618,0.0103803333768,10.2038886733,1.2162079243,0.865196362836,10.9240348752,0.566856114019
10.952284,-0.0357644562901,10.158507798,1.12544617383,0.900555479573,10.9604407263,0.602215230756
10.95395,-0.0357644562901,10.1131269228,1.12544617383,0.794478129363,10.887629024,0.496137880546
10.955616,-0.0357644562901,10.1131269228,1.12544617383,0.865196362836,10.9604407263,0.602215230756
10.957282,-0.0819092459569,10.1131269228,1.17082704906,0.900555479573,10.9604407263,0.566856114019
10.958948,-0.0357644562901,10.158507798,1.17082704906,0.971273713047,11.0332524286,0.602215230756
10.960614,-0.0357644562901,10.1131269228,1.12544617383,0.900555479573,10.9968465774,0.602215230756
10.96228,-0.0819092459569,10.1131269228,1.12544617383,0.794478129363,10.9240348752,0.531496997282
10.963946,-0.0819092459569,10.1131269228,1.17082704906,0.900555479573,10.9240348752,0.566856114019
10.965612,-0.0357644562901,10.1131269228,1.17082704906,0.93591459631,10.9968465774,0.602215230756
10.967278,-0.0819092459569,10.1131269228,1.17082704906,0.829837246099,10.887629024,0.496137880546
10.968944,-0.0819092459569,10.1131269228,1.17082704906,0.900555479573,10.9240348752,0.566856114019
10.97061,0.0103803333768,10.2038886733,1.26158879953,0.93591459631,10.9604407263,0.566856114019
10.972276,-0.0819092459569,10.1131269228,1.17082704906,1.00663282978,11.0696582797,0.637574347493
10.973942,-0.0819092459569,10.158507798,1.2162079243,0.900555479573,10.9968465774,0.566856114019
10.975608,-0.0819092459569,10.158507798,1.17082704906,0.900555479573,10.9240348752,0.496137880546
10.977274,-0.0357644562901,10.158507798,1.2162079243,0.900555479573,10.9240348752,0.566856114019
10.97894,0.0565251230437,10.2038886733,1.30696967477,0.93591459631,10.9604407263,0.566856114019
10.980606,0.0565251230437,10.2492695485,1.35235055001,0.865196362836,10.8512231729,0.531496997282
10.982272,-0.0357644562901,10.158507798,1.26158879953,0.900555479573,10.9604407263,0.566856114019
10.983938,-0.0819092459569,10.1131269228,1.17082704906,0.93591459631,10.9240348752,0.566856114019
10.985604,-0.0819092459569,10.0677460476,1.17082704906,0.93591459631,10.9968465774,0.531496997282
10.98727,-0.0819092459569,10.1131269228,1.2162079243,0.93591459631,10.9240348752,0.566856114019
10.988936,-0.0819092459569,10.1131269228,1.2162079243,0.93591459631,10.887629024,0.496137880546
10.990602,-0.0819092459569,10.1131269228,1.17082704906,0.865196362836,10.887629024,0.531496997282
10.992268,-0.0819092459569,10.1131269228,1.2162079243,0.93591459631,10.9240348752,0.566856114019
10.993934,-0.0819092459569,10.1131269228,1.2162079243,0.865196362836,10.8512231729,0.496137880546
10.9956,-0.128054035624,10.1131269228,1.17082704906,0.93591459631,10.9240348752,0.566856114019
10.997266,-0.0819092459569,10.1131269228,1.2162079243,0.900555479573,10.887629024,0.496137880546
10.998932,-0.0819092459569,10.1131269228,1.2162079243,0.93591459631,10.887629024,0.496137880546
11.000598,-0.0819092459569,10.1131269228,1.26158879953,0.93591459631,10.9240348752,0.566856114019
11.002264,-0.0819092459569,10.1131269228,1.2162079243,0.900555479573,10.887629024,0.496137880546
11.00393,-0.0819092459569,10.0677460476,1.2162079243,0.93591459631,10.887629024,0.531496997282
11.005596,-0.0819092459569,10.0677460476,1.26158879953,0.900555479573,10.887629024,0.531496997282
11.007262,0.0103803333768,10.158507798,1.30696967477,0.93591459631,10.9968465774,0.602215230756
11.008928,-0.128054035624,10.0677460476,1.2162079243,0.93591459631,10.9240348752,0.531496997282
11.010594,-0.128054035624,10.1131269228,1.2162079243,0.900555479573,10.9240348752,0.496137880546
11.01226,-0.0819092459569,10.1131269228,1.2162079243,0.900555479573,10.887629024,0.531496997282
11.013926,-0.0819092459569,10.158507798,1.2162079243,0.93591459631,10.9240348752,0.496137880546
11.015592,-0.0357644562901,10.158507798,1.2162079243,0.865196362836,10.8512231729,0.602215230756
11.017258,-0.0819092459569,10.158507798,1.2162079243,0.93591459631,10.887629024,0.531496997282
11.018924,-0.0819092459569,10.1131269228,1.26158879953,0.900555479573,10.887629024,0.496137880546
11.02059,-0.0819092459569,10.1131269228,1.2162079243,0.900555479573,10.9240348752,0.531496997282
11.022256,-0.0819092459569,10.1131269228,1.2162079243,0.93591459631,10.9240348752,0.566856114019
11.023922,0.0103803333768,10.158507798,1.35235055001,0.900555479573,10.8512231729,0.460778763809
11.025588,-0.0819092459569,10.1131269228,1.2162079243,0.900555479573,10.887629024,0.531496997282
11.027254,-0.0819092459569,10.1131269228,1.2162079243,0.93591459631,10.9240348752,0.531496997282
11.02892,-0.0819092459569,10.1131269228,1.2162079243,0.900555479573,10.9968465774,0.637574347493
11.030586,-0.0357644562901,10.2038886733,1.26158879953,0.93591459631,10.9240348752,0.566856114019
11.032252,-0.0819092459569,10.1131269228,1.2162079243,0.93591459631,10.887629024,0.496137880546
11.033918,-0.0819092459569,10.1131269228,1.2162079243,0.93591459631,10.887629024,0.531496997282
11.035584,0.0565251230437,10.2038886733,1.30696967477,0.93591459631,10.9240348752,0.566856114019
11.03725,-0.0357644562901,10.1131269228,1.2162079243,0.865196362836,10.8512231729,0.496137880546
11.038916,-0.0357644562901,10.158507798,1.2162079243,0.900555479573,10.887629024,0.566856114019
11.040582,-0.0819092459569,10.1131269228,1.17082704906,0.93591459631,10.9240348752,0.566856114019
11.042248,-0.0819092459569,10.1131269228,1.2162079243,0.93591459631,11.0696582797,0.637574347493
11.043914,-0.0819092459569,10.1131269228,1.2162079243,0.93591459631,10.9240348752,0.566856114019
11.04558,-0.0819092459569,10.158507798,1.2162079243,0.900555479573,10.9240348752,0.496137880546
11.047246,-0.0819092459569,10.1131269228,1.2162079243,0.93591459631,10.9240348752,0.566856114019
11.048912,-0.0357644562901,10.158507798,1.2162079243,0.93591459631,10.9968465774,0.602215230756
11.050578,0.0565251230437,10.2492695485,1.30696967477,0.865196362836,10.887629024,0.496137880546
11.052244,-0.0819092459569,10.1131269228,1.2162079243,0.93591459631,10.9240348752,0.602215230756
11.05391,-0.0357644562901,10.158507798,1.2162079243,0.900555479573,10.9968465774,0.566856114019
11.055576,-0.0357644562901,10.158507798,1.17082704906,1.04199194652,11.0332524286,0.602215230756
11.057242,-0.0357644562901,10.1131269228,1.17082704906,0.900555479573,10.9968465774,0.602215230756
11.058908,-0.0357644562901,10.158507798,1.17082704906,0.865196362836,10.9240348752,0.566856114019
11.060574,-0.0357644562901,10.1131269228,1.17082704906,0.865196362836,10.9240348752,0.566856114019
11.06224,0.102669912711,10.2492695485,1.26158879953,0.900555479573,11.0332524286,0.637574347493
11.063906,-0.0357644562901,10.1131269228,1.17082704906,0.865196362836,10.9240348752,0.531496997282
11.065572,-0.0357644562901,10.158507798,1.17082704906,0.865196362836,10.9604407263,0.602215230756
11.067238,0.0103803333768,10.158507798,1.17082704906,0.900555479573,10.9968465774,0.637574347493
11.068904,-0.0357644562901,10.1131269228,1.17082704906,0.971273713047,11.0696582797,0.67293346423
11.07057,0.0103803333768,10.1131269228,1.12544617383,0.865196362836,10.9968465774,0.637574347493
11.072236,-0.0357644562901,10.1131269228,1.12544617383,0.900555479573,10.9240348752,0.602215230756
11.073902,0.0103803333768,10.158507798,1.17082704906,0.900555479573,10.9968465774,0.602215230756
11.075568,0.0565251230437,10.2038886733,1.17082704906,0.93591459631,11.0332524286,0.637574347493
11.077234,0.0103803333768,10.158507798,1.12544617383,0.829837246099,10.9240348752,0.602215230756
11.0789,0.0103803333768,10.158507798,1.17082704906,0.900555479573,11.0332524286,0.637574347493
11.080566,0.0103803333768,10.158507798,1.17082704906,0.900555479573,10.9968465774,0.602215230756
11.082232,0.0565251230437,10.158507798,1.17082704906,0.93591459631,11.0332524286,0.602215230756
11.083898,0.102669912711,10.2038886733,1.26158879953,0.93591459631,11.0332524286,0.637574347493
11.085564,0.0103803333768,10.1131269228,1.17082704906,0.829837246099,10.9968465774,0.602215230756
11.08723,0.0103803333768,10.1131269228,1.17082704906,0.900555479573,11.0332524286,0.637574347493
11.088896,0.0103803333768,10.1131269228,1.12544617383,0.900555479573,11.0332524286,0.637574347493
11.090562,0.0565251230437,10.158507798,1.17082704906,0.900555479573,11.1060641308,0.743651697703
11.092228,0.0565251230437,10.1131269228,1.12544617383,0.900555479573,11.0696582797,0.67293346423
11.093894,0.0103803333768,10.1131269228,1.12544617383,0.865196362836,11.0332524286,0.637574347493
11.09556,0.0565251230437,10.1131269228,1.12544617383,0.900555479573,10.9968465774,0.637574347493
11.097226,0.0565251230437,10.1131269228,1.12544617383,0.93591459631,11.0696582797,0.67293346423
11.098892,0.0565251230437,10.158507798,1.17082704906,0.829837246099,10.9604407263,0.566856114019
11.100558,0.0565251230437,10.1131269228,1.17082704906,0.900555479573,11.0332524286,0.67293346423
11.102224,0.0565251230437,10.0677460476,1.12544617383,0.900555479573,11.0332524286,0.637574347493
11.10389,0.0565251230437,10.1131269228,1.17082704906,0.971273713047,11.0696582797,0.743651697703
11.105556,0.0565251230437,10.1131269228,1.12544617383,0.900555479573,11.0332524286,0.637574347493
11.107222,0.0103803333768,10.1131269228,1.12544617383,0.900555479573,10.9968465774,0.602215230756
11.108888,0.0565251230437,10.1131269228,1.12544617383,0.900555479573,10.9968465774,0.637574347493
11.110554,0.0565251230437,10.158507798,1.12544617383,0.93591459631,10.9968465774,0.637574347493
11.11222,0.102669912711,10.158507798,1.17082704906,0.865196362836,10.9240348752,0.602215230756
11.113886,0.0565251230437,10.1131269228,1.12544617383,0.900555479573,11.0332524286,0.637574347493
11.115552,0.0565251230437,10.158507798,1.17082704906,0.93591459631,10.9968465774,0.67293346423
11.117218,0.0103803333768,10.1131269228,1.17082704906,1.00663282978,11.1060641308,0.67293346423
11.118884,0.0565251230437,10.1131269228,1.17082704906,0.93591459631,11.0332524286,0.67293346423
11.12055,0.0565251230437,10.1131269228,1.17082704906,0.865196362836,10.9968465774,0.602215230756
11.122216,0.0103803333768,10.1131269228,1.12544617383,0.865196362836,10.9968465774,0.637574347493
11.123882,0.0565251230437,10.1131269228,1.17082704906,0.93591459631,11.0332524286,0.637574347493
11.125548,0.0565251230437,10.1131269228,1.17082704906,0.829837246099,10.9240348752,0.602215230756
11.127214,0.0565251230437,10.1131269228,1.17082704906,0.900555479573,10.9968465774,0.67293346423
11.12888,0.0565251230437,10.1131269228,1.17082704906,0.900555479573,10.9968465774,0.637574347493
11.130546,0.0565251230437,10.1131269228,1.17082704906,1.00663282978,10.9968465774,0.637574347493
11.132212,0.0565251230437,10.1131269228,1.17082704906,0.900555479573,10.9968465774,0.637574347493
11.133878,0.0103803333768,10.1131269228,1.12544617383,0.900555479573,10.9240348752,0.602215230756
11.135544,0.102669912711,10.2038886733,1.2162079243,0.900555479573,10.9240348752,0.602215230756
11.13721,0.0103803333768,10.0677460476,1.12544617383,0.93591459631,10.9604407263,0.637574347493
11.138876,0.0103803333768,10.0677460476,1.17082704906,0.829837246099,10.8512231729,0.67293346423
11.140542,0.0103803333768,10.0677460476,1.17082704906,0.93591459631,10.9240348752,0.637574347493
11.142208,0.0565251230437,10.1131269228,1.17082704906,0.93591459631,10.9240348752,0.602215230756
11.143874,0.0103803333768,10.0677460476,1.17082704906,0.971273713047,10.9604407263,0.602215230756
11.14554,0.102669912711,10.158507798,1.2162079243,0.93591459631,10.9604407263,0.637574347493
11.147206,0.0103803333768,10.1131269228,1.2162079243,0.900555479573,10.9240348752,0.602215230756
11.148872,0.0103803333768,10.1131269228,1.17082704906,0.900555479573,10.9240348752,0.602215230756
11.150538,0.0103803333768,10.1131269228,1.17082704906,0.93591459631,10.9604407263,0.637574347493
11.152204,0.0103803333768,10.1131269228,1.17082704906,0.865196362836,10.887629024,0.566856114019
11.15387,0.0565251230437,10.158507798,1.2162079243,0.93591459631,10.9240348752,0.602215230756
11.155536,-0.0357644562901,10.0677460476,1.17082704906,0.93591459631,10.9240348752,0.602215230756
11.157202,0.0103803333768,10.0677460476,1.17082704906,0.93591459631,10.887629024,0.602215230756
11.158868,-0.0357644562901,10.0677460476,1.2162079243,0.93591459631,10.9240348752,0.602215230756
11.160534,-0.0357644562901,10.0677460476,1.2162079243,0.900555479573,10.887629024,0.566856114019
11.1622,-0.0357644562901,10.0677460476,1.2162079243,0.93591459631,10.9240348752,0.602215230756
11.163866,-0.0357644562901,10.1131269228,1.2162079243,0.93591459631,10.9240348752,0.602215230756
11.165532,-0.0357644562901,10.0677460476,1.17082704906,0.93591459631,10.9968465774,0.708292580966
11.167198,0.0103803333768,10.1131269228,1.2162079243,0.900555479573,10.9240348752,0.602215230756
11.168864,-0.0357644562901,10.0677460476,1.12544617383,0.865196362836,10.887629024,0.602215230756
11.17053,-0.0357644562901,10.0677460476,1.17082704906,0.93591459631,10.887629024,0.566856114019
11.172196,-0.0357644562901,10.0677460476,1.17082704906,0.93591459631,10.9240348752,0.602215230756
11.173862,-0.0357644562901,10.0677460476,1.17082704906,0.865196362836,10.8512231729,0.566856114019
11.175528,-0.0819092459569,10.0677460476,1.17082704906,0.900555479573,10.887629024,0.566856114019
11.177194,-0.0357644562901,10.1131269228,1.17082704906,0.93591459631,10.9240348752,0.566856114019
11.17886,0.0103803333768,10.1131269228,1.26158879953,0.829837246099,10.8148173218,0.637574347493
11.180526,-0.0819092459569,10.0677460476,1.17082704906,0.93591459631,10.887629024,0.602215230756
11.182192,-0.0819092459569,10.1131269228,1.17082704906,0.900555479573,10.887629024,0.566856114019
11.183858,-0.0819092459569,10.1131269228,1.17082704906,0.93591459631,10.9240348752,0.566856114019
11.185524,-0.0819092459569,10.1131269228,1.2162079243,0.900555479573,10.9240348752,0.602215230756
11.18719,-0.0819092459569,10.0677460476,1.17082704906,0.865196362836,10.8512231729,0.496137880546
11.188856,-0.0357644562901,10.1131269228,1.2162079243,0.865196362836,10.887629024,0.566856114019
11.190522,-0.0357644562901,10.0677460476,1.17082704906,0.900555479573,10.9240348752,0.566856114019
11.192188,-0.0819092459569,10.0677460476,1.17082704906,0.93591459631,11.0332524286,0.67293346423
11.193854,-0.0357644562901,10.1131269228,1.17082704906,0.93591459631,10.9240348752,0.566856114019
11.19552,-0.0819092459569,10.1131269228,1.2162079243,0.865196362836,10.887629024,0.566856114019
11.197186,-0.0819092459569,10.1131269228,1.17082704906,0.900555479573,10.887629024,0.531496997282
11.198852,-0.0357644562901,10.158507798,1.2162079243,0.900555479573,10.9604407263,0.566856114019
11.200518,-0.0819092459569,10.1131269228,1.17082704906,0.865196362836,10.8148173218,0.460778763809
11.202184,-0.0819092459569,10.1131269228,1.17082704906,0.865196362836,10.887629024,0.531496997282
11.20385,-0.0819092459569,10.1131269228,1.17082704906,0.865196362836,10.9240348752,0.566856114019
11.205516,0.0103803333768,10.2038886733,1.2162079243,0.93591459631,11.0332524286,0.602215230756
11.207182,-0.0819092459569,10.1131269228,1.12544617383,0.865196362836,10.9240348752,0.566856114019
11.208848,-0.0819092459569,10.1131269228,1.12544617383,0.865196362836,10.887629024,0.496137880546
11.210514,-0.0819092459569,10.1131269228,1.17082704906,0.865196362836,10.887629024,0.531496997282
11.21218,-0.0819092459569,10.158507798,1.17082704906,0.900555479573,10.9240348752,0.566856114019
11.213846,0.0565251230437,10.2492695485,1.26158879953,0.794478129363,10.887629024,0.460778763809
11.215512,-0.0819092459569,10.158507798,1.2162079243,0.865196362836,10.9240348752,0.566856114019
11.217178,-0.0819092459569,10.1131269228,1.17082704906,0.865196362836,10.9240348752,0.531496997282
11.218844,-0.0819092459569,10.1131269228,1.17082704906,0.971273713047,11.0332524286,0.602215230756
11.22051,-0.0819092459569,10.1131269228,1.17082704906,0.900555479573,10.9240348752,0.566856114019
11.222176,-0.0819092459569,10.1131269228,1.17082704906,0.865196362836,10.887629024,0.496137880546
11.223842,-0.0357644562901,10.1131269228,1.17082704906,0.865196362836,10.887629024,0.531496997282
11.225508,-0.0819092459569,10.1131269228,1.17082704906,0.865196362836,10.9240348752,0.566856114019
11.227174,0.0103803333768,10.2492695485,1.26158879953,0.794478129363,10.887629024,0.460778763809
11.22884,-0.0819092459569,10.158507798,1.12544617383,0.829837246099,10.9240348752,0.531496997282
11.230506,-0.0819092459569,10.158507798,1.12544617383,0.829837246099,10.9240348752,0.496137880546
11.232172,-0.0819092459569,10.158507798,1.08006529859,0.93591459631,10.9968465774,0.566856114019
11.233838,0.0103803333768,10.2038886733,1.2162079243,0.865196362836,10.9604407263,0.566856114019
11.235504,0.0565251230437,10.2492695485,1.2162079243,0.794478129363,10.887629024,0.496137880546
11.23717,0.0565251230437,10.2492695485,1.26158879953,0.829837246099,10.9240348752,0.531496997282
11.238836,0.0103803333768,10.2038886733,1.2162079243,0.865196362836,10.9604407263,0.566856114019
11.240502,-0.0819092459569,10.158507798,1.12544617383,0.759119012626,10.887629024,0.637574347493
11.242168,-0.0819092459569,10.1131269228,1.12544617383,0.829837246099,10.9240348752,0.566856114019
11.243834,-0.0819092459569,10.1131269228,1.12544617383,0.865196362836,10.9240348752,0.566856114019
11.2455,-0.0357644562901,10.158507798,1.12544617383,0.900555479573,10.9604407263,0.531496997282
11.247166,-0.0819092459569,10.1131269228,1.12544617383,0.865196362836,10.9604407263,0.602215230756
11.248832,-0.0357644562901,10.158507798,1.12544617383,0.794478129363,10.887629024,0.496137880546
11.250498,-0.0357644562901,10.158507798,1.12544617383,0.829837246099,10.9604407263,0.566856114019
11.252164,-0.0357644562901,10.1131269228,1.12544617383,0.900555479573,10.9604407263,0.602215230756
11.25383,-0.0357644562901,10.158507798,1.12544617383,0.794478129363,10.9604407263,0.637574347493
11.255496,0.102669912711,10.2492695485,1.26158879953,0.865196362836,10.9604407263,0.602215230756
11.257162,0.0565251230437,10.2038886733,1.26158879953,0.865196362836,10.9604407263,0.566856114019
11.258828,-0.0357644562901,10.1131269228,1.12544617383,0.93591459631,10.9604407263,0.602215230756
11.260494,-0.0357644562901,10.1131269228,1.12544617383,0.865196362836,10.9604407263,0.602215230756
11.26216,-0.0819092459569,10.1131269228,1.08006529859,0.865196362836,10.9240348752,0.566856114019
11.263826,-0.0357644562901,10.1131269228,1.08006529859,0.865196362836,10.9240348752,0.566856114019
11.265492,-0.0357644562901,10.1131269228,1.08006529859,0.865196362836,10.9604407263,0.566856114019
11.267158,0.0565251230437,10.2038886733,1.17082704906,0.794478129363,10.9968465774,0.708292580966
11.268824,0.0565251230437,10.2038886733,1.17082704906,0.865196362836,10.9240348752,0.602215230756
11.27049,0.0103803333768,10.1131269228,1.12544617383,0.865196362836,10.9240348752,0.602215230756
11.272156,-0.0357644562901,10.1131269228,1.12544617383,0.900555479573,10.9968465774,0.637574347493
11.273822,0.0103803333768,10.1131269228,1.08006529859,0.865196362836,10.9604407263,0.637574347493
11.275488,0.102669912711,10.2038886733,1.2162079243,0.829837246099,10.887629024,0.566856114019
11.277154,0.0103803333768,10.0677460476,1.12544617383,0.829837246099,10.9240348752,0.566856114019
11.27882,0.0103803333768,10.0677460476,1.12544617383,0.900555479573,10.9604407263,0.602215230756
11.280486,0.0103803333768,10.1131269228,1.12544617383,0.794478129363,10.9968465774,0.743651697703
11.282152,0.0103803333768,10.0677460476,1.12544617383,0.900555479573,10.9604407263,0.67293346423
11.283818,0.0103803333768,10.1131269228,1.12544617383,0.900555479573,10.9240348752,0.602215230756
11.285484,0.0565251230437,10.1131269228,1.17082704906,0.900555479573,10.9240348752,0.637574347493
11.28715,0.102669912711,10.158507798,1.2162079243,0.900555479573,10.9240348752,0.637574347493
11.288816,0.0103803333768,10.0677460476,1.12544617383,0.794478129363,10.887629024,0.602215230756
11.290482,0.0103803333768,10.0677460476,1.12544617383,0.900555479573,10.9604407263,0.637574347493
11.292148,0.0103803333768,10.0677460476,1.12544617383,0.900555479573,10.9240348752,0.637574347493
11.293814,0.0103803333768,10.0677460476,1.12544617383,0.971273713047,11.0332524286,0.67293346423
11.29548,0.0565251230437,10.0677460476,1.12544617383,0.93591459631,10.9240348752,0.637574347493
11.297146,0.0565251230437,10.0677460476,1.12544617383,0.865196362836,10.9240348752,0.602215230756
11.298812,0.0565251230437,10.0677460476,1.12544617383,0.865196362836,10.9240348752,0.637574347493
11.300478,0.0565251230437,10.0677460476,1.17082704906,0.93591459631,10.9604407263,0.67293346423
11.302144,0.0103803333768,10.0677460476,1.12544617383,0.829837246099,10.887629024,0.602215230756
11.30381,0.0565251230437,10.0677460476,1.12544617383,0.93591459631,10.9240348752,0.637574347493
11.305476,0.0565251230437,10.0677460476,1.12544617383,0.900555479573,10.9240348752,0.637574347493
11.307142,0.148814702377,10.158507798,1.26158879953,0.93591459631,10.9240348752,0.637574347493
11.308808,0.0103803333768,10.0677460476,1.12544617383,0.93591459631,10.9604407263,0.67293346423
11.310474,0.0103803333768,10.0223651723,1.12544617383,0.829837246099,10.887629024,0.602215230756
11.31214,0.0565251230437,10.0677460476,1.12544617383,0.93591459631,10.9240348752,0.67293346423
11.313806,0.0565251230437,10.0677460476,1.17082704906,0.93591459631,10.9240348752,0.67293346423
11.315472,0.0565251230437,10.0223651723,1.17082704906,1.04199194652,10.9968465774,0.708292580966
11.317138,0.194959492044,10.158507798,1.30696967477,0.93591459631,10.9604407263,0.67293346423
11.318804,0.0103803333768,10.0677460476,1.17082704906,0.93591459631,10.887629024,0.602215230756
11.32047,0.0565251230437,10.0677460476,1.17082704906,0.93591459631,10.9240348752,0.637574347493
11.322136,0.0565251230437,10.0677460476,1.2162079243,0.93591459631,10.9604407263,0.67293346423
11.323802,0.0103803333768,10.0677460476,1.17082704906,0.865196362836,10.9968465774,0.77901081444
11.325468,0.0565251230437,10.0677460476,1.17082704906,0.93591459631,10.9604407263,0.637574347493
11.327134,-0.0357644562901,10.0223651723,1.17082704906,0.93591459631,10.9240348752,0.637574347493
11.3288,0.0103803333768,10.0677460476,1.17082704906,0.93591459631,10.9604407263,0.602215230756
11.330466,0.0565251230437,10.0677460476,1.17082704906,0.93591459631,10.9604407263,0.67293346423
11.332132,0.0103803333768,10.0677460476,1.2162079243,0.93591459631,10.887629024,0.602215230756
11.333798,0.0103803333768,10.0677460476,1.17082704906,0.93591459631,10.9240348752,0.602215230756
11.335464,0.0565251230437,10.0677460476,1.2162079243,0.93591459631,10.9604407263,0.637574347493
11.33713,0.148814702377,10.2038886733,1.30696967477,1.00663282978,11.0332524286,0.708292580966
11.338796,0.0103803333768,10.0677460476,1.17082704906,0.93591459631,10.9240348752,0.67293346423
11.340462,0.0103803333768,10.0677460476,1.17082704906,0.93591459631,10.9604407263,0.602215230756
11.342128,0.0103803333768,10.1131269228,1.2162079243,0.93591459631,10.9240348752,0.602215230756
11.343794,0.0103803333768,10.1131269228,1.17082704906,0.971273713047,10.9968465774,0.67293346423
11.34546,0.0103803333768,10.1131269228,1.2162079243,0.900555479573,10.887629024,0.566856114019
11.347126,0.0103803333768,10.1131269228,1.17082704906,0.93591459631,10.9604407263,0.637574347493
11.348792,0.0103803333768,10.1131269228,1.2162079243,0.93591459631,10.9968465774,0.602215230756
11.350458,0.0565251230437,10.158507798,1.2162079243,1.04199194652,10.9968465774,0.637574347493
11.352124,0.0565251230437,10.158507798,1.26158879953,0.93591459631,10.9968465774,0.637574347493
11.35379,-0.0357644562901,10.1131269228,1.2162079243,0.900555479573,10.9240348752,0.566856114019
11.355456,-0.0357644562901,10.1131269228,1.2162079243,0.93591459631,10.9240348752,0.602215230756
11.357122,-0.0357644562901,10.1131269228,1.17082704906,0.971273713047,10.9968465774,0.602215230756
11.358788,-0.0357644562901,10.1131269228,1.2162079243,1.04199194652,11.0696582797,0.637574347493
11.360454,-0.0357644562901,10.1131269228,1.2162079243,0.971273713047,10.9968465774,0.602215230756
11.36212,-0.0357644562901,10.1131269228,1.2162079243,0.93591459631,10.9240348752,0.566856114019
11.363786,-0.0357644562901,10.158507798,1.2162079243,0.93591459631,10.9240348752,0.566856114019
11.365452,-0.0357644562901,10.158507798,1.2162079243,0.93591459631,10.9968465774,0.602215230756
11.367118,-0.0357644562901,10.158507798,1.2162079243,0.865196362836,10.9240348752,0.637574347493
11.368784,0.0565251230437,10.2492695485,1.30696967477,0.93591459631,10.9968465774,0.602215230756
11.37045,-0.0819092459569,10.158507798,1.2162079243,0.93591459631,10.9604407263,0.602215230756
11.372116,-0.0357644562901,10.158507798,1.2162079243,0.971273713047,10.9968465774,0.602215230756
11.373782,-0.0357644562901,10.158507798,1.2162079243,0.93591459631,10.9968465774,0.602215230756
11.375448,0.0103803333768,10.2492695485,1.26158879953,0.93591459631,10.9240348752,0.496137880546
11.377114,-0.0819092459569,10.158507798,1.2162079243,0.900555479573,10.9968465774,0.566856114019
11.37878,-0.0819092459569,10.158507798,1.17082704906,0.971273713047,10.9968465774,0.602215230756
11.380446,-0.0357644562901,10.2038886733,1.26158879953,0.865196362836,10.9604407263,0.602215230756
11.382112,-0.0357644562901,10.2038886733,1.2162079243,0.93591459631,10.9968465774,0.566856114019
11.383778,-0.0357644562901,10.2038886733,1.2162079243,0.93591459631,10.9968465774,0.566856114019
11.385444,-0.0819092459569,10.2038886733,1.2162079243,0.93591459631,10.9968465774,0.531496997282
11.38711,-0.0357644562901,10.2492695485,1.26158879953,0.971273713047,11.0332524286,0.602215230756
11.388776,0.0565251230437,10.2946504237,1.30696967477,0.93591459631,10.9604407263,0.496137880546
11.390442,-0.0357644562901,10.2038886733,1.2162079243,0.900555479573,10.9968465774,0.566856114019
11.392108,-0.0819092459569,10.2038886733,1.2162079243,0.93591459631,10.9968465774,0.531496997282
11.393774,0.0103803333768,10.2946504237,1.30696967477,0.971273713047,11.1060641308,0.637574347493
11.39544,-0.0357644562901,10.2492695485,1.26158879953,0.93591459631,11.0332524286,0.566856114019
11.397106,-0.0357644562901,10.2492695485,1.2162079243,0.93591459631,10.9968465774,0.496137880546
11.398772,0.0103803333768,10.2946504237,1.30696967477,0.93591459631,10.9968465774,0.566856114019
11.400438,-0.0819092459569,10.2038886733,1.2162079243,0.93591459631,11.0332524286,0.602215230756
11.402104,-0.0819092459569,10.2038886733,1.26158879953,0.900555479573,10.9604407263,0.496137880546
11.40377,-0.0819092459569,10.2038886733,1.2162079243,0.900555479573,10.9968465774,0.531496997282
11.405436,-0.0819092459569,10.158507798,1.2162079243,0.93591459631,10.9968465774,0.531496997282
11.407102,-0.0819092459569,10.2038886733,1.2162079243,0.865196362836,11.0696582797,0.637574347493
11.408768,-0.0819092459569,10.2038886733,1.2162079243,0.93591459631,10.9968465774,0.566856114019
11.410434,-0.0819092459569,10.2038886733,1.2162079243,0.900555479573,10.9968465774,0.496137880546
11.4121,-0.128054035624,10.158507798,1.2162079243,0.900555479573,10.9968465774,0.566856114019
11.413766,-0.128054035624,10.158507798,1.17082704906,0.93591459631,11.0332524286,0.531496997282
11.415432,-0.0819092459569,10.158507798,1.2162079243,0.829837246099,10.9240348752,0.460778763809
11.417098,-0.0819092459569,10.2038886733,1.26158879953,0.900555479573,10.9968465774,0.531496997282
11.418764,0.0103803333768,10.2946504237,1.30696967477,0.900555479573,11.0332524286,0.531496997282
11.42043,0.0103803333768,10.2946504237,1.26158879953,0.93591459631,10.9968465774,0.531496997282
11.422096,0.0565251230437,10.2946504237,1.30696967477,0.93591459631,10.9968465774,0.531496997282
11.423762,-0.0357644562901,10.2492695485,1.26158879953,0.865196362836,10.9240348752,0.460778763809
11.425428,0.0103803333768,10.2492695485,1.26158879953,0.900555479573,10.9604407263,0.496137880546
11.427094,0.0565251230437,10.2492695485,1.30696967477,0.93591459631,10.9968465774,0.531496997282
11.42876,0.0103803333768,10.2946504237,1.30696967477,1.00663282978,11.0696582797,0.566856114019
11.430426,0.0565251230437,10.2492695485,1.30696967477,0.93591459631,11.0332524286,0.566856114019
11.432092,-0.0819092459569,10.158507798,1.17082704906,0.900555479573,10.9240348752,0.496137880546
11.433758,-0.0819092459569,10.158507798,1.17082704906,0.900555479573,10.9240348752,0.496137880546
11.435424,-0.128054035624,10.158507798,1.17082704906,0.93591459631,10.9604407263,0.531496997282
11.43709,-0.0819092459569,10.158507798,1.17082704906,0.865196362836,10.887629024,0.460778763809
11.438756,0.0103803333768,10.2492695485,1.26158879953,0.865196362836,10.9240348752,0.566856114019
11.440422,-0.0819092459569,10.158507798,1.17082704906,0.93591459631,10.9240348752,0.531496997282
11.442088,-0.0819092459569,10.158507798,1.2162079243,1.00663282978,11.0696582797,0.566856114019
11.443754,-0.0819092459569,10.1131269228,1.17082704906,0.93591459631,10.9604407263,0.566856114019
11.44542,-0.0357644562901,10.2038886733,1.2162079243,0.900555479573,10.9240348752,0.496137880546
11.447086,-0.0819092459569,10.158507798,1.17082704906,0.900555479573,10.9240348752,0.531496997282
11.448752,0.0103803333768,10.2038886733,1.26158879953,0.93591459631,10.9240348752,0.566856114019
11.450418,-0.0819092459569,10.1131269228,1.17082704906,0.865196362836,10.8512231729,0.460778763809
11.452084,-0.0819092459569,10.1131269228,1.17082704906,0.93591459631,10.887629024,0.531496997282
11.45375,-0.0819092459569,10.1131269228,1.17082704906,0.900555479573,10.9240348752,0.566856114019
11.455416,0.0103803333768,10.2038886733,1.26158879953,0.971273713047,10.9968465774,0.566856114019
11.457082,-0.0819092459569,10.1131269228,1.17082704906,0.93591459631,10.9240348752,0.566856114019
11.458748,-0.0819092459569,10.0677460476,1.17082704906,0.865196362836,10.887629024,0.496137880546
11.460414,-0.0819092459569,10.0677460476,1.12544617383,0.900555479573,10.887629024,0.566856114019
11.46208,-0.0357644562901,10.0677460476,1.17082704906,0.93591459631,10.9240348752,0.602215230756
11.463746,0.0565251230437,10.158507798,1.26158879953,0.829837246099,10.9240348752,0.637574347493
11.465412,-0.0819092459569,10.0677460476,1.17082704906,0.93591459631,10.887629024,0.566856114019
11.467078,-0.0819092459569,10.0677460476,1.12544617383,0.865196362836,10.887629024,0.566856114019
11.468744,-0.0357644562901,10.0677460476,1.17082704906,0.900555479573,10.887629024,0.566856114019
11.47041,-0.0357644562901,10.0677460476,1.12544617383,0.900555479573,10.887629024,0.602215230756
11.472076,-0.0357644562901,10.0677460476,1.12544617383,0.829837246099,10.8512231729,0.496137880546
11.473742,-0.0357644562901,10.0677460476,1.17082704906,0.900555479573,10.887629024,0.602215230756
11.475408,-0.0357644562901,10.0677460476,1.12544617383,0.900555479573,10.887629024,0.602215230756
11.477074,0.0103803333768,10.0677460476,1.17082704906,1.00663282978,10.9968465774,0.637574347493
11.47874,0.0565251230437,10.158507798,1.26158879953,0.900555479573,10.887629024,0.602215230756
11.480406,0.0103803333768,10.0677460476,1.17082704906,0.865196362836,10.8512231729,0.566856114019
11.482072,0.0565251230437,10.1131269228,1.2162079243,0.865196362836,10.887629024,0.602215230756
11.483738,0.0103803333768,10.0677460476,1.17082704906,0.900555479573,10.9240348752,0.602215230756
11.485404,-0.0357644562901,10.0223651723,1.12544617383,0.865196362836,10.9968465774,0.708292580966
11.48707,-0.0357644562901,10.0677460476,1.12544617383,0.900555479573,10.887629024,0.602215230756
11.488736,-0.0357644562901,10.0223651723,1.12544617383,0.865196362836,10.887629024,0.566856114019
11.490402,0.0103803333768,10.0223651723,1.12544617383,0.900555479573,10.887629024,0.566856114019
11.492068,0.0103803333768,10.0677460476,1.17082704906,0.900555479573,10.887629024,0.637574347493
11.493734,0.0565251230437,10.0677460476,1.17082704906,0.865196362836,10.8512231729,0.566856114019
11.4954,0.0565251230437,10.0677460476,1.17082704906,0.865196362836,10.887629024,0.602215230756
11.497066,-0.0357644562901,10.0223651723,1.12544617383,0.865196362836,10.887629024,0.602215230756
11.498732,0.0103803333768,10.0223651723,1.12544617383,0.93591459631,10.9968465774,0.67293346423
11.500398,-0.0357644562901,10.0223651723,1.08006529859,0.900555479573,10.9240348752,0.637574347493
11.502064,0.0103803333768,10.0223651723,1.08006529859,0.829837246099,10.887629024,0.566856114019
11.50373,0.0103803333768,10.0223651723,1.12544617383,0.865196362836,10.8512231729,0.602215230756
11.505396,-0.0357644562901,10.0223651723,1.08006529859,0.900555479573,10.9240348752,0.602215230756
11.507062,0.0103803333768,10.0223651723,1.08006529859,0.794478129363,10.8148173218,0.602215230756
11.508728,0.148814702377,10.158507798,1.2162079243,0.865196362836,10.887629024,0.637574347493
11.510394,-0.0357644562901,10.0223651723,1.08006529859,0.829837246099,10.887629024,0.602215230756
11.51206,0.0103803333768,10.0223651723,1.12544617383,0.900555479573,10.887629024,0.637574347493
11.513726,0.0103803333768,10.0677460476,1.12544617383,0.865196362836,10.9240348752,0.637574347493
11.515392,0.0565251230437,10.0677460476,1.17082704906,0.794478129363,10.887629024,0.602215230756
11.517058,0.0103803333768,10.0223651723,1.08006529859,0.829837246099,10.887629024,0.637574347493
11.518724,0.0103803333768,10.0223651723,1.08006529859,0.865196362836,10.9240348752,0.637574347493
11.52039,0.0103803333768,10.0677460476,1.08006529859,0.865196362836,11.0332524286,0.708292580966
11.522056,0.148814702377,10.158507798,1.17082704906,0.900555479573,10.9240348752,0.637574347493
11.523722,0.0103803333768,10.0223651723,1.08006529859,0.865196362836,10.887629024,0.602215230756
11.525388,-0.0357644562901,10.0223651723,1.08006529859,0.865196362836,10.9240348752,0.637574347493
11.527054,0.0103803333768,10.0223651723,1.03468442336,0.829837246099,10.9240348752,0.67293346423
11.52872,0.0103803333768,10.0677460476,1.08006529859,0.794478129363,10.887629024,0.566856114019
11.530386,0.0103803333768,10.0223651723,1.12544617383,0.865196362836,10.9240348752,0.67293346423
11.532052,0.0103803333768,10.0677460476,1.08006529859,0.865196362836,10.9240348752,0.637574347493
11.533718,0.0103803333768,10.0677460476,1.12544617383,0.93591459631,10.9604407263,0.637574347493
11.535384,0.0103803333768,10.0677460476,1.08006529859,0.865196362836,10.9604407263,0.637574347493
11.53705,-0.0357644562901,10.0677460476,1.08006529859,0.794478129363,10.9240348752,0.602215230756
11.538716,-0.0357644562901,10.0677460476,1.08006529859,0.865196362836,10.9240348752,0.602215230756
11.540382,-0.0357644562901,10.0677460476,1.08006529859,0.865196362836,10.9604407263,0.637574347493
11.542048,0.0103803333768,10.1131269228,1.08006529859,0.794478129363,10.9968465774,0.67293346423
11.543714,0.0103803333768,10.1131269228,1.08006529859,0.900555479573,10.9604407263,0.602215230756
11.54538,-0.0357644562901,10.0677460476,1.08006529859,0.865196362836,10.9240348752,0.602215230756
11.547046,-0.0357644562901,10.1131269228,1.08006529859,0.865196362836,10.887629024,0.566856114019
11.548712,-0.0357644562901,10.1131269228,1.08006529859,0.865196362836,10.9604407263,0.637574347493
11.550378,0.0103803333768,10.1131269228,1.12544617383,0.794478129363,10.887629024,0.566856114019
11.552044,0.0103803333768,10.1131269228,1.17082704906,0.794478129363,10.9604407263,0.602215230756
11.55371,-0.0357644562901,10.1131269228,1.08006529859,0.865196362836,10.9604407263,0.602215230756
11.555376,-0.0357644562901,10.1131269228,1.12544617383,0.93591459631,10.9968465774,0.637574347493
11.557042,-0.0357644562901,10.1131269228,1.12544617383,0.865196362836,10.9240348752,0.602215230756
11.558708,-0.0357644562901,10.1131269228,1.12544617383,0.865196362836,10.9240348752,0.566856114019
11.560374,0.102669912711,10.2492695485,1.2162079243,0.865196362836,10.9240348752,0.566856114019
11.56204,-0.0357644562901,10.1131269228,1.12544617383,0.900555479573,10.9604407263,0.602215230756
11.563706,-0.0357644562901,10.1131269228,1.12544617383,0.794478129363,10.887629024,0.637574347493
11.565372,-0.0357644562901,10.1131269228,1.12544617383,0.900555479573,10.9240348752,0.602215230756
11.567038,-0.0357644562901,10.158507798,1.17082704906,0.865196362836,10.9604407263,0.566856114019
11.568704,0.102669912711,10.2492695485,1.26158879953,0.93591459631,10.9968465774,0.602215230756
11.57037,-0.0357644562901,10.158507798,1.12544617383,0.900555479573,10.9968465774,0.602215230756
11.572036,-0.0357644562901,10.158507798,1.17082704906,0.829837246099,10.9240348752,0.496137880546
11.573702,-0.0357644562901,10.2038886733,1.17082704906,0.865196362836,10.9604407263,0.602215230756
11.575368,-0.0819092459569,10.1131269228,1.12544617383,0.900555479573,10.9968465774,0.602215230756
11.577034,-0.0819092459569,10.1131269228,1.17082704906,0.900555479573,11.0696582797,0.637574347493
11.5787,-0.0819092459569,10.158507798,1.17082704906,0.900555479573,10.9968465774,0.602215230756
11.580366,-0.0357644562901,10.2038886733,1.17082704906,0.865196362836,10.9240348752,0.531496997282
11.582032,-0.0357644562901,10.2038886733,1.2162079243,0.900555479573,10.9604407263,0.531496997282
11.583698,-0.0819092459569,10.158507798,1.17082704906,0.900555479573,10.9240348752,0.602215230756
11.585364,-0.0357644562901,10.158507798,1.17082704906,0.829837246099,10.887629024,0.460778763809
11.58703,-0.0357644562901,10.158507798,1.17082704906,0.865196362836,10.9240348752,0.566856114019
11.588696,-0.0819092459569,10.2038886733,1.17082704906,0.900555479573,10.9604407263,0.531496997282
11.590362,-0.0819092459569,10.158507798,1.17082704906,0.93591459631,10.9604407263,0.531496997282
11.592028,0.0565251230437,10.2492695485,1.30696967477,0.93591459631,10.9604407263,0.566856114019
11.593694,-0.0819092459569,10.158507798,1.17082704906,0.865196362836,10.9240348752,0.496137880546
11.59536,-0.0819092459569,10.158507798,1.2162079243,0.900555479573,10.9240348752,0.531496997282
11.597026,-0.0819092459569,10.158507798,1.17082704906,0.93591459631,10.9604407263,0.566856114019
11.598692,-0.0819092459569,10.158507798,1.17082704906,0.829837246099,10.9604407263,0.602215230756
11.600358,-0.0357644562901,10.2038886733,1.30696967477,0.93591459631,10.9604407263,0.531496997282
11.602024,-0.0819092459569,10.158507798,1.2162079243,0.900555479573,10.9240348752,0.496137880546
11.60369,-0.0819092459569,10.158507798,1.2162079243,0.900555479573,10.9604407263,0.496137880546
11.605356,-0.0819092459569,10.158507798,1.2162079243,0.93591459631,10.9604407263,0.531496997282
11.607022,-0.0819092459569,10.158507798,1.26158879953,0.900555479573,10.9240348752,0.460778763809
11.608688,-0.0819092459569,10.158507798,1.26158879953,0.93591459631,10.9604407263,0.531496997282
11.610354,-0.0819092459569,10.158507798,1.2162079243,0.93591459631,10.9604407263,0.531496997282
11.61202,-0.0819092459569,10.158507798,1.2162079243,0.900555479573,11.0332524286,0.637574347493
11.613686,-0.0819092459569,10.158507798,1.2162079243,0.93591459631,10.9604407263,0.531496997282
11.615352,-0.0819092459569,10.158507798,1.2162079243,0.93591459631,10.9240348752,0.496137880546
11.617018,-0.0357644562901,10.2038886733,1.26158879953,0.93591459631,10.9240348752,0.496137880546
11.618684,0.0103803333768,10.2492695485,1.30696967477,0.971273713047,10.9240348752,0.566856114019
11.62035,0.0103803333768,10.2492695485,1.35235055001,0.93591459631,10.887629024,0.460778763809
11.622016,0.0103803333768,10.2038886733,1.30696967477,0.971273713047,10.9240348752,0.566856114019
11.623682,0.0103803333768,10.2492695485,1.30696967477,0.93591459631,10.9604407263,0.496137880546
11.625348,-0.0357644562901,10.2038886733,1.26158879953,1.04199194652,10.9968465774,0.531496997282
11.627014,0.0565251230437,10.2492695485,1.35235055001,0.93591459631,10.9604407263,0.566856114019
11.62868,-0.0819092459569,10.158507798,1.26158879953,0.900555479573,10.887629024,0.460778763809
11.630346,-0.0819092459569,10.158507798,1.26158879953,0.93591459631,10.887629024,0.531496997282
11.632012,-0.0819092459569,10.158507798,1.2162079243,0.971273713047,10.9240348752,0.531496997282
11.633678,-0.0819092459569,10.1131269228,1.26158879953,1.04199194652,11.0332524286,0.566856114019
11.635344,-0.0819092459569,10.1131269228,1.26158879953,0.93591459631,10.9604407263,0.531496997282
11.63701,-0.0819092459569,10.1131269228,1.26158879953,0.93591459631,10.887629024,0.496137880546
11.638676,-0.0819092459569,10.1131269228,1.2162079243,0.93591459631,10.9240348752,0.531496997282
11.640342,-0.0819092459569,10.158507798,1.2162079243,0.971273713047,10.9240348752,0.566856114019
11.642008,-0.0357644562901,10.158507798,1.26158879953,0.93591459631,10.887629024,0.496137880546
11.643674,-0.0819092459569,10.1131269228,1.2162079243,0.971273713047,10.9240348752,0.566856114019
11.64534,-0.0357644562901,10.158507798,1.26158879953,0.93591459631,10.9604407263,0.531496997282
11.647006,-0.0357644562901,10.158507798,1.26158879953,1.04199194652,10.9968465774,0.566856114019
11.648672,-0.0819092459569,10.1131269228,1.26158879953,0.971273713047,10.9968465774,0.602215230756
11.650338,-0.0357644562901,10.158507798,1.26158879953,0.900555479573,10.887629024,0.496137880546
11.652004,-0.0357644562901,10.158507798,1.26158879953,0.93591459631,10.9240348752,0.566856114019
11.65367,-0.0357644562901,10.1131269228,1.2162079243,0.971273713047,10.9968465774,0.566856114019
11.655336,-0.0357644562901,10.158507798,1.26158879953,0.93591459631,10.887629024,0.531496997282
11.657002,-0.0357644562901,10.158507798,1.26158879953,0.971273713047,10.9240348752,0.602215230756
11.658668,-0.0819092459569,10.1131269228,1.2162079243,0.93591459631,10.9604407263,0.531496997282
11.660334,-0.0357644562901,10.158507798,1.26158879953,1.04199194652,10.9968465774,0.602215230756
11.662,-0.0357644562901,10.1131269228,1.2162079243,0.971273713047,10.9604407263,0.602215230756
11.663666,0.0103803333768,10.2038886733,1.26158879953,0.93591459631,10.887629024,0.531496997282
11.665332,0.0565251230437,10.2038886733,1.30696967477,0.93591459631,10.9240348752,0.602215230756
11.666998,-0.0357644562901,10.1131269228,1.2162079243,0.93591459631,10.9968465774,0.566856114019
11.668664,-0.0357644562901,10.1131269228,1.2162079243,0.900555479573,10.887629024,0.602215230756
11.67033,0.0103803333768,10.158507798,1.26158879953,0.93591459631,10.9968465774,0.602215230756
11.671996,0.102669912711,10.2492695485,1.30696967477,0.93591459631,10.9604407263,0.602215230756
11.673662,-0.0357644562901,10.158507798,1.2162079243,1.04199194652,11.0332524286,0.637574347493
11.675328,-0.0357644562901,10.1131269228,1.2162079243,0.971273713047,10.9968465774,0.602215230756
11.676994,0.0103803333768,10.158507798,1.17082704906,0.93591459631,10.9240348752,0.566856114019
11.67866,0.0103803333768,10.158507798,1.2162079243,0.93591459631,10.9240348752,0.602215230756
11.680326,-0.0357644562901,10.1131269228,1.2162079243,0.93591459631,10.9968465774,0.637574347493
11.681992,-0.0357644562901,10.1131269228,1.2162079243,0.865196362836,10.9968465774,0.708292580966
11.683658,0.0103803333768,10.1131269228,1.2162079243,0.93591459631,10.9968465774,0.637574347493
11.685324,0.102669912711,10.2492695485,1.30696967477,0.93591459631,10.9604407263,0.602215230756
11.68699,0.0565251230437,10.158507798,1.2162079243,0.93591459631,10.9968465774,0.566856114019
11.688656,0.0103803333768,10.158507798,1.17082704906,0.93591459631,10.9968465774,0.637574347493
11.690322,0.0103803333768,10.158507798,1.17082704906,0.900555479573,10.9604407263,0.566856114019
11.691988,0.0103803333768,10.158507798,1.17082704906,0.93591459631,10.9604407263,0.637574347493
11.693654,0.0103803333768,10.158507798,1.17082704906,0.93591459631,11.0332524286,0.637574347493
11.69532,0.0103803333768,10.1131269228,1.17082704906,0.971273713047,11.1060641308,0.708292580966
11.696986,0.0103803333768,10.1131269228,1.17082704906,0.93591459631,10.9968465774,0.67293346423
11.698652,0.0103803333768,10.158507798,1.17082704906,0.900555479573,10.9968465774,0.602215230756
11.700318,0.0103803333768,10.158507798,1.17082704906,0.93591459631,10.9604407263,0.637574347493
11.701984,0.0103803333768,10.158507798,1.12544617383,0.93591459631,10.9968465774,0.637574347493
11.70365,0.0565251230437,10.158507798,1.17082704906,0.865196362836,10.9240348752,0.602215230756
11.705316,0.0565251230437,10.1131269228,1.17082704906,0.93591459631,10.9968465774,0.637574347493
11.706982,0.0565251230437,10.158507798,1.12544617383,0.93591459631,11.0332524286,0.602215230756
11.708648,0.0565251230437,10.1131269228,1.17082704906,0.971273713047,11.0332524286,0.67293346423
11.710314,0.0565251230437,10.1131269228,1.17082704906,0.93591459631,11.0332524286,0.67293346423
11.71198,0.0565251230437,10.1131269228,1.12544617383,0.865196362836,10.9240348752,0.566856114019
11.713646,0.0103803333768,10.1131269228,1.12544617383,0.900555479573,10.9968465774,0.67293346423
11.715312,0.0103803333768,10.1131269228,1.12544617383,0.93591459631,11.0332524286,0.637574347493
11.716978,0.0103803333768,10.1131269228,1.12544617383,1.00663282978,11.0696582797,0.708292580966
11.718644,0.0565251230437,10.158507798,1.2162079243,0.900555479573,11.0332524286,0.67293346423
11.72031,0.0565251230437,10.158507798,1.17082704906,0.900555479573,10.9968465774,0.602215230756
11.721976,0.0565251230437,10.1131269228,1.12544617383,0.900555479573,10.9968465774,0.637574347493
11.723642,0.0565251230437,10.1131269228,1.17082704906,0.900555479573,10.9968465774,0.637574347493
11.725308,0.0565251230437,10.1131269228,1.12544617383,0.865196362836,10.9240348752,0.602215230756
11.726974,0.0565251230437,10.1131269228,1.12544617383,0.865196362836,10.9968465774,0.67293346423
11.72864,0.0565251230437,10.1131269228,1.12544617383,0.900555479573,10.9968465774,0.637574347493
11.730306,0.0103803333768,10.1131269228,1.12544617383,0.93591459631,10.9968465774,0.637574347493
11.731972,0.0565251230437,10.1131269228,1.12544617383,0.900555479573,11.0332524286,0.67293346423
11.733638,0.0103803333768,10.1131269228,1.12544617383,0.829837246099,10.9240348752,0.602215230756
11.735304,0.0565251230437,10.1131269228,1.12544617383,0.865196362836,10.9968465774,0.637574347493
11.73697,0.0103803333768,10.1131269228,1.08006529859,0.900555479573,10.9968465774,0.637574347493
11.738636,0.0565251230437,10.158507798,1.12544617383,0.971273713047,11.0332524286,0.637574347493
11.740302,0.0565251230437,10.1131269228,1.12544617383,0.900555479573,10.9968465774,0.637574347493
11.741968,0.0565251230437,10.1131269228,1.12544617383,0.865196362836,10.9240348752,0.637574347493
11.743634,0.148814702377,10.2038886733,1.2162079243,0.865196362836,10.9240348752,0.637574347493
11.7453,0.0565251230437,10.1131269228,1.12544617383,0.865196362836,10.9968465774,0.637574347493
11.746966,0.0103803333768,10.0677460476,1.08006529859,0.794478129363,10.887629024,0.602215230756
11.748632,0.0565251230437,10.158507798,1.17082704906,0.865196362836,10.9604407263,0.637574347493
11.750298,0.0103803333768,10.1131269228,1.12544617383,0.865196362836,10.9240348752,0.637574347493
11.751964,0.0103803333768,10.1131269228,1.12544617383,0.900555479573,10.9604407263,0.637574347493
11.75363,0.0103803333768,10.1131269228,1.08006529859,0.900555479573,10.9604407263,0.67293346423
11.755296,0.0103803333768,10.1131269228,1.12544617383,0.794478129363,10.8512231729,0.566856114019
11.756962,0.0565251230437,10.1131269228,1.12544617383,0.865196362836,10.9604407263,0.602215230756
11.758628,0.102669912711,10.2038886733,1.2162079243,0.865196362836,10.9240348752,0.602215230756
11.760294,0.0103803333768,10.0677460476,1.12544617383,0.93591459631,10.9604407263,0.637574347493
11.76196,-0.0357644562901,10.0677460476,1.12544617383,0.900555479573,10.9604407263,0.637574347493
11.763626,0.0103803333768,10.0677460476,1.12544617383,0.865196362836,10.887629024,0.602215230756
11.765292,-0.0357644562901,10.0677460476,1.12544617383,0.865196362836,10.887629024,0.602215230756
11.766958,0.0103803333768,10.1131269228,1.12544617383,0.900555479573,10.9240348752,0.602215230756
11.768624,-0.0357644562901,10.0677460476,1.08006529859,0.829837246099,10.8148173218,0.602215230756
11.77029,0.0103803333768,10.0677460476,1.12544617383,0.900555479573,10.887629024,0.602215230756
11.771956,0.0103803333768,10.0677460476,1.12544617383,0.900555479573,10.887629024,0.602215230756
11.773622,-0.0357644562901,10.0677460476,1.12544617383,0.971273713047,10.9968465774,0.637574347493
11.775288,-0.0357644562901,10.0677460476,1.12544617383,0.93591459631,10.887629024,0.602215230756
11.776954,-0.0357644562901,10.0677460476,1.12544617383,0.865196362836,10.887629024,0.566856114019
11.77862,-0.0357644562901,10.0677460476,1.12544617383,0.865196362836,10.887629024,0.566856114019
11.780286,0.0103803333768,10.1131269228,1.17082704906,0.900555479573,10.887629024,0.602215230756
11.781952,-0.0357644562901,10.0677460476,1.12544617383,0.829837246099,10.8148173218,0.531496997282
11.783618,-0.0357644562901,10.0677460476,1.12544617383,0.900555479573,10.887629024,0.602215230756
11.785284,-0.0357644562901,10.1131269228,1.12544617383,0.865196362836,10.887629024,0.566856114019
11.78695,-0.0819092459569,10.0677460476,1.12544617383,0.93591459631,10.887629024,0.602215230756
11.788616,-0.0357644562901,10.0677460476,1.17082704906,0.900555479573,10.887629024,0.602215230756
11.790282,-0.0357644562901,10.1131269228,1.17082704906,0.829837246099,10.8148173218,0.496137880546
11.791948,0.0565251230437,10.158507798,1.2162079243,0.865196362836,10.887629024,0.566856114019
11.793614,0.0103803333768,10.1131269228,1.2162079243,0.900555479573,10.887629024,0.602215230756
11.79528,0.0565251230437,10.158507798,1.2162079243,0.865196362836,10.9240348752,0.637574347493
11.796946,-0.0357644562901,10.0677460476,1.17082704906,0.900555479573,10.887629024,0.566856114019
11.798612,-0.0819092459569,10.0677460476,1.17082704906,0.865196362836,10.887629024,0.566856114019
11.800278,-0.0357644562901,10.0677460476,1.17082704906,0.93591459631,10.887629024,0.566856114019
11.801944,-0.0819092459569,10.0677460476,1.17082704906,0.900555479573,10.887629024,0.602215230756
11.80361,-0.0357644562901,10.0677460476,1.17082704906,0.865196362836,10.8148173218,0.496137880546
11.805276,-0.0819092459569,10.0677460476,1.17082704906,0.900555479573,10.8512231729,0.566856114019
11.806942,-0.0819092459569,10.0677460476,1.12544617383,0.900555479573,10.887629024,0.566856114019
11.808608,-0.0819092459569,10.0677460476,1.17082704906,0.829837246099,10.8148173218,0.637574347493
11.810274,-0.0819092459569,10.1131269228,1.17082704906,0.865196362836,10.887629024,0.566856114019
11.81194,-0.0819092459569,10.1131269228,1.17082704906,0.900555479573,10.8512231729,0.531496997282
11.813606,-0.0819092459569,10.0677460476,1.17082704906,0.900555479573,10.887629024,0.531496997282
11.815272,-0.0819092459569,10.0677460476,1.12544617383,0.900555479573,10.887629024,0.566856114019
11.816938,-0.0357644562901,10.1131269228,1.17082704906,0.829837246099,10.8148173218,0.460778763809
11.818604,-0.0819092459569,10.1131269228,1.17082704906,0.865196362836,10.8512231729,0.566856114019
11.82027,0.0103803333768,10.158507798,1.26158879953,0.93591459631,10.887629024,0.566856114019
11.821936,0.0103803333768,10.158507798,1.2162079243,1.00663282978,10.9604407263,0.602215230756
11.823602,0.0103803333768,10.158507798,1.2162079243,0.900555479573,10.887629024,0.566856114019
11.825268,-0.0357644562901,10.1131269228,1.2162079243,0.865196362836,10.887629024,0.531496997282
11.826934,-0.0357644562901,10.1131269228,1.17082704906,0.865196362836,10.887629024,0.531496997282
11.8286,-0.0819092459569,10.1131269228,1.17082704906,0.900555479573,10.9240348752,0.602215230756
11.830266,-0.0819092459569,10.1131269228,1.17082704906,0.865196362836,10.8512231729,0.496137880546
11.831932,-0.0819092459569,10.1131269228,1.17082704906,0.865196362836,10.887629024,0.566856114019
11.833598,-0.0819092459569,10.1131269228,1.17082704906,0.93591459631,10.9240348752,0.566856114019
11.835264,-0.0819092459569,10.158507798,1.17082704906,0.829837246099,10.9968465774,0.637574347493
11.83693,-0.0819092459569,10.1131269228,1.17082704906,0.865196362836,10.9240348752,0.566856114019
11.838596,0.0103803333768,10.2038886733,1.26158879953,0.900555479573,10.887629024,0.496137880546
11.840262,0.0103803333768,10.2038886733,1.26158879953,0.900555479573,10.887629024,0.531496997282
11.841928,-0.0819092459569,10.1131269228,1.17082704906,0.93591459631,10.9240348752,0.566856114019
11.843594,-0.0819092459569,10.1131269228,1.17082704906,0.794478129363,10.8512231729,0.496137880546
11.84526,-0.0819092459569,10.1131269228,1.12544617383,0.865196362836,10.9240348752,0.602215230756
11.846926,-0.0819092459569,10.1131269228,1.12544617383,0.900555479573,10.9240348752,0.496137880546
11.848592,-0.0819092459569,10.1131269228,1.17082704906,0.900555479573,10.887629024,0.531496997282
11.850258,-0.0819092459569,10.158507798,1.17082704906,0.900555479573,10.9968465774,0.602215230756
11.851924,-0.0819092459569,10.158507798,1.17082704906,0.865196362836,10.887629024,0.496137880546
11.85359,-0.0819092459569,10.158507798,1.17082704906,0.900555479573,10.9240348752,0.602215230756
11.855256,0.0565251230437,10.2492695485,1.26158879953,0.900555479573,10.9604407263,0.566856114019
11.856922,-0.0357644562901,10.158507798,1.17082704906,0.93591459631,11.0696582797,0.67293346423
11.858588,-0.0819092459569,10.158507798,1.17082704906,0.900555479573,10.9968465774,0.566856114019
11.860254,-0.0357644562901,10.158507798,1.17082704906,0.865196362836,10.9240348752,0.566856114019
11.86192,-0.0357644562901,10.158507798,1.17082704906,0.865196362836,10.9240348752,0.566856114019
11.863586,-0.0357644562901,10.158507798,1.17082704906,0.93591459631,11.0332524286,0.602215230756
11.865252,-0.0357644562901,10.158507798,1.17082704906,0.865196362836,10.887629024,0.496137880546
11.866918,0.0103803333768,10.2038886733,1.26158879953,0.900555479573,10.9968465774,0.566856114019
11.868584,-0.0819092459569,10.158507798,1.17082704906,0.900555479573,10.9240348752,0.602215230756
11.87025,-0.0357644562901,10.158507798,1.17082704906,0.971273713047,10.9968465774,0.602215230756
11.871916,-0.0357644562901,10.158507798,1.17082704906,0.900555479573,10.9968465774,0.602215230756
11.873582,-0.0357644562901,10.158507798,1.17082704906,0.900555479573,10.9604407263,0.566856114019
11.875248,-0.0357644562901,10.158507798,1.17082704906,0.900555479573,10.9604407263,0.566856114019
11.876914,-0.0357644562901,10.158507798,1.17082704906,0.93591459631,11.0332524286,0.602215230756
11.87858,-0.0357644562901,10.158507798,1.12544617383,0.829837246099,10.887629024,0.637574347493
11.880246,-0.0357644562901,10.158507798,1.12544617383,0.900555479573,10.9604407263,0.602215230756
11.881912,-0.0357644562901,10.158507798,1.12544617383,0.900555479573,10.9968465774,0.602215230756
11.883578,0.0103803333768,10.158507798,1.17082704906,0.93591459631,10.9968465774,0.602215230756
11.885244,0.0103803333768,10.158507798,1.17082704906,0.93591459631,11.0332524286,0.637574347493
11.88691,0.0103803333768,10.158507798,1.17082704906,0.865196362836,10.9240348752,0.566856114019
11.888576,0.0103803333768,10.158507798,1.17082704906,0.93591459631,10.9968465774,0.602215230756
11.890242,0.0565251230437,10.2038886733,1.2162079243,0.93591459631,10.9968465774,0.602215230756
11.891908,-0.0357644562901,10.158507798,1.17082704906,0.971273713047,11.0696582797,0.67293346423
11.893574,-0.0357644562901,10.158507798,1.12544617383,0.93591459631,10.9968465774,0.637574347493
11.89524,-0.0357644562901,10.158507798,1.12544617383,0.93591459631,10.9968465774,0.602215230756
11.896906,0.0103803333768,10.158507798,1.17082704906,0.93591459631,10.9968465774,0.602215230756
11.898572,0.0103803333768,10.158507798,1.17082704906,0.900555479573,11.0332524286,0.637574347493
11.900238,0.0103803333768,10.158507798,1.17082704906,0.900555479573,10.9604407263,0.602215230756
11.901904,0.0103803333768,10.158507798,1.17082704906,0.93591459631,10.9968465774,0.602215230756
11.90357,0.0103803333768,10.158507798,1.17082704906,0.900555479573,11.0332524286,0.602215230756
11.905236,0.0103803333768,10.1131269228,1.17082704906,0.971273713047,11.0696582797,0.743651697703
11.906902,0.0565251230437,10.1131269228,1.17082704906,0.93591459631,11.0332524286,0.637574347493
11.908568,0.0103803333768,10.158507798,1.17082704906,0.900555479573,10.9240348752,0.637574347493
11.910234,0.0103803333768,10.158507798,1.17082704906,0.900555479573,10.9968465774,0.637574347493
11.9119,0.0565251230437,10.158507798,1.17082704906,0.93591459631,10.9968465774,0.637574347493
11.913566,0.0565251230437,10.1131269228,1.17082704906,0.865196362836,10.9240348752,0.602215230756
11.915232,0.148814702377,10.2038886733,1.26158879953,0.900555479573,10.9968465774,0.67293346423
11.916898,0.102669912711,10.2038886733,1.26158879953,0.93591459631,10.9968465774,0.637574347493
11.918564,0.0565251230437,10.158507798,1.2162079243,1.04199194652,11.0696582797,0.67293346423
11.92023,0.102669912711,10.2038886733,1.2162079243,0.93591459631,10.9968465774,0.637574347493
11.921896,0.0103803333768,10.1131269228,1.17082704906,0.900555479573,10.9240348752,0.602215230756
11.923562,0.0565251230437,10.1131269228,1.17082704906,0.93591459631,10.9604407263,0.637574347493
11.925228,0.0565251230437,10.1131269228,1.17082704906,0.93591459631,10.9968465774,0.637574347493
11.926894,0.0103803333768,10.1131269228,1.17082704906,0.93591459631,11.0696582797,0.77901081444
11.92856,0.0103803333768,10.1131269228,1.17082704906,0.93591459631,10.9968465774,0.637574347493
11.930226,0.0103803333768,10.0677460476,1.17082704906,0.900555479573,10.9604407263,0.602215230756
11.931892,0.0103803333768,10.1131269228,1.17082704906,0.93591459631,10.9240348752,0.637574347493
11.933558,0.0565251230437,10.1131269228,1.17082704906,0.93591459631,10.9968465774,0.67293346423
11.935224,0.0565251230437,10.1131269228,1.17082704906,0.865196362836,10.887629024,0.602215230756
11.93689,0.0565251230437,10.1131269228,1.17082704906,0.93591459631,10.9604407263,0.67293346423
11.938556,0.0565251230437,10.1131269228,1.17082704906,0.93591459631,10.9968465774,0.637574347493
11.940222,0.102669912711,10.1131269228,1.26158879953,1.04199194652,11.0332524286,0.67293346423
11.941888,0.0565251230437,10.0677460476,1.17082704906,0.971273713047,10.9968465774,0.67293346423
11.943554,0.0565251230437,10.1131269228,1.17082704906,0.93591459631,10.9240348752,0.602215230756
11.94522,0.0565251230437,10.1131269228,1.2162079243,0.93591459631,10.9240348752,0.637574347493
11.946886,0.0103803333768,10.0677460476,1.17082704906,0.93591459631,10.9968465774,0.637574347493
11.948552,0.0103803333768,10.1131269228,1.2162079243,0.900555479573,10.8512231729,0.602215230756
11.950218,0.0103803333768,10.0677460476,1.17082704906,0.93591459631,10.9240348752,0.637574347493
11.951884,0.0103803333768,10.1131269228,1.17082704906,0.93591459631,10.9604407263,0.602215230756
11.95355,0.102669912711,10.158507798,1.2162079243,0.971273713047,10.9240348752,0.602215230756
11.955216,0.0103803333768,10.0677460476,1.17082704906,0.93591459631,10.9604407263,0.637574347493
11.956882,0.0103803333768,10.1131269228,1.17082704906,0.93591459631,10.887629024,0.566856114019
11.958548,0.0103803333768,10.1131269228,1.17082704906,0.93591459631,10.9240348752,0.637574347493
11.960214,-0.0357644562901,10.0677460476,1.17082704906,0.93591459631,10.9604407263,0.602215230756
11.96188,-0.0357644562901,10.0677460476,1.17082704906,1.04199194652,11.0332524286,0.67293346423
11.963546,0.0103803333768,10.0677460476,1.17082704906,0.93591459631,10.9604407263,0.637574347493
11.965212,0.0103803333768,10.0677460476,1.17082704906,0.93591459631,10.9240348752,0.602215230756
11.966878,-0.0357644562901,10.0677460476,1.17082704906,0.93591459631,10.9240348752,0.602215230756
11.968544,-0.0357644562901,10.0677460476,1.17082704906,0.93591459631,10.9240348752,0.637574347493
11.97021,-0.0357644562901,10.0677460476,1.17082704906,0.900555479573,10.887629024,0.531496997282
11.971876,-0.0357644562901,10.0677460476,1.17082704906,0.93591459631,10.9240348752,0.566856114019
11.973542,-0.0357644562901,10.1131269228,1.17082704906,0.93591459631,10.9240348752,0.602215230756
11.975208,-0.0357644562901,10.0677460476,1.17082704906,0.971273713047,11.0696582797,0.67293346423
11.976874,-0.0357644562901,10.1131269228,1.17082704906,0.93591459631,10.9240348752,0.602215230756
11.97854,-0.0357644562901,10.1131269228,1.17082704906,0.93591459631,10.887629024,0.566856114019
11.980206,-0.0357644562901,10.158507798,1.17082704906,0.93591459631,10.887629024,0.566856114019
11.981872,-0.0357644562901,10.1131269228,1.2162079243,0.93591459631,10.9604407263,0.602215230756
11.983538,-0.0357644562901,10.1131269228,1.2162079243,0.865196362836,10.8512231729,0.602215230756
11.985204,-0.0357644562901,10.1131269228,1.17082704906,0.93591459631,10.9240348752,0.566856114019
11.98687,-0.0819092459569,10.1131269228,1.12544617383,0.93591459631,10.9240348752,0.566856114019
11.988536,-0.0357644562901,10.1131269228,1.2162079243,0.93591459631,10.9240348752,0.566856114019
11.990202,-0.0357644562901,10.1131269228,1.17082704906,0.93591459631,10.9604407263,0.602215230756
11.991868,-0.0819092459569,10.1131269228,1.17082704906,0.900555479573,10.887629024,0.496137880546
11.993534,-0.0819092459569,10.1131269228,1.17082704906,0.900555479573,10.9240348752,0.566856114019
11.9952,-0.0819092459569,10.158507798,1.2162079243,0.93591459631,10.887629024,0.566856114019
11.996866,-0.0357644562901,10.158507798,1.2162079243,1.04199194652,11.0332524286,0.602215230756
11.998532,-0.0819092459569,10.1131269228,1.17082704906,0.93591459631,10.9604407263,0.566856114019
12.000198,0.0565251230437,10.2492695485,1.30696967477,0.865196362836,10.887629024,0.496137880546
12.001864,-0.0357644562901,10.158507798,1.17082704906,0.900555479573,10.9240348752,0.531496997282
12.00353,-0.0819092459569,10.1131269228,1.17082704906,0.900555479573,10.9240348752,0.566856114019
12.005196,-0.0819092459569,10.158507798,1.17082704906,0.971273713047,11.0696582797,0.637574347493
12.006862,-0.0819092459569,10.158507798,1.17082704906,0.900555479573,10.9968465774,0.566856114019
12.008528,-0.0357644562901,10.2038886733,1.2162079243,0.900555479573,10.9240348752,0.496137880546
12.010194,-0.0819092459569,10.158507798,1.17082704906,0.900555479573,10.9604407263,0.531496997282
12.01186,-0.0819092459569,10.158507798,1.17082704906,0.93591459631,10.9968465774,0.566856114019
12.013526,-0.0819092459569,10.158507798,1.17082704906,0.865196362836,10.887629024,0.460778763809
12.015192,-0.0819092459569,10.158507798,1.17082704906,0.865196362836,10.9240348752,0.531496997282
12.016858,-0.0819092459569,10.158507798,1.17082704906,0.900555479573,10.9604407263,0.566856114019
12.018524,-0.0819092459569,10.158507798,1.2162079243,0.971273713047,11.0696582797,0.602215230756
12.02019,-0.128054035624,10.158507798,1.17082704906,0.900555479573,10.9968465774,0.566856114019
12.021856,-0.0819092459569,10.2038886733,1.2162079243,0.900555479573,10.9240348752,0.496137880546
12.023522,-0.0819092459569,10.158507798,1.2162079243,0.865196362836,10.9240348752,0.496137880546
12.025188,-0.0819092459569,10.158507798,1.17082704906,0.93591459631,10.9604407263,0.566856114019
12.026854,-0.0819092459569,10.158507798,1.17082704906,0.829837246099,10.887629024,0.460778763809
12.02852,0.0103803333768,10.2492695485,1.26158879953,0.900555479573,10.9604407263,0.531496997282
12.030186,-0.0819092459569,10.158507798,1.17082704906,0.93591459631,10.9604407263,0.496137880546
12.031852,-0.0819092459569,10.2038886733,1.17082704906,0.971273713047,11.0332524286,0.566856114019
12.033518,-0.0357644562901,10.2492695485,1.17082704906,0.900555479573,10.9968465774,0.566856114019
12.035184,-0.0819092459569,10.158507798,1.17082704906,0.865196362836,10.9240348752,0.496137880546
12.03685,-0.0819092459569,10.158507798,1.17082704906,0.900555479573,10.9604407263,0.566856114019
12.038516,-0.0819092459569,10.2038886733,1.17082704906,0.900555479573,10.9968465774,0.566856114019
12.040182,-0.0819092459569,10.2038886733,1.17082704906,0.865196362836,10.887629024,0.496137880546
12.041848,-0.0819092459569,10.158507798,1.17082704906,0.900555479573,10.9968465774,0.566856114019
12.043514,-0.0819092459569,10.158507798,1.2162079243,0.900555479573,10.9968465774,0.496137880546
12.04518,-0.0819092459569,10.158507798,1.17082704906,1.00663282978,11.0332524286,0.566856114019
12.046846,-0.0819092459569,10.158507798,1.17082704906,0.900555479573,10.9968465774,0.566856114019
12.048512,-0.0819092459569,10.158507798,1.17082704906,0.900555479573,10.9240348752,0.496137880546
12.050178,-0.0819092459569,10.158507798,1.17082704906,0.900555479573,10.9240348752,0.531496997282
12.051844,0.0103803333768,10.2492695485,1.26158879953,0.900555479573,10.9604407263,0.566856114019
12.05351,-0.0357644562901,10.158507798,1.17082704906,0.829837246099,10.887629024,0.566856114019
12.055176,-0.0819092459569,10.158507798,1.17082704906,0.900555479573,10.9968465774,0.566856114019
12.056842,-0.0819092459569,10.158507798,1.17082704906,0.865196362836,10.9604407263,0.566856114019
12.058508,-0.0819092459569,10.158507798,1.17082704906,1.00663282978,10.9968465774,0.566856114019
12.060174,-0.0819092459569,10.1131269228,1.17082704906,0.900555479573,10.9968465774,0.602215230756
12.06184,-0.0819092459569,10.158507798,1.17082704906,0.865196362836,10.9240348752,0.531496997282
12.063506,-0.0819092459569,10.158507798,1.17082704906,0.900555479573,10.9604407263,0.531496997282
12.065172,-0.0357644562901,10.158507798,1.2162079243,0.900555479573,10.9968465774,0.602215230756
12.066838,0.0103803333768,10.2492695485,1.26158879953,0.865196362836,10.887629024,0.496137880546
12.068504,-0.0819092459569,10.1131269228,1.17082704906,0.900555479573,10.9968465774,0.566856114019
12.07017,-0.0819092459569,10.158507798,1.17082704906,0.900555479573,10.9968465774,0.566856114019
12.071836,-0.0819092459569,10.1131269228,1.17082704906,1.00663282978,11.0332524286,0.602215230756
12.073502,-0.0357644562901,10.2038886733,1.2162079243,0.865196362836,10.9968465774,0.602215230756
12.075168,-0.0819092459569,10.1131269228,1.17082704906,0.865196362836,10.9240348752,0.531496997282
12.076834,-0.0819092459569,10.1131269228,1.17082704906,0.900555479573,10.9240348752,0.566856114019
12.0785,-0.0819092459569,10.1131269228,1.17082704906,0.93591459631,10.9604407263,0.602215230756
12.080166,-0.0357644562901,10.1131269228,1.17082704906,0.829837246099,10.887629024,0.496137880546
12.081832,-0.0357644562901,10.1131269228,1.17082704906,0.900555479573,10.9604407263,0.566856114019
12.083498,-0.0357644562901,10.1131269228,1.17082704906,0.93591459631,10.9240348752,0.566856114019
12.085164,-0.0357644562901,10.1131269228,1.17082704906,0.971273713047,10.9968465774,0.566856114019
12.08683,-0.0357644562901,10.1131269228,1.17082704906,0.900555479573,10.9240348752,0.602215230756
12.088496,0.0103803333768,10.1131269228,1.17082704906,0.865196362836,10.887629024,0.531496997282
12.090162,0.0565251230437,10.158507798,1.2162079243,0.900555479573,10.9240348752,0.566856114019
12.091828,0.0565251230437,10.2038886733,1.2162079243,0.93591459631,10.9240348752,0.602215230756
12.093494,0.0565251230437,10.158507798,1.17082704906,0.971273713047,11.0332524286,0.67293346423
12.09516,0.0565251230437,10.158507798,1.2162079243,0.900555479573,10.9968465774,0.602215230756
12.096826,0.102669912711,10.158507798,1.26158879953,0.900555479573,10.9240348752,0.602215230756
12.098492,-0.0357644562901,10.0677460476,1.12544617383,0.900555479573,10.887629024,0.602215230756
12.100158,-0.0357644562901,10.0677460476,1.12544617383,0.900555479573,10.9240348752,0.602215230756
12.101824,0.0103803333768,10.1131269228,1.17082704906,0.865196362836,10.8512231729,0.67293346423
12.10349,0.0103803333768,10.1131269228,1.17082704906,0.93591459631,10.9604407263,0.602215230756
12.105156,-0.0357644562901,10.0677460476,1.12544617383,0.900555479573,10.887629024,0.602215230756
12.106822,0.0565251230437,10.158507798,1.2162079243,0.865196362836,10.887629024,0.566856114019
12.108488,0.102669912711,10.158507798,1.2162079243,0.93591459631,10.9240348752,0.602215230756
12.110154,0.0103803333768,10.1131269228,1.17082704906,0.865196362836,10.887629024,0.566856114019
12.11182,-0.0357644562901,10.0677460476,1.12544617383,0.93591459631,10.9240348752,0.637574347493
12.113486,-0.0357644562901,10.0677460476,1.12544617383,0.900555479573,10.9240348752,0.637574347493
12.115152,0.0103803333768,10.0677460476,1.17082704906,0.971273713047,10.9604407263,0.637574347493
12.116818,0.0103803333768,10.0677460476,1.12544617383,0.93591459631,10.9240348752,0.637574347493
12.118484,0.102669912711,10.158507798,1.2162079243,0.900555479573,10.887629024,0.602215230756
12.12015,-0.0357644562901,10.0223651723,1.12544617383,0.900555479573,10.887629024,0.602215230756
12.121816,0.0103803333768,10.0677460476,1.12544617383,0.93591459631,10.9240348752,0.637574347493
12.123482,0.0103803333768,10.0677460476,1.12544617383,0.865196362836,10.9968465774,0.743651697703
12.125148,0.0103803333768,10.0677460476,1.12544617383,0.900555479573,10.9240348752,0.637574347493
12.126814,0.0103803333768,10.0677460476,1.12544617383,0.865196362836,10.887629024,0.602215230756
12.12848,0.0565251230437,10.1131269228,1.17082704906,0.900555479573,10.9240348752,0.602215230756
12.130146,0.148814702377,10.158507798,1.26158879953,0.93591459631,10.9240348752,0.637574347493
12.131812,0.0565251230437,10.1131269228,1.2162079243,0.829837246099,10.887629024,0.566856114019
12.133478,0.0103803333768,10.0223651723,1.12544617383,0.900555479573,10.887629024,0.637574347493
12.135144,0.0103803333768,10.0677460476,1.17082704906,0.93591459631,10.9240348752,0.602215230756
12.13681,0.0565251230437,10.1131269228,1.17082704906,0.794478129363,11.0332524286,0.743651697703
12.138476,0.0103803333768,10.0677460476,1.17082704906,0.93591459631,10.9240348752,0.637574347493
12.140142,0.0103803333768,10.0677460476,1.12544617383,0.900555479573,10.9240348752,0.602215230756
12.141808,0.0103803333768,10.0677460476,1.12544617383,0.900555479573,10.9240348752,0.602215230756
12.143474,-0.0357644562901,10.0677460476,1.12544617383,0.900555479573,10.9240348752,0.637574347493
12.14514,0.0103803333768,10.0677460476,1.12544617383,0.865196362836,10.887629024,0.566856114019
12.146806,0.0103803333768,10.0677460476,1.17082704906,0.865196362836,10.9240348752,0.637574347493
12.148472,0.0103803333768,10.0677460476,1.12544617383,0.865196362836,10.9240348752,0.637574347493
12.150138,0.0103803333768,10.0677460476,1.12544617383,0.971273713047,10.9968465774,0.67293346423
12.151804,-0.0357644562901,10.0677460476,1.12544617383,0.900555479573,10.9604407263,0.67293346423
12.15347,0.0103803333768,10.0677460476,1.12544617383,0.865196362836,10.887629024,0.566856114019
12.155136,0.0103803333768,10.0677460476,1.12544617383,0.865196362836,10.887629024,0.602215230756
12.156802,-0.0357644562901,10.0677460476,1.08006529859,0.900555479573,10.9604407263,0.602215230756
12.158468,0.102669912711,10.158507798,1.2162079243,0.794478129363,10.887629024,0.566856114019
12.160134,0.102669912711,10.158507798,1.26158879953,0.865196362836,10.9240348752,0.602215230756
12.1618,-0.0357644562901,10.0677460476,1.12544617383,0.900555479573,10.9604407263,0.602215230756
12.163466,-0.0357644562901,10.0677460476,1.08006529859,1.00663282978,10.9604407263,0.602215230756
12.165132,0.0103803333768,10.1131269228,1.12544617383,0.900555479573,10.9604407263,0.602215230756
12.166798,-0.0357644562901,10.0677460476,1.12544617383,0.865196362836,10.9240348752,0.566856114019
12.168464,-0.0357644562901,10.1131269228,1.12544617383,0.865196362836,10.9240348752,0.602215230756
12.17013,0.0103803333768,10.1131269228,1.12544617383,0.900555479573,10.9604407263,0.637574347493
12.171796,-0.0357644562901,10.1131269228,1.12544617383,0.794478129363,10.887629024,0.67293346423
12.173462,-0.0357644562901,10.158507798,1.12544617383,0.900555479573,10.9604407263,0.602215230756
12.175128,-0.0357644562901,10.1131269228,1.17082704906,0.865196362836,10.9240348752,0.602215230756
12.176794,0.102669912711,10.2038886733,1.2162079243,0.93591459631,10.9604407263,0.602215230756
12.17846,-0.0357644562901,10.1131269228,1.12544617383,0.900555479573,10.9968465774,0.637574347493
12.180126,-0.0357644562901,10.1131269228,1.17082704906,0.865196362836,10.9240348752,0.531496997282
12.181792,-0.0357644562901,10.1131269228,1.17082704906,0.829837246099,10.887629024,0.602215230756
12.183458,0.0103803333768,10.158507798,1.2162079243,0.900555479573,10.9968465774,0.602215230756
12.185124,-0.0819092459569,10.1131269228,1.12544617383,0.829837246099,11.0332524286,0.708292580966
12.18679,-0.0357644562901,10.1131269228,1.17082704906,0.900555479573,10.9604407263,0.602215230756
12.188456,-0.0357644562901,10.158507798,1.12544617383,0.865196362836,10.9240348752,0.566856114019
12.190122,-0.0357644562901,10.158507798,1.12544617383,0.865196362836,10.9968465774,0.566856114019
12.191788,-0.0357644562901,10.158507798,1.17082704906,0.900555479573,10.9968465774,0.602215230756
12.193454,0.0565251230437,10.2038886733,1.26158879953,0.829837246099,10.887629024,0.496137880546
12.19512,-0.0819092459569,10.158507798,1.17082704906,0.865196362836,10.9604407263,0.566856114019
12.196786,-0.0357644562901,10.158507798,1.17082704906,0.865196362836,10.9604407263,0.602215230756
12.198452,-0.0357644562901,10.158507798,1.17082704906,0.93591459631,11.0696582797,0.637574347493
12.200118,0.0103803333768,10.2492695485,1.26158879953,0.93591459631,10.9604407263,0.602215230756
12.201784,-0.0819092459569,10.158507798,1.17082704906,0.900555479573,10.9240348752,0.531496997282
12.20345,-0.0357644562901,10.158507798,1.17082704906,0.900555479573,10.9604407263,0.566856114019
12.205116,-0.0819092459569,10.158507798,1.12544617383,0.900555479573,10.9968465774,0.566856114019
12.206782,-0.0819092459569,10.158507798,1.17082704906,0.794478129363,10.9240348752,0.460778763809
12.208448,-0.0819092459569,10.158507798,1.12544617383,0.900555479573,10.9604407263,0.566856114019
12.210114,-0.0819092459569,10.158507798,1.17082704906,0.900555479573,10.9968465774,0.566856114019
12.21178,-0.0819092459569,10.158507798,1.17082704906,1.00663282978,11.0696582797,0.602215230756
12.213446,-0.0819092459569,10.158507798,1.17082704906,0.93591459631,10.9968465774,0.566856114019
12.215112,-0.0819092459569,10.158507798,1.17082704906,0.865196362836,10.9240348752,0.496137880546
12.216778,-0.0819092459569,10.158507798,1.17082704906,0.900555479573,10.9240348752,0.531496997282
12.218444,-0.0819092459569,10.158507798,1.2162079243,0.900555479573,10.9968465774,0.566856114019
12.22011,-0.0819092459569,10.158507798,1.2162079243,0.794478129363,10.9968465774,0.637574347493
12.221776,-0.0819092459569,10.158507798,1.17082704906,0.93591459631,10.9240348752,0.566856114019
12.223442,-0.0819092459569,10.158507798,1.17082704906,0.900555479573,10.9240348752,0.566856114019
12.225108,-0.0357644562901,10.2038886733,1.2162079243,0.93591459631,10.9604407263,0.531496997282
12.226774,-0.128054035624,10.158507798,1.17082704906,0.93591459631,10.9968465774,0.566856114019
12.22844,-0.0819092459569,10.158507798,1.2162079243,0.865196362836,10.887629024,0.496137880546
12.230106,-0.0819092459569,10.158507798,1.17082704906,0.93591459631,10.9604407263,0.566856114019
12.231772,-0.0819092459569,10.158507798,1.2162079243,0.900555479573,10.9968465774,0.531496997282
12.233438,0.0565251230437,10.2946504237,1.30696967477,0.93591459631,11.0696582797,0.637574347493
12.235104,-0.0819092459569,10.158507798,1.2162079243,0.93591459631,10.9604407263,0.566856114019
12.23677,-0.0819092459569,10.158507798,1.2162079243,0.900555479573,10.9240348752,0.531496997282
12.238436,-0.0819092459569,10.158507798,1.2162079243,0.93591459631,10.9240348752,0.531496997282
12.240102,-0.0819092459569,10.158507798,1.2162079243,0.900555479573,10.9968465774,0.566856114019
12.241768,-0.0819092459569,10.158507798,1.17082704906,0.900555479573,10.887629024,0.460778763809
12.243434,-0.0819092459569,10.158507798,1.2162079243,0.93591459631,10.9240348752,0.566856114019
12.2451,-0.0819092459569,10.158507798,1.2162079243,0.93591459631,10.9604407263,0.566856114019
12.246766,-0.0357644562901,10.158507798,1.2162079243,0.971273713047,11.0696582797,0.637574347493
12.248432,-0.0357644562901,10.158507798,1.26158879953,0.93591459631,10.9604407263,0.602215230756
12.250098,-0.0357644562901,10.2038886733,1.26158879953,0.93591459631,10.9604407263,0.566856114019
12.251764,-0.0819092459569,10.158507798,1.2162079243,0.93591459631,10.9240348752,0.566856114019
12.25343,-0.0357644562901,10.158507798,1.26158879953,0.93591459631,10.9968465774,0.566856114019
12.255096,-0.0819092459569,10.158507798,1.26158879953,0.900555479573,10.887629024,0.531496997282
12.256762,0.0565251230437,10.2492695485,1.30696967477,0.93591459631,10.9604407263,0.602215230756
12.258428,-0.0357644562901,10.158507798,1.26158879953,0.93591459631,10.9604407263,0.566856114019
12.260094,-0.0357644562901,10.158507798,1.2162079243,1.04199194652,10.9604407263,0.602215230756
12.26176,0.0565251230437,10.2038886733,1.30696967477,0.93591459631,10.9604407263,0.602215230756
12.263426,0.0565251230437,10.2038886733,1.30696967477,0.93591459631,10.9240348752,0.566856114019
12.265092,-0.0357644562901,10.1131269228,1.26158879953,0.93591459631,10.9240348752,0.566856114019
12.266758,-0.0819092459569,10.1131269228,1.2162079243,0.971273713047,10.9604407263,0.602215230756
12.268424,-0.0819092459569,10.1131269228,1.2162079243,0.900555479573,10.9968465774,0.67293346423
12.27009,0.0103803333768,10.158507798,1.26158879953,0.93591459631,10.9240348752,0.602215230756
12.271756,-0.0819092459569,10.1131269228,1.2162079243,0.971273713047,10.9240348752,0.566856114019
12.273422,-0.0357644562901,10.1131269228,1.2162079243,0.93591459631,10.9240348752,0.602215230756
12.275088,-0.0357644562901,10.1131269228,1.2162079243,0.93591459631,10.9968465774,0.602215230756
12.276754,0.0565251230437,10.2038886733,1.26158879953,0.865196362836,10.887629024,0.566856114019
12.27842,-0.0357644562901,10.158507798,1.2162079243,0.971273713047,10.9604407263,0.637574347493
12.280086,-0.0357644562901,10.1131269228,1.2162079243,0.971273713047,10.9968465774,0.602215230756
12.281752,-0.0357644562901,10.1131269228,1.2162079243,1.04199194652,11.0332524286,0.637574347493
12.283418,0.0565251230437,10.2038886733,1.26158879953,0.93591459631,10.9968465774,0.637574347493
12.285084,-0.0357644562901,10.1131269228,1.2162079243,0.93591459631,10.9240348752,0.602215230756
12.28675,0.0103803333768,10.1131269228,1.26158879953,0.93591459631,10.9240348752,0.602215230756
12.288416,-0.0357644562901,10.1131269228,1.2162079243,0.971273713047,10.9968465774,0.637574347493
12.290082,-0.0357644562901,10.1131269228,1.2162079243,0.93591459631,10.887629024,0.531496997282
12.291748,-0.0357644562901,10.1131269228,1.2162079243,0.93591459631,10.9968465774,0.637574347493
12.293414,-0.0357644562901,10.1131269228,1.2162079243,0.971273713047,10.9968465774,0.602215230756
12.29508,-0.0357644562901,10.1131269228,1.2162079243,1.04199194652,11.0332524286,0.637574347493
12.296746,0.102669912711,10.2038886733,1.26158879953,0.93591459631,10.9968465774,0.637574347493
12.298412,0.0103803333768,10.1131269228,1.17082704906,0.93591459631,10.9240348752,0.602215230756
12.300078,0.0103803333768,10.1131269228,1.2162079243,0.93591459631,10.9604407263,0.602215230756
12.301744,0.0103803333768,10.158507798,1.2162079243,0.93591459631,10.9968465774,0.602215230756
12.30341,0.0103803333768,10.1131269228,1.2162079243,0.93591459631,11.0696582797,0.743651697703
12.305076,-0.0357644562901,10.1131269228,1.17082704906,0.93591459631,10.9968465774,0.602215230756
12.306742,0.0103803333768,10.158507798,1.17082704906,0.93591459631,10.9240348752,0.602215230756
12.308408,0.0103803333768,10.158507798,1.2162079243,0.93591459631,10.9604407263,0.602215230756
12.310074,0.102669912711,10.2492695485,1.26158879953,0.971273713047,10.9968465774,0.637574347493
12.31174,0.0565251230437,10.2038886733,1.26158879953,0.93591459631,10.9240348752,0.602215230756
12.313406,-0.0357644562901,10.1131269228,1.17082704906,0.93591459631,10.9604407263,0.637574347493
12.315072,-0.0357644562901,10.1131269228,1.17082704906,0.93591459631,10.9968465774,0.637574347493
12.316738,0.0103803333768,10.1131269228,1.17082704906,1.04199194652,11.0696582797,0.708292580966
12.318404,0.0103803333768,10.1131269228,1.17082704906,0.93591459631,10.9968465774,0.637574347493
12.32007,0.0103803333768,10.1131269228,1.17082704906,0.900555479573,10.9604407263,0.637574347493
12.321736,0.0103803333768,10.1131269228,1.17082704906,0.93591459631,10.9604407263,0.637574347493
12.323402,0.0565251230437,10.158507798,1.2162079243,0.93591459631,10.9968465774,0.637574347493
12.325068,0.0565251230437,10.158507798,1.17082704906,0.900555479573,10.9604407263,0.566856114019
12.326734,0.0565251230437,10.1131269228,1.17082704906,0.900555479573,10.9604407263,0.637574347493
12.3284,0.0565251230437,10.158507798,1.2162079243,0.93591459631,10.9968465774,0.67293346423
12.330066,0.0565251230437,10.158507798,1.17082704906,0.829837246099,10.887629024,0.708292580966
12.331732,0.102669912711,10.2038886733,1.26158879953,0.93591459631,10.9968465774,0.637574347493
12.333398,0.0103803333768,10.1131269228,1.12544617383,0.900555479573,10.9968465774,0.637574347493
12.335064,0.0103803333768,10.1131269228,1.12544617383,1.00663282978,11.0332524286,0.67293346423
12.33673,0.0103803333768,10.1131269228,1.12544617383,0.865196362836,10.9968465774,0.67293346423
12.338396,0.0103803333768,10.1131269228,1.17082704906,0.865196362836,10.9604407263,0.602215230756
12.340062,0.0103803333768,10.1131269228,1.12544617383,0.829837246099,10.9604407263,0.637574347493
12.341728,0.0565251230437,10.158507798,1.12544617383,0.900555479573,11.0332524286,0.637574347493
12.343394,0.0565251230437,10.1131269228,1.17082704906,0.865196362836,10.887629024,0.708292580966
12.34506,0.0103803333768,10.1131269228,1.17082704906,0.900555479573,10.9968465774,0.637574347493
12.346726,0.0103803333768,10.1131269228,1.12544617383,0.900555479573,10.9968465774,0.637574347493
12.348392,0.0565251230437,10.158507798,1.12544617383,0.971273713047,10.9968465774,0.637574347493
12.350058,0.0565251230437,10.158507798,1.12544617383,0.900555479573,10.9968465774,0.637574347493
12.351724,0.0103803333768,10.158507798,1.12544617383,0.829837246099,10.9240348752,0.602215230756
12.35339,0.0103803333768,10.1131269228,1.12544617383,0.865196362836,10.9968465774,0.67293346423
12.355056,0.0103803333768,10.1131269228,1.12544617383,0.865196362836,10.9968465774,0.637574347493
12.356722,0.0103803333768,10.1131269228,1.12544617383,0.93591459631,11.0696582797,0.708292580966
12.358388,0.0103803333768,10.1131269228,1.12544617383,0.900555479573,11.0332524286,0.637574347493
12.360054,0.0565251230437,10.158507798,1.12544617383,0.865196362836,10.9240348752,0.602215230756
12.36172,0.0103803333768,10.1131269228,1.12544617383,0.865196362836,10.9604407263,0.637574347493
12.363386,0.0103803333768,10.1131269228,1.12544617383,0.865196362836,11.0332524286,0.67293346423
12.365052,0.0103803333768,10.1131269228,1.12544617383,0.794478129363,10.887629024,0.67293346423
12.366718,0.0565251230437,10.158507798,1.17082704906,0.829837246099,10.9604407263,0.637574347493
12.368384,-0.0357644562901,10.0677460476,1.08006529859,0.829837246099,10.9240348752,0.602215230756
12.37005,0.0103803333768,10.0677460476,1.08006529859,0.865196362836,10.9240348752,0.602215230756
12.371716,0.0103803333768,10.1131269228,1.12544617383,0.865196362836,10.9604407263,0.637574347493
12.373382,0.0103803333768,10.1131269228,1.12544617383,0.794478129363,10.8512231729,0.566856114019
12.375048,-0.0357644562901,10.1131269228,1.12544617383,0.865196362836,10.9240348752,0.602215230756
12.376714,-0.0357644562901,10.1131269228,1.08006529859,0.865196362836,10.9240348752,0.602215230756
12.37838,0.0565251230437,10.158507798,1.2162079243,0.93591459631,10.9968465774,0.637574347493
12.380046,-0.0357644562901,10.0677460476,1.12544617383,0.865196362836,10.9604407263,0.637574347493
12.381712,0.0103803333768,10.1131269228,1.12544617383,0.829837246099,10.887629024,0.602215230756
12.383378,0.0103803333768,10.0677460476,1.12544617383,0.829837246099,10.887629024,0.602215230756
12.385044,0.0103803333768,10.158507798,1.17082704906,0.865196362836,10.9240348752,0.637574347493
12.38671,-0.0357644562901,10.1131269228,1.12544617383,0.829837246099,10.887629024,0.531496997282
12.388376,-0.0357644562901,10.1131269228,1.12544617383,0.865196362836,10.9240348752,0.602215230756
12.390042,0.102669912711,10.2038886733,1.26158879953,0.865196362836,10.887629024,0.602215230756
12.391708,-0.0357644562901,10.0677460476,1.12544617383,0.93591459631,10.9240348752,0.602215230756
12.393374,-0.0357644562901,10.1131269228,1.12544617383,0.829837246099,10.9240348752,0.602215230756
12.39504,-0.0357644562901,10.1131269228,1.12544617383,0.794478129363,10.887629024,0.566856114019
12.396706,-0.0819092459569,10.0677460476,1.08006529859,0.829837246099,10.887629024,0.566856114019
12.398372,-0.0819092459569,10.0677460476,1.12544617383,0.865196362836,10.887629024,0.566856114019
12.400038,-0.0357644562901,10.0677460476,1.12544617383,0.900555479573,10.9968465774,0.67293346423
12.401704,-0.0819092459569,10.0677460476,1.08006529859,0.865196362836,10.887629024,0.602215230756
12.40337,-0.0357644562901,10.0677460476,1.12544617383,0.794478129363,10.8512231729,0.566856114019
12.405036,-0.0357644562901,10.0677460476,1.12544617383,0.794478129363,10.8512231729,0.566856114019
12.406702,-0.0819092459569,10.0677460476,1.12544617383,0.865196362836,10.887629024,0.566856114019
12.408368,-0.0819092459569,10.0677460476,1.12544617383,0.865196362836,10.9604407263,0.67293346423
12.410034,-0.0819092459569,10.0677460476,1.12544617383,0.865196362836,10.887629024,0.602215230756
12.4117,-0.0357644562901,10.0677460476,1.17082704906,0.865196362836,10.8512231729,0.531496997282
12.413366,-0.0819092459569,10.0677460476,1.12544617383,0.900555479573,10.887629024,0.566856114019
12.415032,-0.0819092459569,10.0677460476,1.12544617383,0.865196362836,10.887629024,0.566856114019
12.416698,0.0565251230437,10.158507798,1.2162079243,0.829837246099,10.8148173218,0.496137880546
12.418364,-0.0819092459569,10.0677460476,1.12544617383,0.865196362836,10.887629024,0.531496997282
12.42003,-0.0819092459569,10.0677460476,1.12544617383,0.900555479573,10.887629024,0.566856114019
12.421696,-0.0819092459569,10.0677460476,1.12544617383,0.900555479573,10.9604407263,0.637574347493
12.423362,-0.0819092459569,10.0677460476,1.12544617383,0.900555479573,10.887629024,0.566856114019
12.425028,-0.0819092459569,10.0677460476,1.17082704906,0.865196362836,10.8148173218,0.531496997282
12.426694,0.0565251230437,10.2038886733,1.26158879953,0.865196362836,10.8512231729,0.531496997282
12.42836,-0.0357644562901,10.0677460476,1.12544617383,0.865196362836,10.887629024,0.566856114019
12.430026,-0.0819092459569,10.1131269228,1.12544617383,0.794478129363,10.7784114706,0.460778763809
12.431692,-0.0819092459569,10.0677460476,1.17082704906,0.865196362836,10.887629024,0.566856114019
12.433358,-0.0819092459569,10.0677460476,1.17082704906,0.865196362836,10.887629024,0.566856114019
12.435024,-0.0819092459569,10.0677460476,1.12544617383,0.93591459631,10.887629024,0.566856114019
12.43669,-0.0819092459569,10.0677460476,1.12544617383,0.900555479573,10.887629024,0.566856114019
12.438356,-0.0357644562901,10.1131269228,1.17082704906,0.865196362836,10.8512231729,0.531496997282
12.440022,-0.0357644562901,10.1131269228,1.17082704906,0.865196362836,10.8512231729,0.531496997282
12.441688,-0.0819092459569,10.1131269228,1.17082704906,0.900555479573,10.9240348752,0.566856114019
12.443354,-0.0357644562901,10.1131269228,1.17082704906,0.829837246099,10.8148173218,0.460778763809
12.44502,0.0565251230437,10.2038886733,1.26158879953,0.900555479573,10.887629024,0.566856114019
12.446686,-0.0819092459569,10.1131269228,1.17082704906,0.93591459631,10.887629024,0.566856114019
12.448352,-0.0819092459569,10.0677460476,1.17082704906,0.93591459631,10.9968465774,0.602215230756
12.450018,-0.0819092459569,10.0677460476,1.17082704906,0.900555479573,10.887629024,0.566856114019
12.451684,-0.0819092459569,10.1131269228,1.17082704906,0.865196362836,10.8148173218,0.496137880546
12.45335,0.0565251230437,10.2038886733,1.26158879953,0.829837246099,10.887629024,0.566856114019
12.455016,0.0565251230437,10.2038886733,1.26158879953,0.93591459631,10.887629024,0.566856114019
12.456682,0.0565251230437,10.2038886733,1.26158879953,0.829837246099,10.8148173218,0.496137880546
12.458348,-0.0357644562901,10.158507798,1.2162079243,0.900555479573,10.887629024,0.566856114019
12.460014,0.0565251230437,10.2038886733,1.26158879953,0.865196362836,10.9240348752,0.566856114019
12.46168,0.0103803333768,10.2038886733,1.26158879953,1.00663282978,11.0332524286,0.602215230756
12.463346,-0.0357644562901,10.1131269228,1.2162079243,0.93591459631,10.9240348752,0.602215230756
12.465012,-0.0357644562901,10.1131269228,1.17082704906,0.865196362836,10.887629024,0.531496997282
12.466678,-0.0357644562901,10.1131269228,1.17082704906,0.900555479573,10.887629024,0.566856114019
12.468344,-0.0357644562901,10.1131269228,1.17082704906,0.93591459631,10.9604407263,0.566856114019
12.47001,-0.0819092459569,10.1131269228,1.17082704906,0.865196362836,10.8512231729,0.531496997282
12.471676,-0.0819092459569,10.1131269228,1.17082704906,0.93591459631,10.9240348752,0.602215230756
12.473342,-0.0357644562901,10.1131269228,1.17082704906,0.900555479573,10.9604407263,0.602215230756
12.475008,-0.0357644562901,10.1131269228,1.17082704906,0.971273713047,10.9968465774,0.566856114019
12.476674,0.0565251230437,10.2038886733,1.26158879953,0.93591459631,10.9968465774,0.602215230756
12.47834,0.0565251230437,10.2038886733,1.26158879953,0.93591459631,10.9240348752,0.531496997282
12.480006,-0.0357644562901,10.158507798,1.17082704906,0.900555479573,10.9240348752,0.566856114019
12.481672,-0.0357644562901,10.158507798,1.17082704906,0.93591459631,10.9968465774,0.602215230756
12.483338,-0.0357644562901,10.158507798,1.17082704906,0.900555479573,11.0332524286,0.708292580966
12.485004,-0.0357644562901,10.158507798,1.2162079243,0.93591459631,10.9968465774,0.602215230756
12.48667,0.102669912711,10.2492695485,1.30696967477,0.93591459631,10.9968465774,0.566856114019
12.488336,-0.0357644562901,10.158507798,1.17082704906,0.93591459631,10.9604407263,0.566856114019
12.490002,-0.0357644562901,10.158507798,1.17082704906,0.93591459631,10.9968465774,0.602215230756
12.491668,-0.0357644562901,10.158507798,1.17082704906,0.900555479573,10.9240348752,0.566856114019
12.493334,-0.0357644562901,10.158507798,1.17082704906,0.93591459631,10.9968465774,0.602215230756
12.495,0.0103803333768,10.158507798,1.2162079243,0.93591459631,11.0332524286,0.602215230756
12.496666,0.0103803333768,10.158507798,1.17082704906,0.93591459631,10.9968465774,0.637574347493
12.498332,0.0103803333768,10.158507798,1.17082704906,0.93591459631,11.0332524286,0.637574347493
12.499998,0.0103803333768,10.158507798,1.17082704906,0.93591459631,10.9240348752,0.566856114019
12.501664,0.0103803333768,10.158507798,1.17082704906,0.900555479573,10.9968465774,0.602215230756
12.50333,0.0103803333768,10.158507798,1.17082704906,0.93591459631,11.0332524286,0.602215230756
12.504996,0.0103803333768,10.158507798,1.17082704906,1.04199194652,11.1060641308,0.67293346423
12.506662,-0.0357644562901,10.158507798,1.17082704906,0.93591459631,11.0332524286,0.637574347493
12.508328,0.0103803333768,10.158507798,1.17082704906,0.93591459631,10.9968465774,0.602215230756
12.509994,-0.0357644562901,10.2038886733,1.17082704906,0.93591459631,11.0332524286,0.602215230756
12.51166,0.0103803333768,10.158507798,1.17082704906,0.971273713047,11.0332524286,0.637574347493
12.513326,0.0103803333768,10.158507798,1.2162079243,0.865196362836,10.9240348752,0.67293346423
12.514992,0.102669912711,10.2492695485,1.30696967477,0.971273713047,11.0332524286,0.637574347493
12.516658,0.0103803333768,10.158507798,1.17082704906,0.93591459631,11.0332524286,0.602215230756
12.518324,0.0103803333768,10.158507798,1.17082704906,0.93591459631,10.9968465774,0.602215230756
12.51999,0.102669912711,10.2038886733,1.2162079243,0.93591459631,11.0332524286,0.637574347493
12.521656,0.0103803333768,10.158507798,1.17082704906,0.900555479573,10.9968465774,0.566856114019
12.523322,0.0565251230437,10.158507798,1.2162079243,0.93591459631,11.0332524286,0.637574347493
12.524988,0.0103803333768,10.158507798,1.2162079243,0.971273713047,11.0332524286,0.637574347493
12.526654,0.0103803333768,10.158507798,1.2162079243,1.04199194652,11.1060641308,0.637574347493
12.52832,0.0103803333768,10.158507798,1.2162079243,0.971273713047,11.0696582797,0.637574347493
12.529986,0.102669912711,10.2492695485,1.26158879953,0.93591459631,11.0332524286,0.637574347493
12.531652,0.0103803333768,10.158507798,1.17082704906,0.93591459631,11.0332524286,0.637574347493
12.533318,0.0103803333768,10.158507798,1.17082704906,0.93591459631,11.0696582797,0.637574347493
12.534984,0.0565251230437,10.158507798,1.17082704906,0.865196362836,10.9604407263,0.566856114019
12.53665,0.0565251230437,10.158507798,1.17082704906,0.971273713047,11.0332524286,0.637574347493
12.538316,0.102669912711,10.2038886733,1.2162079243,0.93591459631,11.0332524286,0.637574347493
12.539982,0.0565251230437,10.158507798,1.2162079243,0.971273713047,11.0332524286,0.602215230756
12.541648,0.0103803333768,10.158507798,1.17082704906,0.971273713047,11.0332524286,0.67293346423
12.543314,0.0565251230437,10.158507798,1.17082704906,0.900555479573,10.9968465774,0.566856114019
12.54498,0.102669912711,10.2038886733,1.26158879953,0.93591459631,10.9968465774,0.602215230756
12.546646,0.0103803333768,10.158507798,1.17082704906,0.93591459631,11.0332524286,0.637574347493
12.548312,0.0103803333768,10.1131269228,1.17082704906,0.865196362836,10.9968465774,0.743651697703
12.549978,0.0103803333768,10.158507798,1.17082704906,0.93591459631,11.0332524286,0.637574347493
12.551644,0.0103803333768,10.158507798,1.2162079243,0.93591459631,10.9968465774,0.602215230756
12.55331,0.0103803333768,10.1131269228,1.17082704906,0.971273713047,11.0332524286,0.637574347493
12.554976,0.0565251230437,10.158507798,1.17082704906,0.971273713047,10.9968465774,0.67293346423
12.556642,0.0565251230437,10.158507798,1.17082704906,0.900555479573,10.9604407263,0.566856114019
12.558308,0.0565251230437,10.1131269228,1.17082704906,0.93591459631,10.9604407263,0.637574347493
12.559974,0.0565251230437,10.158507798,1.2162079243,0.93591459631,11.0332524286,0.602215230756
12.56164,0.148814702377,10.2038886733,1.26158879953,0.865196362836,11.0696582797,0.743651697703
12.563306,-0.0357644562901,10.0677460476,1.17082704906,0.93591459631,10.9968465774,0.67293346423
12.564972,0.0103803333768,10.1131269228,1.2162079243,0.900555479573,10.9968465774,0.637574347493
12.566638,0.0103803333768,10.1131269228,1.17082704906,0.971273713047,10.9968465774,0.602215230756
12.568304,0.0103803333768,10.1131269228,1.2162079243,0.971273713047,10.9968465774,0.637574347493
12.56997,0.0103803333768,10.1131269228,1.2162079243,0.900555479573,10.9604407263,0.566856114019
12.571636,0.0103803333768,10.1131269228,1.17082704906,0.900555479573,10.9604407263,0.602215230756
12.573302,0.0103803333768,10.1131269228,1.17082704906,0.93591459631,10.9968465774,0.602215230756
12.574968,0.0565251230437,10.158507798,1.2162079243,1.00663282978,11.0696582797,0.67293346423
12.576634,0.0103803333768,10.1131269228,1.2162079243,0.93591459631,10.9604407263,0.637574347493
12.5783,-0.0357644562901,10.1131269228,1.17082704906,0.900555479573,10.9240348752,0.602215230756
12.579966,0.0103803333768,10.1131269228,1.2162079243,0.93591459631,10.9240348752,0.602215230756
12.581632,0.0103803333768,10.1131269228,1.2162079243,0.93591459631,10.9240348752,0.637574347493
12.583298,-0.0357644562901,10.0677460476,1.17082704906,0.900555479573,10.887629024,0.566856114019
12.584964,-0.0357644562901,10.1131269228,1.17082704906,0.93591459631,10.9604407263,0.602215230756
12.58663,-0.0357644562901,10.0677460476,1.2162079243,0.93591459631,10.9240348752,0.602215230756
12.588296,0.102669912711,10.2038886733,1.30696967477,0.971273713047,10.9240348752,0.566856114019
12.589962,-0.0357644562901,10.0677460476,1.17082704906,0.93591459631,10.9240348752,0.602215230756
12.591628,-0.0357644562901,10.1131269228,1.2162079243,0.900555479573,10.8512231729,0.496137880546
12.593294,-0.0357644562901,10.1131269228,1.17082704906,0.93591459631,10.887629024,0.602215230756
12.59496,-0.0357644562901,10.1131269228,1.2162079243,0.93591459631,10.9240348752,0.566856114019
12.596626,0.0565251230437,10.2038886733,1.30696967477,0.865196362836,10.9604407263,0.67293346423
12.598292,-0.0819092459569,10.0677460476,1.17082704906,0.93591459631,10.9240348752,0.602215230756
12.599958,-0.0357644562901,10.0677460476,1.17082704906,0.93591459631,10.887629024,0.602215230756
12.601624,-0.0357644562901,10.1131269228,1.17082704906,0.93591459631,10.887629024,0.566856114019
12.60329,-0.0357644562901,10.1131269228,1.2162079243,0.93591459631,10.9240348752,0.602215230756
12.604956,-0.0357644562901,10.158507798,1.2162079243,0.865196362836,10.8512231729,0.531496997282
12.606622,0.0103803333768,10.1131269228,1.26158879953,0.900555479573,10.887629024,0.531496997282
12.608288,-0.0819092459569,10.0677460476,1.17082704906,0.93591459631,10.9240348752,0.566856114019
12.609954,-0.0819092459569,10.1131269228,1.17082704906,0.829837246099,10.8512231729,0.602215230756
12.61162,-0.0819092459569,10.1131269228,1.17082704906,0.865196362836,10.887629024,0.566856114019
12.613286,-0.0819092459569,10.1131269228,1.12544617383,0.865196362836,10.887629024,0.531496997282
12.614952,0.0565251230437,10.2038886733,1.26158879953,0.93591459631,10.9240348752,0.531496997282
12.616618,-0.0819092459569,10.0677460476,1.17082704906,0.93591459631,10.9240348752,0.566856114019
12.618284,-0.0819092459569,10.0677460476,1.12544617383,0.865196362836,10.8512231729,0.531496997282
12.61995,-0.0819092459569,10.1131269228,1.17082704906,0.865196362836,10.887629024,0.531496997282
12.621616,-0.128054035624,10.0677460476,1.12544617383,0.900555479573,10.887629024,0.566856114019
12.623282,-0.0819092459569,10.0677460476,1.12544617383,0.794478129363,10.9240348752,0.637574347493
12.624948,-0.0819092459569,10.1131269228,1.2162079243,0.829837246099,10.887629024,0.566856114019
12.626614,-0.0819092459569,10.1131269228,1.17082704906,0.865196362836,10.887629024,0.531496997282
12.62828,-0.0819092459569,10.1131269228,1.17082704906,0.900555479573,10.887629024,0.496137880546
12.629946,-0.0819092459569,10.1131269228,1.17082704906,0.900555479573,10.9240348752,0.566856114019
12.631612,-0.0819092459569,10.1131269228,1.17082704906,0.829837246099,10.8148173218,0.460778763809
12.633278,-0.0819092459569,10.1131269228,1.12544617383,0.865196362836,10.887629024,0.566856114019
12.634944,-0.0819092459569,10.1131269228,1.17082704906,0.865196362836,10.9240348752,0.496137880546
12.63661,-0.0819092459569,10.0677460476,1.17082704906,0.93591459631,10.9240348752,0.531496997282
12.638276,-0.0357644562901,10.158507798,1.2162079243,0.865196362836,10.887629024,0.566856114019
12.639942,-0.0819092459569,10.1131269228,1.12544617383,0.829837246099,10.887629024,0.496137880546
12.641608,-0.0819092459569,10.1131269228,1.12544617383,0.829837246099,10.887629024,0.496137880546
12.643274,0.0103803333768,10.2038886733,1.26158879953,0.865196362836,10.9240348752,0.566856114019
12.64494,-0.0819092459569,10.1131269228,1.12544617383,0.794478129363,10.887629024,0.602215230756
12.646606,-0.0819092459569,10.1131269228,1.17082704906,0.865196362836,10.9240348752,0.531496997282
12.648272,-0.0819092459569,10.1131269228,1.12544617383,0.865196362836,10.887629024,0.496137880546
12.649938,-0.0819092459569,10.1131269228,1.12544617383,0.900555479573,10.9240348752,0.496137880546
12.651604,-0.0819092459569,10.1131269228,1.17082704906,0.865196362836,10.9240348752,0.531496997282
12.65327,-0.0819092459569,10.1131269228,1.17082704906,0.829837246099,10.8512231729,0.460778763809
12.654936,0.0103803333768,10.2038886733,1.26158879953,0.829837246099,10.9240348752,0.531496997282
12.656602,-0.0819092459569,10.1131269228,1.17082704906,0.865196362836,10.9240348752,0.566856114019
12.658268,-0.0819092459569,10.158507798,1.17082704906,0.971273713047,10.9968465774,0.602215230756
12.659934,-0.0819092459569,10.1131269228,1.17082704906,0.900555479573,10.9604407263,0.566856114019
12.6616,-0.0819092459569,10.1131269228,1.12544617383,0.865196362836,10.887629024,0.496137880546
12.663266,-0.0819092459569,10.1131269228,1.17082704906,0.829837246099,10.887629024,0.566856114019
12.664932,-0.0819092459569,10.1131269228,1.17082704906,0.865196362836,10.9604407263,0.566856114019
12.666598,-0.0819092459569,10.158507798,1.17082704906,0.759119012626,10.9968465774,0.67293346423
12.668264,0.0103803333768,10.2038886733,1.2162079243,0.865196362836,10.9240348752,0.566856114019
12.66993,-0.0819092459569,10.1131269228,1.12544617383,0.865196362836,10.9240348752,0.531496997282
12.671596,-0.0819092459569,10.1131269228,1.12544617383,0.93591459631,10.9604407263,0.566856114019
12.673262,-0.0357644562901,10.158507798,1.17082704906,0.865196362836,10.9604407263,0.566856114019
12.674928,0.0565251230437,10.2038886733,1.2162079243,0.829837246099,10.887629024,0.531496997282
12.676594,-0.0357644562901,10.158507798,1.12544617383,0.865196362836,10.9240348752,0.566856114019
12.67826,-0.0819092459569,10.1131269228,1.12544617383,0.865196362836,10.9604407263,0.566856114019
12.679926,0.0565251230437,10.2038886733,1.26158879953,0.794478129363,10.887629024,0.602215230756
12.681592,-0.0819092459569,10.1131269228,1.12544617383,0.865196362836,10.9604407263,0.566856114019
12.683258,-0.0357644562901,10.1131269228,1.17082704906,0.865196362836,10.9240348752,0.531496997282
12.684924,-0.0819092459569,10.158507798,1.12544617383,0.829837246099,10.9240348752,0.566856114019
12.68659,-0.0819092459569,10.1131269228,1.12544617383,0.865196362836,10.9968465774,0.602215230756
12.688256,-0.0357644562901,10.1131269228,1.17082704906,0.829837246099,10.8512231729,0.496137880546
12.689922,-0.0357644562901,10.158507798,1.17082704906,0.865196362836,10.9968465774,0.602215230756
12.691588,-0.0357644562901,10.158507798,1.17082704906,0.865196362836,10.9240348752,0.602215230756
12.693254,-0.0357644562901,10.1131269228,1.17082704906,0.865196362836,10.9240348752,0.566856114019
12.69492,-0.0357644562901,10.1131269228,1.17082704906,0.900555479573,10.9604407263,0.602215230756
12.696586,-0.0357644562901,10.1131269228,1.17082704906,0.794478129363,10.887629024,0.531496997282
12.698252,-0.0357644562901,10.1131269228,1.12544617383,0.865196362836,10.9604407263,0.566856114019
12.699918,-0.0357644562901,10.1131269228,1.12544617383,0.900555479573,10.9604407263,0.602215230756
12.701584,-0.0357644562901,10.1131269228,1.17082704906,0.971273713047,11.0332524286,0.637574347493
12.70325,0.0103803333768,10.158507798,1.17082704906,0.865196362836,10.9240348752,0.602215230756
12.704916,-0.0357644562901,10.1131269228,1.12544617383,0.794478129363,10.887629024,0.566856114019
12.706582,0.0103803333768,10.1131269228,1.17082704906,0.865196362836,10.9240348752,0.602215230756
12.708248,0.0565251230437,10.158507798,1.2162079243,0.93591459631,10.9604407263,0.602215230756
12.709914,-0.0357644562901,10.1131269228,1.17082704906,0.829837246099,10.887629024,0.67293346423
12.71158,-0.0357644562901,10.1131269228,1.17082704906,0.900555479573,10.9604407263,0.602215230756
12.713246,0.102669912711,10.2038886733,1.26158879953,0.900555479573,10.9240348752,0.566856114019
12.714912,0.0103803333768,10.1131269228,1.12544617383,0.93591459631,10.9240348752,0.602215230756
12.716578,-0.0357644562901,10.1131269228,1.12544617383,0.900555479573,10.9604407263,0.602215230756
12.718244,-0.0357644562901,10.1131269228,1.17082704906,0.865196362836,10.887629024,0.531496997282
12.71991,0.0103803333768,10.1131269228,1.17082704906,0.865196362836,10.9604407263,0.637574347493
12.721576,0.0565251230437,10.158507798,1.17082704906,0.865196362836,10.9240348752,0.602215230756
12.723242,0.0565251230437,10.158507798,1.26158879953,0.971273713047,10.9968465774,0.637574347493
12.724908,-0.0357644562901,10.0677460476,1.12544617383,0.93591459631,10.9968465774,0.637574347493
12.726574,-0.0357644562901,10.1131269228,1.17082704906,0.900555479573,10.887629024,0.602215230756
12.72824,0.0103803333768,10.1131269228,1.17082704906,0.900555479573,10.9240348752,0.602215230756
12.729906,0.0565251230437,10.1131269228,1.17082704906,0.93591459631,10.9240348752,0.637574347493
12.731572,0.0103803333768,10.0677460476,1.17082704906,0.93591459631,11.0332524286,0.743651697703
12.733238,0.102669912711,10.158507798,1.26158879953,0.93591459631,10.9968465774,0.637574347493
12.734904,0.0565251230437,10.158507798,1.26158879953,0.900555479573,10.9240348752,0.602215230756
12.73657,0.0103803333768,10.1131269228,1.17082704906,0.865196362836,10.9240348752,0.602215230756
12.738236,0.0103803333768,10.1131269228,1.17082704906,0.93591459631,10.9968465774,0.637574347493
12.739902,-0.0357644562901,10.1131269228,1.12544617383,0.865196362836,10.887629024,0.602215230756
12.741568,0.0103803333768,10.1131269228,1.17082704906,0.900555479573,10.9604407263,0.602215230756
12.743234,0.0103803333768,10.0677460476,1.17082704906,0.93591459631,10.9604407263,0.637574347493
12.7449,0.0103803333768,10.0677460476,1.17082704906,0.93591459631,10.9240348752,0.637574347493
12.746566,0.0103803333768,10.0677460476,1.17082704906,0.93591459631,10.9604407263,0.637574347493
12.748232,0.0103803333768,10.1131269228,1.17082704906,0.93591459631,10.9240348752,0.602215230756
12.749898,0.0103803333768,10.0677460476,1.17082704906,0.900555479573,10.9240348752,0.602215230756
12.751564,0.0103803333768,10.0677460476,1.17082704906,0.93591459631,10.9240348752,0.637574347493
12.75323,-0.0357644562901,10.0677460476,1.12544617383,0.865196362836,10.887629024,0.637574347493
12.754896,0.0103803333768,10.0677460476,1.17082704906,0.93591459631,10.9604407263,0.637574347493
12.756562,-0.0357644562901,10.0677460476,1.12544617383,0.93591459631,10.9240348752,0.602215230756
12.758228,0.0103803333768,10.0677460476,1.17082704906,0.93591459631,10.9604407263,0.602215230756
12.759894,0.0103803333768,10.1131269228,1.17082704906,0.93591459631,10.9968465774,0.637574347493
12.76156,0.0103803333768,10.1131269228,1.12544617383,0.900555479573,10.887629024,0.566856114019
12.763226,0.0103803333768,10.0677460476,1.17082704906,0.900555479573,10.9240348752,0.602215230756
12.764892,-0.0357644562901,10.0677460476,1.17082704906,0.93591459631,10.9968465774,0.637574347493
12.766558,0.0103803333768,10.0677460476,1.2162079243,1.04199194652,11.0332524286,0.67293346423
12.768224,0.102669912711,10.2038886733,1.26158879953,0.93591459631,10.9968465774,0.602215230756
12.76989,0.0103803333768,10.1131269228,1.2162079243,0.900555479573,10.9240348752,0.566856114019
12.771556,0.0103803333768,10.1131269228,1.17082704906,0.900555479573,10.9240348752,0.602215230756
12.773222,0.0565251230437,10.158507798,1.26158879953,0.93591459631,10.9604407263,0.637574347493
12.774888,0.102669912711,10.2038886733,1.26158879953,0.865196362836,10.887629024,0.602215230756
12.776554,0.0103803333768,10.1131269228,1.17082704906,0.900555479573,10.9240348752,0.602215230756
12.77822,-0.0357644562901,10.0677460476,1.17082704906,0.93591459631,10.9604407263,0.602215230756
12.779886,0.0103803333768,10.1131269228,1.17082704906,1.00663282978,10.9968465774,0.637574347493
12.781552,0.0103803333768,10.1131269228,1.12544617383,0.93591459631,10.9968465774,0.602215230756
12.783218,0.102669912711,10.2038886733,1.26158879953,0.93591459631,10.9604407263,0.602215230756
12.784884,-0.0357644562901,10.1131269228,1.17082704906,0.900555479573,10.9240348752,0.602215230756
12.78655,-0.0357644562901,10.1131269228,1.17082704906,0.93591459631,10.9968465774,0.602215230756
12.788216,0.0103803333768,10.1131269228,1.17082704906,0.865196362836,10.887629024,0.566856114019
12.789882,0.0565251230437,10.158507798,1.2162079243,0.900555479573,10.9240348752,0.602215230756
12.791548,0.0565251230437,10.2038886733,1.26158879953,0.900555479573,10.9604407263,0.602215230756
12.793214,-0.0357644562901,10.1131269228,1.17082704906,1.04199194652,11.0332524286,0.637574347493
12.79488,-0.0357644562901,10.1131269228,1.17082704906,0.900555479573,10.9604407263,0.602215230756
12.796546,-0.0357644562901,10.1131269228,1.12544617383,0.865196362836,10.887629024,0.531496997282
12.798212,-0.0357644562901,10.1131269228,1.17082704906,0.93591459631,10.9240348752,0.566856114019
12.799878,-0.0357644562901,10.1131269228,1.17082704906,0.900555479573,10.9604407263,0.566856114019
12.801544,-0.0357644562901,10.1131269228,1.17082704906,0.865196362836,10.887629024,0.637574347493
12.80321,-0.0357644562901,10.158507798,1.17082704906,0.900555479573,10.9604407263,0.566856114019
12.804876,-0.0357644562901,10.1131269228,1.17082704906,0.900555479573,10.9604407263,0.566856114019
12.806542,0.0565251230437,10.2038886733,1.26158879953,0.93591459631,10.9968465774,0.566856114019
12.808208,-0.0357644562901,10.1131269228,1.2162079243,0.93591459631,10.9968465774,0.602215230756
12.809874,-0.0357644562901,10.1131269228,1.17082704906,0.865196362836,10.887629024,0.496137880546
12.81154,-0.0357644562901,10.158507798,1.17082704906,0.900555479573,10.9968465774,0.602215230756
12.813206,0.0565251230437,10.2038886733,1.26158879953,0.93591459631,10.9968465774,0.566856114019
12.814872,-0.0357644562901,10.158507798,1.17082704906,0.829837246099,11.0332524286,0.637574347493
12.816538,-0.0357644562901,10.158507798,1.17082704906,0.900555479573,10.9968465774,0.566856114019
12.818204,-0.0357644562901,10.158507798,1.17082704906,0.865196362836,10.9240348752,0.531496997282
12.81987,-0.0357644562901,10.158507798,1.17082704906,0.900555479573,10.9604407263,0.566856114019
12.821536,-0.0357644562901,10.158507798,1.17082704906,0.900555479573,10.9968465774,0.566856114019
12.823202,0.0103803333768,10.2038886733,1.2162079243,0.865196362836,10.887629024,0.496137880546
12.824868,0.0565251230437,10.2492695485,1.26158879953,0.900555479573,10.9968465774,0.531496997282
12.826534,0.0103803333768,10.2038886733,1.2162079243,0.900555479573,10.9604407263,0.531496997282
12.8282,0.0103803333768,10.2038886733,1.26158879953,1.00663282978,11.0332524286,0.602215230756
12.829866,-0.0819092459569,10.1131269228,1.17082704906,0.900555479573,10.9240348752,0.566856114019
12.831532,-0.0819092459569,10.158507798,1.12544617383,0.865196362836,10.887629024,0.496137880546
12.833198,-0.0819092459569,10.158507798,1.12544617383,0.865196362836,10.9240348752,0.496137880546
12.834864,-0.0819092459569,10.158507798,1.17082704906,0.865196362836,10.9968465774,0.566856114019
12.83653,-0.0819092459569,10.158507798,1.2162079243,0.794478129363,10.9240348752,0.637574347493
12.838196,-0.0357644562901,10.2038886733,1.26158879953,0.900555479573,10.9968465774,0.566856114019
12.839862,-0.0357644562901,10.158507798,1.17082704906,0.93591459631,10.9240348752,0.531496997282
12.841528,-0.0819092459569,10.2038886733,1.17082704906,0.93591459631,10.9968465774,0.566856114019
12.843194,-0.0819092459569,10.158507798,1.17082704906,0.93591459631,10.9604407263,0.531496997282
12.84486,-0.0819092459569,10.158507798,1.17082704906,0.865196362836,10.887629024,0.496137880546
12.846526,-0.0357644562901,10.158507798,1.17082704906,0.829837246099,10.9240348752,0.531496997282
12.848192,-0.0357644562901,10.158507798,1.17082704906,0.900555479573,10.9604407263,0.566856114019
12.849858,-0.0357644562901,10.158507798,1.2162079243,0.829837246099,11.0332524286,0.637574347493
12.851524,-0.0357644562901,10.158507798,1.2162079243,0.93591459631,10.9604407263,0.566856114019
12.85319,-0.0819092459569,10.158507798,1.17082704906,0.865196362836,10.9240348752,0.531496997282
12.854856,-0.0819092459569,10.158507798,1.17082704906,0.900555479573,10.9240348752,0.531496997282
12.856522,-0.0819092459569,10.158507798,1.17082704906,0.93591459631,10.9604407263,0.566856114019
12.858188,-0.0819092459569,10.158507798,1.17082704906,0.865196362836,10.887629024,0.460778763809
12.859854,-0.0819092459569,10.158507798,1.17082704906,0.900555479573,10.9604407263,0.566856114019
12.86152,-0.0819092459569,10.158507798,1.17082704906,0.900555479573,10.9240348752,0.566856114019
12.863186,-0.0819092459569,10.1131269228,1.12544617383,0.93591459631,10.9604407263,0.531496997282
12.864852,0.0565251230437,10.2038886733,1.30696967477,0.93591459631,10.9240348752,0.602215230756
12.866518,-0.0357644562901,10.158507798,1.17082704906,0.865196362836,10.887629024,0.496137880546
12.868184,-0.0357644562901,10.158507798,1.17082704906,0.93591459631,10.9240348752,0.566856114019
12.86985,-0.0357644562901,10.1131269228,1.17082704906,0.93591459631,10.9968465774,0.566856114019
12.871516,-0.0819092459569,10.1131269228,1.17082704906,0.971273713047,11.0696582797,0.637574347493
12.873182,0.0565251230437,10.2492695485,1.30696967477,0.900555479573,10.9604407263,0.602215230756
12.874848,-0.0357644562901,10.158507798,1.2162079243,0.865196362836,10.9240348752,0.496137880546
12.876514,-0.0357644562901,10.158507798,1.2162079243,0.900555479573,10.9240348752,0.566856114019
12.87818,0.0103803333768,10.158507798,1.2162079243,0.93591459631,10.9968465774,0.602215230756
12.879846,-0.0357644562901,10.158507798,1.17082704906,0.829837246099,10.887629024,0.602215230756
12.881512,-0.0357644562901,10.1131269228,1.17082704906,0.900555479573,10.9604407263,0.602215230756
12.883178,0.0103803333768,10.158507798,1.26158879953,0.900555479573,10.9240348752,0.566856114019
12.884844,0.0565251230437,10.2038886733,1.26158879953,0.93591459631,10.9240348752,0.566856114019
12.88651,0.0103803333768,10.158507798,1.2162079243,0.93591459631,10.9240348752,0.602215230756
12.888176,-0.0357644562901,10.1131269228,1.2162079243,0.865196362836,10.887629024,0.496137880546
12.889842,-0.0357644562901,10.1131269228,1.17082704906,0.93591459631,10.9240348752,0.602215230756
12.891508,-0.0357644562901,10.1131269228,1.17082704906,0.900555479573,10.9604407263,0.602215230756
12.893174,0.102669912711,10.2038886733,1.26158879953,0.971273713047,11.0696582797,0.67293346423
12.89484,-0.0357644562901,10.1131269228,1.17082704906,0.93591459631,10.9604407263,0.637574347493
12.896506,-0.0357644562901,10.0677460476,1.17082704906,0.900555479573,10.9240348752,0.566856114019
12.898172,-0.0357644562901,10.1131269228,1.17082704906,0.93591459631,10.9240348752,0.602215230756
12.899838,0.0103803333768,10.1131269228,1.2162079243,0.93591459631,10.9240348752,0.637574347493
12.901504,-0.0357644562901,10.1131269228,1.17082704906,0.829837246099,11.0332524286,0.708292580966
12.90317,0.0103803333768,10.0677460476,1.2162079243,0.93591459631,10.9604407263,0.602215230756
12.904836,-0.0357644562901,10.1131269228,1.2162079243,0.93591459631,10.9240348752,0.602215230756
12.906502,0.0103803333768,10.1131269228,1.17082704906,0.93591459631,10.9240348752,0.602215230756
12.908168,0.0103803333768,10.1131269228,1.17082704906,0.93591459631,10.9604407263,0.637574347493
12.909834,0.0103803333768,10.1131269228,1.2162079243,0.865196362836,10.9240348752,0.566856114019
12.9115,0.102669912711,10.2038886733,1.30696967477,0.900555479573,10.9604407263,0.602215230756
12.913166,0.0103803333768,10.1131269228,1.17082704906,0.93591459631,10.9968465774,0.602215230756
12.914832,0.0103803333768,10.1131269228,1.2162079243,0.93591459631,11.0696582797,0.708292580966
12.916498,0.0103803333768,10.1131269228,1.17082704906,0.93591459631,10.9604407263,0.637574347493
12.918164,0.102669912711,10.158507798,1.26158879953,0.93591459631,10.9240348752,0.602215230756
12.91983,0.0103803333768,10.0677460476,1.17082704906,0.93591459631,10.9240348752,0.602215230756
12.921496,0.0103803333768,10.1131269228,1.17082704906,0.93591459631,10.9240348752,0.637574347493
12.923162,0.0103803333768,10.0677460476,1.17082704906,0.865196362836,10.887629024,0.531496997282
12.924828,0.0103803333768,10.1131269228,1.17082704906,0.93591459631,10.9604407263,0.637574347493
12.926494,0.102669912711,10.158507798,1.2162079243,0.93591459631,10.9968465774,0.637574347493
12.92816,0.0103803333768,10.1131269228,1.17082704906,0.971273713047,10.9968465774,0.637574347493
12.929826,0.0103803333768,10.1131269228,1.17082704906,0.93591459631,10.9604407263,0.637574347493
12.931492,0.0103803333768,10.1131269228,1.17082704906,0.900555479573,10.9240348752,0.602215230756
12.933158,0.0103803333768,10.1131269228,1.17082704906,0.900555479573,10.9240348752,0.637574347493
12.934824,0.0565251230437,10.1131269228,1.17082704906,0.93591459631,10.9604407263,0.637574347493
12.93649,0.0565251230437,10.1131269228,1.17082704906,0.865196362836,10.887629024,0.566856114019
12.938156,0.148814702377,10.2038886733,1.30696967477,0.93591459631,10.9604407263,0.637574347493
12.939822,0.0103803333768,10.1131269228,1.17082704906,0.93591459631,10.9604407263,0.637574347493
12.941488,0.0103803333768,10.0677460476,1.12544617383,1.00663282978,11.0332524286,0.67293346423
12.943154,0.0565251230437,10.1131269228,1.2162079243,0.971273713047,10.9968465774,0.67293346423
12.94482,0.0103803333768,10.1131269228,1.17082704906,0.865196362836,10.9240348752,0.566856114019
12.946486,0.0565251230437,10.1131269228,1.17082704906,0.93591459631,10.9240348752,0.602215230756
12.948152,0.148814702377,10.2038886733,1.26158879953,0.93591459631,10.9968465774,0.637574347493
12.949818,0.0103803333768,10.0677460476,1.17082704906,0.900555479573,11.0696582797,0.743651697703
12.951484,0.0565251230437,10.1131269228,1.17082704906,0.93591459631,10.9968465774,0.637574347493
12.95315,0.148814702377,10.2492695485,1.26158879953,0.865196362836,10.9604407263,0.602215230756
12.954816,0.0565251230437,10.1131269228,1.17082704906,0.900555479573,10.9604407263,0.602215230756
12.956482,0.148814702377,10.2038886733,1.26158879953,0.900555479573,10.9968465774,0.637574347493
12.958148,0.0565251230437,10.1131269228,1.17082704906,0.865196362836,10.887629024,0.566856114019
12.959814,0.102669912711,10.158507798,1.17082704906,0.900555479573,10.9240348752,0.637574347493
12.96148,0.0565251230437,10.1131269228,1.17082704906,0.900555479573,10.9968465774,0.637574347493
12.963146,0.102669912711,10.158507798,1.2162079243,0.900555479573,11.0696582797,0.743651697703
12.964812,0.0565251230437,10.1131269228,1.17082704906,0.900555479573,10.9968465774,0.637574347493
12.966478,0.0565251230437,10.1131269228,1.17082704906,0.865196362836,10.9604407263,0.602215230756
12.968144,0.0565251230437,10.1131269228,1.17082704906,0.865196362836,10.9240348752,0.637574347493
12.96981,0.0103803333768,10.1131269228,1.12544617383,0.900555479573,10.9968465774,0.602215230756
12.971476,0.0103803333768,10.1131269228,1.12544617383,0.829837246099,10.887629024,0.743651697703
12.973142,0.0103803333768,10.1131269228,1.17082704906,0.865196362836,10.9968465774,0.67293346423
12.974808,0.0565251230437,10.1131269228,1.17082704906,0.865196362836,10.9604407263,0.637574347493
12.976474,0.0103803333768,10.1131269228,1.17082704906,0.93591459631,10.9968465774,0.637574347493
12.97814,0.0565251230437,10.1131269228,1.12544617383,0.865196362836,10.9968465774,0.637574347493
12.979806,0.0103803333768,10.1131269228,1.17082704906,0.865196362836,10.887629024,0.566856114019
12.981472,0.0103803333768,10.1131269228,1.12544617383,0.865196362836,10.9604407263,0.602215230756
12.983138,-0.0357644562901,10.1131269228,1.12544617383,0.900555479573,10.9968465774,0.602215230756
12.984804,-0.0357644562901,10.1131269228,1.17082704906,0.971273713047,11.0696582797,0.67293346423
12.98647,0.0565251230437,10.2038886733,1.2162079243,0.865196362836,10.9968465774,0.637574347493
12.988136,0.0103803333768,10.158507798,1.12544617383,0.865196362836,10.9240348752,0.566856114019
12.989802,0.0103803333768,10.1131269228,1.12544617383,0.865196362836,10.9240348752,0.602215230756
12.991468,0.0103803333768,10.158507798,1.12544617383,0.865196362836,10.9968465774,0.602215230756
12.993134,0.0103803333768,10.158507798,1.12544617383,0.794478129363,10.887629024,0.531496997282
12.9948,-0.0357644562901,10.1131269228,1.17082704906,0.865196362836,10.9604407263,0.602215230756
12.996466,0.0103803333768,10.1131269228,1.12544617383,0.865196362836,10.9240348752,0.602215230756
12.998132,-0.0357644562901,10.1131269228,1.12544617383,0.93591459631,11.0696582797,0.67293346423
12.999798,0.102669912711,10.2038886733,1.2162079243,0.900555479573,10.9604407263,0.602215230756
13.001464,-0.0357644562901,10.1131269228,1.12544617383,0.829837246099,10.887629024,0.566856114019
13.00313,-0.0357644562901,10.1131269228,1.17082704906,0.865196362836,10.9240348752,0.602215230756
13.004796,-0.0357644562901,10.1131269228,1.12544617383,0.865196362836,10.9240348752,0.602215230756
13.006462,-0.0357644562901,10.1131269228,1.12544617383,0.829837246099,10.887629024,0.531496997282
13.008128,-0.0357644562901,10.1131269228,1.12544617383,0.865196362836,10.9240348752,0.566856114019
13.009794,-0.0357644562901,10.1131269228,1.12544617383,0.865196362836,10.9240348752,0.602215230756
13.01146,-0.0357644562901,10.1131269228,1.12544617383,0.794478129363,11.0332524286,0.67293346423
13.013126,-0.0357644562901,10.1131269228,1.12544617383,0.865196362836,10.9240348752,0.566856114019
13.014792,0.0565251230437,10.2038886733,1.26158879953,0.865196362836,10.887629024,0.566856114019
13.016458,-0.0357644562901,10.0677460476,1.12544617383,0.865196362836,10.887629024,0.566856114019
13.018124,-0.0357644562901,10.1131269228,1.17082704906,0.865196362836,10.9240348752,0.602215230756
13.01979,-0.0357644562901,10.1131269228,1.12544617383,0.794478129363,10.8512231729,0.496137880546
13.021456,-0.0819092459569,10.1131269228,1.12544617383,0.794478129363,10.9240348752,0.566856114019
13.023122,-0.0819092459569,10.1131269228,1.12544617383,0.865196362836,10.9240348752,0.566856114019
13.024788,-0.0357644562901,10.1131269228,1.12544617383,0.900555479573,10.9968465774,0.637574347493
13.026454,-0.0357644562901,10.1131269228,1.17082704906,0.865196362836,10.9240348752,0.602215230756
13.02812,-0.0819092459569,10.1131269228,1.12544617383,0.865196362836,10.887629024,0.531496997282
13.029786,-0.0819092459569,10.0677460476,1.12544617383,0.865196362836,10.887629024,0.531496997282
13.031452,-0.0819092459569,10.0677460476,1.08006529859,0.865196362836,10.9240348752,0.602215230756
13.033118,-0.0819092459569,10.1131269228,1.12544617383,0.794478129363,10.8148173218,0.496137880546
13.034784,-0.0357644562901,10.1131269228,1.17082704906,0.865196362836,10.9240348752,0.566856114019
13.03645,-0.0357644562901,10.1131269228,1.17082704906,0.865196362836,10.887629024,0.566856114019
13.038116,-0.0819092459569,10.0677460476,1.12544617383,0.93591459631,10.9968465774,0.602215230756
13.039782,-0.0357644562901,10.1131269228,1.12544617383,0.865196362836,10.887629024,0.566856114019
13.041448,-0.0819092459569,10.1131269228,1.12544617383,0.865196362836,10.887629024,0.531496997282
13.043114,-0.0357644562901,10.1131269228,1.17082704906,0.829837246099,10.887629024,0.531496997282
13.04478,-0.0819092459569,10.1131269228,1.17082704906,0.865196362836,10.9240348752,0.602215230756
13.046446,-0.0357644562901,10.1131269228,1.17082704906,0.829837246099,10.8148173218,0.460778763809
13.048112,-0.0819092459569,10.0677460476,1.17082704906,0.865196362836,10.887629024,0.566856114019
13.049778,-0.0357644562901,10.1131269228,1.17082704906,0.865196362836,10.887629024,0.566856114019
13.051444,-0.0357644562901,10.1131269228,1.17082704906,0.900555479573,10.887629024,0.531496997282
13.05311,-0.0819092459569,10.0677460476,1.17082704906,0.865196362836,10.887629024,0.566856114019
13.054776,-0.0819092459569,10.1131269228,1.12544617383,0.829837246099,10.8512231729,0.496137880546
13.056442,-0.0819092459569,10.0677460476,1.17082704906,0.829837246099,10.887629024,0.531496997282
13.058108,0.0565251230437,10.2038886733,1.26158879953,0.865196362836,10.887629024,0.566856114019
13.059774,-0.0819092459569,10.0677460476,1.12544617383,0.794478129363,10.9240348752,0.637574347493
13.06144,-0.0357644562901,10.1131269228,1.12544617383,0.900555479573,10.887629024,0.566856114019
13.063106,-0.0357644562901,10.0677460476,1.17082704906,0.865196362836,10.8512231729,0.566856114019
13.064772,-0.0819092459569,10.0677460476,1.12544617383,0.865196362836,10.8512231729,0.566856114019
13.066438,-0.0357644562901,10.0677460476,1.17082704906,0.93591459631,10.887629024,0.602215230756
13.068104,-0.0819092459569,10.0677460476,1.17082704906,0.829837246099,10.8148173218,0.496137880546
13.06977,-0.0357644562901,10.0677460476,1.17082704906,0.900555479573,10.887629024,0.566856114019
13.071436,-0.0357644562901,10.0677460476,1.17082704906,0.865196362836,10.887629024,0.566856114019
13.073102,-0.0357644562901,10.1131269228,1.17082704906,0.93591459631,10.9240348752,0.566856114019
13.074768,-0.0357644562901,10.0677460476,1.17082704906,0.900555479573,10.9240348752,0.602215230756
13.076434,-0.0357644562901,10.1131269228,1.17082704906,0.829837246099,10.8148173218,0.496137880546
13.0781,-0.0357644562901,10.1131269228,1.17082704906,0.900555479573,10.887629024,0.566856114019
13.079766,0.0103803333768,10.1131269228,1.2162079243,0.900555479573,10.9240348752,0.602215230756
13.081432,-0.0357644562901,10.0677460476,1.17082704906,0.971273713047,10.9968465774,0.637574347493
13.083098,-0.0357644562901,10.1131269228,1.17082704906,0.93591459631,10.9240348752,0.602215230756
13.084764,-0.0357644562901,10.0677460476,1.17082704906,0.93591459631,10.887629024,0.566856114019
13.08643,0.0103803333768,10.158507798,1.26158879953,0.900555479573,10.887629024,0.566856114019
13.088096,-0.0357644562901,10.1131269228,1.17082704906,0.93591459631,10.9240348752,0.602215230756
13.089762,-0.0357644562901,10.1131269228,1.17082704906,0.865196362836,10.887629024,0.531496997282
13.091428,0.0565251230437,10.158507798,1.26158879953,0.900555479573,10.9240348752,0.602215230756
13.093094,-0.0819092459569,10.1131269228,1.12544617383,0.93591459631,10.9240348752,0.602215230756
13.09476,-0.0357644562901,10.1131269228,1.17082704906,1.04199194652,10.9968465774,0.566856114019
13.096426,-0.0357644562901,10.1131269228,1.17082704906,0.93591459631,10.9604407263,0.602215230756
13.098092,0.0103803333768,10.1131269228,1.17082704906,0.900555479573,10.887629024,0.566856114019
13.099758,-0.0357644562901,10.1131269228,1.2162079243,0.865196362836,10.9240348752,0.602215230756
13.101424,0.102669912711,10.2038886733,1.30696967477,0.93591459631,10.9604407263,0.602215230756
13.10309,-0.0357644562901,10.1131269228,1.17082704906,0.829837246099,10.887629024,0.637574347493
13.104756,0.0103803333768,10.1131269228,1.17082704906,0.93591459631,10.9604407263,0.637574347493
13.106422,-0.0357644562901,10.1131269228,1.17082704906,0.900555479573,10.9240348752,0.602215230756
13.108088,0.0103803333768,10.1131269228,1.17082704906,0.93591459631,10.9604407263,0.602215230756
13.109754,0.0103803333768,10.1131269228,1.17082704906,0.93591459631,10.9968465774,0.637574347493
13.11142,0.0103803333768,10.1131269228,1.17082704906,0.865196362836,10.9240348752,0.566856114019
13.113086,0.148814702377,10.2492695485,1.30696967477,0.93591459631,10.9604407263,0.602215230756
13.114752,0.0103803333768,10.158507798,1.17082704906,0.93591459631,10.9604407263,0.602215230756
13.116418,0.0103803333768,10.1131269228,1.17082704906,0.971273713047,10.9968465774,0.637574347493
13.118084,0.148814702377,10.2492695485,1.30696967477,0.93591459631,10.9968465774,0.637574347493
13.11975,0.0103803333768,10.158507798,1.17082704906,0.865196362836,10.9240348752,0.566856114019
13.121416,0.0103803333768,10.158507798,1.17082704906,0.93591459631,10.9968465774,0.637574347493
13.123082,0.0103803333768,10.158507798,1.17082704906,0.93591459631,11.0332524286,0.637574347493
13.124748,0.0565251230437,10.158507798,1.2162079243,0.971273713047,11.1060641308,0.708292580966
13.126414,0.0103803333768,10.158507798,1.2162079243,0.93591459631,10.9968465774,0.637574347493
13.12808,0.0103803333768,10.158507798,1.2162079243,0.900555479573,10.9968465774,0.602215230756
13.129746,0.0103803333768,10.158507798,1.17082704906,0.900555479573,10.9968465774,0.602215230756
13.131412,0.102669912711,10.2492695485,1.26158879953,0.93591459631,11.0332524286,0.637574347493
13.133078,0.0103803333768,10.158507798,1.17082704906,0.865196362836,10.9240348752,0.566856114019
13.134744,0.0103803333768,10.158507798,1.17082704906,0.93591459631,10.9968465774,0.637574347493
13.13641,0.0565251230437,10.158507798,1.2162079243,0.93591459631,11.0332524286,0.637574347493
13.138076,0.0565251230437,10.158507798,1.17082704906,1.00663282978,11.0696582797,0.67293346423
13.139742,0.148814702377,10.2492695485,1.30696967477,0.93591459631,11.0332524286,0.637574347493
13.141408,0.0565251230437,10.158507798,1.2162079243,0.93591459631,11.0332524286,0.602215230756
13.143074,0.0103803333768,10.158507798,1.17082704906,0.93591459631,10.9968465774,0.602215230756
13.14474,0.0565251230437,10.158507798,1.17082704906,0.971273713047,11.0696582797,0.67293346423
13.146406,0.0565251230437,10.158507798,1.2162079243,0.93591459631,10.9604407263,0.566856114019
13.148072,0.0565251230437,10.2038886733,1.2162079243,0.93591459631,10.9968465774,0.637574347493
13.149738,0.0103803333768,10.158507798,1.2162079243,0.971273713047,11.0332524286,0.602215230756
13.151404,0.0103803333768,10.158507798,1.17082704906,1.07735106326,11.1060641308,0.708292580966
13.15307,0.0103803333768,10.1131269228,1.17082704906,0.93591459631,11.0332524286,0.637574347493
13.154736,0.0565251230437,10.2038886733,1.2162079243,0.93591459631,10.9968465774,0.566856114019
13.156402,0.148814702377,10.2946504237,1.30696967477,0.93591459631,10.9968465774,0.602215230756
13.158068,0.0103803333768,10.158507798,1.17082704906,0.93591459631,11.0332524286,0.637574347493
13.159734,0.0103803333768,10.158507798,1.17082704906,0.900555479573,10.9968465774,0.531496997282
13.1614,0.0103803333768,10.158507798,1.2162079243,0.93591459631,11.0332524286,0.637574347493
13.163066,0.0565251230437,10.158507798,1.2162079243,0.93591459631,11.0332524286,0.602215230756
13.164732,0.0103803333768,10.158507798,1.2162079243,0.971273713047,10.9968465774,0.602215230756
13.166398,0.0103803333768,10.158507798,1.2162079243,0.971273713047,11.0332524286,0.637574347493
13.168064,0.0103803333768,10.158507798,1.2162079243,0.865196362836,10.9240348752,0.531496997282
13.16973,0.0565251230437,10.2038886733,1.26158879953,0.93591459631,10.9968465774,0.602215230756
13.171396,0.148814702377,10.2492695485,1.30696967477,0.93591459631,11.0332524286,0.602215230756
13.173062,-0.0357644562901,10.158507798,1.17082704906,1.00663282978,11.1060641308,0.708292580966
13.174728,0.0103803333768,10.158507798,1.17082704906,0.93591459631,10.9968465774,0.637574347493
13.176394,-0.0357644562901,10.158507798,1.17082704906,0.93591459631,10.9968465774,0.566856114019
13.17806,-0.0357644562901,10.158507798,1.17082704906,0.900555479573,10.9968465774,0.602215230756
13.179726,0.0565251230437,10.2038886733,1.2162079243,0.93591459631,10.9968465774,0.602215230756
13.181392,0.0565251230437,10.158507798,1.2162079243,0.865196362836,10.9604407263,0.67293346423
13.183058,-0.0357644562901,10.158507798,1.2162079243,0.93591459631,10.9968465774,0.602215230756
13.184724,-0.0357644562901,10.158507798,1.2162079243,0.93591459631,10.9968465774,0.602215230756
13.18639,0.0103803333768,10.158507798,1.2162079243,1.00663282978,10.9968465774,0.602215230756
13.188056,-0.0357644562901,10.158507798,1.2162079243,0.93591459631,10.9968465774,0.602215230756
13.189722,0.0103803333768,10.158507798,1.2162079243,0.900555479573,10.9240348752,0.531496997282
13.191388,0.0103803333768,10.158507798,1.2162079243,0.93591459631,10.9604407263,0.602215230756
13.193054,-0.0357644562901,10.1131269228,1.17082704906,0.900555479573,10.9240348752,0.566856114019
13.19472,-0.0357644562901,10.1131269228,1.17082704906,0.93591459631,10.9968465774,0.566856114019
13.196386,-0.0357644562901,10.1131269228,1.17082704906,0.93591459631,10.9968465774,0.602215230756
13.198052,0.0565251230437,10.2038886733,1.30696967477,0.900555479573,10.887629024,0.496137880546
13.199718,-0.0357644562901,10.1131269228,1.17082704906,0.93591459631,10.9240348752,0.566856114019
13.201384,-0.0357644562901,10.1131269228,1.17082704906,0.900555479573,10.9604407263,0.566856114019
13.20305,-0.0357644562901,10.1131269228,1.17082704906,0.971273713047,11.0696582797,0.637574347493
13.204716,-0.0357644562901,10.158507798,1.2162079243,0.93591459631,10.9240348752,0.602215230756
13.206382,-0.0357644562901,10.1131269228,1.17082704906,0.900555479573,10.887629024,0.566856114019
13.208048,-0.0357644562901,10.1131269228,1.2162079243,0.900555479573,10.9240348752,0.566856114019
13.209714,-0.0357644562901,10.1131269228,1.2162079243,0.93591459631,10.9604407263,0.566856114019
13.21138,-0.0819092459569,10.1131269228,1.17082704906,0.829837246099,10.887629024,0.531496997282
13.213046,-0.0357644562901,10.1131269228,1.17082704906,0.900555479573,10.9240348752,0.566856114019
13.214712,-0.0357644562901,10.1131269228,1.17082704906,0.93591459631,10.9240348752,0.566856114019
13.216378,-0.0357644562901,10.1131269228,1.2162079243,0.971273713047,10.9604407263,0.566856114019
13.218044,-0.0819092459569,10.0677460476,1.17082704906,0.900555479573,10.9240348752,0.566856114019
13.21971,-0.0357644562901,10.1131269228,1.17082704906,0.865196362836,10.887629024,0.531496997282
13.221376,-0.0357644562901,10.1131269228,1.17082704906,0.865196362836,10.9240348752,0.566856114019
13.223042,0.0565251230437,10.2038886733,1.30696967477,0.900555479573,10.9240348752,0.566856114019
13.224708,-0.0819092459569,10.1131269228,1.17082704906,0.794478129363,10.9604407263,0.637574347493
13.226374,-0.0819092459569,10.0677460476,1.17082704906,0.900555479573,10.9240348752,0.566856114019
13.22804,0.0103803333768,10.2038886733,1.30696967477,0.900555479573,10.887629024,0.531496997282
13.229706,-0.0819092459569,10.0677460476,1.17082704906,0.93591459631,10.887629024,0.566856114019
13.231372,-0.0819092459569,10.1131269228,1.17082704906,0.865196362836,10.9240348752,0.566856114019
13.233038,-0.0819092459569,10.0677460476,1.17082704906,0.829837246099,10.8512231729,0.496137880546
13.234704,-0.0819092459569,10.1131269228,1.2162079243,0.865196362836,10.887629024,0.531496997282
13.23637,-0.0819092459569,10.0677460476,1.17082704906,0.865196362836,10.887629024,0.566856114019
13.238036,-0.0819092459569,10.0677460476,1.17082704906,0.829837246099,10.887629024,0.602215230756
13.239702,-0.0819092459569,10.0677460476,1.17082704906,0.900555479573,10.9240348752,0.566856114019
13.241368,-0.0819092459569,10.1131269228,1.17082704906,0.900555479573,10.887629024,0.496137880546
13.243034,-0.0819092459569,10.1131269228,1.12544617383,0.865196362836,10.887629024,0.496137880546
13.2447,-0.0819092459569,10.1131269228,1.17082704906,0.900555479573,10.9240348752,0.531496997282
13.246366,-0.0819092459569,10.1131269228,1.17082704906,0.829837246099,10.8148173218,0.460778763809
13.248032,-0.0357644562901,10.1131269228,1.17082704906,0.865196362836,10.887629024,0.496137880546
13.249698,-0.0819092459569,10.1131269228,1.12544617383,0.900555479573,10.887629024,0.531496997282
13.251364,-0.0819092459569,10.1131269228,1.12544617383,0.794478129363,10.9604407263,0.637574347493
13.25303,-0.0819092459569,10.0677460476,1.12544617383,0.900555479573,10.9240348752,0.496137880546
13.254696,-0.0819092459569,10.0677460476,1.17082704906,0.865196362836,10.887629024,0.531496997282
13.256362,-0.0819092459569,10.1131269228,1.17082704906,0.829837246099,10.887629024,0.496137880546
13.258028,0.0565251230437,10.2038886733,1.26158879953,0.865196362836,10.9240348752,0.566856114019
13.259694,-0.0357644562901,10.158507798,1.2162079243,0.794478129363,10.8148173218,0.460778763809
13.26136,-0.0819092459569,10.0677460476,1.12544617383,0.865196362836,10.887629024,0.496137880546
13.263026,-0.0819092459569,10.0677460476,1.12544617383,0.865196362836,10.887629024,0.531496997282
13.264692,-0.0819092459569,10.0677460476,1.12544617383,0.93591459631,10.9240348752,0.566856114019
13.266358,-0.0819092459569,10.1131269228,1.17082704906,0.865196362836,10.887629024,0.531496997282
13.268024,-0.0819092459569,10.0677460476,1.12544617383,0.829837246099,10.8512231729,0.496137880546
13.26969,-0.0357644562901,10.1131269228,1.08006529859,0.865196362836,10.887629024,0.531496997282
13.271356,-0.0819092459569,10.1131269228,1.12544617383,0.865196362836,10.887629024,0.566856114019
13.273022,-0.0357644562901,10.1131269228,1.12544617383,0.759119012626,10.9240348752,0.637574347493
13.274688,-0.0819092459569,10.1131269228,1.12544617383,0.865196362836,10.887629024,0.566856114019
13.276354,-0.0357644562901,10.1131269228,1.12544617383,0.865196362836,10.887629024,0.496137880546
13.27802,0.0565251230437,10.2038886733,1.2162079243,0.865196362836,10.887629024,0.531496997282
13.279686,-0.0819092459569,10.1131269228,1.12544617383,0.865196362836,10.887629024,0.566856114019
13.281352,-0.0819092459569,10.0677460476,1.08006529859,0.794478129363,10.8148173218,0.460778763809
13.283018,-0.0819092459569,10.1131269228,1.08006529859,0.829837246099,10.887629024,0.566856114019
13.284684,-0.0819092459569,10.1131269228,1.12544617383,0.865196362836,10.9240348752,0.566856114019
13.28635,-0.0357644562901,10.1131269228,1.12544617383,0.971273713047,10.9968465774,0.602215230756
13.288016,-0.0357644562901,10.1131269228,1.12544617383,0.865196362836,10.9240348752,0.566856114019
13.289682,-0.0357644562901,10.1131269228,1.12544617383,0.794478129363,10.887629024,0.496137880546
13.291348,0.0565251230437,10.2038886733,1.2162079243,0.829837246099,10.887629024,0.566856114019
13.293014,-0.0819092459569,10.1131269228,1.12544617383,0.865196362836,10.9240348752,0.602215230756
13.29468,-0.0357644562901,10.1131269228,1.12544617383,0.759119012626,10.9240348752,0.67293346423
13.296346,-0.0357644562901,10.1131269228,1.12544617383,0.829837246099,10.9240348752,0.566856114019
13.298012,0.0103803333768,10.158507798,1.17082704906,0.865196362836,10.887629024,0.566856114019
13.299678,-0.0819092459569,10.0677460476,1.12544617383,0.865196362836,10.887629024,0.566856114019
13.301344,-0.0357644562901,10.1131269228,1.12544617383,0.865196362836,10.9604407263,0.602215230756
13.30301,-0.0357644562901,10.1131269228,1.12544617383,0.794478129363,10.887629024,0.531496997282
13.304676,-0.0357644562901,10.1131269228,1.12544617383,0.865196362836,10.9240348752,0.566856114019
13.306342,-0.0357644562901,10.1131269228,1.12544617383,0.865196362836,10.9240348752,0.566856114019
13.308008,0.0565251230437,10.2038886733,1.2162079243,0.900555479573,10.9604407263,0.566856114019
13.309674,-0.0357644562901,10.0677460476,1.08006529859,0.865196362836,10.9604407263,0.602215230756
13.31134,-0.0357644562901,10.1131269228,1.08006529859,0.794478129363,10.887629024,0.531496997282
13.313006,-0.0357644562901,10.1131269228,1.12544617383,0.829837246099,10.9240348752,0.602215230756
13.314672,0.0103803333768,10.1131269228,1.17082704906,0.865196362836,10.9604407263,0.602215230756
13.316338,-0.0357644562901,10.1131269228,1.12544617383,0.794478129363,10.887629024,0.67293346423
13.318004,-0.0357644562901,10.0677460476,1.12544617383,0.865196362836,10.9604407263,0.566856114019
13.31967,-0.0357644562901,10.1131269228,1.12544617383,0.865196362836,10.9604407263,0.566856114019
13.321336,0.0103803333768,10.1131269228,1.12544617383,0.93591459631,10.9604407263,0.602215230756
13.323002,0.102669912711,10.158507798,1.2162079243,0.900555479573,10.9968465774,0.602215230756
13.324668,-0.0357644562901,10.1131269228,1.17082704906,0.865196362836,10.887629024,0.566856114019
13.326334,0.0103803333768,10.1131269228,1.17082704906,0.865196362836,10.9240348752,0.637574347493
13.328,0.0565251230437,10.1131269228,1.12544617383,0.829837246099,10.9968465774,0.637574347493
13.329666,-0.0357644562901,10.0677460476,1.08006529859,0.794478129363,10.9240348752,0.67293346423
13.331332,0.0103803333768,10.1131269228,1.12544617383,0.900555479573,10.9968465774,0.602215230756
13.332998,0.0103803333768,10.0677460476,1.12544617383,0.865196362836,10.9604407263,0.602215230756
13.334664,0.102669912711,10.158507798,1.2162079243,0.900555479573,10.9604407263,0.602215230756
13.33633,0.0103803333768,10.1131269228,1.12544617383,0.900555479573,10.9968465774,0.637574347493
13.337996,0.0103803333768,10.1131269228,1.17082704906,0.829837246099,10.887629024,0.67293346423
13.339662,0.0565251230437,10.158507798,1.2162079243,0.93591459631,10.9604407263,0.602215230756
13.341328,-0.0357644562901,10.0677460476,1.12544617383,0.900555479573,10.9604407263,0.602215230756
13.342994,-0.0357644562901,10.1131269228,1.17082704906,0.900555479573,10.9240348752,0.602215230756
13.34466,0.0103803333768,10.1131269228,1.12544617383,0.93591459631,10.9968465774,0.602215230756
13.346326,0.0565251230437,10.1131269228,1.17082704906,0.865196362836,10.9240348752,0.566856114019
13.347992,0.0103803333768,10.0677460476,1.12544617383,0.900555479573,10.9968465774,0.637574347493
13.349658,0.102669912711,10.158507798,1.26158879953,0.900555479573,10.9968465774,0.602215230756
13.351324,0.102669912711,10.2038886733,1.26158879953,0.93591459631,11.0696582797,0.708292580966
13.35299,0.102669912711,10.2038886733,1.26158879953,0.900555479573,10.9968465774,0.637574347493
13.354656,-0.0357644562901,10.0677460476,1.17082704906,0.900555479573,10.9240348752,0.566856114019
13.356322,0.0103803333768,10.1131269228,1.17082704906,0.93591459631,10.9240348752,0.602215230756
13.357988,0.0103803333768,10.1131269228,1.17082704906,0.93591459631,10.9968465774,0.637574347493
13.359654,0.0103803333768,10.1131269228,1.17082704906,0.865196362836,10.887629024,0.566856114019
13.36132,0.0565251230437,10.158507798,1.2162079243,0.865196362836,10.9968465774,0.637574347493
13.362986,0.0103803333768,10.0677460476,1.17082704906,0.93591459631,10.9968465774,0.602215230756
13.364652,-0.0357644562901,10.1131269228,1.17082704906,0.971273713047,10.9968465774,0.602215230756
13.366318,0.0103803333768,10.1131269228,1.17082704906,0.93591459631,10.9968465774,0.602215230756
13.367984,0.0103803333768,10.1131269228,1.17082704906,0.900555479573,10.9240348752,0.602215230756
13.36965,0.0565251230437,10.158507798,1.26158879953,0.900555479573,10.9240348752,0.602215230756
13.371316,-0.0357644562901,10.1131269228,1.17082704906,0.93591459631,10.9968465774,0.637574347493
13.372982,0.0103803333768,10.1131269228,1.12544617383,0.829837246099,10.9968465774,0.708292580966
13.374648,0.0103803333768,10.1131269228,1.2162079243,0.93591459631,10.9968465774,0.602215230756
13.376314,0.0565251230437,10.158507798,1.26158879953,0.93591459631,10.9604407263,0.602215230756
13.37798,0.0565251230437,10.158507798,1.2162079243,0.93591459631,10.9604407263,0.602215230756
13.379646,-0.0357644562901,10.1131269228,1.17082704906,0.93591459631,10.9968465774,0.637574347493
13.381312,-0.0357644562901,10.1131269228,1.17082704906,0.900555479573,10.887629024,0.566856114019
13.382978,-0.0357644562901,10.1131269228,1.2162079243,0.93591459631,10.9968465774,0.602215230756
13.384644,0.0565251230437,10.158507798,1.2162079243,0.93591459631,10.9968465774,0.602215230756
13.38631,-0.0357644562901,10.0677460476,1.17082704906,0.971273713047,11.0696582797,0.637574347493
13.387976,-0.0357644562901,10.1131269228,1.17082704906,0.93591459631,10.9604407263,0.602215230756
13.389642,-0.0357644562901,10.1131269228,1.17082704906,0.93591459631,10.9604407263,0.566856114019
13.391308,-0.0357644562901,10.1131269228,1.17082704906,0.93591459631,10.9240348752,0.566856114019
13.392974,-0.0357644562901,10.158507798,1.17082704906,0.93591459631,10.9968465774,0.602215230756
13.39464,-0.0357644562901,10.158507798,1.2162079243,0.900555479573,10.9240348752,0.531496997282
13.396306,0.0103803333768,10.158507798,1.26158879953,0.93591459631,10.9968465774,0.602215230756
13.397972,-0.0357644562901,10.1131269228,1.2162079243,0.93591459631,10.9604407263,0.602215230756
13.399638,-0.0357644562901,10.1131269228,1.26158879953,1.00663282978,11.0696582797,0.67293346423
13.401304,0.0565251230437,10.2492695485,1.30696967477,0.93591459631,10.9968465774,0.602215230756
13.40297,-0.0357644562901,10.1131269228,1.17082704906,0.900555479573,10.9240348752,0.566856114019
13.404636,-0.0357644562901,10.1131269228,1.17082704906,0.900555479573,10.9604407263,0.566856114019
13.406302,-0.0357644562901,10.1131269228,1.2162079243,0.971273713047,10.9968465774,0.602215230756
13.407968,-0.0357644562901,10.1131269228,1.17082704906,0.900555479573,10.9240348752,0.496137880546
13.409634,0.0565251230437,10.2038886733,1.26158879953,0.93591459631,10.9968465774,0.566856114019
13.4113,-0.0357644562901,10.1131269228,1.2162079243,0.93591459631,10.9604407263,0.566856114019
13.412966,-0.0357644562901,10.158507798,1.26158879953,1.04199194652,11.0332524286,0.602215230756
13.414632,-0.0819092459569,10.158507798,1.17082704906,0.93591459631,10.9968465774,0.602215230756
13.416298,-0.0357644562901,10.1131269228,1.2162079243,0.93591459631,10.9240348752,0.566856114019
13.417964,-0.0819092459569,10.1131269228,1.2162079243,0.93591459631,10.9240348752,0.531496997282
13.41963,-0.0819092459569,10.1131269228,1.2162079243,0.971273713047,10.9968465774,0.602215230756
13.421296,-0.0819092459569,10.1131269228,1.2162079243,0.900555479573,10.887629024,0.496137880546
13.422962,0.0565251230437,10.2492695485,1.30696967477,0.93591459631,10.9968465774,0.566856114019
13.424628,-0.0357644562901,10.158507798,1.2162079243,0.93591459631,10.9604407263,0.602215230756
13.426294,-0.0357644562901,10.158507798,1.26158879953,1.00663282978,11.0696582797,0.637574347493
13.42796,-0.0357644562901,10.158507798,1.2162079243,0.93591459631,10.9604407263,0.566856114019
13.429626,-0.0357644562901,10.158507798,1.2162079243,0.93591459631,10.9240348752,0.566856114019
13.431292,-0.0357644562901,10.158507798,1.2162079243,0.900555479573,10.9604407263,0.566856114019
13.432958,-0.0357644562901,10.158507798,1.2162079243,0.93591459631,10.9968465774,0.602215230756
13.434624,-0.0357644562901,10.158507798,1.2162079243,0.829837246099,10.887629024,0.496137880546
13.43629,-0.0357644562901,10.158507798,1.2162079243,0.900555479573,10.9604407263,0.566856114019
13.437956,-0.0357644562901,10.158507798,1.2162079243,0.93591459631,10.9604407263,0.566856114019
13.439622,-0.0819092459569,10.158507798,1.2162079243,1.00663282978,11.0696582797,0.566856114019
13.441288,-0.0819092459569,10.158507798,1.17082704906,0.93591459631,10.9604407263,0.566856114019
13.442954,-0.0819092459569,10.158507798,1.2162079243,0.794478129363,10.9240348752,0.496137880546
13.44462,-0.0819092459569,10.158507798,1.17082704906,0.900555479573,10.9604407263,0.531496997282
13.446286,-0.0819092459569,10.158507798,1.17082704906,0.93591459631,10.9968465774,0.566856114019
13.447952,-0.0819092459569,10.158507798,1.17082704906,0.865196362836,11.0332524286,0.67293346423
13.449618,-0.0819092459569,10.158507798,1.17082704906,0.93591459631,10.9968465774,0.566856114019
13.451284,-0.0819092459569,10.158507798,1.17082704906,0.900555479573,10.9968465774,0.531496997282
13.45295,-0.0819092459569,10.158507798,1.17082704906,0.93591459631,11.0332524286,0.566856114019
13.454616,-0.128054035624,10.158507798,1.17082704906,0.900555479573,10.9604407263,0.602215230756
13.456282,-0.0357644562901,10.2038886733,1.2162079243,0.900555479573,10.9240348752,0.496137880546
13.457948,0.0565251230437,10.2492695485,1.26158879953,0.865196362836,10.9240348752,0.531496997282
13.459614,-0.0357644562901,10.158507798,1.2162079243,0.93591459631,10.9604407263,0.566856114019
13.46128,-0.0819092459569,10.158507798,1.17082704906,0.829837246099,10.887629024,0.460778763809
13.462946,-0.0819092459569,10.158507798,1.17082704906,0.900555479573,10.9604407263,0.602215230756
13.464612,-0.0819092459569,10.158507798,1.17082704906,0.865196362836,10.9968465774,0.566856114019
13.466278,-0.0819092459569,10.158507798,1.12544617383,0.971273713047,11.0332524286,0.602215230756
13.467944,-0.0819092459569,10.158507798,1.17082704906,0.93591459631,10.9968465774,0.602215230756
13.46961,-0.0819092459569,10.158507798,1.17082704906,0.865196362836,10.9240348752,0.531496997282
13.471276,-0.0819092459569,10.158507798,1.17082704906,0.865196362836,10.9240348752,0.566856114019
13.472942,-0.0819092459569,10.158507798,1.17082704906,0.865196362836,10.9968465774,0.602215230756
13.474608,-0.0357644562901,10.158507798,1.17082704906,0.93591459631,11.0696582797,0.637574347493
13.476274,-0.0819092459569,10.158507798,1.17082704906,0.900555479573,10.9968465774,0.602215230756
13.47794,-0.0357644562901,10.1131269228,1.17082704906,0.865196362836,10.9604407263,0.531496997282
13.479606,-0.0819092459569,10.1131269228,1.17082704906,0.865196362836,10.9240348752,0.566856114019
13.481272,-0.0819092459569,10.1131269228,1.12544617383,0.900555479573,10.9968465774,0.602215230756
13.482938,-0.0819092459569,10.158507798,1.17082704906,0.829837246099,10.887629024,0.496137880546
13.484604,-0.0357644562901,10.1131269228,1.17082704906,0.900555479573,10.9240348752,0.566856114019
13.48627,-0.0357644562901,10.158507798,1.17082704906,0.865196362836,10.9604407263,0.602215230756
13.487936,-0.0357644562901,10.158507798,1.2162079243,0.93591459631,10.9604407263,0.602215230756
13.489602,-0.0357644562901,10.158507798,1.17082704906,0.900555479573,10.9604407263,0.602215230756
13.491268,0.0103803333768,10.2038886733,1.2162079243,0.865196362836,10.887629024,0.496137880546
13.492934,0.0565251230437,10.2038886733,1.26158879953,0.865196362836,10.9240348752,0.602215230756
13.4946,-0.0357644562901,10.1131269228,1.17082704906,0.865196362836,10.9604407263,0.602215230756
13.496266,-0.0357644562901,10.1131269228,1.12544617383,0.93591459631,11.0696582797,0.708292580966
13.497932,-0.0357644562901,10.1131269228,1.17082704906,0.900555479573,10.9240348752,0.637574347493
13.499598,-0.0357644562901,10.1131269228,1.17082704906,0.865196362836,10.9240348752,0.566856114019
13.501264,-0.0357644562901,10.1131269228,1.17082704906,0.865196362836,10.9240348752,0.602215230756
13.50293,0.0565251230437,10.158507798,1.2162079243,0.900555479573,10.9604407263,0.602215230756
13.504596,-0.0357644562901,10.1131269228,1.17082704906,0.794478129363,10.887629024,0.531496997282
13.506262,0.0103803333768,10.1131269228,1.17082704906,0.93591459631,10.9604407263,0.637574347493
13.507928,-0.0357644562901,10.0677460476,1.12544617383,0.900555479573,10.9604407263,0.566856114019
13.509594,0.0103803333768,10.1131269228,1.17082704906,0.93591459631,10.9240348752,0.566856114019
13.51126,-0.0357644562901,10.0677460476,1.17082704906,0.865196362836,10.9604407263,0.637574347493
13.512926,0.0103803333768,10.1131269228,1.12544617383,0.829837246099,10.887629024,0.566856114019
13.514592,-0.0357644562901,10.0677460476,1.12544617383,0.900555479573,10.9240348752,0.637574347493
13.516258,0.0103803333768,10.0677460476,1.17082704906,0.865196362836,10.9240348752,0.602215230756
13.517924,0.0103803333768,10.1131269228,1.17082704906,0.93591459631,11.0696582797,0.708292580966
13.51959,0.102669912711,10.158507798,1.26158879953,0.900555479573,10.9604407263,0.637574347493
13.521256,0.0103803333768,10.1131269228,1.17082704906,0.865196362836,10.9240348752,0.602215230756
13.522922,0.0565251230437,10.1131269228,1.17082704906,0.900555479573,10.887629024,0.602215230756
13.524588,0.0565251230437,10.0677460476,1.17082704906,0.900555479573,10.9604407263,0.637574347493
13.526254,0.0565251230437,10.158507798,1.17082704906,0.865196362836,10.887629024,0.602215230756
13.52792,0.0103803333768,10.0677460476,1.12544617383,0.900555479573,10.9240348752,0.602215230756
13.529586,0.0565251230437,10.0677460476,1.17082704906,0.900555479573,10.9240348752,0.602215230756
13.531252,-0.0357644562901,10.0677460476,1.12544617383,0.971273713047,10.9604407263,0.602215230756
13.532918,0.0103803333768,10.0677460476,1.12544617383,0.93591459631,10.9968465774,0.637574347493
13.534584,0.0103803333768,10.0677460476,1.12544617383,0.865196362836,10.887629024,0.566856114019
13.53625,0.0565251230437,10.0677460476,1.12544617383,0.900555479573,10.9240348752,0.637574347493
13.537916,0.0103803333768,10.0677460476,1.12544617383,0.865196362836,10.9240348752,0.637574347493
13.539582,0.0103803333768,10.0677460476,1.12544617383,0.971273713047,10.9968465774,0.67293346423
13.541248,0.102669912711,10.158507798,1.2162079243,0.900555479573,10.9604407263,0.637574347493
13.542914,0.0565251230437,10.0677460476,1.12544617383,0.865196362836,10.9240348752,0.602215230756
13.54458,0.0103803333768,10.0677460476,1.12544617383,0.865196362836,10.8512231729,0.637574347493
13.546246,0.0565251230437,10.0677460476,1.12544617383,0.93591459631,10.9604407263,0.637574347493
13.547912,0.0103803333768,10.0677460476,1.12544617383,0.93591459631,11.0332524286,0.743651697703
13.549578,0.0103803333768,10.0677460476,1.12544617383,0.865196362836,10.9604407263,0.637574347493
13.551244,0.0103803333768,10.0677460476,1.12544617383,0.865196362836,10.9240348752,0.602215230756
13.55291,0.0565251230437,10.0677460476,1.17082704906,0.900555479573,10.9240348752,0.637574347493
13.554576,0.0565251230437,10.0677460476,1.17082704906,0.900555479573,10.9604407263,0.637574347493
13.556242,0.102669912711,10.158507798,1.26158879953,0.829837246099,10.887629024,0.566856114019
13.557908,0.0565251230437,10.0677460476,1.12544617383,0.900555479573,10.9240348752,0.637574347493
13.559574,0.102669912711,10.158507798,1.2162079243,0.865196362836,10.9240348752,0.637574347493
13.56124,0.148814702377,10.158507798,1.2162079243,0.93591459631,10.9240348752,0.602215230756
13.562906,0.102669912711,10.158507798,1.17082704906,0.900555479573,10.9604407263,0.637574347493
13.564572,0.0565251230437,10.1131269228,1.17082704906,0.829837246099,10.887629024,0.602215230756
13.566238,0.102669912711,10.158507798,1.2162079243,0.900555479573,10.9240348752,0.637574347493
13.567904,0.0103803333768,10.0677460476,1.12544617383,0.900555479573,10.9604407263,0.637574347493
13.56957,0.0103803333768,10.0677460476,1.12544617383,0.865196362836,11.0332524286,0.743651697703
13.571236,0.0103803333768,10.1131269228,1.12544617383,0.900555479573,10.9604407263,0.637574347493
13.572902,0.0565251230437,10.1131269228,1.17082704906,0.865196362836,10.9604407263,0.602215230756
13.574568,0.0565251230437,10.1131269228,1.17082704906,0.900555479573,10.9240348752,0.602215230756
13.576234,0.0103803333768,10.0677460476,1.12544617383,0.93591459631,10.9968465774,0.67293346423
13.5779,0.0103803333768,10.1131269228,1.12544617383,0.865196362836,10.887629024,0.531496997282
13.579566,0.0103803333768,10.1131269228,1.17082704906,0.900555479573,10.9240348752,0.602215230756
13.581232,0.0103803333768,10.0677460476,1.12544617383,0.900555479573,10.9240348752,0.637574347493
13.582898,0.0103803333768,10.0677460476,1.17082704906,0.971273713047,10.9968465774,0.637574347493
13.584564,0.0103803333768,10.1131269228,1.12544617383,0.93591459631,10.9968465774,0.637574347493
13.58623,-0.0357644562901,10.1131269228,1.12544617383,0.829837246099,10.9240348752,0.566856114019
13.587896,0.0103803333768,10.1131269228,1.17082704906,0.865196362836,10.9240348752,0.602215230756
13.589562,0.0103803333768,10.1131269228,1.17082704906,0.865196362836,10.9604407263,0.637574347493
13.591228,-0.0357644562901,10.1131269228,1.17082704906,0.794478129363,10.887629024,0.637574347493
13.592894,0.0103803333768,10.1131269228,1.17082704906,0.900555479573,10.9604407263,0.602215230756
13.59456,0.0103803333768,10.1131269228,1.17082704906,0.865196362836,10.9240348752,0.602215230756
13.596226,0.102669912711,10.2038886733,1.2162079243,0.900555479573,10.9240348752,0.602215230756
13.597892,-0.0357644562901,10.1131269228,1.12544617383,0.93591459631,10.9604407263,0.602215230756
13.599558,-0.0357644562901,10.1131269228,1.17082704906,0.794478129363,10.887629024,0.531496997282
13.601224,0.0103803333768,10.1131269228,1.17082704906,0.900555479573,10.9240348752,0.602215230756
13.60289,-0.0357644562901,10.1131269228,1.17082704906,0.900555479573,10.9968465774,0.602215230756
13.604556,-0.0357644562901,10.1131269228,1.12544617383,0.971273713047,11.0332524286,0.637574347493
13.606222,-0.0357644562901,10.1131269228,1.12544617383,0.900555479573,10.9604407263,0.602215230756
13.607888,-0.0357644562901,10.1131269228,1.17082704906,0.865196362836,10.9240348752,0.566856114019
13.609554,-0.0357644562901,10.1131269228,1.12544617383,0.865196362836,10.9240348752,0.602215230756
13.61122,0.0103803333768,10.1131269228,1.17082704906,0.865196362836,10.9604407263,0.602215230756
13.612886,0.102669912711,10.2038886733,1.26158879953,0.794478129363,10.887629024,0.602215230756
13.614552,-0.0819092459569,10.1131269228,1.12544617383,0.900555479573,10.9240348752,0.566856114019
13.616218,-0.0357644562901,10.1131269228,1.12544617383,0.900555479573,10.9604407263,0.602215230756
13.617884,-0.0357644562901,10.158507798,1.17082704906,0.93591459631,10.9968465774,0.566856114019
13.61955,-0.0357644562901,10.1131269228,1.17082704906,0.900555479573,10.9968465774,0.602215230756
13.621216,-0.0357644562901,10.1131269228,1.17082704906,0.865196362836,10.9240348752,0.496137880546
13.622882,-0.0357644562901,10.1131269228,1.17082704906,0.900555479573,10.9240348752,0.566856114019
13.624548,0.0565251230437,10.2492695485,1.26158879953,0.900555479573,10.9604407263,0.566856114019
13.626214,-0.0357644562901,10.158507798,1.17082704906,0.794478129363,10.9240348752,0.637574347493
13.62788,-0.0819092459569,10.158507798,1.17082704906,0.865196362836,10.9604407263,0.602215230756
13.629546,-0.0357644562901,10.158507798,1.2162079243,0.865196362836,10.9240348752,0.566856114019
13.631212,-0.0357644562901,10.158507798,1.17082704906,0.93591459631,10.9968465774,0.566856114019
13.632878,-0.0357644562901,10.158507798,1.17082704906,0.865196362836,10.9240348752,0.602215230756
13.634544,-0.0357644562901,10.158507798,1.17082704906,0.865196362836,10.9240348752,0.496137880546
13.63621,-0.0357644562901,10.158507798,1.17082704906,0.865196362836,10.9240348752,0.566856114019
13.637876,-0.0357644562901,10.158507798,1.2162079243,0.900555479573,10.9604407263,0.566856114019
13.639542,-0.0357644562901,10.158507798,1.17082704906,0.829837246099,10.887629024,0.637574347493
13.641208,-0.0357644562901,10.1131269228,1.17082704906,0.900555479573,10.9240348752,0.531496997282
13.642874,-0.0819092459569,10.158507798,1.17082704906,0.900555479573,10.9604407263,0.566856114019
13.64454,-0.0357644562901,10.158507798,1.17082704906,0.971273713047,10.9968465774,0.566856114019
13.646206,-0.0357644562901,10.1131269228,1.17082704906,0.900555479573,10.9604407263,0.566856114019
13.647872,-0.0357644562901,10.1131269228,1.17082704906,0.865196362836,10.9240348752,0.531496997282
13.649538,-0.0819092459569,10.1131269228,1.17082704906,0.865196362836,10.9240348752,0.566856114019
13.651204,-0.0357644562901,10.1131269228,1.17082704906,0.900555479573,10.9604407263,0.566856114019
13.65287,-0.0819092459569,10.1131269228,1.17082704906,0.829837246099,10.887629024,0.496137880546
13.654536,-0.0819092459569,10.1131269228,1.17082704906,0.900555479573,10.9240348752,0.566856114019
13.656202,0.0103803333768,10.2038886733,1.26158879953,0.900555479573,10.9604407263,0.566856114019
13.657868,-0.0357644562901,10.158507798,1.17082704906,1.04199194652,10.9968465774,0.602215230756
13.659534,0.0103803333768,10.2038886733,1.26158879953,0.900555479573,10.9240348752,0.566856114019
13.6612,-0.0357644562901,10.158507798,1.17082704906,0.865196362836,10.887629024,0.496137880546
13.662866,-0.0357644562901,10.158507798,1.2162079243,0.865196362836,10.887629024,0.566856114019
13.664532,-0.0357644562901,10.158507798,1.2162079243,0.900555479573,10.9240348752,0.566856114019
13.666198,0.0565251230437,10.2038886733,1.26158879953,0.865196362836,10.9968465774,0.637574347493
13.667864,0.0565251230437,10.2038886733,1.26158879953,0.900555479573,10.9240348752,0.566856114019
13.66953,-0.0819092459569,10.1131269228,1.17082704906,0.865196362836,10.9240348752,0.496137880546
13.671196,-0.0357644562901,10.1131269228,1.17082704906,0.900555479573,10.887629024,0.566856114019
13.672862,-0.0819092459569,10.1131269228,1.17082704906,0.865196362836,10.9240348752,0.566856114019
13.674528,-0.0357644562901,10.1131269228,1.2162079243,0.794478129363,10.8512231729,0.566856114019
13.676194,-0.0819092459569,10.1131269228,1.17082704906,0.900555479573,10.9240348752,0.566856114019
13.67786,-0.0357644562901,10.1131269228,1.17082704906,0.900555479573,10.887629024,0.566856114019
13.679526,-0.0357644562901,10.1131269228,1.17082704906,0.93591459631,10.9240348752,0.566856114019
13.681192,-0.0357644562901,10.158507798,1.17082704906,0.900555479573,10.9604407263,0.602215230756
13.682858,-0.0357644562901,10.158507798,1.2162079243,0.865196362836,10.887629024,0.496137880546
13.684524,0.0103803333768,10.158507798,1.26158879953,0.900555479573,10.887629024,0.566856114019
13.68619,-0.0357644562901,10.1131269228,1.17082704906,0.93591459631,10.9240348752,0.566856114019
13.687856,-0.0357644562901,10.1131269228,1.17082704906,0.829837246099,10.9968465774,0.67293346423
13.689522,0.0103803333768,10.1131269228,1.2162079243,0.93591459631,10.9240348752,0.602215230756
13.691188,-0.0357644562901,10.1131269228,1.17082704906,0.900555479573,10.9240348752,0.566856114019
13.692854,-0.0357644562901,10.1131269228,1.17082704906,0.93591459631,10.9240348752,0.566856114019
13.69452,-0.0357644562901,10.1131269228,1.17082704906,0.93591459631,10.9240348752,0.602215230756
13.696186,-0.0357644562901,10.1131269228,1.17082704906,0.829837246099,10.887629024,0.496137880546
13.697852,0.0565251230437,10.158507798,1.2162079243,0.93591459631,10.9240348752,0.602215230756
13.699518,0.0565251230437,10.2038886733,1.26158879953,0.93591459631,10.9240348752,0.566856114019
13.701184,-0.0357644562901,10.1131269228,1.17082704906,0.93591459631,10.9240348752,0.566856114019
13.70285,-0.0357644562901,10.1131269228,1.17082704906,0.93591459631,10.9604407263,0.602215230756
13.704516,-0.0357644562901,10.1131269228,1.17082704906,0.865196362836,10.887629024,0.566856114019
13.706182,-0.0357644562901,10.1131269228,1.17082704906,0.900555479573,10.9240348752,0.602215230756
13.707848,-0.0357644562901,10.1131269228,1.17082704906,0.93591459631,10.9240348752,0.602215230756
13.709514,0.0103803333768,10.1131269228,1.17082704906,1.04199194652,11.0696582797,0.67293346423
13.71118,0.0103803333768,10.1131269228,1.2162079243,0.865196362836,10.9604407263,0.637574347493
13.712846,0.0565251230437,10.158507798,1.2162079243,0.829837246099,10.9240348752,0.602215230756
13.714512,0.102669912711,10.158507798,1.30696967477,0.93591459631,10.9240348752,0.602215230756
13.716178,0.0565251230437,10.158507798,1.2162079243,0.93591459631,10.9968465774,0.602215230756
13.717844,0.0103803333768,10.1131269228,1.17082704906,0.865196362836,10.887629024,0.566856114019
13.71951,0.0103803333768,10.1131269228,1.17082704906,0.93591459631,10.9604407263,0.602215230756
13.721176,0.0103803333768,10.1131269228,1.17082704906,0.900555479573,10.9604407263,0.602215230756
13.722842,0.0565251230437,10.158507798,1.2162079243,1.00663282978,11.0696582797,0.67293346423
13.724508,0.102669912711,10.2038886733,1.26158879953,0.93591459631,10.9968465774,0.602215230756
13.726174,0.0565251230437,10.1131269228,1.2162079243,0.900555479573,10.9240348752,0.602215230756
13.72784,0.0103803333768,10.1131269228,1.17082704906,0.93591459631,10.9240348752,0.602215230756
13.729506,0.0565251230437,10.158507798,1.26158879953,0.93591459631,10.9968465774,0.602215230756
13.731172,0.0103803333768,10.1131269228,1.17082704906,0.865196362836,10.9240348752,0.602215230756
13.732838,0.0103803333768,10.1131269228,1.17082704906,0.93591459631,10.9604407263,0.602215230756
13.734504,0.0103803333768,10.1131269228,1.17082704906,0.93591459631,10.9968465774,0.637574347493
13.73617,0.0103803333768,10.1131269228,1.17082704906,1.04199194652,11.0696582797,0.67293346423
13.737836,0.102669912711,10.2038886733,1.26158879953,0.93591459631,10.9968465774,0.637574347493
13.739502,0.0565251230437,10.1131269228,1.17082704906,0.900555479573,10.9604407263,0.602215230756
13.741168,0.0103803333768,10.1131269228,1.17082704906,0.93591459631,10.9240348752,0.602215230756
13.742834,0.148814702377,10.2038886733,1.30696967477,0.93591459631,10.9968465774,0.637574347493
13.7445,0.0103803333768,10.1131269228,1.17082704906,0.865196362836,10.887629024,0.67293346423
13.746166,0.0103803333768,10.1131269228,1.17082704906,0.900555479573,10.9604407263,0.637574347493
13.747832,0.148814702377,10.2038886733,1.30696967477,0.900555479573,10.9968465774,0.602215230756
13.749498,0.0565251230437,10.1131269228,1.17082704906,1.00663282978,11.0332524286,0.637574347493
13.751164,0.0565251230437,10.158507798,1.17082704906,0.900555479573,11.0332524286,0.67293346423
13.75283,0.0103803333768,10.1131269228,1.17082704906,0.865196362836,10.9968465774,0.566856114019
13.754496,0.0103803333768,10.1131269228,1.17082704906,0.865196362836,10.9968465774,0.637574347493
13.756162,0.0103803333768,10.1131269228,1.17082704906,0.900555479573,10.9968465774,0.637574347493
13.757828,0.0103803333768,10.1131269228,1.17082704906,0.865196362836,11.0696582797,0.743651697703
13.759494,0.102669912711,10.2038886733,1.26158879953,0.93591459631,11.0332524286,0.67293346423
13.76116,0.0565251230437,10.1131269228,1.17082704906,0.93591459631,10.9968465774,0.566856114019
13.762826,0.0103803333768,10.1131269228,1.2162079243,0.93591459631,10.9604407263,0.602215230756
13.764492,0.0565251230437,10.158507798,1.17082704906,0.93591459631,11.0332524286,0.637574347493
13.766158,0.148814702377,10.2492695485,1.30696967477,0.865196362836,10.9240348752,0.566856114019
13.767824,0.0565251230437,10.158507798,1.17082704906,0.93591459631,10.9968465774,0.637574347493
13.76949,0.0103803333768,10.158507798,1.17082704906,0.93591459631,10.9968465774,0.602215230756
13.771156,-0.0357644562901,10.1131269228,1.12544617383,1.04199194652,11.1060641308,0.637574347493
13.772822,0.0103803333768,10.1131269228,1.12544617383,0.93591459631,11.0332524286,0.602215230756
13.774488,-0.0357644562901,10.158507798,1.17082704906,0.93591459631,10.9968465774,0.602215230756
13.776154,-0.0357644562901,10.1131269228,1.12544617383,0.900555479573,10.9604407263,0.602215230756
13.77782,0.0565251230437,10.158507798,1.2162079243,0.93591459631,10.9968465774,0.637574347493
13.779486,0.102669912711,10.2038886733,1.2162079243,0.829837246099,10.9240348752,0.67293346423
13.781152,0.0103803333768,10.158507798,1.17082704906,0.900555479573,10.9968465774,0.637574347493
13.782818,0.0565251230437,10.2038886733,1.17082704906,0.865196362836,10.9968465774,0.602215230756
13.784484,0.102669912711,10.2492695485,1.26158879953,0.93591459631,10.9968465774,0.602215230756
13.78615,-0.0357644562901,10.1131269228,1.17082704906,0.93591459631,10.9968465774,0.637574347493
13.787816,-0.0357644562901,10.1131269228,1.17082704906,0.900555479573,10.9240348752,0.531496997282
13.789482,-0.0357644562901,10.1131269228,1.17082704906,0.93591459631,10.9968465774,0.602215230756
13.791148,-0.0357644562901,10.1131269228,1.17082704906,0.93591459631,10.9968465774,0.602215230756
13.792814,0.0103803333768,10.158507798,1.17082704906,0.93591459631,11.0332524286,0.602215230756
13.79448,-0.0357644562901,10.158507798,1.17082704906,0.93591459631,10.9968465774,0.602215230756
13.796146,-0.0357644562901,10.158507798,1.17082704906,0.900555479573,10.9240348752,0.566856114019
13.797812,-0.0357644562901,10.1131269228,1.17082704906,0.900555479573,10.9604407263,0.566856114019
13.799478,-0.0357644562901,10.1131269228,1.17082704906,0.900555479573,11.0332524286,0.602215230756
13.801144,-0.0357644562901,10.158507798,1.17082704906,0.865196362836,10.887629024,0.496137880546
13.80281,-0.0357644562901,10.1131269228,1.17082704906,0.794478129363,10.9968465774,0.602215230756
13.804476,0.0103803333768,10.158507798,1.26158879953,0.93591459631,10.9604407263,0.602215230756
13.806142,-0.0357644562901,10.158507798,1.17082704906,1.04199194652,11.0332524286,0.637574347493
13.807808,-0.0357644562901,10.158507798,1.17082704906,0.93591459631,11.0332524286,0.602215230756
13.809474,-0.0357644562901,10.1131269228,1.17082704906,0.900555479573,10.9604407263,0.566856114019
13.81114,-0.0357644562901,10.1131269228,1.17082704906,0.900555479573,10.9604407263,0.566856114019
13.812806,0.0103803333768,10.158507798,1.2162079243,0.865196362836,10.9968465774,0.602215230756
13.814472,0.0103803333768,10.2038886733,1.26158879953,0.829837246099,10.887629024,0.496137880546
13.816138,0.0103803333768,10.2038886733,1.26158879953,0.865196362836,10.9604407263,0.566856114019
13.817804,0.0565251230437,10.2038886733,1.2162079243,0.93591459631,10.9604407263,0.602215230756
13.81947,0.0103803333768,10.158507798,1.2162079243,1.00663282978,10.9968465774,0.566856114019
13.821136,-0.0357644562901,10.158507798,1.2162079243,0.93591459631,10.9604407263,0.566856114019
13.822802,-0.0357644562901,10.158507798,1.17082704906,0.794478129363,10.887629024,0.496137880546
13.824468,-0.0819092459569,10.1131269228,1.12544617383,0.829837246099,10.9240348752,0.566856114019
13.826134,-0.0357644562901,10.1131269228,1.17082704906,0.93591459631,10.9604407263,0.566856114019
13.8278,-0.0819092459569,10.1131269228,1.17082704906,0.93591459631,11.0332524286,0.637574347493
13.829466,-0.0357644562901,10.1131269228,1.17082704906,0.900555479573,10.9240348752,0.566856114019
13.831132,-0.0819092459569,10.1131269228,1.17082704906,0.794478129363,10.9240348752,0.496137880546
13.832798,-0.0357644562901,10.158507798,1.2162079243,0.829837246099,10.887629024,0.531496997282
13.834464,-0.0819092459569,10.1131269228,1.12544617383,0.865196362836,10.9604407263,0.566856114019
13.83613,-0.0819092459569,10.1131269228,1.17082704906,0.865196362836,10.887629024,0.460778763809
13.837796,-0.0819092459569,10.1131269228,1.17082704906,0.900555479573,10.9240348752,0.566856114019
13.839462,-0.0819092459569,10.1131269228,1.2162079243,0.900555479573,10.9240348752,0.531496997282
13.841128,-0.0819092459569,10.1131269228,1.17082704906,0.93591459631,11.0332524286,0.602215230756
13.842794,-0.0819092459569,10.0677460476,1.12544617383,0.829837246099,10.887629024,0.566856114019
13.84446,0.0565251230437,10.2038886733,1.26158879953,0.865196362836,10.8512231729,0.460778763809
13.846126,-0.128054035624,10.1131269228,1.17082704906,0.900555479573,10.887629024,0.496137880546
13.847792,-0.0819092459569,10.1131269228,1.17082704906,0.900555479573,10.9240348752,0.566856114019
13.849458,-0.0819092459569,10.1131269228,1.17082704906,0.794478129363,10.887629024,0.602215230756
13.851124,-0.0819092459569,10.1131269228,1.17082704906,0.900555479573,10.9240348752,0.566856114019
13.85279,-0.0819092459569,10.1131269228,1.17082704906,0.900555479573,10.9240348752,0.531496997282
13.854456,-0.0819092459569,10.1131269228,1.17082704906,0.93591459631,10.9240348752,0.531496997282
13.856122,-0.0819092459569,10.1131269228,1.17082704906,0.900555479573,10.9240348752,0.566856114019
13.857788,-0.0819092459569,10.0677460476,1.17082704906,0.865196362836,10.887629024,0.460778763809
13.859454,0.0103803333768,10.158507798,1.26158879953,0.865196362836,10.9240348752,0.531496997282
13.86112,-0.0819092459569,10.1131269228,1.17082704906,0.93591459631,10.887629024,0.531496997282
13.862786,-0.0819092459569,10.0677460476,1.17082704906,0.794478129363,10.887629024,0.637574347493
13.864452,-0.0819092459569,10.1131269228,1.2162079243,0.900555479573,10.9240348752,0.566856114019
13.866118,-0.0819092459569,10.1131269228,1.17082704906,0.865196362836,10.887629024,0.531496997282
13.867784,-0.0357644562901,10.1131269228,1.2162079243,0.900555479573,10.887629024,0.496137880546
13.86945,-0.0819092459569,10.0677460476,1.08006529859,0.829837246099,10.9240348752,0.566856114019
13.871116,-0.0819092459569,10.0677460476,1.17082704906,0.865196362836,10.8512231729,0.460778763809
13.872782,-0.128054035624,10.0677460476,1.12544617383,0.829837246099,10.887629024,0.531496997282
13.874448,-0.0819092459569,10.0677460476,1.12544617383,0.900555479573,10.887629024,0.566856114019
13.876114,-0.0819092459569,10.0677460476,1.17082704906,0.865196362836,10.9968465774,0.602215230756
13.87778,-0.0819092459569,10.1131269228,1.12544617383,0.865196362836,10.9240348752,0.566856114019
13.879446,-0.0819092459569,10.0677460476,1.17082704906,0.865196362836,10.8512231729,0.496137880546
13.881112,-0.0819092459569,10.0677460476,1.17082704906,0.865196362836,10.887629024,0.496137880546
13.882778,0.0103803333768,10.158507798,1.26158879953,0.900555479573,10.887629024,0.566856114019
13.884444,-0.0819092459569,10.0677460476,1.17082704906,0.794478129363,10.8148173218,0.531496997282
13.88611,-0.0819092459569,10.0677460476,1.12544617383,0.865196362836,10.9240348752,0.566856114019
13.887776,-0.0819092459569,10.0677460476,1.12544617383,0.865196362836,10.887629024,0.531496997282
13.889442,-0.0819092459569,10.0677460476,1.17082704906,0.900555479573,10.887629024,0.566856114019
13.891108,-0.0819092459569,10.1131269228,1.12544617383,0.900555479573,10.9240348752,0.566856114019
13.892774,0.0103803333768,10.2038886733,1.17082704906,0.794478129363,10.8512231729,0.496137880546
13.89444,-0.0819092459569,10.0677460476,1.17082704906,0.900555479573,10.9240348752,0.602215230756
13.896106,-0.0357644562901,10.1131269228,1.17082704906,0.900555479573,10.9240348752,0.566856114019
13.897772,-0.0357644562901,10.1131269228,1.17082704906,0.93591459631,10.9604407263,0.566856114019
13.899438,-0.0357644562901,10.1131269228,1.17082704906,0.93591459631,10.9240348752,0.566856114019
13.901104,-0.0819092459569,10.0677460476,1.12544617383,0.865196362836,10.887629024,0.531496997282
13.90277,-0.0357644562901,10.1131269228,1.12544617383,0.794478129363,10.887629024,0.566856114019
13.904436,-0.0357644562901,10.0677460476,1.12544617383,0.900555479573,10.9240348752,0.602215230756
13.906102,-0.0819092459569,10.0677460476,1.12544617383,0.794478129363,10.9240348752,0.67293346423
13.907768,-0.0357644562901,10.1131269228,1.17082704906,0.865196362836,10.9604407263,0.602215230756
13.909434,-0.0357644562901,10.0677460476,1.17082704906,0.865196362836,10.9240348752,0.566856114019
13.9111,-0.0357644562901,10.1131269228,1.12544617383,0.865196362836,10.9240348752,0.602215230756
13.912766,-0.0357644562901,10.1131269228,1.17082704906,0.865196362836,10.9240348752,0.602215230756
13.914432,-0.0357644562901,10.1131269228,1.12544617383,0.829837246099,10.887629024,0.531496997282
13.916098,-0.0357644562901,10.1131269228,1.12544617383,0.829837246099,10.9240348752,0.566856114019
13.917764,-0.0357644562901,10.1131269228,1.12544617383,0.829837246099,10.9240348752,0.602215230756
13.91943,-0.0357644562901,10.1131269228,1.08006529859,0.723759895889,10.9240348752,0.637574347493
13.921096,-0.0357644562901,10.1131269228,1.12544617383,0.865196362836,10.9604407263,0.602215230756
13.922762,-0.0357644562901,10.1131269228,1.12544617383,0.865196362836,10.9240348752,0.602215230756
13.924428,-0.0357644562901,10.0677460476,1.12544617383,0.93591459631,10.9968465774,0.602215230756
13.926094,-0.0357644562901,10.1131269228,1.08006529859,0.829837246099,10.9604407263,0.602215230756
13.92776,0.0103803333768,10.1131269228,1.12544617383,0.865196362836,10.9240348752,0.566856114019
13.929426,-0.0357644562901,10.0677460476,1.12544617383,0.829837246099,10.9240348752,0.566856114019
13.931092,0.0565251230437,10.158507798,1.17082704906,0.900555479573,10.9604407263,0.602215230756
13.932758,0.0103803333768,10.1131269228,1.12544617383,0.794478129363,10.887629024,0.637574347493
13.934424,0.0103803333768,10.1131269228,1.12544617383,0.865196362836,10.9968465774,0.637574347493
13.93609,0.0103803333768,10.1131269228,1.12544617383,0.865196362836,10.9240348752,0.602215230756
13.937756,-0.0357644562901,10.1131269228,1.12544617383,0.794478129363,10.9604407263,0.602215230756
13.939422,0.0103803333768,10.1131269228,1.12544617383,0.900555479573,10.9604407263,0.637574347493
13.941088,0.0103803333768,10.1131269228,1.12544617383,0.829837246099,10.887629024,0.531496997282
13.942754,0.0565251230437,10.1131269228,1.12544617383,0.794478129363,10.9240348752,0.602215230756
13.94442,0.148814702377,10.2038886733,1.26158879953,0.900555479573,10.9604407263,0.602215230756
13.946086,-0.0357644562901,10.0677460476,1.12544617383,0.93591459631,11.0696582797,0.67293346423
13.947752,0.0103803333768,10.1131269228,1.12544617383,0.900555479573,10.9968465774,0.637574347493
13.949418,0.0103803333768,10.1131269228,1.12544617383,0.829837246099,10.9240348752,0.602215230756
13.951084,0.0103803333768,10.1131269228,1.08006529859,0.794478129363,10.9240348752,0.602215230756
13.95275,0.0103803333768,10.0677460476,1.08006529859,0.900555479573,11.0332524286,0.637574347493
13.954416,0.0103803333768,10.1131269228,1.12544617383,0.829837246099,10.887629024,0.602215230756
13.956082,0.0103803333768,10.1131269228,1.17082704906,0.865196362836,10.9240348752,0.602215230756
13.957748,0.0103803333768,10.1131269228,1.12544617383,0.865196362836,10.9240348752,0.602215230756
13.959414,0.0103803333768,10.1131269228,1.17082704906,0.971273713047,10.9968465774,0.637574347493
13.96108,0.0565251230437,10.158507798,1.17082704906,0.93591459631,11.0332524286,0.602215230756
13.962746,0.0103803333768,10.1131269228,1.12544617383,0.900555479573,10.9240348752,0.602215230756
13.964412,0.0103803333768,10.1131269228,1.03468442336,0.794478129363,10.9604407263,0.602215230756
13.966078,0.0103803333768,10.1131269228,1.17082704906,0.900555479573,10.9604407263,0.637574347493
13.967744,0.0103803333768,10.1131269228,1.12544617383,0.971273713047,11.0696582797,0.743651697703
13.96941,0.0103803333768,10.1131269228,1.12544617383,0.93591459631,10.9968465774,0.602215230756
13.971076,0.0565251230437,10.2038886733,1.17082704906,0.829837246099,10.9240348752,0.602215230756
13.972742,0.0103803333768,10.1131269228,1.12544617383,0.865196362836,10.9604407263,0.602215230756
13.974408,0.0103803333768,10.1131269228,1.17082704906,0.93591459631,10.9968465774,0.637574347493
13.976074,0.102669912711,10.2038886733,1.2162079243,0.865196362836,10.887629024,0.566856114019
13.97774,0.0103803333768,10.1131269228,1.12544617383,0.865196362836,10.9604407263,0.637574347493
13.979406,-0.0357644562901,10.1131269228,1.17082704906,0.900555479573,10.9604407263,0.602215230756
13.981072,-0.0357644562901,10.1131269228,1.17082704906,1.04199194652,10.9968465774,0.637574347493
13.982738,0.0103803333768,10.1131269228,1.17082704906,0.93591459631,10.9968465774,0.637574347493
13.984404,-0.0357644562901,10.0677460476,1.08006529859,0.794478129363,10.9240348752,0.566856114019
13.98607,-0.0357644562901,10.1131269228,1.12544617383,0.900555479573,10.9604407263,0.602215230756
13.987736,-0.0357644562901,10.1131269228,1.17082704906,0.93591459631,10.9604407263,0.602215230756
13.989402,-0.0357644562901,10.1131269228,1.17082704906,0.971273713047,11.0696582797,0.67293346423
13.991068,-0.0357644562901,10.1131269228,1.08006529859,0.829837246099,10.9968465774,0.637574347493
13.992734,-0.0357644562901,10.0677460476,1.17082704906,0.93591459631,10.9240348752,0.602215230756
13.9944,-0.0357644562901,10.1131269228,1.17082704906,0.900555479573,10.9240348752,0.602215230756
13.996066,-0.0357644562901,10.1131269228,1.17082704906,0.93591459631,10.9968465774,0.602215230756
13.997732,-0.0357644562901,10.1131269228,1.12544617383,0.794478129363,10.887629024,0.566856114019
13.999398,-0.0357644562901,10.1131269228,1.08006529859,0.829837246099,10.9604407263,0.602215230756
14.001064,0.0103803333768,10.158507798,1.2162079243,0.900555479573,10.9240348752,0.602215230756
14.00273,0.0103803333768,10.158507798,1.17082704906,0.971273713047,10.9968465774,0.602215230756
14.004396,-0.0357644562901,10.1131269228,1.2162079243,0.900555479573,10.9604407263,0.602215230756
14.006062,0.102669912711,10.2038886733,1.30696967477,0.900555479573,10.887629024,0.531496997282
14.007728,-0.0357644562901,10.158507798,1.2162079243,0.93591459631,10.9240348752,0.602215230756
14.009394,-0.0357644562901,10.158507798,1.2162079243,0.93591459631,10.9968465774,0.566856114019
14.01106,-0.0819092459569,10.1131269228,1.17082704906,0.971273713047,11.0696582797,0.67293346423
14.012726,-0.0357644562901,10.1131269228,1.2162079243,0.93591459631,10.9968465774,0.602215230756
14.014392,-0.0357644562901,10.158507798,1.2162079243,0.93591459631,10.9604407263,0.602215230756
14.016058,0.102669912711,10.2492695485,1.26158879953,0.900555479573,10.9240348752,0.566856114019
14.017724,-0.0357644562901,10.158507798,1.2162079243,0.900555479573,10.9968465774,0.602215230756
14.01939,-0.0357644562901,10.158507798,1.17082704906,0.829837246099,10.887629024,0.496137880546
14.021056,-0.0819092459569,10.1131269228,1.26158879953,0.93591459631,10.9968465774,0.602215230756
14.022722,-0.0357644562901,10.1131269228,1.2162079243,0.865196362836,10.9604407263,0.566856114019
14.024388,-0.0819092459569,10.1131269228,1.17082704906,1.00663282978,11.0332524286,0.602215230756
14.026054,-0.0357644562901,10.158507798,1.2162079243,0.93591459631,10.9968465774,0.602215230756
14.02772,-0.0357644562901,10.158507798,1.26158879953,0.93591459631,10.9240348752,0.566856114019
14.029386,-0.0357644562901,10.158507798,1.26158879953,0.93591459631,10.9240348752,0.566856114019
14.031052,-0.0357644562901,10.158507798,1.2162079243,0.93591459631,10.9968465774,0.566856114019
14.032718,-0.0357644562901,10.158507798,1.2162079243,0.829837246099,10.887629024,0.637574347493
14.034384,0.0565251230437,10.2492695485,1.30696967477,0.865196362836,10.9240348752,0.602215230756
14.03605,-0.0357644562901,10.1131269228,1.2162079243,0.93591459631,10.9968465774,0.566856114019
14.037716,0.0103803333768,10.158507798,1.2162079243,0.971273713047,10.9240348752,0.531496997282
14.039382,-0.0357644562901,10.1131269228,1.17082704906,0.900555479573,10.9968465774,0.602215230756
14.041048,-0.0357644562901,10.158507798,1.17082704906,0.900555479573,10.887629024,0.496137880546
14.042714,-0.0357644562901,10.158507798,1.2162079243,0.93591459631,10.9240348752,0.566856114019
14.04438,-0.0819092459569,10.1131269228,1.2162079243,0.93591459631,10.9968465774,0.566856114019
14.046046,-0.0819092459569,10.158507798,1.2162079243,1.04199194652,10.9968465774,0.566856114019
14.047712,-0.0819092459569,10.158507798,1.2162079243,0.900555479573,10.9604407263,0.566856114019
14.049378,-0.0819092459569,10.158507798,1.12544617383,0.829837246099,10.9240348752,0.460778763809
14.051044,-0.0819092459569,10.158507798,1.2162079243,0.93591459631,10.9604407263,0.566856114019
14.05271,-0.0819092459569,10.158507798,1.2162079243,0.93591459631,10.9604407263,0.566856114019
14.054376,-0.0819092459569,10.158507798,1.2162079243,0.900555479573,10.887629024,0.496137880546
14.056042,-0.0819092459569,10.158507798,1.12544617383,0.865196362836,10.9604407263,0.566856114019
14.057708,-0.0819092459569,10.158507798,1.2162079243,0.93591459631,10.9604407263,0.566856114019
14.059374,-0.0819092459569,10.1131269228,1.2162079243,0.971273713047,11.0696582797,0.637574347493
14.06104,-0.0819092459569,10.158507798,1.17082704906,0.93591459631,10.9604407263,0.566856114019
14.062706,-0.0819092459569,10.158507798,1.2162079243,0.900555479573,10.9240348752,0.531496997282
14.064372,-0.0819092459569,10.158507798,1.12544617383,0.829837246099,10.9240348752,0.496137880546
14.066038,-0.0819092459569,10.158507798,1.2162079243,0.93591459631,10.9604407263,0.566856114019
14.067704,-0.0819092459569,10.158507798,1.17082704906,0.829837246099,10.887629024,0.460778763809
14.06937,-0.0819092459569,10.158507798,1.2162079243,0.93591459631,10.9604407263,0.566856114019
14.071036,-0.0819092459569,10.158507798,1.2162079243,0.900555479573,10.9604407263,0.566856114019
14.072702,-0.0819092459569,10.1131269228,1.17082704906,0.971273713047,11.0332524286,0.566856114019
14.074368,0.0565251230437,10.2492695485,1.26158879953,0.900555479573,10.9604407263,0.566856114019
14.076034,-0.0357644562901,10.158507798,1.2162079243,0.794478129363,10.9240348752,0.496137880546
14.0777,0.0565251230437,10.2492695485,1.30696967477,0.900555479573,10.9240348752,0.566856114019
14.079366,-0.0357644562901,10.2038886733,1.2162079243,0.93591459631,10.9968465774,0.566856114019
14.081032,0.0103803333768,10.2038886733,1.17082704906,0.829837246099,11.0696582797,0.637574347493
14.082698,-0.0357644562901,10.158507798,1.2162079243,0.900555479573,10.9604407263,0.566856114019
14.084364,-0.0819092459569,10.1131269228,1.17082704906,0.900555479573,10.9240348752,0.566856114019
14.08603,-0.0819092459569,10.158507798,1.17082704906,0.900555479573,10.9240348752,0.566856114019
14.087696,-0.0819092459569,10.158507798,1.17082704906,0.93591459631,10.9968465774,0.566856114019
14.089362,-0.0357644562901,10.1131269228,1.17082704906,0.900555479573,10.887629024,0.496137880546
14.091028,-0.0357644562901,10.158507798,1.17082704906,0.900555479573,10.9604407263,0.566856114019
14.092694,-0.0357644562901,10.158507798,1.17082704906,0.900555479573,10.9604407263,0.566856114019
14.09436,-0.0357644562901,10.158507798,1.17082704906,0.971273713047,11.0696582797,0.602215230756
14.096026,-0.0357644562901,10.158507798,1.17082704906,0.829837246099,10.9968465774,0.602215230756
14.097692,-0.0357644562901,10.158507798,1.17082704906,0.794478129363,10.9240348752,0.531496997282
14.099358,-0.0357644562901,10.1131269228,1.17082704906,0.865196362836,10.9604407263,0.602215230756
14.101024,0.0103803333768,10.158507798,1.17082704906,0.865196362836,10.9968465774,0.602215230756
14.10269,0.0565251230437,10.2038886733,1.2162079243,0.794478129363,10.887629024,0.637574347493
14.104356,-0.0357644562901,10.1131269228,1.17082704906,0.829837246099,10.9968465774,0.602215230756
14.106022,-0.0357644562901,10.1131269228,1.17082704906,0.900555479573,10.9240348752,0.566856114019
14.107688,-0.0357644562901,10.1131269228,1.12544617383,0.900555479573,10.9240348752,0.566856114019
14.109354,-0.0357644562901,10.158507798,1.17082704906,0.900555479573,10.9968465774,0.602215230756
14.11102,-0.0357644562901,10.1131269228,1.12544617383,0.759119012626,10.887629024,0.496137880546
14.112686,-0.0357644562901,10.158507798,1.17082704906,0.865196362836,10.9240348752,0.602215230756
14.114352,0.0103803333768,10.158507798,1.17082704906,0.900555479573,10.9604407263,0.566856114019
14.116018,-0.0357644562901,10.1131269228,1.12544617383,1.00663282978,10.9968465774,0.637574347493
14.117684,0.0103803333768,10.1131269228,1.17082704906,0.829837246099,10.9240348752,0.637574347493
14.11935,0.0565251230437,10.158507798,1.12544617383,0.865196362836,10.9240348752,0.566856114019
14.121016,0.0565251230437,10.158507798,1.2162079243,0.865196362836,10.9240348752,0.602215230756
14.122682,-0.0357644562901,10.0677460476,1.12544617383,0.900555479573,10.9604407263,0.637574347493
14.124348,-0.0357644562901,10.1131269228,1.12544617383,0.829837246099,10.887629024,0.566856114019
14.126014,-0.0357644562901,10.1131269228,1.08006529859,0.865196362836,10.9604407263,0.602215230756
14.12768,0.0565251230437,10.2038886733,1.2162079243,0.93591459631,10.9604407263,0.602215230756
14.129346,0.0103803333768,10.1131269228,1.17082704906,0.971273713047,11.0332524286,0.67293346423
14.131012,0.0103803333768,10.1131269228,1.17082704906,0.900555479573,10.9968465774,0.637574347493
14.132678,0.0103803333768,10.0677460476,1.12544617383,0.794478129363,10.9240348752,0.566856114019
14.134344,0.0103803333768,10.0677460476,1.12544617383,0.865196362836,10.9240348752,0.602215230756
14.13601,0.0103803333768,10.0677460476,1.12544617383,0.900555479573,10.9604407263,0.602215230756
14.137676,0.0103803333768,10.0677460476,1.12544617383,0.865196362836,10.887629024,0.566856114019
14.139342,0.0103803333768,10.1131269228,1.12544617383,0.865196362836,10.9240348752,0.637574347493
14.141008,0.0103803333768,10.0677460476,1.12544617383,0.794478129363,10.9240348752,0.637574347493
14.142674,0.0103803333768,10.0677460476,1.12544617383,0.93591459631,11.0696582797,0.743651697703
14.14434,0.0565251230437,10.0677460476,1.12544617383,0.900555479573,10.9240348752,0.637574347493
14.146006,0.0565251230437,10.0677460476,1.17082704906,0.865196362836,10.9240348752,0.602215230756
14.147672,0.0565251230437,10.0677460476,1.17082704906,0.794478129363,10.9240348752,0.637574347493
14.149338,0.0103803333768,10.0677460476,1.12544617383,0.900555479573,10.9604407263,0.637574347493
14.151004,0.0565251230437,10.0677460476,1.12544617383,0.865196362836,10.887629024,0.566856114019
14.15267,0.0103803333768,10.0677460476,1.12544617383,0.865196362836,10.9240348752,0.637574347493
14.154336,0.0103803333768,10.0677460476,1.12544617383,0.900555479573,10.9240348752,0.637574347493
14.156002,0.0103803333768,10.0677460476,1.08006529859,0.93591459631,11.0696582797,0.743651697703
14.157668,0.0565251230437,10.0677460476,1.12544617383,0.900555479573,10.9604407263,0.637574347493
14.159334,0.0565251230437,10.0677460476,1.12544617383,0.865196362836,10.9240348752,0.602215230756
14.161,0.0565251230437,10.0677460476,1.12544617383,0.900555479573,10.887629024,0.602215230756
14.162666,0.0103803333768,10.0223651723,1.03468442336,0.865196362836,10.9604407263,0.637574347493
14.164332,0.0565251230437,10.0677460476,1.12544617383,0.865196362836,10.8512231729,0.566856114019
14.165998,0.0565251230437,10.0677460476,1.12544617383,0.900555479573,10.9240348752,0.637574347493
14.167664,0.0565251230437,10.1131269228,1.17082704906,0.900555479573,10.9240348752,0.637574347493
14.16933,0.0103803333768,10.0677460476,1.12544617383,0.971273713047,11.0332524286,0.743651697703
14.170996,0.0103803333768,10.0677460476,1.12544617383,0.900555479573,10.9240348752,0.637574347493
14.172662,0.148814702377,10.158507798,1.26158879953,0.865196362836,10.887629024,0.602215230756
14.174328,0.0565251230437,10.0677460476,1.12544617383,0.900555479573,10.887629024,0.602215230756
14.175994,0.0103803333768,10.0677460476,0.989303548122,0.794478129363,10.9604407263,0.67293346423
14.17766,0.0565251230437,10.0677460476,1.2162079243,0.759119012626,10.8512231729,0.566856114019
14.179326,0.0103803333768,10.0677460476,1.08006529859,0.829837246099,10.9240348752,0.637574347493
14.180992,0.0103803333768,10.0677460476,1.12544617383,0.865196362836,10.9240348752,0.602215230756
14.182658,0.0565251230437,10.1131269228,1.12544617383,0.971273713047,10.9240348752,0.67293346423
14.184324,0.0103803333768,10.0677460476,1.08006529859,0.829837246099,10.9604407263,0.637574347493
14.18599,0.0565251230437,10.0677460476,1.17082704906,0.900555479573,10.887629024,0.602215230756
14.187656,0.0103803333768,10.0677460476,1.12544617383,0.865196362836,10.887629024,0.602215230756
14.189322,-0.0357644562901,10.0223651723,1.12544617383,0.900555479573,10.9240348752,0.637574347493
14.190988,0.0103803333768,10.0677460476,1.12544617383,0.794478129363,10.887629024,0.566856114019
14.192654,0.102669912711,10.158507798,1.17082704906,0.865196362836,10.9240348752,0.637574347493
14.19432,0.0103803333768,10.0677460476,1.12544617383,0.865196362836,10.9240348752,0.602215230756
14.195986,0.0103803333768,10.0677460476,1.12544617383,0.971273713047,10.9968465774,0.637574347493
14.197652,0.0103803333768,10.0677460476,1.12544617383,0.829837246099,10.9240348752,0.637574347493
14.199318,0.102669912711,10.2038886733,1.26158879953,0.865196362836,10.887629024,0.566856114019
14.200984,-0.0357644562901,10.0677460476,1.12544617383,0.865196362836,10.9240348752,0.602215230756
14.20265,-0.0357644562901,10.1131269228,1.17082704906,0.794478129363,10.9240348752,0.637574347493
14.204316,0.0565251230437,10.158507798,1.17082704906,0.93591459631,10.9968465774,0.67293346423
14.205982,-0.0357644562901,10.0677460476,1.12544617383,0.900555479573,10.9240348752,0.637574347493
14.207648,-0.0357644562901,10.1131269228,1.17082704906,0.865196362836,10.9240348752,0.566856114019
14.209314,-0.0357644562901,10.1131269228,1.12544617383,0.829837246099,10.887629024,0.602215230756
14.21098,-0.0357644562901,10.1131269228,1.17082704906,0.900555479573,10.9604407263,0.602215230756
14.212646,0.0565251230437,10.158507798,1.2162079243,0.829837246099,10.887629024,0.566856114019
14.214312,-0.0357644562901,10.1131269228,1.12544617383,0.794478129363,10.9240348752,0.602215230756
14.215978,-0.0357644562901,10.1131269228,1.17082704906,0.865196362836,10.9240348752,0.602215230756
14.217644,0.0565251230437,10.158507798,1.2162079243,0.900555479573,11.0332524286,0.708292580966
14.21931,-0.0357644562901,10.0677460476,1.17082704906,0.900555479573,10.9604407263,0.602215230756
14.220976,-0.0357644562901,10.1131269228,1.12544617383,0.865196362836,10.9240348752,0.566856114019
14.222642,-0.0357644562901,10.1131269228,1.17082704906,0.93591459631,10.9240348752,0.602215230756
14.224308,-0.0357644562901,10.1131269228,1.12544617383,0.865196362836,10.9968465774,0.602215230756
14.225974,0.0103803333768,10.2038886733,1.2162079243,0.865196362836,10.887629024,0.531496997282
14.22764,-0.0357644562901,10.1131269228,1.17082704906,0.900555479573,10.9240348752,0.602215230756
14.229306,-0.0819092459569,10.158507798,1.17082704906,0.900555479573,10.9604407263,0.602215230756
14.230972,-0.0357644562901,10.1131269228,1.17082704906,0.829837246099,10.9968465774,0.708292580966
14.232638,-0.0357644562901,10.158507798,1.12544617383,0.865196362836,10.9240348752,0.566856114019
14.234304,-0.0819092459569,10.1131269228,1.17082704906,0.794478129363,10.9240348752,0.566856114019
14.23597,-0.0357644562901,10.158507798,1.17082704906,0.865196362836,10.9240348752,0.566856114019
14.237636,-0.0357644562901,10.158507798,1.17082704906,0.900555479573,10.9968465774,0.566856114019
14.239302,-0.0357644562901,10.158507798,1.12544617383,0.759119012626,10.887629024,0.496137880546
14.240968,-0.0819092459569,10.1131269228,1.17082704906,0.900555479573,10.9240348752,0.602215230756
14.242634,-0.0357644562901,10.1131269228,1.08006529859,0.794478129363,10.9968465774,0.566856114019
14.2443,-0.0357644562901,10.158507798,1.17082704906,0.93591459631,11.0696582797,0.67293346423
14.245966,-0.0819092459569,10.1131269228,1.17082704906,0.900555479573,10.9968465774,0.602215230756
14.247632,-0.0357644562901,10.158507798,1.2162079243,0.900555479573,10.9240348752,0.496137880546
14.249298,-0.0819092459569,10.158507798,1.17082704906,0.93591459631,10.9240348752,0.566856114019
14.250964,0.0103803333768,10.2038886733,1.26158879953,0.900555479573,10.9604407263,0.566856114019
14.25263,0.0565251230437,10.2492695485,1.30696967477,0.865196362836,10.887629024,0.460778763809
14.254296,0.0103803333768,10.2038886733,1.26158879953,0.900555479573,10.9968465774,0.566856114019
14.255962,-0.0357644562901,10.158507798,1.12544617383,0.794478129363,10.9604407263,0.566856114019
14.257628,-0.0819092459569,10.158507798,1.12544617383,0.900555479573,11.0332524286,0.566856114019
14.259294,-0.0819092459569,10.1131269228,1.08006529859,0.829837246099,10.9968465774,0.566856114019
14.26096,-0.0819092459569,10.158507798,1.12544617383,0.794478129363,10.9604407263,0.496137880546
14.262626,-0.0819092459569,10.158507798,1.12544617383,0.794478129363,10.9604407263,0.566856114019
14.264292,-0.0357644562901,10.158507798,1.17082704906,0.93591459631,10.9968465774,0.566856114019
14.265958,-0.0819092459569,10.158507798,1.17082704906,0.865196362836,10.887629024,0.602215230756
14.267624,0.0103803333768,10.2038886733,1.26158879953,0.93591459631,10.9968465774,0.566856114019
14.26929,-0.0819092459569,10.158507798,1.2162079243,0.900555479573,10.9604407263,0.566856114019
14.270956,-0.0819092459569,10.158507798,1.2162079243,0.93591459631,10.9240348752,0.566856114019
14.272622,-0.0819092459569,10.158507798,1.17082704906,0.865196362836,10.9968465774,0.602215230756
14.274288,-0.0357644562901,10.158507798,1.2162079243,0.794478129363,10.887629024,0.496137880546
14.275954,-0.0357644562901,10.158507798,1.2162079243,0.900555479573,10.9240348752,0.566856114019
14.27762,-0.0357644562901,10.158507798,1.2162079243,0.93591459631,10.9604407263,0.566856114019
14.279286,-0.0819092459569,10.158507798,1.2162079243,1.00663282978,11.0696582797,0.602215230756
14.280952,0.0565251230437,10.2492695485,1.26158879953,0.865196362836,10.9968465774,0.566856114019
14.282618,-0.0819092459569,10.158507798,1.17082704906,0.900555479573,10.9240348752,0.531496997282
14.284284,-0.0357644562901,10.158507798,1.17082704906,0.93591459631,10.9604407263,0.566856114019
14.28595,-0.0819092459569,10.158507798,1.17082704906,0.865196362836,10.9968465774,0.566856114019
14.287616,-0.0357644562901,10.158507798,1.2162079243,0.865196362836,10.887629024,0.602215230756
14.289282,0.0565251230437,10.2492695485,1.30696967477,0.93591459631,10.9968465774,0.566856114019
14.290948,-0.0357644562901,10.2038886733,1.26158879953,0.900555479573,10.9240348752,0.566856114019
14.292614,-0.0357644562901,10.158507798,1.17082704906,0.971273713047,10.9604407263,0.602215230756
14.29428,-0.0819092459569,10.158507798,1.17082704906,0.93591459631,11.0332524286,0.602215230756
14.295946,-0.0819092459569,10.158507798,1.2162079243,0.865196362836,10.887629024,0.531496997282
14.297612,-0.0357644562901,10.158507798,1.2162079243,0.865196362836,10.9968465774,0.566856114019
14.299278,-0.0357644562901,10.158507798,1.2162079243,0.93591459631,10.9968465774,0.602215230756
14.300944,-0.0357644562901,10.158507798,1.2162079243,0.865196362836,10.9240348752,0.637574347493
14.30261,0.0103803333768,10.2038886733,1.26158879953,0.900555479573,10.9968465774,0.602215230756
14.304276,-0.0819092459569,10.1131269228,1.12544617383,0.865196362836,10.9604407263,0.566856114019
14.305942,-0.0357644562901,10.158507798,1.17082704906,0.93591459631,10.9604407263,0.566856114019
14.307608,-0.0357644562901,10.158507798,1.17082704906,0.93591459631,10.9968465774,0.602215230756
14.309274,-0.0357644562901,10.158507798,1.17082704906,0.865196362836,10.9240348752,0.566856114019
14.31094,-0.0357644562901,10.158507798,1.17082704906,0.865196362836,10.9240348752,0.566856114019
14.312606,0.102669912711,10.2492695485,1.26158879953,0.900555479573,10.9968465774,0.602215230756
14.314272,-0.0357644562901,10.1131269228,1.17082704906,0.829837246099,11.0332524286,0.708292580966
14.315938,-0.0357644562901,10.158507798,1.17082704906,0.900555479573,10.9968465774,0.602215230756
14.317604,-0.0357644562901,10.1131269228,1.17082704906,0.93591459631,10.9240348752,0.566856114019
14.31927,0.0565251230437,10.2038886733,1.26158879953,0.865196362836,10.9240348752,0.602215230756
14.320936,-0.0357644562901,10.1131269228,1.17082704906,0.93591459631,10.9968465774,0.602215230756
14.322602,-0.0357644562901,10.1131269228,1.17082704906,0.865196362836,10.9240348752,0.566856114019
14.324268,-0.0357644562901,10.1131269228,1.2162079243,0.900555479573,10.9604407263,0.602215230756
14.325934,0.102669912711,10.2038886733,1.2162079243,0.865196362836,10.9968465774,0.602215230756
14.3276,-0.0357644562901,10.1131269228,1.2162079243,0.900555479573,11.0332524286,0.743651697703
14.329266,0.0103803333768,10.1131269228,1.2162079243,0.93591459631,10.9604407263,0.637574347493
14.330932,0.0103803333768,10.1131269228,1.2162079243,0.93591459631,10.9240348752,0.602215230756
14.332598,0.0103803333768,10.1131269228,1.17082704906,0.93591459631,10.9240348752,0.602215230756
14.334264,0.0103803333768,10.1131269228,1.2162079243,0.93591459631,10.9968465774,0.602215230756
14.33593,0.0103803333768,10.1131269228,1.12544617383,0.794478129363,10.887629024,0.531496997282
14.337596,0.0103803333768,10.1131269228,1.17082704906,0.900555479573,10.9604407263,0.602215230756
14.339262,0.102669912711,10.2038886733,1.26158879953,0.93591459631,10.9240348752,0.637574347493
14.340928,-0.0357644562901,10.1131269228,1.12544617383,0.93591459631,11.0332524286,0.637574347493
14.342594,-0.0357644562901,10.1131269228,1.2162079243,0.93591459631,10.9604407263,0.637574347493
14.34426,0.0103803333768,10.0677460476,1.17082704906,0.93591459631,10.9240348752,0.602215230756
14.345926,0.0103803333768,10.1131269228,1.17082704906,0.900555479573,10.9240348752,0.602215230756
14.347592,0.0103803333768,10.1131269228,1.12544617383,0.93591459631,10.9968465774,0.637574347493
14.349258,0.0103803333768,10.1131269228,1.17082704906,0.865196362836,10.887629024,0.566856114019
14.350924,0.0103803333768,10.1131269228,1.17082704906,0.93591459631,10.9604407263,0.637574347493
14.35259,0.0103803333768,10.1131269228,1.08006529859,0.900555479573,10.9240348752,0.602215230756
14.354256,0.0565251230437,10.1131269228,1.2162079243,1.04199194652,11.0332524286,0.637574347493
14.355922,0.0565251230437,10.1131269228,1.17082704906,0.93591459631,10.9968465774,0.67293346423
14.357588,0.0565251230437,10.1131269228,1.17082704906,0.93591459631,10.9604407263,0.602215230756
14.359254,0.148814702377,10.2038886733,1.17082704906,0.794478129363,10.9604407263,0.602215230756
14.36092,0.102669912711,10.158507798,1.26158879953,0.971273713047,10.9968465774,0.637574347493
14.362586,0.0565251230437,10.1131269228,1.17082704906,0.865196362836,10.9240348752,0.566856114019
14.364252,0.0103803333768,10.0677460476,1.08006529859,0.829837246099,10.9604407263,0.637574347493
14.365918,0.0565251230437,10.0677460476,1.17082704906,0.93591459631,10.9968465774,0.637574347493
14.367584,0.0103803333768,10.1131269228,1.17082704906,0.971273713047,11.0696582797,0.67293346423
14.36925,0.0103803333768,10.1131269228,1.17082704906,0.93591459631,10.9604407263,0.637574347493
14.370916,0.0103803333768,10.1131269228,1.12544617383,0.865196362836,10.9240348752,0.602215230756
14.372582,0.0103803333768,10.0677460476,1.17082704906,0.900555479573,10.9240348752,0.637574347493
14.374248,0.0103803333768,10.1131269228,1.17082704906,0.93591459631,10.9968465774,0.637574347493
14.375914,0.0565251230437,10.1131269228,1.17082704906,0.865196362836,10.9240348752,0.602215230756
14.37758,0.0103803333768,10.0677460476,1.12544617383,0.93591459631,10.9604407263,0.637574347493
14.379246,0.0103803333768,10.1131269228,1.17082704906,0.900555479573,10.9604407263,0.637574347493
14.380912,0.0565251230437,10.1131269228,1.17082704906,0.971273713047,10.9968465774,0.637574347493
14.382578,0.102669912711,10.2038886733,1.2162079243,0.865196362836,10.9604407263,0.637574347493
14.384244,0.0565251230437,10.1131269228,1.2162079243,0.829837246099,10.887629024,0.566856114019
14.38591,0.0103803333768,10.0677460476,1.12544617383,0.900555479573,10.9604407263,0.637574347493
14.387576,0.0103803333768,10.0677460476,1.08006529859,0.93591459631,10.9968465774,0.637574347493
14.389242,0.0103803333768,10.1131269228,1.12544617383,0.794478129363,10.9240348752,0.708292580966
14.390908,0.0103803333768,10.1131269228,1.12544617383,0.93591459631,10.9604407263,0.637574347493
14.392574,-0.0357644562901,10.0677460476,1.12544617383,0.865196362836,10.9604407263,0.602215230756
14.39424,0.102669912711,10.2038886733,1.26158879953,0.900555479573,10.9240348752,0.602215230756
14.395906,-0.0357644562901,10.1131269228,1.12544617383,0.93591459631,10.9968465774,0.637574347493
14.397572,0.0103803333768,10.1131269228,1.17082704906,0.829837246099,10.887629024,0.566856114019
14.399238,0.0103803333768,10.1131269228,1.12544617383,0.794478129363,10.9240348752,0.602215230756
14.400904,-0.0357644562901,10.1131269228,1.12544617383,0.865196362836,10.9604407263,0.637574347493
14.40257,-0.0357644562901,10.1131269228,1.12544617383,0.93591459631,11.0696582797,0.67293346423
14.404236,-0.0357644562901,10.1131269228,1.17082704906,0.865196362836,10.9968465774,0.602215230756
14.405902,-0.0357644562901,10.1131269228,1.12544617383,0.794478129363,10.9604407263,0.602215230756
14.407568,-0.0357644562901,10.1131269228,1.12544617383,0.865196362836,10.9240348752,0.566856114019
14.409234,-0.0357644562901,10.1131269228,1.12544617383,0.865196362836,10.9968465774,0.602215230756
14.4109,-0.0357644562901,10.1131269228,1.12544617383,0.794478129363,10.887629024,0.531496997282
14.412566,-0.0357644562901,10.1131269228,1.12544617383,0.865196362836,10.9604407263,0.602215230756
14.414232,-0.0357644562901,10.1131269228,1.12544617383,0.829837246099,10.9604407263,0.602215230756
14.415898,0.0103803333768,10.158507798,1.17082704906,0.865196362836,11.1060641308,0.67293346423
14.417564,0.0565251230437,10.2038886733,1.2162079243,0.865196362836,10.9240348752,0.602215230756
14.41923,-0.0357644562901,10.158507798,1.12544617383,0.794478129363,10.9240348752,0.566856114019
14.420896,-0.0357644562901,10.1131269228,1.08006529859,0.759119012626,10.887629024,0.566856114019
14.422562,-0.0357644562901,10.1131269228,1.17082704906,0.900555479573,10.9240348752,0.602215230756
14.424228,-0.0357644562901,10.158507798,1.17082704906,0.794478129363,10.887629024,0.496137880546
14.425894,-0.0357644562901,10.1131269228,1.12544617383,0.900555479573,10.9240348752,0.602215230756
14.42756,-0.0819092459569,10.1131269228,1.08006529859,0.865196362836,10.9240348752,0.566856114019
14.429226,0.0565251230437,10.2038886733,1.26158879953,0.93591459631,10.9604407263,0.566856114019
14.430892,-0.0357644562901,10.1131269228,1.12544617383,0.865196362836,10.9240348752,0.566856114019
14.432558,-0.0819092459569,10.1131269228,1.12544617383,0.794478129363,10.9240348752,0.496137880546
14.434224,-0.0357644562901,10.1131269228,1.12544617383,0.865196362836,10.887629024,0.566856114019
14.43589,-0.0357644562901,10.158507798,1.12544617383,0.829837246099,10.9604407263,0.602215230756
14.437556,-0.0819092459569,10.1131269228,1.17082704906,0.794478129363,10.8512231729,0.566856114019
14.439222,-0.0819092459569,10.1131269228,1.17082704906,0.900555479573,10.9240348752,0.566856114019
14.440888,-0.0819092459569,10.1131269228,1.12544617383,0.794478129363,10.9240348752,0.566856114019
14.442554,-0.0819092459569,10.1131269228,1.17082704906,0.93591459631,10.9240348752,0.566856114019
14.44422,-0.0357644562901,10.158507798,1.12544617383,0.865196362836,10.9240348752,0.566856114019
14.445886,-0.0819092459569,10.158507798,1.12544617383,0.794478129363,10.887629024,0.531496997282
14.447552,-0.0819092459569,10.1131269228,1.12544617383,0.865196362836,10.887629024,0.566856114019
14.449218,-0.0819092459569,10.0677460476,1.12544617383,0.865196362836,10.9240348752,0.602215230756
14.450884,-0.0819092459569,10.1131269228,1.12544617383,0.759119012626,10.887629024,0.602215230756
14.45255,0.0103803333768,10.2038886733,1.2162079243,0.865196362836,10.9240348752,0.566856114019
14.454216,0.0103803333768,10.2038886733,1.2162079243,0.829837246099,10.9240348752,0.566856114019
14.455882,0.0103803333768,10.2038886733,1.2162079243,0.93591459631,10.9604407263,0.566856114019
14.457548,-0.0819092459569,10.0677460476,1.12544617383,0.900555479573,10.9240348752,0.566856114019
14.459214,-0.0819092459569,10.1131269228,1.12544617383,0.759119012626,10.8512231729,0.460778763809
14.46088,-0.0819092459569,10.1131269228,1.17082704906,0.794478129363,10.9240348752,0.566856114019
14.462546,-0.0819092459569,10.1131269228,1.17082704906,0.865196362836,10.9240348752,0.531496997282
14.464212,-0.0819092459569,10.1131269228,1.17082704906,0.900555479573,10.9604407263,0.531496997282
14.465878,-0.0819092459569,10.1131269228,1.12544617383,0.865196362836,10.9240348752,0.566856114019
14.467544,-0.0819092459569,10.1131269228,1.12544617383,0.829837246099,10.8512231729,0.460778763809
14.46921,-0.0819092459569,10.1131269228,1.12544617383,0.829837246099,10.9240348752,0.566856114019
14.470876,-0.0819092459569,10.1131269228,1.17082704906,0.865196362836,10.9240348752,0.496137880546
14.472542,-0.0819092459569,10.1131269228,1.17082704906,0.93591459631,10.9240348752,0.531496997282
14.474208,-0.0357644562901,10.1131269228,1.17082704906,0.900555479573,10.9604407263,0.566856114019
14.475874,0.0103803333768,10.2038886733,1.26158879953,0.829837246099,10.887629024,0.496137880546
14.47754,-0.0819092459569,10.0677460476,1.12544617383,0.865196362836,10.887629024,0.496137880546
14.479206,-0.0819092459569,10.1131269228,1.17082704906,0.865196362836,10.9240348752,0.566856114019
14.480872,-0.0819092459569,10.1131269228,1.17082704906,0.829837246099,10.887629024,0.637574347493
14.482538,-0.0819092459569,10.1131269228,1.17082704906,0.865196362836,10.9240348752,0.566856114019
14.484204,-0.0819092459569,10.1131269228,1.17082704906,0.829837246099,10.9240348752,0.531496997282
14.48587,-0.0819092459569,10.1131269228,1.12544617383,0.865196362836,10.9240348752,0.531496997282
14.487536,-0.0357644562901,10.1131269228,1.17082704906,0.865196362836,10.9240348752,0.566856114019
14.489202,-0.0819092459569,10.1131269228,1.17082704906,0.865196362836,10.887629024,0.496137880546
14.490868,-0.0819092459569,10.1131269228,1.12544617383,0.829837246099,10.9240348752,0.531496997282
14.492534,-0.0819092459569,10.1131269228,1.12544617383,0.900555479573,10.9240348752,0.566856114019
14.4942,-0.0357644562901,10.1131269228,1.17082704906,0.759119012626,10.887629024,0.637574347493
14.495866,-0.0819092459569,10.1131269228,1.12544617383,0.865196362836,10.9240348752,0.566856114019
14.497532,-0.0357644562901,10.1131269228,1.12544617383,0.829837246099,10.9240348752,0.566856114019
14.499198,-0.0819092459569,10.1131269228,1.12544617383,0.829837246099,10.9240348752,0.496137880546
14.500864,0.0565251230437,10.2038886733,1.2162079243,0.865196362836,10.9240348752,0.566856114019
14.50253,-0.0819092459569,10.1131269228,1.12544617383,0.829837246099,10.8512231729,0.496137880546
14.504196,-0.0357644562901,10.1131269228,1.17082704906,0.865196362836,10.9240348752,0.531496997282
14.505862,-0.0819092459569,10.1131269228,1.12544617383,0.865196362836,10.9240348752,0.566856114019
14.507528,0.0565251230437,10.2038886733,1.2162079243,0.829837246099,10.9968465774,0.637574347493
14.509194,-0.0819092459569,10.1131269228,1.12544617383,0.865196362836,10.9604407263,0.602215230756
14.51086,-0.0357644562901,10.1131269228,1.17082704906,0.865196362836,10.9240348752,0.566856114019
14.512526,-0.0357644562901,10.1131269228,1.12544617383,0.865196362836,10.9240348752,0.566856114019
14.514192,-0.0357644562901,10.1131269228,1.12544617383,0.900555479573,10.9604407263,0.602215230756
14.515858,-0.0357644562901,10.1131269228,1.17082704906,0.794478129363,10.887629024,0.496137880546
14.517524,-0.0357644562901,10.1131269228,1.12544617383,0.865196362836,10.9604407263,0.566856114019
14.51919,-0.0357644562901,10.1131269228,1.17082704906,0.829837246099,10.9604407263,0.602215230756
14.520856,-0.0357644562901,10.0677460476,1.12544617383,0.93591459631,11.0332524286,0.637574347493
14.522522,-0.0357644562901,10.1131269228,1.12544617383,0.865196362836,10.9240348752,0.602215230756
14.524188,-0.0357644562901,10.1131269228,1.12544617383,0.829837246099,10.887629024,0.531496997282
14.525854,-0.0357644562901,10.1131269228,1.12544617383,0.829837246099,10.9240348752,0.566856114019
14.52752,-0.0357644562901,10.1131269228,1.12544617383,0.900555479573,10.9604407263,0.602215230756
14.529186,-0.0357644562901,10.1131269228,1.12544617383,0.794478129363,10.887629024,0.637574347493
14.530852,-0.0357644562901,10.0677460476,1.12544617383,0.865196362836,10.9968465774,0.602215230756
14.532518,-0.0357644562901,10.1131269228,1.12544617383,0.900555479573,10.9240348752,0.566856114019
14.534184,-0.0357644562901,10.1131269228,1.12544617383,0.900555479573,10.9240348752,0.566856114019
14.53585,-0.0357644562901,10.1131269228,1.12544617383,0.865196362836,10.9968465774,0.602215230756
14.537516,-0.0357644562901,10.1131269228,1.12544617383,0.794478129363,10.887629024,0.531496997282
14.539182,-0.0357644562901,10.1131269228,1.12544617383,0.900555479573,10.9968465774,0.602215230756
14.540848,0.0103803333768,10.1131269228,1.17082704906,0.900555479573,10.9604407263,0.602215230756
14.542514,0.0103803333768,10.1131269228,1.12544617383,0.93591459631,11.0332524286,0.637574347493
14.54418,-0.0357644562901,10.1131269228,1.12544617383,0.865196362836,10.9604407263,0.602215230756
14.545846,-0.0357644562901,10.1131269228,1.12544617383,0.829837246099,10.887629024,0.602215230756
14.547512,0.0103803333768,10.1131269228,1.12544617383,0.900555479573,10.9240348752,0.602215230756
14.549178,0.0103803333768,10.1131269228,1.12544617383,0.865196362836,10.9968465774,0.602215230756
14.550844,0.0103803333768,10.1131269228,1.12544617383,0.865196362836,11.0696582797,0.743651697703
14.55251,0.0565251230437,10.2038886733,1.17082704906,0.900555479573,10.9968465774,0.602215230756
14.554176,0.0565251230437,10.158507798,1.17082704906,0.865196362836,10.9240348752,0.602215230756
14.555842,0.0103803333768,10.1131269228,1.12544617383,0.829837246099,10.9240348752,0.602215230756
14.557508,0.102669912711,10.2038886733,1.2162079243,0.865196362836,10.9968465774,0.637574347493
14.559174,-0.0357644562901,10.1131269228,1.12544617383,0.794478129363,10.9240348752,0.531496997282
14.56084,0.0103803333768,10.1131269228,1.17082704906,0.865196362836,10.9604407263,0.602215230756
14.562506,0.0103803333768,10.1131269228,1.12544617383,0.865196362836,10.9968465774,0.602215230756
14.564172,0.0103803333768,10.1131269228,1.12544617383,0.93591459631,10.9968465774,0.637574347493
14.565838,0.0565251230437,10.158507798,1.17082704906,0.900555479573,11.0332524286,0.637574347493
14.567504,0.0103803333768,10.1131269228,1.17082704906,0.865196362836,10.9240348752,0.566856114019
14.56917,0.0565251230437,10.158507798,1.2162079243,0.865196362836,10.9968465774,0.602215230756
14.570836,-0.0357644562901,10.1131269228,1.17082704906,0.93591459631,10.9968465774,0.602215230756
14.572502,0.0103803333768,10.1131269228,1.12544617383,0.93591459631,11.0696582797,0.743651697703
14.574168,0.0103803333768,10.1131269228,1.12544617383,0.900555479573,11.0332524286,0.637574347493
14.575834,0.0103803333768,10.1131269228,1.17082704906,0.865196362836,10.9604407263,0.602215230756
14.5775,0.0103803333768,10.1131269228,1.12544617383,0.865196362836,10.9604407263,0.602215230756
14.579166,0.102669912711,10.2038886733,1.2162079243,0.900555479573,11.0332524286,0.637574347493
14.580832,0.0103803333768,10.1131269228,1.17082704906,0.865196362836,11.0332524286,0.77901081444
14.582498,0.0103803333768,10.1131269228,1.17082704906,0.93591459631,10.9968465774,0.637574347493
14.584164,0.0103803333768,10.1131269228,1.17082704906,0.900555479573,10.9968465774,0.602215230756
14.58583,0.0565251230437,10.158507798,1.17082704906,0.900555479573,10.9604407263,0.602215230756
14.587496,0.0103803333768,10.1131269228,1.12544617383,0.900555479573,10.9968465774,0.637574347493
14.589162,-0.0357644562901,10.1131269228,1.08006529859,0.829837246099,10.9240348752,0.566856114019
14.590828,0.0103803333768,10.1131269228,1.17082704906,0.900555479573,10.9604407263,0.602215230756
14.592494,0.102669912711,10.2038886733,1.2162079243,0.93591459631,10.9968465774,0.637574347493
14.59416,0.0103803333768,10.1131269228,1.12544617383,0.829837246099,11.0332524286,0.708292580966
14.595826,-0.0357644562901,10.1131269228,1.12544617383,0.865196362836,10.9968465774,0.637574347493
14.597492,-0.0357644562901,10.1131269228,1.17082704906,0.865196362836,10.9604407263,0.566856114019
14.599158,-0.0357644562901,10.1131269228,1.17082704906,0.900555479573,10.9240348752,0.602215230756
14.600824,-0.0357644562901,10.1131269228,1.17082704906,0.900555479573,10.9968465774,0.637574347493
14.60249,0.0103803333768,10.1131269228,1.17082704906,0.865196362836,10.9240348752,0.566856114019
14.604156,0.0103803333768,10.1131269228,1.17082704906,0.93591459631,10.9240348752,0.602215230756
14.605822,-0.0357644562901,10.158507798,1.17082704906,0.900555479573,10.9968465774,0.602215230756
14.607488,-0.0357644562901,10.1131269228,1.17082704906,1.00663282978,11.0696582797,0.67293346423
14.609154,0.0103803333768,10.158507798,1.17082704906,0.93591459631,10.9968465774,0.637574347493
14.61082,-0.0357644562901,10.1131269228,1.17082704906,0.865196362836,10.9240348752,0.566856114019
14.612486,0.0103803333768,10.158507798,1.17082704906,0.865196362836,10.9604407263,0.602215230756
14.614152,0.0565251230437,10.2038886733,1.26158879953,0.93591459631,10.9968465774,0.637574347493
14.615818,-0.0357644562901,10.1131269228,1.17082704906,0.794478129363,10.887629024,0.566856114019
14.617484,-0.0357644562901,10.1131269228,1.17082704906,0.93591459631,10.9604407263,0.602215230756
14.61915,0.0565251230437,10.2038886733,1.26158879953,0.93591459631,10.9968465774,0.602215230756
14.620816,-0.0357644562901,10.1131269228,1.12544617383,0.900555479573,10.9604407263,0.602215230756
14.622482,-0.0357644562901,10.1131269228,1.17082704906,0.93591459631,10.9604407263,0.602215230756
14.624148,-0.0357644562901,10.1131269228,1.17082704906,0.900555479573,10.9240348752,0.531496997282
14.625814,-0.0357644562901,10.1131269228,1.17082704906,0.865196362836,10.9240348752,0.602215230756
14.62748,-0.0357644562901,10.1131269228,1.17082704906,0.93591459631,10.9968465774,0.602215230756
14.629146,-0.0357644562901,10.1131269228,1.17082704906,0.829837246099,10.9240348752,0.637574347493
14.630812,-0.0357644562901,10.1131269228,1.17082704906,0.93591459631,10.9240348752,0.602215230756
14.632478,-0.0357644562901,10.1131269228,1.17082704906,0.93591459631,10.9240348752,0.566856114019
14.634144,-0.0357644562901,10.158507798,1.2162079243,0.93591459631,10.9604407263,0.602215230756
14.63581,-0.0357644562901,10.1131269228,1.17082704906,0.93591459631,10.9604407263,0.602215230756
14.637476,-0.0819092459569,10.1131269228,1.12544617383,0.865196362836,10.9240348752,0.496137880546
14.639142,0.0565251230437,10.2038886733,1.26158879953,0.93591459631,10.9240348752,0.566856114019
14.640808,0.0103803333768,10.2038886733,1.17082704906,0.900555479573,10.9604407263,0.602215230756
14.642474,-0.0357644562901,10.1131269228,1.17082704906,0.865196362836,10.9240348752,0.67293346423
14.64414,-0.0357644562901,10.1131269228,1.17082704906,0.93591459631,10.9604407263,0.602215230756
14.645806,-0.0357644562901,10.1131269228,1.17082704906,0.865196362836,10.9240348752,0.566856114019
14.647472,-0.0357644562901,10.1131269228,1.2162079243,0.93591459631,10.9240348752,0.566856114019
14.649138,-0.0357644562901,10.158507798,1.2162079243,0.93591459631,10.9604407263,0.566856114019
14.650804,-0.0357644562901,10.1131269228,1.2162079243,0.829837246099,10.887629024,0.460778763809
14.65247,-0.0819092459569,10.158507798,1.2162079243,0.93591459631,10.9240348752,0.566856114019
14.654136,-0.0357644562901,10.1131269228,1.17082704906,0.93591459631,10.9240348752,0.566856114019
14.655802,-0.0357644562901,10.158507798,1.17082704906,0.900555479573,10.9604407263,0.566856114019
14.657468,0.0565251230437,10.2492695485,1.26158879953,0.900555479573,10.9604407263,0.602215230756
14.659134,-0.0357644562901,10.158507798,1.2162079243,0.865196362836,10.887629024,0.496137880546
14.6608,0.0103803333768,10.2038886733,1.2162079243,0.865196362836,10.9240348752,0.531496997282
14.662466,-0.0819092459569,10.158507798,1.2162079243,0.93591459631,10.9240348752,0.566856114019
14.664132,-0.0357644562901,10.1131269228,1.17082704906,0.900555479573,11.0332524286,0.67293346423
14.665798,-0.0819092459569,10.1131269228,1.17082704906,0.93591459631,10.9604407263,0.566856114019
14.667464,-0.0819092459569,10.1131269228,1.17082704906,0.865196362836,10.9240348752,0.566856114019
14.66913,-0.0819092459569,10.1131269228,1.17082704906,0.93591459631,10.9240348752,0.531496997282
14.670796,-0.0819092459569,10.1131269228,1.12544617383,0.900555479573,10.9604407263,0.602215230756
14.672462,0.0103803333768,10.2038886733,1.2162079243,0.829837246099,10.887629024,0.496137880546
14.674128,-0.0819092459569,10.1131269228,1.2162079243,0.865196362836,10.9240348752,0.531496997282
14.675794,-0.0357644562901,10.158507798,1.2162079243,0.93591459631,10.9240348752,0.566856114019
14.67746,-0.0819092459569,10.1131269228,1.12544617383,0.93591459631,10.9968465774,0.566856114019
14.679126,-0.0357644562901,10.1131269228,1.2162079243,0.900555479573,10.9240348752,0.566856114019
14.680792,-0.0357644562901,10.158507798,1.17082704906,0.865196362836,10.887629024,0.496137880546
14.682458,-0.0819092459569,10.1131269228,1.17082704906,0.900555479573,10.9240348752,0.566856114019
14.684124,-0.0819092459569,10.1131269228,1.12544617383,0.865196362836,10.9240348752,0.566856114019
14.68579,-0.0819092459569,10.1131269228,1.17082704906,0.971273713047,11.0332524286,0.637574347493
14.687456,-0.0819092459569,10.1131269228,1.2162079243,0.900555479573,10.9968465774,0.566856114019
14.689122,-0.0357644562901,10.1131269228,1.2162079243,0.900555479573,10.9240348752,0.531496997282
14.690788,-0.0819092459569,10.1131269228,1.2162079243,0.900555479573,10.9240348752,0.531496997282
14.692454,-0.0819092459569,10.1131269228,1.12544617383,0.865196362836,10.9968465774,0.566856114019
14.69412,-0.0357644562901,10.158507798,1.17082704906,0.865196362836,10.887629024,0.496137880546
14.695786,-0.0357644562901,10.158507798,1.17082704906,0.865196362836,10.9240348752,0.566856114019
14.697452,-0.0819092459569,10.1131269228,1.17082704906,0.93591459631,10.9604407263,0.566856114019
14.699118,-0.0357644562901,10.158507798,1.17082704906,1.04199194652,11.0332524286,0.602215230756
14.700784,-0.0357644562901,10.158507798,1.12544617383,0.900555479573,10.9968465774,0.566856114019
14.70245,-0.0357644562901,10.158507798,1.17082704906,0.865196362836,10.887629024,0.496137880546
14.704116,-0.0357644562901,10.1131269228,1.17082704906,0.865196362836,10.9240348752,0.602215230756
14.705782,-0.0819092459569,10.1131269228,1.12544617383,0.865196362836,10.9604407263,0.566856114019
14.707448,-0.0357644562901,10.1131269228,1.17082704906,0.865196362836,11.0332524286,0.67293346423
14.709114,-0.0357644562901,10.1131269228,1.2162079243,0.865196362836,10.9604407263,0.602215230756
14.71078,-0.0357644562901,10.1131269228,1.17082704906,0.865196362836,10.9604407263,0.566856114019
14.712446,0.0565251230437,10.2038886733,1.26158879953,0.93591459631,10.9240348752,0.602215230756
14.714112,-0.0357644562901,10.1131269228,1.17082704906,0.900555479573,10.9968465774,0.602215230756
14.715778,-0.0357644562901,10.1131269228,1.17082704906,0.829837246099,10.887629024,0.531496997282
14.717444,0.102669912711,10.2492695485,1.26158879953,0.900555479573,10.9604407263,0.566856114019
14.71911,-0.0357644562901,10.1131269228,1.17082704906,0.900555479573,10.9604407263,0.602215230756
14.720776,-0.0357644562901,10.1131269228,1.17082704906,1.00663282978,11.0332524286,0.637574347493
14.722442,0.0103803333768,10.158507798,1.2162079243,0.900555479573,10.9968465774,0.602215230756
14.724108,-0.0357644562901,10.1131269228,1.12544617383,0.865196362836,10.9240348752,0.531496997282
14.725774,-0.0357644562901,10.158507798,1.17082704906,0.865196362836,10.9240348752,0.566856114019
14.72744,-0.0357644562901,10.158507798,1.17082704906,0.93591459631,10.9968465774,0.602215230756
14.729106,0.0103803333768,10.158507798,1.17082704906,0.865196362836,10.887629024,0.637574347493
14.730772,0.0103803333768,10.158507798,1.2162079243,0.93591459631,10.9604407263,0.602215230756
14.732438,-0.0357644562901,10.1131269228,1.17082704906,0.900555479573,10.9604407263,0.602215230756
14.734104,0.0103803333768,10.1131269228,1.17082704906,0.971273713047,10.9968465774,0.602215230756
14.73577,-0.0357644562901,10.158507798,1.12544617383,0.865196362836,10.9968465774,0.637574347493
14.737436,-0.0357644562901,10.1131269228,1.12544617383,0.794478129363,10.887629024,0.566856114019
14.739102,0.0565251230437,10.158507798,1.2162079243,0.900555479573,10.9604407263,0.602215230756
14.740768,0.0103803333768,10.1131269228,1.17082704906,0.93591459631,10.9968465774,0.602215230756
14.742434,0.0103803333768,10.1131269228,1.17082704906,0.794478129363,10.8512231729,0.637574347493
14.7441,-0.0357644562901,10.0677460476,1.17082704906,0.865196362836,10.9968465774,0.637574347493
14.745766,0.0565251230437,10.1131269228,1.17082704906,0.900555479573,10.9240348752,0.602215230756
14.747432,0.0103803333768,10.1131269228,1.17082704906,0.93591459631,10.9968465774,0.637574347493
14.749098,0.0103803333768,10.1131269228,1.12544617383,0.900555479573,10.9968465774,0.602215230756
14.750764,0.0103803333768,10.1131269228,1.12544617383,0.829837246099,10.9240348752,0.602215230756
14.75243,0.0103803333768,10.0677460476,1.12544617383,0.829837246099,10.9240348752,0.602215230756
14.754096,0.0103803333768,10.1131269228,1.17082704906,0.93591459631,10.9968465774,0.637574347493
14.755762,0.0103803333768,10.1131269228,1.08006529859,0.829837246099,10.887629024,0.602215230756
14.757428,0.0103803333768,10.1131269228,1.12544617383,0.865196362836,10.9604407263,0.602215230756
14.759094,0.0103803333768,10.1131269228,1.12544617383,0.865196362836,10.9240348752,0.602215230756
14.76076,0.0103803333768,10.1131269228,1.12544617383,0.865196362836,10.9240348752,0.602215230756
14.762426,0.0103803333768,10.1131269228,1.12544617383,0.900555479573,10.9968465774,0.637574347493
14.764092,0.0103803333768,10.1131269228,1.12544617383,0.794478129363,10.887629024,0.602215230756
14.765758,0.0103803333768,10.1131269228,1.12544617383,0.865196362836,10.9604407263,0.637574347493
14.767424,0.0103803333768,10.0677460476,1.12544617383,0.900555479573,10.9604407263,0.637574347493
14.76909,0.0103803333768,10.0677460476,1.12544617383,0.93591459631,10.9604407263,0.637574347493
14.770756,0.0103803333768,10.0677460476,1.12544617383,0.829837246099,10.9240348752,0.637574347493
14.772422,0.102669912711,10.158507798,1.2162079243,0.865196362836,10.887629024,0.566856114019
14.774088,0.102669912711,10.158507798,1.2162079243,0.865196362836,10.9240348752,0.637574347493
14.775754,0.0103803333768,10.1131269228,1.12544617383,0.900555479573,10.9240348752,0.637574347493
14.77742,0.0565251230437,10.0677460476,1.12544617383,0.93591459631,11.0696582797,0.743651697703
14.779086,0.0565251230437,10.1131269228,1.17082704906,0.900555479573,10.9240348752,0.637574347493
14.780752,0.0565251230437,10.0677460476,1.17082704906,0.865196362836,10.9240348752,0.602215230756
14.782418,0.0103803333768,10.1131269228,1.12544617383,0.900555479573,10.9240348752,0.602215230756
14.784084,0.0565251230437,10.0677460476,1.17082704906,0.900555479573,10.9604407263,0.637574347493
14.78575,0.148814702377,10.2038886733,1.2162079243,0.829837246099,10.887629024,0.566856114019
14.787416,0.0565251230437,10.0677460476,1.17082704906,0.900555479573,10.9604407263,0.637574347493
14.789082,0.148814702377,10.158507798,1.26158879953,0.865196362836,10.9604407263,0.602215230756
14.790748,0.0103803333768,10.0677460476,1.12544617383,0.93591459631,10.9968465774,0.67293346423
14.792414,0.0103803333768,10.0677460476,1.12544617383,0.900555479573,10.9604407263,0.637574347493
14.79408,0.0565251230437,10.0677460476,1.17082704906,0.865196362836,10.887629024,0.566856114019
14.795746,0.0103803333768,10.1131269228,1.17082704906,0.900555479573,10.887629024,0.637574347493
14.797412,0.0103803333768,10.0677460476,1.12544617383,0.900555479573,10.9604407263,0.637574347493
14.799078,0.0103803333768,10.0677460476,1.12544617383,0.794478129363,10.8512231729,0.566856114019
14.800744,0.0103803333768,10.0677460476,1.12544617383,0.900555479573,10.9240348752,0.637574347493
14.80241,0.0103803333768,10.0677460476,1.12544617383,0.865196362836,10.9240348752,0.602215230756
14.804076,-0.0357644562901,10.0677460476,1.12544617383,0.93591459631,10.9604407263,0.637574347493
14.805742,0.102669912711,10.158507798,1.2162079243,0.900555479573,10.9604407263,0.637574347493
14.807408,0.0565251230437,10.1131269228,1.17082704906,0.865196362836,10.887629024,0.566856114019
14.809074,0.0103803333768,10.0677460476,1.17082704906,0.900555479573,10.9240348752,0.602215230756
14.81074,0.0103803333768,10.1131269228,1.17082704906,0.900555479573,10.9240348752,0.637574347493
14.812406,0.0103803333768,10.1131269228,1.17082704906,0.794478129363,10.9240348752,0.743651697703
14.814072,-0.0357644562901,10.0677460476,1.17082704906,0.900555479573,10.9240348752,0.602215230756
14.815738,0.0103803333768,10.0677460476,1.12544617383,0.794478129363,10.9240348752,0.602215230756
14.817404,0.0565251230437,10.1131269228,1.12544617383,0.865196362836,10.9240348752,0.602215230756
14.81907,0.0565251230437,10.1131269228,1.2162079243,0.900555479573,10.9240348752,0.637574347493
14.820736,-0.0357644562901,10.0677460476,1.12544617383,0.865196362836,10.887629024,0.531496997282
14.822402,0.0103803333768,10.1131269228,1.17082704906,0.865196362836,10.887629024,0.602215230756
14.824068,-0.0357644562901,10.0677460476,1.12544617383,0.900555479573,10.9240348752,0.637574347493
14.825734,0.102669912711,10.2038886733,1.2162079243,0.829837246099,10.9604407263,0.708292580966
14.8274,-0.0357644562901,10.0677460476,1.12544617383,0.900555479573,10.9240348752,0.602215230756
14.829066,-0.0357644562901,10.1131269228,1.17082704906,0.900555479573,10.9240348752,0.602215230756
14.830732,-0.0357644562901,10.1131269228,1.17082704906,0.900555479573,10.887629024,0.602215230756
14.832398,0.0565251230437,10.2038886733,1.2162079243,0.900555479573,10.9240348752,0.637574347493
14.834064,-0.0357644562901,10.1131269228,1.17082704906,0.829837246099,10.8148173218,0.602215230756
14.83573,-0.0357644562901,10.1131269228,1.12544617383,0.829837246099,10.9240348752,0.602215230756
14.837396,-0.0819092459569,10.1131269228,1.12544617383,0.865196362836,10.9240348752,0.602215230756
14.839062,-0.0819092459569,10.0677460476,1.12544617383,0.93591459631,10.9240348752,0.566856114019
14.840728,-0.0819092459569,10.1131269228,1.12544617383,0.900555479573,10.9240348752,0.602215230756
14.842394,0.0565251230437,10.2038886733,1.26158879953,0.865196362836,10.887629024,0.566856114019
14.84406,-0.0357644562901,10.1131269228,1.17082704906,0.865196362836,10.9240348752,0.566856114019
14.845726,-0.0819092459569,10.1131269228,1.17082704906,0.900555479573,10.9240348752,0.566856114019
14.847392,-0.0357644562901,10.1131269228,1.12544617383,0.93591459631,10.9968465774,0.602215230756
14.849058,-0.0819092459569,10.1131269228,1.12544617383,0.865196362836,10.9240348752,0.602215230756
14.850724,-0.0819092459569,10.1131269228,1.17082704906,0.900555479573,10.9240348752,0.566856114019
14.85239,-0.0357644562901,10.1131269228,1.17082704906,0.865196362836,10.9240348752,0.566856114019
14.854056,-0.0357644562901,10.158507798,1.2162079243,0.93591459631,10.9604407263,0.602215230756
14.855722,0.0565251230437,10.2492695485,1.26158879953,0.829837246099,10.887629024,0.496137880546
14.857388,0.0565251230437,10.2038886733,1.26158879953,0.900555479573,10.9240348752,0.566856114019
14.859054,0.0103803333768,10.158507798,1.2162079243,0.865196362836,10.9240348752,0.566856114019
14.86072,-0.0357644562901,10.158507798,1.2162079243,0.971273713047,10.9968465774,0.602215230756
14.862386,0.0565251230437,10.2492695485,1.30696967477,0.900555479573,10.9604407263,0.566856114019
14.864052,-0.0819092459569,10.158507798,1.17082704906,0.865196362836,10.887629024,0.531496997282
14.865718,-0.0357644562901,10.1131269228,1.17082704906,0.900555479573,10.9240348752,0.566856114019
14.867384,-0.0357644562901,10.158507798,1.2162079243,0.900555479573,10.9240348752,0.566856114019
14.86905,-0.0819092459569,10.158507798,1.17082704906,0.865196362836,10.887629024,0.460778763809
14.870716,-0.0819092459569,10.158507798,1.17082704906,0.900555479573,10.9604407263,0.566856114019
14.872382,-0.0357644562901,10.158507798,1.2162079243,0.900555479573,10.9240348752,0.566856114019
14.874048,0.0103803333768,10.2038886733,1.2162079243,0.93591459631,10.9604407263,0.566856114019
14.875714,0.0565251230437,10.2492695485,1.26158879953,0.93591459631,10.9604407263,0.602215230756
14.87738,-0.0819092459569,10.158507798,1.17082704906,0.900555479573,10.887629024,0.496137880546
14.879046,-0.0819092459569,10.1131269228,1.17082704906,0.900555479573,10.9604407263,0.531496997282
14.880712,-0.0819092459569,10.158507798,1.17082704906,0.93591459631,10.9604407263,0.566856114019
14.882378,-0.0819092459569,10.158507798,1.17082704906,0.93591459631,11.0696582797,0.637574347493
14.884044,0.0565251230437,10.2492695485,1.30696967477,0.93591459631,10.9604407263,0.566856114019
14.88571,-0.0819092459569,10.158507798,1.2162079243,0.93591459631,10.9604407263,0.566856114019
14.887376,-0.0819092459569,10.158507798,1.2162079243,0.93591459631,10.9240348752,0.531496997282
14.889042,-0.0357644562901,10.158507798,1.2162079243,0.93591459631,10.9968465774,0.566856114019
14.890708,-0.0357644562901,10.158507798,1.2162079243,0.900555479573,10.887629024,0.496137880546
14.892374,-0.0357644562901,10.158507798,1.2162079243,0.900555479573,10.9240348752,0.566856114019
14.89404,-0.0357644562901,10.158507798,1.2162079243,0.93591459631,10.9968465774,0.566856114019
14.895706,-0.0357644562901,10.158507798,1.17082704906,0.794478129363,10.887629024,0.602215230756
14.897372,-0.0819092459569,10.158507798,1.17082704906,0.93591459631,10.9604407263,0.602215230756
14.899038,0.0565251230437,10.2492695485,1.30696967477,0.93591459631,10.9968465774,0.566856114019
14.900704,-0.0357644562901,10.158507798,1.2162079243,1.00663282978,11.0332524286,0.566856114019
14.90237,-0.0357644562901,10.158507798,1.2162079243,0.971273713047,10.9604407263,0.602215230756
14.904036,-0.0357644562901,10.158507798,1.2162079243,0.900555479573,10.9240348752,0.531496997282
14.905702,-0.0357644562901,10.158507798,1.2162079243,0.865196362836,10.9604407263,0.566856114019
14.907368,-0.0819092459569,10.158507798,1.17082704906,0.93591459631,10.9968465774,0.602215230756
14.909034,-0.0357644562901,10.158507798,1.17082704906,0.865196362836,10.9968465774,0.637574347493
14.9107,-0.0357644562901,10.158507798,1.2162079243,0.93591459631,10.9240348752,0.602215230756
14.912366,-0.0357644562901,10.158507798,1.17082704906,0.93591459631,10.9968465774,0.531496997282
14.914032,-0.0819092459569,10.1131269228,1.17082704906,0.971273713047,10.9604407263,0.602215230756
14.915698,-0.0357644562901,10.158507798,1.17082704906,0.93591459631,10.9968465774,0.602215230756
14.917364,-0.0357644562901,10.2038886733,1.2162079243,0.900555479573,10.887629024,0.531496997282
14.91903,-0.0357644562901,10.158507798,1.17082704906,0.865196362836,10.9604407263,0.566856114019
14.920696,0.0565251230437,10.2492695485,1.30696967477,0.93591459631,10.9968465774,0.566856114019
14.922362,-0.0357644562901,10.1131269228,1.17082704906,0.900555479573,11.0332524286,0.708292580966
14.924028,-0.0357644562901,10.1131269228,1.2162079243,0.93591459631,10.9968465774,0.602215230756
14.925694,-0.0357644562901,10.158507798,1.2162079243,0.865196362836,10.9604407263,0.566856114019
14.92736,-0.0357644562901,10.158507798,1.2162079243,0.971273713047,10.9968465774,0.602215230756
14.929026,-0.0357644562901,10.158507798,1.2162079243,0.93591459631,10.9968465774,0.602215230756
14.930692,-0.0357644562901,10.1131269228,1.17082704906,0.900555479573,10.887629024,0.531496997282
14.932358,0.0565251230437,10.2038886733,1.26158879953,0.93591459631,10.9968465774,0.602215230756
14.934024,-0.0357644562901,10.1131269228,1.17082704906,0.93591459631,10.9968465774,0.602215230756
14.93569,0.0103803333768,10.158507798,1.2162079243,0.971273713047,10.9604407263,0.602215230756
14.937356,-0.0357644562901,10.1131269228,1.2162079243,0.971273713047,10.9968465774,0.602215230756
14.939022,-0.0357644562901,10.158507798,1.2162079243,0.900555479573,10.9240348752,0.566856114019
14.940688,0.0565251230437,10.2492695485,1.26158879953,0.93591459631,10.9968465774,0.637574347493
14.942354,-0.0357644562901,10.1131269228,1.17082704906,0.93591459631,10.9968465774,0.602215230756
14.94402,-0.0357644562901,10.1131269228,1.17082704906,0.900555479573,11.0332524286,0.743651697703
14.945686,0.0103803333768,10.1131269228,1.2162079243,0.93591459631,10.9968465774,0.637574347493
14.947352,0.0103803333768,10.1131269228,1.2162079243,0.93591459631,10.9968465774,0.602215230756
14.949018,0.0565251230437,10.158507798,1.26158879953,0.971273713047,10.9604407263,0.602215230756
14.950684,0.0103803333768,10.158507798,1.17082704906,0.93591459631,10.9968465774,0.637574347493
14.95235,-0.0357644562901,10.1131269228,1.17082704906,0.93591459631,10.9240348752,0.566856114019
14.954016,0.0103803333768,10.1131269228,1.17082704906,0.93591459631,10.9604407263,0.637574347493
14.955682,0.0103803333768,10.158507798,1.2162079243,0.900555479573,10.9604407263,0.602215230756
14.957348,-0.0357644562901,10.1131269228,1.17082704906,0.971273713047,11.0332524286,0.637574347493
14.959014,0.102669912711,10.2038886733,1.26158879953,0.93591459631,10.9968465774,0.637574347493
14.96068,0.0565251230437,10.158507798,1.2162079243,0.900555479573,10.9240348752,0.602215230756
14.962346,0.0103803333768,10.1131269228,1.17082704906,0.93591459631,10.9240348752,0.602215230756
14.964012,0.0103803333768,10.1131269228,1.17082704906,0.93591459631,10.9968465774,0.602215230756
14.965678,0.0103803333768,10.1131269228,1.17082704906,0.900555479573,10.887629024,0.637574347493
14.967344,0.0565251230437,10.158507798,1.2162079243,0.93591459631,10.9604407263,0.637574347493
14.96901,0.102669912711,10.158507798,1.26158879953,0.93591459631,10.9604407263,0.602215230756
14.970676,0.0565251230437,10.158507798,1.2162079243,0.971273713047,10.9968465774,0.602215230756
14.972342,0.0103803333768,10.1131269228,1.17082704906,0.93591459631,10.9968465774,0.637574347493
14.974008,0.0103803333768,10.1131269228,1.17082704906,0.900555479573,10.9240348752,0.602215230756
14.975674,0.0103803333768,10.1131269228,1.17082704906,0.865196362836,10.9240348752,0.602215230756
14.97734,0.0103803333768,10.1131269228,1.17082704906,0.93591459631,10.9968465774,0.602215230756
14.979006,-0.0357644562901,10.1131269228,1.17082704906,0.900555479573,10.887629024,0.67293346423
14.980672,0.102669912711,10.2038886733,1.2162079243,0.900555479573,10.9604407263,0.602215230756
14.982338,0.0565251230437,10.158507798,1.2162079243,0.93591459631,10.9240348752,0.602215230756
14.984004,-0.0357644562901,10.1131269228,1.17082704906,0.93591459631,10.9240348752,0.602215230756
14.98567,0.0103803333768,10.1131269228,1.17082704906,0.93591459631,10.9968465774,0.602215230756
14.987336,0.0103803333768,10.1131269228,1.12544617383,0.900555479573,10.9240348752,0.566856114019
14.989002,0.0103803333768,10.1131269228,1.17082704906,0.900555479573,10.9240348752,0.637574347493
14.990668,0.0565251230437,10.1131269228,1.17082704906,0.900555479573,10.9968465774,0.602215230756
14.992334,-0.0357644562901,10.0677460476,1.12544617383,0.971273713047,11.0696582797,0.67293346423
14.994,0.0103803333768,10.0677460476,1.12544617383,0.865196362836,10.9968465774,0.637574347493
14.995666,0.0103803333768,10.1131269228,1.17082704906,0.865196362836,10.887629024,0.566856114019
14.997332,0.0103803333768,10.0677460476,1.17082704906,0.93591459631,10.9240348752,0.602215230756
14.998998,0.0103803333768,10.0677460476,1.17082704906,0.900555479573,10.9604407263,0.602215230756
