"Latest: Time (s)","Latest: Y Acceleration 1 (m/s²)","Latest: Z Acceleration 1 (m/s²)","Latest: X Acceleration 1 (m/s²)","Latest: Y Acceleration 2 (m/s²)","Latest: Z Acceleration 2 (m/s²)","Latest: X Acceleration 2 (m/s²)"
0,1.18122076732,1.28066598449,10.8853536583,-0.866370670294,0.814587178465,10.149431623
0.001666,1.21657988406,1.31602510123,10.8489478072,-0.866370670294,0.814587178465,10.1040507478
0.003332,1.21657988406,1.31602510123,10.8853536583,-0.912515459961,0.76920630323,10.1040507478
0.004998,1.18122076732,1.24530686776,10.8125419561,-0.866370670294,0.76920630323,10.149431623
0.006664,1.18122076732,1.31602510123,10.8853536583,-0.866370670294,0.76920630323,10.149431623
0.00833,1.18122076732,1.31602510123,10.8853536583,-0.820225880627,0.814587178465,10.149431623
0.009996,1.28729811753,1.35138421797,10.8853536583,-0.866370670294,0.76920630323,10.1040507478
0.011662,1.18122076732,1.31602510123,10.8853536583,-0.866370670294,0.76920630323,10.1040507478
0.013328,1.14586165058,1.28066598449,10.8125419561,-0.820225880627,0.814587178465,10.149431623
0.014994,1.18122076732,1.31602510123,10.8853536583,-0.866370670294,0.76920630323,10.1040507478
0.01666,1.18122076732,1.31602510123,10.8853536583,-0.866370670294,0.76920630323,10.1040507478
0.018326,1.28729811753,1.3867433347,10.9217595095,-0.866370670294,0.814587178465,10.1040507478
0.019992,1.21657988406,1.31602510123,10.8853536583,-0.866370670294,0.814587178465,10.149431623
0.021658,1.14586165058,1.28066598449,10.8125419561,-0.866370670294,0.76920630323,10.1040507478
0.023324,1.18122076732,1.28066598449,10.8853536583,-0.866370670294,0.76920630323,10.149431623
0.02499,1.21657988406,1.31602510123,10.8853536583,-0.866370670294,0.723825427995,10.1040507478
0.026656,1.14586165058,1.35138421797,10.9922958461,-0.77408109096,0.905348928936,10.2401933735
0.028322,1.18122076732,1.31602510123,10.8853536583,-0.912515459961,0.76920630323,10.1040507478
0.029988,1.18122076732,1.31602510123,10.8853536583,-0.866370670294,0.76920630323,10.1040507478
0.031654,1.18122076732,1.28066598449,10.8853536583,-0.866370670294,0.76920630323,10.1040507478
0.03332,1.18122076732,1.35138421797,10.8853536583,-0.866370670294,0.76920630323,10.1040507478
0.034986,1.14586165058,1.20994775102,10.8125419561,-0.866370670294,0.76920630323,10.1040507478
0.036652,1.18122076732,1.31602510123,10.8853536583,-0.866370670294,0.76920630323,10.1040507478
0.038318,1.18122076732,1.28066598449,10.8853536583,-0.866370670294,0.76920630323,10.1040507478
0.039984,1.25193900079,1.31602510123,10.8489478072,-0.866370670294,0.76920630323,10.1040507478
0.04165,1.21657988406,1.31602510123,10.9217595095,-0.866370670294,0.76920630323,10.149431623
0.043316,1.14586165058,1.31602510123,10.8125419561,-0.866370670294,0.76920630323,10.1040507478
0.044982,1.18122076732,1.31602510123,10.8853536583,-0.866370670294,0.76920630323,10.1040507478
0.046648,1.18122076732,1.31602510123,10.8853536583,-0.866370670294,0.76920630323,10.1040507478
0.048314,1.18122076732,1.31602510123,10.8125419561,-0.866370670294,0.76920630323,10.1040507478
0.04998,1.21657988406,1.31602510123,10.8853536583,-0.866370670294,0.678444552759,10.1040507478
0.051646,1.11050253385,1.28066598449,10.7761361049,-0.820225880627,0.814587178465,10.149431623
0.053312,1.18122076732,1.28066598449,10.8853536583,-0.866370670294,0.76920630323,10.149431623
0.054978,1.21657988406,1.31602510123,10.8853536583,-0.866370670294,0.76920630323,10.149431623
0.056644,1.21657988406,1.35138421797,10.8853536583,-0.866370670294,0.76920630323,10.1040507478
0.05831,1.21657988406,1.31602510123,10.8853536583,-0.77408109096,0.859968053701,10.2401933735
0.059976,1.18122076732,1.31602510123,10.8125419561,-0.866370670294,0.76920630323,10.149431623
0.061642,1.18122076732,1.31602510123,10.8489478072,-0.912515459961,0.76920630323,10.1040507478
0.063308,1.18122076732,1.31602510123,10.8853536583,-0.866370670294,0.76920630323,10.1040507478
0.064974,1.28729811753,1.42210245144,10.9581653606,-0.866370670294,0.76920630323,10.1040507478
0.06664,1.21657988406,1.28066598449,10.8853536583,-0.866370670294,0.76920630323,10.1040507478
0.068306,1.18122076732,1.28066598449,10.8489478072,-0.866370670294,0.76920630323,10.149431623
0.069972,1.18122076732,1.28066598449,10.8853536583,-0.866370670294,0.76920630323,10.149431623
0.071638,1.18122076732,1.31602510123,10.8853536583,-0.866370670294,0.814587178465,10.1040507478
0.073304,1.11050253385,1.28066598449,10.9922958461,-0.912515459961,0.76920630323,10.1040507478
0.07497,1.18122076732,1.31602510123,10.8853536583,-0.866370670294,0.76920630323,10.1040507478
0.076636,1.18122076732,1.31602510123,10.8853536583,-0.912515459961,0.76920630323,10.1040507478
0.078302,1.18122076732,1.28066598449,10.8853536583,-0.77408109096,0.905348928936,10.2401933735
0.079968,1.18122076732,1.31602510123,10.8853536583,-0.912515459961,0.76920630323,10.1040507478
0.081634,1.18122076732,1.24530686776,10.8489478072,-0.866370670294,0.76920630323,10.149431623
0.0833,1.18122076732,1.31602510123,10.8853536583,-0.866370670294,0.76920630323,10.1040507478
0.084966,1.21657988406,1.28066598449,10.8853536583,-0.866370670294,0.723825427995,10.1040507478
0.086632,1.28729811753,1.31602510123,10.8853536583,-0.866370670294,0.76920630323,10.1040507478
0.088298,1.21657988406,1.35138421797,10.8853536583,-0.866370670294,0.76920630323,10.149431623
0.089964,1.18122076732,1.28066598449,10.8489478072,-0.820225880627,0.859968053701,10.1948124982
0.09163,1.18122076732,1.31602510123,10.8489478072,-0.866370670294,0.814587178465,10.149431623
0.093296,1.21657988406,1.31602510123,10.9217595095,-0.866370670294,0.723825427995,10.1040507478
0.094962,1.11050253385,1.35138421797,10.9922958461,-0.912515459961,0.76920630323,10.1040507478
0.096628,1.18122076732,1.31602510123,10.8853536583,-0.866370670294,0.76920630323,10.1040507478
0.098294,1.18122076732,1.31602510123,10.8489478072,-0.866370670294,0.76920630323,10.149431623
0.09996,1.18122076732,1.31602510123,10.8489478072,-0.912515459961,0.76920630323,10.1040507478
0.101626,1.21657988406,1.31602510123,10.8853536583,-0.912515459961,0.76920630323,10.1040507478
0.103292,1.11050253385,1.28066598449,10.8125419561,-0.820225880627,0.814587178465,10.149431623
0.104958,1.18122076732,1.31602510123,10.8853536583,-0.866370670294,0.76920630323,10.1040507478
0.106624,1.18122076732,1.31602510123,10.8853536583,-0.912515459961,0.76920630323,10.1040507478
0.10829,1.25193900079,1.35138421797,10.8853536583,-0.77408109096,0.905348928936,10.1948124982
0.109956,1.18122076732,1.35138421797,10.8853536583,-0.912515459961,0.76920630323,10.1040507478
0.111622,1.14586165058,1.28066598449,10.8125419561,-0.912515459961,0.76920630323,10.1040507478
0.113288,1.18122076732,1.31602510123,10.8853536583,-0.912515459961,0.76920630323,10.1040507478
0.114954,1.21657988406,1.31602510123,10.8853536583,-0.912515459961,0.76920630323,10.1040507478
0.11662,1.11050253385,1.35138421797,10.9922958461,-0.866370670294,0.76920630323,10.149431623
0.118286,1.18122076732,1.31602510123,10.9217595095,-0.866370670294,0.76920630323,10.149431623
0.119952,1.18122076732,1.31602510123,10.8853536583,-0.866370670294,0.76920630323,10.1040507478
0.121618,1.18122076732,1.28066598449,10.8853536583,-0.866370670294,0.76920630323,10.1040507478
0.123284,1.18122076732,1.31602510123,10.9217595095,-0.866370670294,0.76920630323,10.1040507478
0.12495,1.11050253385,1.20994775102,10.9217595095,-0.866370670294,0.76920630323,10.1040507478
0.126616,1.18122076732,1.31602510123,10.8853536583,-0.77408109096,0.859968053701,10.1948124982
0.128282,1.18122076732,1.28066598449,10.8489478072,-0.866370670294,0.76920630323,10.1040507478
0.129948,1.14586165058,1.31602510123,10.8489478072,-0.866370670294,0.76920630323,10.1040507478
0.131614,1.18122076732,1.31602510123,10.8853536583,-0.866370670294,0.814587178465,10.1040507478
0.13328,1.11050253385,1.24530686776,10.8125419561,-0.912515459961,0.76920630323,10.1040507478
0.134946,1.18122076732,1.31602510123,10.8853536583,-0.912515459961,0.76920630323,10.1040507478
0.136612,1.18122076732,1.31602510123,10.8853536583,-0.866370670294,0.76920630323,10.1040507478
0.138278,1.21657988406,1.35138421797,10.8489478072,-0.912515459961,0.76920630323,10.1040507478
0.139944,1.18122076732,1.35138421797,10.8853536583,-0.912515459961,0.76920630323,10.149431623
0.14161,1.14586165058,1.24530686776,10.8125419561,-0.912515459961,0.76920630323,10.1040507478
0.143276,1.18122076732,1.31602510123,10.8489478072,-0.866370670294,0.814587178465,10.1040507478
0.144942,1.18122076732,1.31602510123,10.8853536583,-0.866370670294,0.76920630323,10.149431623
0.146608,1.28729811753,1.35138421797,10.8853536583,-0.820225880627,0.814587178465,10.149431623
0.148274,1.21657988406,1.31602510123,10.9217595095,-0.866370670294,0.76920630323,10.1040507478
0.14994,1.14586165058,1.28066598449,10.8125419561,-0.866370670294,0.76920630323,10.149431623
0.151606,1.18122076732,1.31602510123,10.8853536583,-0.866370670294,0.814587178465,10.1040507478
0.153272,1.18122076732,1.31602510123,10.8853536583,-0.866370670294,0.814587178465,10.149431623
0.154938,1.18122076732,1.31602510123,10.8489478072,-0.77408109096,0.859968053701,10.2401933735
0.156604,1.18122076732,1.35138421797,10.8853536583,-0.77408109096,0.905348928936,10.2401933735
0.15827,1.14586165058,1.24530686776,10.8125419561,-0.820225880627,0.814587178465,10.149431623
0.159936,1.14586165058,1.31602510123,10.8853536583,-0.866370670294,0.76920630323,10.1040507478
0.161602,1.18122076732,1.35138421797,10.8853536583,-0.866370670294,0.814587178465,10.149431623
0.163268,1.25193900079,1.35138421797,10.8853536583,-0.866370670294,0.814587178465,10.1040507478
0.164934,1.21657988406,1.28066598449,10.8853536583,-0.866370670294,0.814587178465,10.149431623
0.1666,1.11050253385,1.28066598449,10.8125419561,-0.866370670294,0.76920630323,10.1040507478
0.168266,1.14586165058,1.28066598449,10.8853536583,-0.866370670294,0.76920630323,10.1040507478
0.169932,1.18122076732,1.31602510123,10.8853536583,-0.866370670294,0.76920630323,10.1040507478
0.171598,1.21657988406,1.35138421797,10.8853536583,-0.866370670294,0.76920630323,10.149431623
0.173264,1.21657988406,1.31602510123,10.8853536583,-0.866370670294,0.76920630323,10.1040507478
0.17493,1.11050253385,1.28066598449,10.8125419561,-0.866370670294,0.76920630323,10.1040507478
0.176596,1.18122076732,1.28066598449,10.8489478072,-0.866370670294,0.76920630323,10.1040507478
0.178262,1.21657988406,1.31602510123,10.8853536583,-0.866370670294,0.814587178465,10.149431623
0.179928,1.25193900079,1.42210245144,10.9922958461,-0.866370670294,0.76920630323,10.149431623
0.181594,1.18122076732,1.35138421797,10.8853536583,-0.866370670294,0.76920630323,10.149431623
0.18326,1.18122076732,1.31602510123,10.8489478072,-0.866370670294,0.76920630323,10.149431623
0.184926,1.18122076732,1.31602510123,10.8853536583,-0.866370670294,0.76920630323,10.1040507478
0.186592,1.18122076732,1.31602510123,10.8853536583,-0.866370670294,0.76920630323,10.1040507478
0.188258,1.11050253385,1.35138421797,10.9922958461,-0.866370670294,0.814587178465,10.1040507478
0.189924,1.18122076732,1.35138421797,10.8853536583,-0.866370670294,0.814587178465,10.149431623
0.19159,1.18122076732,1.28066598449,10.8489478072,-0.866370670294,0.814587178465,10.1040507478
0.193256,1.18122076732,1.31602510123,10.8853536583,-0.866370670294,0.814587178465,10.1040507478
0.194922,1.18122076732,1.31602510123,10.8853536583,-0.866370670294,0.814587178465,10.1040507478
0.196588,1.18122076732,1.3867433347,10.9581653606,-0.820225880627,0.859968053701,10.1948124982
0.198254,1.18122076732,1.28066598449,10.8853536583,-0.912515459961,0.76920630323,10.1040507478
0.19992,1.18122076732,1.28066598449,10.8853536583,-0.866370670294,0.76920630323,10.149431623
0.201586,1.14586165058,1.31602510123,10.8853536583,-0.866370670294,0.814587178465,10.149431623
0.203252,1.21657988406,1.35138421797,10.8853536583,-0.866370670294,0.814587178465,10.149431623
0.204918,1.07514341711,1.24530686776,10.9217595095,-0.866370670294,0.814587178465,10.149431623
0.206584,1.18122076732,1.31602510123,10.8853536583,-0.866370670294,0.76920630323,10.1040507478
0.20825,1.21657988406,1.31602510123,10.8489478072,-0.866370670294,0.76920630323,10.1040507478
0.209916,1.18122076732,1.31602510123,10.8489478072,-0.866370670294,0.76920630323,10.1040507478
0.211582,1.18122076732,1.31602510123,10.9217595095,-0.866370670294,0.814587178465,10.149431623
0.213248,1.11050253385,1.24530686776,10.7761361049,-0.866370670294,0.76920630323,10.1040507478
0.214914,1.18122076732,1.31602510123,10.8853536583,-0.866370670294,0.814587178465,10.149431623
0.21658,1.18122076732,1.31602510123,10.8853536583,-0.866370670294,0.76920630323,10.149431623
0.218246,1.28729811753,1.3867433347,10.9217595095,-0.866370670294,0.76920630323,10.149431623
0.219912,1.18122076732,1.35138421797,10.9217595095,-0.77408109096,0.905348928936,10.2401933735
0.221578,1.14586165058,1.28066598449,10.8489478072,-0.866370670294,0.76920630323,10.1040507478
0.223244,1.14586165058,1.31602510123,10.8853536583,-0.866370670294,0.76920630323,10.1040507478
0.22491,1.18122076732,1.31602510123,10.8853536583,-0.866370670294,0.76920630323,10.149431623
0.226576,1.11050253385,1.31602510123,10.9922958461,-0.866370670294,0.723825427995,10.1040507478
0.228242,1.18122076732,1.31602510123,10.8853536583,-0.77408109096,0.905348928936,10.2401933735
0.229908,1.18122076732,1.28066598449,10.8853536583,-0.912515459961,0.76920630323,10.1040507478
0.231574,1.18122076732,1.28066598449,10.8853536583,-0.866370670294,0.76920630323,10.1040507478
0.23324,1.18122076732,1.28066598449,10.8853536583,-0.866370670294,0.723825427995,10.1040507478
0.234906,1.11050253385,1.20994775102,10.8125419561,-0.866370670294,0.76920630323,10.149431623
0.236572,1.18122076732,1.28066598449,10.8853536583,-0.912515459961,0.76920630323,10.1040507478
0.238238,1.18122076732,1.28066598449,10.8853536583,-0.866370670294,0.76920630323,10.149431623
0.239904,1.28729811753,1.35138421797,10.8853536583,-0.77408109096,0.905348928936,10.2401933735
0.24157,1.21657988406,1.31602510123,10.9217595095,-0.866370670294,0.814587178465,10.1040507478
0.243236,1.14586165058,1.28066598449,10.8489478072,-0.866370670294,0.814587178465,10.149431623
0.244902,1.18122076732,1.31602510123,10.8853536583,-0.820225880627,0.859968053701,10.1948124982
0.246568,1.18122076732,1.31602510123,10.8853536583,-0.912515459961,0.76920630323,10.1040507478
0.248234,1.25193900079,1.42210245144,10.9217595095,-0.866370670294,0.76920630323,10.1040507478
0.2499,1.18122076732,1.31602510123,10.8853536583,-0.866370670294,0.814587178465,10.149431623
0.251566,1.14586165058,1.31602510123,10.8489478072,-0.866370670294,0.814587178465,10.149431623
0.253232,1.18122076732,1.31602510123,10.8853536583,-0.866370670294,0.76920630323,10.149431623
0.254898,1.21657988406,1.31602510123,10.8853536583,-0.77408109096,0.905348928936,10.2401933735
0.256564,1.11050253385,1.31602510123,10.9581653606,-0.866370670294,0.76920630323,10.149431623
0.25823,1.18122076732,1.31602510123,10.8853536583,-0.866370670294,0.814587178465,10.149431623
0.259896,1.18122076732,1.31602510123,10.8853536583,-0.912515459961,0.814587178465,10.1040507478
0.261562,1.18122076732,1.31602510123,10.8853536583,-0.77408109096,0.905348928936,10.1948124982
0.263228,1.18122076732,1.31602510123,10.9217595095,-0.912515459961,0.76920630323,10.1040507478
0.264894,1.11050253385,1.28066598449,10.8125419561,-0.866370670294,0.814587178465,10.149431623
0.26656,1.18122076732,1.31602510123,10.8853536583,-0.820225880627,0.814587178465,10.149431623
0.268226,1.18122076732,1.31602510123,10.8853536583,-0.866370670294,0.76920630323,10.1040507478
0.269892,1.28729811753,1.3867433347,10.9217595095,-0.866370670294,0.814587178465,10.149431623
0.271558,1.21657988406,1.31602510123,10.8853536583,-0.866370670294,0.76920630323,10.1040507478
0.273224,1.14586165058,1.28066598449,10.8125419561,-0.866370670294,0.814587178465,10.149431623
0.27489,1.18122076732,1.31602510123,10.8853536583,-0.866370670294,0.814587178465,10.149431623
0.276556,1.18122076732,1.31602510123,10.8853536583,-0.820225880627,0.859968053701,10.1948124982
0.278222,1.14586165058,1.35138421797,10.9922958461,-0.866370670294,0.76920630323,10.1040507478
0.279888,1.21657988406,1.35138421797,10.8853536583,-0.866370670294,0.76920630323,10.149431623
0.281554,1.18122076732,1.31602510123,10.8853536583,-0.866370670294,0.76920630323,10.149431623
0.28322,1.18122076732,1.28066598449,10.8489478072,-0.866370670294,0.76920630323,10.149431623
0.284886,1.21657988406,1.35138421797,10.9217595095,-0.866370670294,0.814587178465,10.149431623
0.286552,1.14586165058,1.28066598449,10.8125419561,-0.820225880627,0.814587178465,10.149431623
0.288218,1.14586165058,1.31602510123,10.8853536583,-0.77408109096,0.905348928936,10.2401933735
0.289884,1.18122076732,1.35138421797,10.8853536583,-0.77408109096,0.905348928936,10.2401933735
0.29155,1.25193900079,1.42210245144,10.9217595095,-0.912515459961,0.76920630323,10.149431623
0.293216,1.18122076732,1.31602510123,10.8853536583,-0.866370670294,0.814587178465,10.149431623
0.294882,1.18122076732,1.28066598449,10.8489478072,-0.866370670294,0.76920630323,10.149431623
0.296548,1.14586165058,1.24530686776,10.8489478072,-0.866370670294,0.76920630323,10.1040507478
0.298214,1.18122076732,1.31602510123,10.8853536583,-0.866370670294,0.76920630323,10.1040507478
0.29988,1.11050253385,1.3867433347,10.9922958461,-0.866370670294,0.76920630323,10.1040507478
0.301546,1.18122076732,1.31602510123,10.8853536583,-0.866370670294,0.76920630323,10.1040507478
0.303212,1.18122076732,1.31602510123,10.8489478072,-0.866370670294,0.814587178465,10.149431623
0.304878,1.18122076732,1.31602510123,10.8853536583,-0.912515459961,0.76920630323,10.1040507478
0.306544,1.18122076732,1.31602510123,10.8853536583,-0.866370670294,0.76920630323,10.1040507478
0.30821,1.11050253385,1.24530686776,10.8489478072,-0.77408109096,0.905348928936,10.2401933735
0.309876,1.18122076732,1.31602510123,10.8853536583,-0.866370670294,0.76920630323,10.1040507478
0.311542,1.18122076732,1.31602510123,10.8489478072,-0.866370670294,0.76920630323,10.149431623
0.313208,1.18122076732,1.31602510123,10.8853536583,-0.912515459961,0.76920630323,10.1040507478
0.314874,1.21657988406,1.31602510123,10.8853536583,-0.866370670294,0.76920630323,10.1040507478
0.31654,1.14586165058,1.24530686776,10.8125419561,-0.820225880627,0.859968053701,10.1948124982
0.318206,1.18122076732,1.31602510123,10.8853536583,-0.866370670294,0.76920630323,10.1040507478
0.319872,1.18122076732,1.35138421797,10.8853536583,-0.866370670294,0.76920630323,10.1040507478
0.321538,1.25193900079,1.35138421797,10.8489478072,-0.866370670294,0.76920630323,10.1040507478
0.323204,1.18122076732,1.35138421797,10.8853536583,-0.866370670294,0.76920630323,10.1040507478
0.32487,1.11050253385,1.24530686776,10.7761361049,-0.820225880627,0.814587178465,10.1948124982
0.326536,1.14586165058,1.31602510123,10.8853536583,-0.912515459961,0.76920630323,10.1040507478
0.328202,1.18122076732,1.31602510123,10.8853536583,-0.866370670294,0.814587178465,10.1040507478
0.329868,1.21657988406,1.31602510123,10.8853536583,-0.866370670294,0.814587178465,10.149431623
0.331534,1.18122076732,1.31602510123,10.9217595095,-0.866370670294,0.76920630323,10.1040507478
0.3332,1.14586165058,1.28066598449,10.8125419561,-0.866370670294,0.76920630323,10.1040507478
0.334866,1.18122076732,1.31602510123,10.8489478072,-0.820225880627,0.814587178465,10.149431623
0.336532,1.18122076732,1.28066598449,10.8853536583,-0.866370670294,0.723825427995,10.1040507478
0.338198,1.28729811753,1.45746156818,10.9581653606,-0.866370670294,0.76920630323,10.1040507478
0.339864,1.18122076732,1.31602510123,10.8853536583,-0.866370670294,0.814587178465,10.1040507478
0.34153,1.14586165058,1.28066598449,10.8125419561,-0.77408109096,0.905348928936,10.2401933735
0.343196,1.18122076732,1.31602510123,10.8489478072,-0.912515459961,0.76920630323,10.1040507478
0.344862,1.18122076732,1.35138421797,10.8853536583,-0.866370670294,0.76920630323,10.1040507478
0.346528,1.14586165058,1.42210245144,10.9922958461,-0.866370670294,0.814587178465,10.1040507478
0.348194,1.18122076732,1.35138421797,10.9217595095,-0.866370670294,0.814587178465,10.1040507478
0.34986,1.14586165058,1.31602510123,10.8489478072,-0.912515459961,0.76920630323,10.1040507478
0.351526,1.18122076732,1.31602510123,10.8489478072,-0.912515459961,0.76920630323,10.1040507478
0.353192,1.18122076732,1.28066598449,10.8853536583,-0.912515459961,0.76920630323,10.1040507478
0.354858,1.07514341711,1.35138421797,10.9922958461,-0.866370670294,0.76920630323,10.1040507478
0.356524,1.18122076732,1.28066598449,10.8853536583,-0.866370670294,0.76920630323,10.149431623
0.35819,1.14586165058,1.24530686776,10.8489478072,-0.866370670294,0.76920630323,10.1040507478
0.359856,1.18122076732,1.31602510123,10.8489478072,-0.866370670294,0.814587178465,10.1040507478
0.361522,1.18122076732,1.31602510123,10.9217595095,-0.912515459961,0.814587178465,10.1040507478
0.363188,1.11050253385,1.24530686776,10.7761361049,-0.866370670294,0.76920630323,10.1040507478
0.364854,1.18122076732,1.28066598449,10.8853536583,-0.866370670294,0.814587178465,10.149431623
0.36652,1.18122076732,1.31602510123,10.8853536583,-0.866370670294,0.76920630323,10.1040507478
0.368186,1.25193900079,1.35138421797,10.8853536583,-0.866370670294,0.76920630323,10.149431623
0.369852,1.21657988406,1.31602510123,10.8853536583,-0.866370670294,0.814587178465,10.1040507478
0.371518,1.18122076732,1.28066598449,10.8125419561,-0.866370670294,0.814587178465,10.1040507478
0.373184,1.18122076732,1.28066598449,10.8853536583,-0.866370670294,0.76920630323,10.149431623
0.37485,1.18122076732,1.31602510123,10.8853536583,-0.866370670294,0.76920630323,10.1040507478
0.376516,1.21657988406,1.3867433347,10.9581653606,-0.912515459961,0.76920630323,10.1040507478
0.378182,1.18122076732,1.31602510123,10.8853536583,-0.866370670294,0.76920630323,10.1040507478
0.379848,1.14586165058,1.28066598449,10.8853536583,-0.866370670294,0.814587178465,10.149431623
0.381514,1.14586165058,1.28066598449,10.8489478072,-0.77408109096,0.905348928936,10.1948124982
0.38318,1.14586165058,1.28066598449,10.8853536583,-0.866370670294,0.76920630323,10.149431623
0.384846,1.21657988406,1.45746156818,10.9581653606,-0.820225880627,0.859968053701,10.1948124982
0.386512,1.18122076732,1.31602510123,10.8853536583,-0.866370670294,0.814587178465,10.149431623
0.388178,1.18122076732,1.28066598449,10.8489478072,-0.820225880627,0.814587178465,10.1948124982
0.389844,1.18122076732,1.31602510123,10.8489478072,-0.866370670294,0.814587178465,10.149431623
0.39151,1.18122076732,1.31602510123,10.8853536583,-0.820225880627,0.859968053701,10.1948124982
0.393176,1.11050253385,1.24530686776,10.9217595095,-0.866370670294,0.814587178465,10.149431623
0.394842,1.18122076732,1.31602510123,10.8853536583,-0.820225880627,0.814587178465,10.1948124982
0.396508,1.18122076732,1.28066598449,10.8853536583,-0.866370670294,0.76920630323,10.1040507478
0.398174,1.18122076732,1.31602510123,10.8489478072,-0.866370670294,0.76920630323,10.1040507478
0.39984,1.18122076732,1.31602510123,10.9217595095,-0.866370670294,0.76920630323,10.149431623
0.401506,1.11050253385,1.28066598449,10.7761361049,-0.866370670294,0.814587178465,10.149431623
0.403172,1.18122076732,1.31602510123,10.8853536583,-0.866370670294,0.76920630323,10.1040507478
0.404838,1.18122076732,1.31602510123,10.8853536583,-0.912515459961,0.76920630323,10.1040507478
0.406504,1.28729811753,1.3867433347,10.9217595095,-0.866370670294,0.76920630323,10.1040507478
0.40817,1.21657988406,1.31602510123,10.8853536583,-0.866370670294,0.76920630323,10.149431623
0.409836,1.14586165058,1.28066598449,10.8125419561,-0.866370670294,0.76920630323,10.1040507478
0.411502,1.18122076732,1.28066598449,10.8853536583,-0.866370670294,0.76920630323,10.1040507478
0.413168,1.18122076732,1.31602510123,10.8853536583,-0.866370670294,0.76920630323,10.1040507478
0.414834,1.11050253385,1.31602510123,10.9922958461,-0.866370670294,0.76920630323,10.149431623
0.4165,1.18122076732,1.31602510123,10.8853536583,-0.866370670294,0.76920630323,10.1040507478
0.418166,1.18122076732,1.28066598449,10.8489478072,-0.866370670294,0.814587178465,10.149431623
0.419832,1.18122076732,1.28066598449,10.8853536583,-0.866370670294,0.76920630323,10.1040507478
0.421498,1.18122076732,1.31602510123,10.8853536583,-0.866370670294,0.76920630323,10.1040507478
0.423164,1.11050253385,1.3867433347,10.9922958461,-0.820225880627,0.76920630323,10.149431623
0.42483,1.18122076732,1.31602510123,10.9217595095,-0.866370670294,0.76920630323,10.149431623
0.426496,1.18122076732,1.28066598449,10.8489478072,-0.820225880627,0.859968053701,10.1948124982
0.428162,1.18122076732,1.31602510123,10.8853536583,-0.866370670294,0.814587178465,10.149431623
0.429828,1.18122076732,1.31602510123,10.8853536583,-0.77408109096,0.905348928936,10.1948124982
0.431494,1.11050253385,1.24530686776,10.8125419561,-0.866370670294,0.76920630323,10.149431623
0.43316,1.18122076732,1.31602510123,10.8853536583,-0.866370670294,0.814587178465,10.149431623
0.434826,1.18122076732,1.31602510123,10.8853536583,-0.912515459961,0.76920630323,10.1040507478
0.436492,1.28729811753,1.35138421797,10.8853536583,-0.866370670294,0.814587178465,10.149431623
0.438158,1.18122076732,1.28066598449,10.8853536583,-0.866370670294,0.76920630323,10.149431623
0.439824,1.14586165058,1.24530686776,10.8125419561,-0.820225880627,0.814587178465,10.149431623
0.44149,1.18122076732,1.31602510123,10.8853536583,-0.866370670294,0.76920630323,10.1040507478
0.443156,1.18122076732,1.31602510123,10.8853536583,-0.866370670294,0.76920630323,10.149431623
0.444822,1.11050253385,1.3867433347,10.9922958461,-0.866370670294,0.76920630323,10.1040507478
0.446488,1.18122076732,1.31602510123,10.8853536583,-0.866370670294,0.76920630323,10.1040507478
0.448154,1.18122076732,1.31602510123,10.8489478072,-0.866370670294,0.814587178465,10.1040507478
0.44982,1.18122076732,1.28066598449,10.8853536583,-0.866370670294,0.814587178465,10.149431623
0.451486,1.21657988406,1.31602510123,10.8853536583,-0.866370670294,0.814587178465,10.1040507478
0.453152,1.07514341711,1.31602510123,10.9922958461,-0.866370670294,0.814587178465,10.1040507478
0.454818,1.18122076732,1.31602510123,10.8853536583,-0.912515459961,0.76920630323,10.1040507478
0.456484,1.18122076732,1.28066598449,10.8489478072,-0.866370670294,0.76920630323,10.1040507478
0.45815,1.18122076732,1.31602510123,10.8489478072,-0.866370670294,0.76920630323,10.1040507478
0.459816,1.21657988406,1.31602510123,10.8853536583,-0.866370670294,0.76920630323,10.1040507478
0.461482,1.11050253385,1.24530686776,10.7761361049,-0.866370670294,0.76920630323,10.1040507478
0.463148,1.18122076732,1.31602510123,10.8853536583,-0.866370670294,0.76920630323,10.1040507478
0.464814,1.18122076732,1.31602510123,10.8853536583,-0.866370670294,0.814587178465,10.149431623
0.46648,1.28729811753,1.3867433347,10.9217595095,-0.866370670294,0.723825427995,10.1040507478
0.468146,1.18122076732,1.31602510123,10.8853536583,-0.866370670294,0.76920630323,10.1040507478
0.469812,1.18122076732,1.31602510123,10.8489478072,-0.866370670294,0.814587178465,10.149431623
0.471478,1.18122076732,1.31602510123,10.8489478072,-0.77408109096,0.859968053701,10.1948124982
0.473144,1.18122076732,1.31602510123,10.9217595095,-0.866370670294,0.76920630323,10.149431623
0.47481,1.11050253385,1.20994775102,10.8489478072,-0.866370670294,0.814587178465,10.1040507478
0.476476,1.18122076732,1.35138421797,10.9217595095,-0.866370670294,0.76920630323,10.149431623
0.478142,1.18122076732,1.31602510123,10.8853536583,-0.866370670294,0.814587178465,10.1040507478
0.479808,1.18122076732,1.31602510123,10.8489478072,-0.866370670294,0.814587178465,10.1040507478
0.481474,1.18122076732,1.35138421797,10.9217595095,-0.866370670294,0.814587178465,10.1040507478
0.48314,1.14586165058,1.24530686776,10.8125419561,-0.866370670294,0.76920630323,10.1040507478
0.484806,1.18122076732,1.31602510123,10.8853536583,-0.866370670294,0.723825427995,10.1040507478
0.486472,1.18122076732,1.31602510123,10.8853536583,-0.77408109096,0.905348928936,10.1948124982
0.488138,1.28729811753,1.35138421797,10.8853536583,-0.820225880627,0.814587178465,10.149431623
0.489804,1.18122076732,1.31602510123,10.8853536583,-0.866370670294,0.76920630323,10.1040507478
0.49147,1.14586165058,1.28066598449,10.8125419561,-0.820225880627,0.814587178465,10.149431623
0.493136,1.18122076732,1.31602510123,10.8489478072,-0.820225880627,0.814587178465,10.149431623
0.494802,1.21657988406,1.31602510123,10.8853536583,-0.77408109096,0.905348928936,10.1948124982
0.496468,1.28729811753,1.3867433347,10.9217595095,-0.77408109096,0.859968053701,10.149431623
0.498134,1.18122076732,1.31602510123,10.8853536583,-0.820225880627,0.76920630323,10.1040507478
0.4998,1.18122076732,1.28066598449,10.8489478072,-0.866370670294,0.76920630323,10.1040507478
0.501466,1.18122076732,1.31602510123,10.8853536583,-0.866370670294,0.814587178465,10.149431623
0.503132,1.21657988406,1.35138421797,10.8853536583,-0.820225880627,0.814587178465,10.149431623
0.504798,1.14586165058,1.28066598449,10.9581653606,-0.866370670294,0.814587178465,10.149431623
0.506464,1.18122076732,1.35138421797,10.9217595095,-0.866370670294,0.814587178465,10.1040507478
0.50813,1.18122076732,1.28066598449,10.8853536583,-0.866370670294,0.814587178465,10.1040507478
0.509796,1.14586165058,1.31602510123,10.8489478072,-0.866370670294,0.76920630323,10.1040507478
0.511462,1.18122076732,1.31602510123,10.8853536583,-0.866370670294,0.76920630323,10.1040507478
0.513128,1.11050253385,1.35138421797,10.9922958461,-0.866370670294,0.76920630323,10.1040507478
0.514794,1.18122076732,1.31602510123,10.8853536583,-0.866370670294,0.814587178465,10.1040507478
0.51646,1.18122076732,1.31602510123,10.8489478072,-0.77408109096,0.859968053701,10.1948124982
0.518126,1.18122076732,1.31602510123,10.8853536583,-0.77408109096,0.905348928936,10.1948124982
0.519792,1.18122076732,1.31602510123,10.8853536583,-0.77408109096,0.905348928936,10.2401933735
0.521458,1.07514341711,1.35138421797,10.9581653606,-0.820225880627,0.814587178465,10.149431623
0.523124,1.18122076732,1.31602510123,10.9217595095,-0.912515459961,0.76920630323,10.1040507478
0.52479,1.18122076732,1.28066598449,10.8853536583,-0.912515459961,0.76920630323,10.1040507478
0.526456,1.18122076732,1.31602510123,10.8853536583,-0.866370670294,0.76920630323,10.149431623
0.528122,1.21657988406,1.31602510123,10.8853536583,-0.866370670294,0.814587178465,10.149431623
0.529788,1.11050253385,1.24530686776,10.8853536583,-0.820225880627,0.859968053701,10.149431623
0.531454,1.18122076732,1.28066598449,10.9217595095,-0.866370670294,0.76920630323,10.1040507478
0.53312,1.18122076732,1.28066598449,10.8489478072,-0.866370670294,0.76920630323,10.149431623
0.534786,1.21657988406,1.31602510123,10.8853536583,-0.866370670294,0.76920630323,10.1040507478
0.536452,1.18122076732,1.28066598449,10.8853536583,-0.866370670294,0.814587178465,10.149431623
0.538118,1.14586165058,1.28066598449,10.8489478072,-0.866370670294,0.76920630323,10.149431623
0.539784,1.18122076732,1.31602510123,10.8853536583,-0.820225880627,0.859968053701,10.1948124982
0.54145,1.18122076732,1.31602510123,10.8853536583,-0.866370670294,0.814587178465,10.149431623
0.543116,1.32265723427,1.3867433347,10.9217595095,-0.866370670294,0.76920630323,10.149431623
0.544782,1.18122076732,1.31602510123,10.8853536583,-0.866370670294,0.814587178465,10.149431623
0.546448,1.18122076732,1.28066598449,10.8853536583,-0.866370670294,0.76920630323,10.1040507478
0.548114,1.18122076732,1.31602510123,10.8853536583,-0.820225880627,0.859968053701,10.149431623
0.54978,1.21657988406,1.35138421797,10.9217595095,-0.866370670294,0.76920630323,10.149431623
0.551446,1.14586165058,1.28066598449,10.9581653606,-0.912515459961,0.76920630323,10.1040507478
0.553112,1.18122076732,1.35138421797,10.9217595095,-0.866370670294,0.814587178465,10.149431623
0.554778,1.18122076732,1.28066598449,10.8853536583,-0.820225880627,0.814587178465,10.1948124982
0.556444,1.18122076732,1.28066598449,10.8853536583,-0.866370670294,0.76920630323,10.149431623
0.55811,1.21657988406,1.28066598449,10.9217595095,-0.866370670294,0.76920630323,10.149431623
0.559776,1.11050253385,1.28066598449,10.8125419561,-0.820225880627,0.814587178465,10.149431623
0.561442,1.18122076732,1.31602510123,10.8853536583,-0.866370670294,0.76920630323,10.149431623
0.563108,1.18122076732,1.31602510123,10.8853536583,-0.866370670294,0.76920630323,10.149431623
0.564774,1.21657988406,1.31602510123,10.8853536583,-0.866370670294,0.76920630323,10.149431623
0.56644,1.21657988406,1.31602510123,10.9217595095,-0.820225880627,0.814587178465,10.1948124982
0.568106,1.11050253385,1.24530686776,10.8125419561,-0.866370670294,0.76920630323,10.149431623
0.569772,1.18122076732,1.28066598449,10.8853536583,-0.866370670294,0.76920630323,10.149431623
0.571438,1.18122076732,1.35138421797,10.8853536583,-0.866370670294,0.76920630323,10.149431623
0.573104,1.25193900079,1.28066598449,10.8853536583,-0.866370670294,0.723825427995,10.149431623
0.57477,1.18122076732,1.31602510123,10.8853536583,-0.866370670294,0.76920630323,10.1040507478
0.576436,1.18122076732,1.28066598449,10.8853536583,-0.866370670294,0.76920630323,10.149431623
0.578102,1.18122076732,1.31602510123,10.8853536583,-0.866370670294,0.814587178465,10.1040507478
0.579768,1.18122076732,1.31602510123,10.8853536583,-0.866370670294,0.814587178465,10.149431623
0.581434,1.28729811753,1.35138421797,10.8853536583,-0.866370670294,0.814587178465,10.1040507478
0.5831,1.18122076732,1.31602510123,10.9217595095,-0.866370670294,0.76920630323,10.149431623
0.584766,1.18122076732,1.24530686776,10.8489478072,-0.866370670294,0.76920630323,10.1040507478
0.586432,1.14586165058,1.28066598449,10.8853536583,-0.866370670294,0.723825427995,10.1040507478
0.588098,1.21657988406,1.31602510123,10.8853536583,-0.866370670294,0.76920630323,10.1040507478
0.589764,1.11050253385,1.20994775102,10.9217595095,-0.866370670294,0.814587178465,10.1040507478
0.59143,1.18122076732,1.31602510123,10.8853536583,-0.866370670294,0.814587178465,10.149431623
0.593096,1.18122076732,1.28066598449,10.8853536583,-0.866370670294,0.76920630323,10.149431623
0.594762,1.21657988406,1.31602510123,10.8489478072,-0.866370670294,0.814587178465,10.149431623
0.596428,1.21657988406,1.31602510123,10.8853536583,-0.866370670294,0.76920630323,10.1040507478
0.598094,1.14586165058,1.24530686776,10.8125419561,-0.866370670294,0.814587178465,10.149431623
0.59976,1.18122076732,1.28066598449,10.8853536583,-0.820225880627,0.814587178465,10.149431623
0.601426,1.18122076732,1.31602510123,10.8853536583,-0.912515459961,0.76920630323,10.1040507478
0.603092,1.21657988406,1.35138421797,10.8853536583,-0.866370670294,0.76920630323,10.1040507478
0.604758,1.21657988406,1.31602510123,10.9217595095,-0.866370670294,0.814587178465,10.1040507478
0.606424,1.14586165058,1.24530686776,10.8125419561,-0.866370670294,0.814587178465,10.1040507478
0.60809,1.14586165058,1.31602510123,10.8853536583,-0.866370670294,0.814587178465,10.149431623
0.609756,1.21657988406,1.31602510123,10.8853536583,-0.866370670294,0.76920630323,10.1040507478
0.611422,1.25193900079,1.3867433347,10.9922958461,-0.866370670294,0.814587178465,10.1040507478
0.613088,1.18122076732,1.31602510123,10.9217595095,-0.866370670294,0.76920630323,10.1040507478
0.614754,1.18122076732,1.28066598449,10.8853536583,-0.866370670294,0.76920630323,10.1040507478
0.61642,1.18122076732,1.24530686776,10.8853536583,-0.866370670294,0.814587178465,10.1040507478
0.618086,1.18122076732,1.31602510123,10.8853536583,-0.866370670294,0.76920630323,10.1040507478
0.619752,1.11050253385,1.20994775102,10.8853536583,-0.866370670294,0.814587178465,10.1040507478
0.621418,1.18122076732,1.31602510123,10.8853536583,-0.866370670294,0.76920630323,10.1040507478
0.623084,1.18122076732,1.28066598449,10.8853536583,-0.866370670294,0.76920630323,10.1040507478
0.62475,1.21657988406,1.31602510123,10.8489478072,-0.866370670294,0.76920630323,10.1040507478
0.626416,1.18122076732,1.35138421797,10.8853536583,-0.866370670294,0.76920630323,10.1040507478
0.628082,1.11050253385,1.28066598449,10.8125419561,-0.820225880627,0.814587178465,10.1040507478
0.629748,1.18122076732,1.35138421797,10.8853536583,-0.866370670294,0.76920630323,10.1040507478
0.631414,1.18122076732,1.28066598449,10.8853536583,-0.866370670294,0.814587178465,10.1040507478
0.63308,1.32265723427,1.3867433347,10.8853536583,-0.820225880627,0.859968053701,10.149431623
0.634746,1.18122076732,1.35138421797,10.8853536583,-0.866370670294,0.76920630323,10.1040507478
0.636412,1.14586165058,1.24530686776,10.8125419561,-0.866370670294,0.76920630323,10.1040507478
0.638078,1.18122076732,1.28066598449,10.8853536583,-0.866370670294,0.76920630323,10.1040507478
0.639744,1.18122076732,1.31602510123,10.8489478072,-0.820225880627,0.814587178465,10.149431623
0.64141,1.28729811753,1.42210245144,10.8853536583,-0.77408109096,0.905348928936,10.1948124982
0.643076,1.21657988406,1.31602510123,10.9217595095,-0.912515459961,0.76920630323,10.0586698725
0.644742,1.14586165058,1.28066598449,10.8489478072,-0.866370670294,0.76920630323,10.1040507478
0.646408,1.14586165058,1.28066598449,10.8853536583,-0.866370670294,0.76920630323,10.1040507478
0.648074,1.18122076732,1.31602510123,10.8853536583,-0.866370670294,0.76920630323,10.1040507478
0.64974,1.28729811753,1.3867433347,10.9217595095,-0.866370670294,0.76920630323,10.1040507478
0.651406,1.18122076732,1.31602510123,10.8853536583,-0.866370670294,0.76920630323,10.1040507478
0.653072,1.18122076732,1.28066598449,10.8489478072,-0.820225880627,0.814587178465,10.1948124982
0.654738,1.18122076732,1.28066598449,10.8853536583,-0.866370670294,0.814587178465,10.1040507478
0.656404,1.18122076732,1.31602510123,10.8853536583,-0.866370670294,0.76920630323,10.1040507478
0.65807,1.11050253385,1.28066598449,10.9581653606,-0.866370670294,0.76920630323,10.1040507478
0.659736,1.18122076732,1.31602510123,10.8853536583,-0.866370670294,0.814587178465,10.1040507478
0.661402,1.18122076732,1.31602510123,10.8853536583,-0.866370670294,0.76920630323,10.1040507478
0.663068,1.21657988406,1.31602510123,10.8853536583,-0.866370670294,0.814587178465,10.1040507478
0.664734,1.18122076732,1.31602510123,10.8853536583,-0.866370670294,0.76920630323,10.1040507478
0.6664,1.11050253385,1.24530686776,10.7761361049,-0.820225880627,0.814587178465,10.149431623
0.668066,1.18122076732,1.35138421797,10.8853536583,-0.866370670294,0.76920630323,10.1040507478
0.669732,1.18122076732,1.31602510123,10.8853536583,-0.866370670294,0.76920630323,10.1040507478
0.671398,1.18122076732,1.31602510123,10.8489478072,-0.866370670294,0.76920630323,10.1040507478
0.673064,1.21657988406,1.31602510123,10.8853536583,-0.866370670294,0.814587178465,10.1040507478
0.67473,1.11050253385,1.24530686776,10.7761361049,-0.912515459961,0.76920630323,10.1040507478
0.676396,1.18122076732,1.31602510123,10.8853536583,-0.866370670294,0.76920630323,10.1040507478
0.678062,1.18122076732,1.28066598449,10.8853536583,-0.866370670294,0.76920630323,10.1040507478
0.679728,1.28729811753,1.35138421797,10.8853536583,-0.77408109096,0.814587178465,10.1948124982
0.681394,1.21657988406,1.35138421797,10.9217595095,-0.866370670294,0.76920630323,10.1040507478
0.68306,1.14586165058,1.24530686776,10.8125419561,-0.866370670294,0.76920630323,10.1040507478
0.684726,1.18122076732,1.31602510123,10.8489478072,-0.912515459961,0.76920630323,10.1040507478
0.686392,1.18122076732,1.28066598449,10.8853536583,-0.866370670294,0.76920630323,10.1040507478
0.688058,1.28729811753,1.3867433347,10.9217595095,-0.77408109096,0.905348928936,10.1948124982
0.689724,1.18122076732,1.31602510123,10.8853536583,-0.866370670294,0.814587178465,10.149431623
0.69139,1.18122076732,1.28066598449,10.8489478072,-0.866370670294,0.814587178465,10.1040507478
0.693056,1.18122076732,1.28066598449,10.8853536583,-0.866370670294,0.814587178465,10.149431623
0.694722,1.18122076732,1.31602510123,10.8853536583,-0.866370670294,0.814587178465,10.1040507478
0.696388,1.18122076732,1.42210245144,10.9922958461,-0.866370670294,0.814587178465,10.149431623
0.698054,1.18122076732,1.31602510123,10.8853536583,-0.866370670294,0.814587178465,10.1948124982
0.69972,1.18122076732,1.28066598449,10.8489478072,-0.866370670294,0.76920630323,10.149431623
0.701386,1.18122076732,1.31602510123,10.8853536583,-0.820225880627,0.859968053701,10.1948124982
0.703052,1.18122076732,1.35138421797,10.8853536583,-0.912515459961,0.76920630323,10.1040507478
0.704718,1.14586165058,1.24530686776,10.8125419561,-0.866370670294,0.76920630323,10.149431623
0.706384,1.18122076732,1.28066598449,10.8853536583,-0.866370670294,0.76920630323,10.149431623
0.70805,1.18122076732,1.31602510123,10.8853536583,-0.866370670294,0.76920630323,10.1040507478
0.709716,1.21657988406,1.31602510123,10.8853536583,-0.866370670294,0.814587178465,10.149431623
0.711382,1.18122076732,1.35138421797,10.9217595095,-0.866370670294,0.76920630323,10.149431623
0.713048,1.14586165058,1.24530686776,10.8125419561,-0.820225880627,0.814587178465,10.149431623
0.714714,1.18122076732,1.28066598449,10.8853536583,-0.866370670294,0.814587178465,10.1948124982
0.71638,1.18122076732,1.31602510123,10.9217595095,-0.866370670294,0.76920630323,10.1040507478
0.718046,1.25193900079,1.28066598449,10.8853536583,-0.866370670294,0.76920630323,10.149431623
0.719712,1.21657988406,1.31602510123,10.9217595095,-0.866370670294,0.814587178465,10.149431623
0.721378,1.14586165058,1.28066598449,10.8489478072,-0.866370670294,0.814587178465,10.149431623
0.723044,1.18122076732,1.31602510123,10.8853536583,-0.820225880627,0.814587178465,10.149431623
0.72471,1.18122076732,1.31602510123,10.9217595095,-0.866370670294,0.76920630323,10.1040507478
0.726376,1.28729811753,1.3867433347,10.9581653606,-0.866370670294,0.76920630323,10.1040507478
0.728042,1.18122076732,1.31602510123,10.9217595095,-0.866370670294,0.76920630323,10.149431623
0.729708,1.14586165058,1.28066598449,10.8125419561,-0.866370670294,0.76920630323,10.149431623
0.731374,1.14586165058,1.31602510123,10.8853536583,-0.866370670294,0.76920630323,10.149431623
0.73304,1.18122076732,1.31602510123,10.9217595095,-0.866370670294,0.76920630323,10.149431623
0.734706,1.25193900079,1.42210245144,10.9922958461,-0.866370670294,0.814587178465,10.149431623
0.736372,1.18122076732,1.31602510123,10.9217595095,-0.866370670294,0.76920630323,10.1040507478
0.738038,1.14586165058,1.28066598449,10.8125419561,-0.77408109096,0.905348928936,10.1948124982
0.739704,1.18122076732,1.31602510123,10.8853536583,-0.866370670294,0.76920630323,10.149431623
0.74137,1.21657988406,1.31602510123,10.9217595095,-0.866370670294,0.814587178465,10.149431623
0.743036,1.11050253385,1.3867433347,11.0287016972,-0.866370670294,0.814587178465,10.149431623
0.744702,1.21657988406,1.35138421797,10.9217595095,-0.866370670294,0.76920630323,10.149431623
0.746368,1.18122076732,1.31602510123,10.8853536583,-0.866370670294,0.814587178465,10.149431623
0.748034,1.18122076732,1.31602510123,10.8489478072,-0.866370670294,0.76920630323,10.149431623
0.7497,1.18122076732,1.35138421797,10.9217595095,-0.866370670294,0.814587178465,10.149431623
0.751366,1.11050253385,1.28066598449,10.8853536583,-0.866370670294,0.814587178465,10.1040507478
0.753032,1.18122076732,1.35138421797,10.8853536583,-0.866370670294,0.814587178465,10.149431623
0.754698,1.18122076732,1.31602510123,10.8853536583,-0.866370670294,0.76920630323,10.149431623
0.756364,1.18122076732,1.28066598449,10.8853536583,-0.866370670294,0.76920630323,10.1040507478
0.75803,1.18122076732,1.31602510123,10.8853536583,-0.866370670294,0.76920630323,10.1040507478
0.759696,1.14586165058,1.28066598449,10.8125419561,-0.866370670294,0.76920630323,10.1040507478
0.761362,1.14586165058,1.31602510123,10.8489478072,-0.866370670294,0.814587178465,10.1040507478
0.763028,1.18122076732,1.28066598449,10.8853536583,-0.77408109096,0.859968053701,10.2401933735
0.764694,1.28729811753,1.35138421797,10.9217595095,-0.866370670294,0.76920630323,10.1040507478
0.76636,1.18122076732,1.35138421797,10.8853536583,-0.866370670294,0.814587178465,10.1040507478
0.768026,1.18122076732,1.31602510123,10.8853536583,-0.912515459961,0.76920630323,10.1040507478
0.769692,1.14586165058,1.31602510123,10.8853536583,-0.866370670294,0.76920630323,10.1040507478
0.771358,1.18122076732,1.28066598449,10.9217595095,-0.912515459961,0.723825427995,10.1040507478
0.773024,1.11050253385,1.31602510123,10.9581653606,-0.912515459961,0.76920630323,10.1040507478
0.77469,1.18122076732,1.31602510123,10.9217595095,-0.866370670294,0.76920630323,10.1040507478
0.776356,1.18122076732,1.28066598449,10.8853536583,-0.866370670294,0.814587178465,10.1040507478
0.778022,1.18122076732,1.35138421797,10.8489478072,-0.866370670294,0.814587178465,10.1040507478
0.779688,1.21657988406,1.35138421797,10.8853536583,-0.820225880627,0.859968053701,10.149431623
0.781354,1.14586165058,1.24530686776,10.8125419561,-0.820225880627,0.859968053701,10.1948124982
0.78302,1.18122076732,1.31602510123,10.8853536583,-0.866370670294,0.76920630323,10.1040507478
0.784686,1.18122076732,1.31602510123,10.8853536583,-0.866370670294,0.723825427995,10.1040507478
0.786352,1.28729811753,1.35138421797,10.8853536583,-0.866370670294,0.76920630323,10.149431623
0.788018,1.18122076732,1.31602510123,10.8853536583,-0.77408109096,0.859968053701,10.1948124982
0.789684,1.18122076732,1.28066598449,10.8125419561,-0.912515459961,0.76920630323,10.1040507478
0.79135,1.18122076732,1.31602510123,10.8853536583,-0.912515459961,0.76920630323,10.1040507478
0.793016,1.21657988406,1.31602510123,10.8853536583,-0.866370670294,0.814587178465,10.149431623
0.794682,1.07514341711,1.3867433347,10.9922958461,-0.866370670294,0.814587178465,10.1040507478
0.796348,1.18122076732,1.31602510123,10.8853536583,-0.866370670294,0.814587178465,10.1040507478
0.798014,1.18122076732,1.28066598449,10.8489478072,-0.866370670294,0.814587178465,10.1040507478
0.79968,1.18122076732,1.31602510123,10.8125419561,-0.866370670294,0.814587178465,10.1040507478
0.801346,1.18122076732,1.35138421797,10.8853536583,-0.866370670294,0.859968053701,10.149431623
0.803012,1.11050253385,1.24530686776,10.8489478072,-0.820225880627,0.859968053701,10.149431623
0.804678,1.18122076732,1.31602510123,10.8853536583,-0.77408109096,0.905348928936,10.1948124982
0.806344,1.18122076732,1.31602510123,10.8853536583,-0.866370670294,0.76920630323,10.1040507478
0.80801,1.18122076732,1.31602510123,10.8853536583,-0.866370670294,0.76920630323,10.1040507478
0.809676,1.18122076732,1.31602510123,10.8853536583,-0.866370670294,0.814587178465,10.149431623
0.811342,1.14586165058,1.28066598449,10.8125419561,-0.866370670294,0.76920630323,10.1040507478
0.813008,1.18122076732,1.28066598449,10.8853536583,-0.912515459961,0.76920630323,10.1040507478
0.814674,1.18122076732,1.31602510123,10.8853536583,-0.866370670294,0.76920630323,10.1040507478
0.81634,1.21657988406,1.35138421797,10.8853536583,-0.866370670294,0.814587178465,10.1040507478
0.818006,1.21657988406,1.31602510123,10.9217595095,-0.866370670294,0.76920630323,10.1040507478
0.819672,1.11050253385,1.28066598449,10.8125419561,-0.866370670294,0.814587178465,10.149431623
0.821338,1.21657988406,1.31602510123,10.8853536583,-0.866370670294,0.814587178465,10.149431623
0.823004,1.18122076732,1.31602510123,10.8489478072,-0.912515459961,0.76920630323,10.1040507478
0.82467,1.21657988406,1.35138421797,10.8853536583,-0.912515459961,0.76920630323,10.1040507478
0.826336,1.21657988406,1.35138421797,10.8853536583,-0.866370670294,0.76920630323,10.1040507478
0.828002,1.11050253385,1.24530686776,10.8125419561,-0.866370670294,0.76920630323,10.149431623
0.829668,1.14586165058,1.35138421797,10.8853536583,-0.866370670294,0.814587178465,10.149431623
0.831334,1.18122076732,1.31602510123,10.8853536583,-0.912515459961,0.76920630323,10.1040507478
0.833,1.21657988406,1.42210245144,10.9581653606,-0.866370670294,0.814587178465,10.1040507478
0.834666,1.21657988406,1.35138421797,10.9217595095,-0.866370670294,0.814587178465,10.149431623
0.836332,1.14586165058,1.28066598449,10.8489478072,-0.866370670294,0.76920630323,10.1040507478
0.837998,1.14586165058,1.28066598449,10.8853536583,-0.866370670294,0.814587178465,10.149431623
0.839664,1.21657988406,1.31602510123,10.8853536583,-0.866370670294,0.76920630323,10.149431623
0.84133,1.11050253385,1.24530686776,10.9581653606,-0.912515459961,0.76920630323,10.1040507478
0.842996,1.18122076732,1.35138421797,10.8853536583,-0.912515459961,0.76920630323,10.1040507478
0.844662,1.18122076732,1.28066598449,10.8853536583,-0.866370670294,0.76920630323,10.149431623
0.846328,1.18122076732,1.28066598449,10.8489478072,-0.866370670294,0.76920630323,10.149431623
0.847994,1.18122076732,1.31602510123,10.8853536583,-0.866370670294,0.76920630323,10.1040507478
0.84966,1.11050253385,1.24530686776,10.8853536583,-0.866370670294,0.814587178465,10.1040507478
0.851326,1.18122076732,1.31602510123,10.8853536583,-0.820225880627,0.859968053701,10.149431623
0.852992,1.18122076732,1.28066598449,10.8853536583,-0.866370670294,0.814587178465,10.149431623
0.854658,1.18122076732,1.31602510123,10.8489478072,-0.866370670294,0.814587178465,10.149431623
0.856324,1.21657988406,1.31602510123,10.8853536583,-0.866370670294,0.76920630323,10.149431623
0.85799,1.14586165058,1.24530686776,10.8125419561,-0.866370670294,0.814587178465,10.149431623
0.859656,1.18122076732,1.31602510123,10.8853536583,-0.866370670294,0.76920630323,10.1040507478
0.861322,1.18122076732,1.31602510123,10.8489478072,-0.912515459961,0.76920630323,10.149431623
0.862988,1.18122076732,1.31602510123,10.8489478072,-0.866370670294,0.76920630323,10.149431623
0.864654,1.18122076732,1.31602510123,10.8853536583,-0.866370670294,0.76920630323,10.149431623
0.86632,1.11050253385,1.35138421797,10.9922958461,-0.866370670294,0.76920630323,10.149431623
0.867986,1.18122076732,1.31602510123,10.9217595095,-0.866370670294,0.814587178465,10.149431623
0.869652,1.14586165058,1.31602510123,10.8489478072,-0.866370670294,0.814587178465,10.1040507478
0.871318,1.18122076732,1.28066598449,10.8853536583,-0.866370670294,0.76920630323,10.149431623
0.872984,1.18122076732,1.35138421797,10.8853536583,-0.866370670294,0.814587178465,10.1040507478
0.87465,1.11050253385,1.35138421797,11.0287016972,-0.866370670294,0.814587178465,10.149431623
0.876316,1.18122076732,1.31602510123,10.8853536583,-0.866370670294,0.76920630323,10.149431623
0.877982,1.18122076732,1.24530686776,10.8489478072,-0.866370670294,0.814587178465,10.149431623
0.879648,1.18122076732,1.31602510123,10.8853536583,-0.866370670294,0.814587178465,10.149431623
0.881314,1.21657988406,1.31602510123,10.9217595095,-0.820225880627,0.814587178465,10.1948124982
0.88298,1.18122076732,1.3867433347,10.9922958461,-0.866370670294,0.76920630323,10.149431623
0.884646,1.18122076732,1.31602510123,10.8853536583,-0.866370670294,0.76920630323,10.149431623
0.886312,1.14586165058,1.24530686776,10.8125419561,-0.866370670294,0.723825427995,10.1040507478
0.887978,1.18122076732,1.31602510123,10.8853536583,-0.866370670294,0.76920630323,10.1040507478
0.889644,1.21657988406,1.31602510123,10.8853536583,-0.866370670294,0.814587178465,10.1040507478
0.89131,1.21657988406,1.45746156818,10.9922958461,-0.866370670294,0.814587178465,10.1040507478
0.892976,1.21657988406,1.31602510123,10.8853536583,-0.866370670294,0.76920630323,10.149431623
0.894642,1.14586165058,1.28066598449,10.8489478072,-0.866370670294,0.814587178465,10.1040507478
0.896308,1.18122076732,1.31602510123,10.8853536583,-0.866370670294,0.76920630323,10.149431623
0.897974,1.18122076732,1.31602510123,10.8853536583,-0.866370670294,0.76920630323,10.1040507478
0.89964,1.25193900079,1.42210245144,10.9922958461,-0.912515459961,0.76920630323,10.1040507478
0.901306,1.21657988406,1.31602510123,10.8853536583,-0.912515459961,0.814587178465,10.1040507478
0.902972,1.18122076732,1.28066598449,10.8489478072,-0.866370670294,0.76920630323,10.1040507478
0.904638,1.18122076732,1.31602510123,10.8853536583,-0.866370670294,0.76920630323,10.149431623
0.906304,1.18122076732,1.31602510123,10.8853536583,-0.866370670294,0.76920630323,10.1040507478
0.90797,1.14586165058,1.3867433347,10.9922958461,-0.866370670294,0.76920630323,10.149431623
0.909636,1.18122076732,1.31602510123,10.8853536583,-0.866370670294,0.76920630323,10.1040507478
0.911302,1.14586165058,1.28066598449,10.8489478072,-0.866370670294,0.76920630323,10.149431623
0.912968,1.14586165058,1.31602510123,10.8853536583,-0.77408109096,0.905348928936,10.1948124982
0.914634,1.18122076732,1.31602510123,10.8853536583,-0.866370670294,0.76920630323,10.1040507478
0.9163,1.07514341711,1.35138421797,10.9922958461,-0.866370670294,0.76920630323,10.1040507478
0.917966,1.18122076732,1.31602510123,10.8853536583,-0.866370670294,0.76920630323,10.1040507478
0.919632,1.18122076732,1.31602510123,10.8853536583,-0.866370670294,0.814587178465,10.1040507478
0.921298,1.14586165058,1.31602510123,10.8489478072,-0.866370670294,0.814587178465,10.1040507478
0.922964,1.18122076732,1.31602510123,10.9217595095,-0.912515459961,0.76920630323,10.1040507478
0.92463,1.11050253385,1.24530686776,10.7761361049,-0.866370670294,0.76920630323,10.1040507478
0.926296,1.18122076732,1.35138421797,10.8853536583,-0.820225880627,0.859968053701,10.149431623
0.927962,1.18122076732,1.35138421797,10.8853536583,-0.866370670294,0.814587178465,10.1040507478
0.929628,1.21657988406,1.31602510123,10.8489478072,-0.866370670294,0.76920630323,10.1040507478
0.931294,1.21657988406,1.31602510123,10.8853536583,-0.866370670294,0.814587178465,10.1040507478
0.93296,1.11050253385,1.20994775102,10.7761361049,-0.912515459961,0.76920630323,10.1040507478
0.934626,1.18122076732,1.35138421797,10.8853536583,-0.820225880627,0.859968053701,10.1948124982
0.936292,1.18122076732,1.31602510123,10.8853536583,-0.866370670294,0.76920630323,10.1040507478
0.937958,1.21657988406,1.31602510123,10.8853536583,-0.866370670294,0.814587178465,10.1040507478
0.939624,1.18122076732,1.31602510123,10.8853536583,-0.77408109096,0.905348928936,10.1948124982
0.94129,1.11050253385,1.24530686776,10.8125419561,-0.77408109096,0.859968053701,10.1948124982
0.942956,1.18122076732,1.31602510123,10.8853536583,-0.820225880627,0.859968053701,10.1948124982
0.944622,1.18122076732,1.31602510123,10.8853536583,-0.77408109096,0.905348928936,10.1948124982
0.946288,1.18122076732,1.28066598449,10.8853536583,-0.77408109096,0.905348928936,10.1948124982
0.947954,1.18122076732,1.35138421797,10.8853536583,-0.77408109096,0.905348928936,10.1948124982
0.94962,1.18122076732,1.28066598449,10.8125419561,-0.820225880627,0.814587178465,10.149431623
0.951286,1.14586165058,1.31602510123,10.8853536583,-0.866370670294,0.814587178465,10.1040507478
0.952952,1.18122076732,1.31602510123,10.8853536583,-0.866370670294,0.814587178465,10.149431623
0.954618,1.18122076732,1.3867433347,10.9922958461,-0.866370670294,0.814587178465,10.149431623
0.956284,1.18122076732,1.31602510123,10.8853536583,-0.866370670294,0.76920630323,10.1040507478
0.95795,1.14586165058,1.28066598449,10.8489478072,-0.866370670294,0.723825427995,10.1040507478
0.959616,1.18122076732,1.31602510123,10.8853536583,-0.866370670294,0.76920630323,10.1040507478
0.961282,1.18122076732,1.35138421797,10.8853536583,-0.866370670294,0.76920630323,10.1040507478
0.962948,1.11050253385,1.35138421797,10.9922958461,-0.866370670294,0.76920630323,10.149431623
0.964614,1.18122076732,1.31602510123,10.9217595095,-0.77408109096,0.859968053701,10.2401933735
0.96628,1.14586165058,1.28066598449,10.8489478072,-0.912515459961,0.723825427995,10.1040507478
0.967946,1.14586165058,1.31602510123,10.8853536583,-0.912515459961,0.76920630323,10.1040507478
0.969612,1.21657988406,1.31602510123,10.9217595095,-0.866370670294,0.76920630323,10.1040507478
0.971278,1.11050253385,1.20994775102,10.8853536583,-0.820225880627,0.859968053701,10.1948124982
0.972944,1.18122076732,1.28066598449,10.8853536583,-0.866370670294,0.76920630323,10.1040507478
0.97461,1.18122076732,1.28066598449,10.8489478072,-0.866370670294,0.76920630323,10.1040507478
0.976276,1.18122076732,1.28066598449,10.8125419561,-0.820225880627,0.859968053701,10.149431623
0.977942,1.18122076732,1.35138421797,10.8853536583,-0.866370670294,0.76920630323,10.149431623
0.979608,1.14586165058,1.28066598449,10.8125419561,-0.866370670294,0.76920630323,10.149431623
0.981274,1.18122076732,1.31602510123,10.8853536583,-0.866370670294,0.814587178465,10.1040507478
0.98294,1.18122076732,1.28066598449,10.8853536583,-0.866370670294,0.76920630323,10.149431623
0.984606,1.28729811753,1.42210245144,10.9217595095,-0.866370670294,0.76920630323,10.1040507478
0.986272,1.18122076732,1.31602510123,10.9217595095,-0.866370670294,0.814587178465,10.149431623
0.987938,1.18122076732,1.31602510123,10.8489478072,-0.912515459961,0.76920630323,10.1040507478
0.989604,1.18122076732,1.28066598449,10.8853536583,-0.866370670294,0.76920630323,10.1040507478
0.99127,1.18122076732,1.31602510123,10.8853536583,-0.866370670294,0.76920630323,10.149431623
0.992936,1.11050253385,1.24530686776,10.8853536583,-0.912515459961,0.76920630323,10.1040507478
0.994602,1.18122076732,1.31602510123,10.9217595095,-0.866370670294,0.76920630323,10.149431623
0.996268,1.14586165058,1.31602510123,10.8853536583,-0.866370670294,0.76920630323,10.1040507478
0.997934,1.21657988406,1.24530686776,10.8853536583,-0.866370670294,0.76920630323,10.1040507478
0.9996,1.18122076732,1.31602510123,10.9217595095,-0.866370670294,0.76920630323,10.149431623
1.001266,1.14586165058,1.24530686776,10.8489478072,-0.820225880627,0.814587178465,10.1948124982
1.002932,1.14586165058,1.31602510123,10.8489478072,-0.866370670294,0.76920630323,10.1040507478
1.004598,1.18122076732,1.28066598449,10.8853536583,-0.866370670294,0.76920630323,10.1040507478
1.006264,1.28729811753,1.42210245144,10.9217595095,-0.866370670294,0.76920630323,10.1040507478
1.00793,1.18122076732,1.31602510123,10.8853536583,-0.866370670294,0.76920630323,10.1040507478
1.009596,1.14586165058,1.28066598449,10.8489478072,-0.820225880627,0.859968053701,10.1948124982
1.011262,1.18122076732,1.28066598449,10.8853536583,-0.866370670294,0.76920630323,10.1040507478
1.012928,1.18122076732,1.35138421797,10.8853536583,-0.866370670294,0.76920630323,10.149431623
1.014594,1.11050253385,1.31602510123,10.9922958461,-0.866370670294,0.76920630323,10.1040507478
1.01626,1.18122076732,1.31602510123,10.9217595095,-0.866370670294,0.76920630323,10.1040507478
1.017926,1.18122076732,1.31602510123,10.8853536583,-0.866370670294,0.814587178465,10.149431623
1.019592,1.18122076732,1.28066598449,10.8489478072,-0.820225880627,0.859968053701,10.1948124982
1.021258,1.18122076732,1.31602510123,10.8853536583,-0.866370670294,0.76920630323,10.1040507478
1.022924,1.14586165058,1.24530686776,10.8125419561,-0.866370670294,0.76920630323,10.1040507478
1.02459,1.18122076732,1.31602510123,10.8853536583,-0.866370670294,0.76920630323,10.149431623
1.026256,1.14586165058,1.28066598449,10.8853536583,-0.820225880627,0.76920630323,10.149431623
1.027922,1.28729811753,1.3867433347,10.9217595095,-0.866370670294,0.76920630323,10.1040507478
1.029588,1.18122076732,1.31602510123,10.9217595095,-0.866370670294,0.76920630323,10.149431623
1.031254,1.18122076732,1.28066598449,10.8853536583,-0.866370670294,0.76920630323,10.149431623
1.03292,1.14586165058,1.31602510123,10.8853536583,-0.866370670294,0.76920630323,10.1040507478
1.034586,1.18122076732,1.31602510123,10.8853536583,-0.820225880627,0.859968053701,10.1948124982
1.036252,1.11050253385,1.35138421797,10.9922958461,-0.77408109096,0.905348928936,10.1948124982
1.037918,1.18122076732,1.31602510123,10.9217595095,-0.820225880627,0.859968053701,10.1948124982
1.039584,1.18122076732,1.31602510123,10.8489478072,-0.77408109096,0.905348928936,10.2401933735
1.04125,1.18122076732,1.31602510123,10.8489478072,-0.912515459961,0.76920630323,10.1040507478
1.042916,1.21657988406,1.31602510123,10.9217595095,-0.866370670294,0.76920630323,10.1040507478
1.044582,1.14586165058,1.24530686776,10.8125419561,-0.866370670294,0.76920630323,10.149431623
1.046248,1.18122076732,1.28066598449,10.8853536583,-0.866370670294,0.76920630323,10.149431623
1.047914,1.18122076732,1.31602510123,10.8853536583,-0.866370670294,0.814587178465,10.1040507478
1.04958,1.28729811753,1.35138421797,10.8853536583,-0.820225880627,0.814587178465,10.149431623
1.051246,1.21657988406,1.31602510123,10.8853536583,-0.77408109096,0.905348928936,10.2401933735
1.052912,1.14586165058,1.24530686776,10.8489478072,-0.866370670294,0.76920630323,10.1040507478
1.054578,1.18122076732,1.31602510123,10.8853536583,-0.866370670294,0.76920630323,10.1040507478
1.056244,1.21657988406,1.31602510123,10.9217595095,-0.866370670294,0.76920630323,10.149431623
1.05791,1.18122076732,1.3867433347,10.9922958461,-0.866370670294,0.76920630323,10.149431623
1.059576,1.21657988406,1.31602510123,10.9217595095,-0.77408109096,0.905348928936,10.2401933735
1.061242,1.18122076732,1.28066598449,10.8853536583,-0.866370670294,0.76920630323,10.1040507478
1.062908,1.18122076732,1.31602510123,10.8853536583,-0.866370670294,0.814587178465,10.1040507478
1.064574,1.21657988406,1.35138421797,10.8853536583,-0.866370670294,0.814587178465,10.149431623
1.06624,1.14586165058,1.24530686776,10.8125419561,-0.912515459961,0.76920630323,10.1040507478
1.067906,1.18122076732,1.28066598449,10.8853536583,-0.866370670294,0.814587178465,10.1040507478
1.069572,1.18122076732,1.31602510123,10.8853536583,-0.866370670294,0.76920630323,10.1040507478
1.071238,1.21657988406,1.35138421797,10.8853536583,-0.866370670294,0.814587178465,10.149431623
1.072904,1.18122076732,1.31602510123,10.8853536583,-0.77408109096,0.905348928936,10.2401933735
1.07457,1.14586165058,1.28066598449,10.8125419561,-0.866370670294,0.76920630323,10.1040507478
1.076236,1.18122076732,1.31602510123,10.9217595095,-0.866370670294,0.76920630323,10.1040507478
1.077902,1.18122076732,1.28066598449,10.8853536583,-0.77408109096,0.905348928936,10.2401933735
1.079568,1.21657988406,1.35138421797,10.8853536583,-0.866370670294,0.76920630323,10.1040507478
1.081234,1.18122076732,1.31602510123,10.8853536583,-0.866370670294,0.76920630323,10.149431623
1.0829,1.18122076732,1.24530686776,10.8489478072,-0.866370670294,0.814587178465,10.1040507478
1.084566,1.18122076732,1.28066598449,10.8853536583,-0.866370670294,0.76920630323,10.149431623
1.086232,1.18122076732,1.31602510123,10.8853536583,-0.866370670294,0.76920630323,10.1040507478
1.087898,1.21657988406,1.45746156818,10.9922958461,-0.866370670294,0.814587178465,10.1040507478
1.089564,1.18122076732,1.31602510123,10.8853536583,-0.866370670294,0.814587178465,10.149431623
1.09123,1.18122076732,1.31602510123,10.8489478072,-0.866370670294,0.76920630323,10.1040507478
1.092896,1.14586165058,1.31602510123,10.8853536583,-0.866370670294,0.76920630323,10.1040507478
1.094562,1.21657988406,1.31602510123,10.9217595095,-0.866370670294,0.76920630323,10.1040507478
1.096228,1.11050253385,1.31602510123,10.9581653606,-0.77408109096,0.905348928936,10.2401933735
1.097894,1.18122076732,1.31602510123,10.9217595095,-0.912515459961,0.76920630323,10.1040507478
1.09956,1.18122076732,1.31602510123,10.8853536583,-0.866370670294,0.76920630323,10.1040507478
1.101226,1.18122076732,1.28066598449,10.8853536583,-0.912515459961,0.76920630323,10.1040507478
1.102892,1.21657988406,1.31602510123,10.8853536583,-0.866370670294,0.76920630323,10.149431623
1.104558,1.14586165058,1.28066598449,10.8125419561,-0.866370670294,0.814587178465,10.1040507478
1.106224,1.18122076732,1.28066598449,10.8853536583,-0.866370670294,0.76920630323,10.1040507478
1.10789,1.21657988406,1.31602510123,10.8853536583,-0.866370670294,0.814587178465,10.1040507478
1.109556,1.25193900079,1.35138421797,10.8853536583,-0.866370670294,0.76920630323,10.149431623
1.111222,1.18122076732,1.31602510123,10.8853536583,-0.820225880627,0.905348928936,10.1948124982
1.112888,1.14586165058,1.28066598449,10.8125419561,-0.866370670294,0.76920630323,10.1040507478
1.114554,1.18122076732,1.31602510123,10.8853536583,-0.912515459961,0.76920630323,10.1040507478
1.11622,1.21657988406,1.31602510123,10.8853536583,-0.866370670294,0.76920630323,10.149431623
1.117886,1.28729811753,1.35138421797,10.8853536583,-0.866370670294,0.76920630323,10.1040507478
1.119552,1.18122076732,1.35138421797,10.9217595095,-0.866370670294,0.814587178465,10.149431623
1.121218,1.14586165058,1.31602510123,10.7761361049,-0.866370670294,0.814587178465,10.1040507478
1.122884,1.18122076732,1.35138421797,10.8853536583,-0.912515459961,0.76920630323,10.1040507478
1.12455,1.18122076732,1.35138421797,10.8853536583,-0.912515459961,0.76920630323,10.1040507478
1.126216,1.21657988406,1.42210245144,10.9922958461,-0.820225880627,0.814587178465,10.149431623
1.127882,1.21657988406,1.31602510123,10.8853536583,-0.866370670294,0.76920630323,10.1040507478
1.129548,1.14586165058,1.28066598449,10.8125419561,-0.866370670294,0.76920630323,10.1040507478
1.131214,1.18122076732,1.31602510123,10.8853536583,-0.866370670294,0.76920630323,10.1040507478
1.13288,1.21657988406,1.31602510123,10.8853536583,-0.77408109096,0.859968053701,10.1948124982
1.134546,1.18122076732,1.3867433347,10.9922958461,-0.866370670294,0.76920630323,10.1040507478
1.136212,1.18122076732,1.31602510123,10.8853536583,-0.820225880627,0.814587178465,10.149431623
1.137878,1.18122076732,1.31602510123,10.8853536583,-0.866370670294,0.814587178465,10.149431623
1.139544,1.18122076732,1.31602510123,10.8853536583,-0.866370670294,0.76920630323,10.1040507478
1.14121,1.21657988406,1.31602510123,10.8853536583,-0.866370670294,0.76920630323,10.149431623
1.142876,1.14586165058,1.24530686776,10.9217595095,-0.866370670294,0.76920630323,10.1040507478
1.144542,1.18122076732,1.35138421797,10.8853536583,-0.866370670294,0.814587178465,10.149431623
1.146208,1.18122076732,1.31602510123,10.8853536583,-0.866370670294,0.76920630323,10.1040507478
1.147874,1.18122076732,1.31602510123,10.8489478072,-0.77408109096,0.905348928936,10.2401933735
1.14954,1.18122076732,1.31602510123,10.8853536583,-0.866370670294,0.76920630323,10.1040507478
1.151206,1.14586165058,1.28066598449,10.8125419561,-0.866370670294,0.814587178465,10.149431623
1.152872,1.18122076732,1.31602510123,10.8853536583,-0.77408109096,0.905348928936,10.1948124982
1.154538,1.18122076732,1.31602510123,10.8853536583,-0.866370670294,0.814587178465,10.1040507478
1.156204,1.28729811753,1.42210245144,10.9217595095,-0.866370670294,0.76920630323,10.149431623
1.15787,1.21657988406,1.31602510123,10.9217595095,-0.820225880627,0.814587178465,10.149431623
1.159536,1.18122076732,1.31602510123,10.8489478072,-0.77408109096,0.905348928936,10.2401933735
1.161202,1.14586165058,1.31602510123,10.8853536583,-0.866370670294,0.723825427995,10.1040507478
1.162868,1.21657988406,1.31602510123,10.9217595095,-0.912515459961,0.76920630323,10.1040507478
1.164534,1.11050253385,1.20994775102,10.8853536583,-0.866370670294,0.723825427995,10.1040507478
1.1662,1.18122076732,1.31602510123,10.8853536583,-0.866370670294,0.814587178465,10.149431623
1.167866,1.18122076732,1.31602510123,10.8853536583,-0.866370670294,0.76920630323,10.1040507478
1.169532,1.18122076732,1.31602510123,10.8853536583,-0.866370670294,0.76920630323,10.1040507478
1.171198,1.21657988406,1.35138421797,10.9217595095,-0.866370670294,0.76920630323,10.1040507478
1.172864,1.18122076732,1.28066598449,10.8853536583,-0.820225880627,0.859968053701,10.1948124982
1.17453,1.18122076732,1.31602510123,10.8853536583,-0.866370670294,0.76920630323,10.1040507478
1.176196,1.18122076732,1.31602510123,10.8853536583,-0.866370670294,0.814587178465,10.149431623
1.177862,1.21657988406,1.42210245144,10.9922958461,-0.866370670294,0.76920630323,10.1040507478
1.179528,1.18122076732,1.35138421797,10.8853536583,-0.866370670294,0.76920630323,10.149431623
1.181194,1.14586165058,1.28066598449,10.8489478072,-0.912515459961,0.76920630323,10.1040507478
1.18286,1.14586165058,1.31602510123,10.8853536583,-0.866370670294,0.76920630323,10.1040507478
1.184526,1.18122076732,1.31602510123,10.9217595095,-0.866370670294,0.723825427995,10.1040507478
1.186192,1.21657988406,1.42210245144,10.9581653606,-0.820225880627,0.814587178465,10.1948124982
1.187858,1.18122076732,1.31602510123,10.8853536583,-0.866370670294,0.76920630323,10.1040507478
1.189524,1.18122076732,1.31602510123,10.8853536583,-0.866370670294,0.76920630323,10.1040507478
1.19119,1.18122076732,1.28066598449,10.8853536583,-0.912515459961,0.76920630323,10.1040507478
1.192856,1.18122076732,1.31602510123,10.8853536583,-0.866370670294,0.76920630323,10.1040507478
1.194522,1.07514341711,1.35138421797,10.9922958461,-0.77408109096,0.859968053701,10.1948124982
1.196188,1.18122076732,1.35138421797,10.9217595095,-0.866370670294,0.814587178465,10.1040507478
1.197854,1.18122076732,1.28066598449,10.8489478072,-0.866370670294,0.814587178465,10.149431623
1.19952,1.21657988406,1.31602510123,10.8853536583,-0.866370670294,0.814587178465,10.149431623
1.201186,1.18122076732,1.31602510123,10.8853536583,-0.912515459961,0.76920630323,10.1040507478
1.202852,1.11050253385,1.20994775102,10.8125419561,-0.866370670294,0.76920630323,10.149431623
1.204518,1.18122076732,1.31602510123,10.8853536583,-0.912515459961,0.76920630323,10.1040507478
1.206184,1.18122076732,1.28066598449,10.8853536583,-0.820225880627,0.859968053701,10.1948124982
1.20785,1.25193900079,1.31602510123,10.8853536583,-0.866370670294,0.76920630323,10.1040507478
1.209516,1.18122076732,1.31602510123,10.9217595095,-0.866370670294,0.814587178465,10.1040507478
1.211182,1.14586165058,1.28066598449,10.8125419561,-0.77408109096,0.905348928936,10.1948124982
1.212848,1.18122076732,1.31602510123,10.8853536583,-0.912515459961,0.76920630323,10.1040507478
1.214514,1.18122076732,1.31602510123,10.8853536583,-0.866370670294,0.76920630323,10.1040507478
1.21618,1.28729811753,1.3867433347,10.9217595095,-0.866370670294,0.76920630323,10.1040507478
1.217846,1.18122076732,1.31602510123,10.9217595095,-0.866370670294,0.814587178465,10.149431623
1.219512,1.18122076732,1.24530686776,10.8489478072,-0.77408109096,0.859968053701,10.1948124982
1.221178,1.18122076732,1.31602510123,10.8489478072,-0.77408109096,0.814587178465,10.1948124982
1.222844,1.18122076732,1.28066598449,10.9217595095,-0.912515459961,0.76920630323,10.1040507478
1.22451,1.11050253385,1.3867433347,10.9922958461,-0.866370670294,0.814587178465,10.1040507478
1.226176,1.18122076732,1.28066598449,10.8853536583,-0.866370670294,0.814587178465,10.1040507478
1.227842,1.14586165058,1.31602510123,10.8489478072,-0.866370670294,0.76920630323,10.1040507478
1.229508,1.18122076732,1.31602510123,10.8853536583,-0.866370670294,0.814587178465,10.1040507478
1.231174,1.21657988406,1.31602510123,10.8853536583,-0.866370670294,0.814587178465,10.1040507478
1.23284,1.11050253385,1.31602510123,10.9922958461,-0.77408109096,0.905348928936,10.2401933735
1.234506,1.18122076732,1.31602510123,10.8853536583,-0.866370670294,0.76920630323,10.1040507478
1.236172,1.18122076732,1.31602510123,10.8853536583,-0.866370670294,0.76920630323,10.1040507478
1.237838,1.18122076732,1.28066598449,10.8853536583,-0.866370670294,0.76920630323,10.1040507478
1.239504,1.18122076732,1.35138421797,10.9217595095,-0.866370670294,0.76920630323,10.1040507478
1.24117,1.14586165058,1.24530686776,10.8125419561,-0.912515459961,0.76920630323,10.1040507478
1.242836,1.18122076732,1.31602510123,10.8853536583,-0.866370670294,0.76920630323,10.149431623
1.244502,1.18122076732,1.31602510123,10.8489478072,-0.866370670294,0.76920630323,10.1040507478
1.246168,1.21657988406,1.31602510123,10.8853536583,-0.820225880627,0.814587178465,10.1948124982
1.247834,1.21657988406,1.31602510123,10.8853536583,-0.866370670294,0.814587178465,10.149431623
1.2495,1.14586165058,1.24530686776,10.8125419561,-0.866370670294,0.814587178465,10.149431623
1.251166,1.18122076732,1.28066598449,10.8853536583,-0.820225880627,0.814587178465,10.149431623
1.252832,1.18122076732,1.31602510123,10.8853536583,-0.77408109096,0.905348928936,10.1948124982
1.254498,1.28729811753,1.3867433347,10.9217595095,-0.866370670294,0.76920630323,10.1040507478
1.256164,1.18122076732,1.35138421797,10.8853536583,-0.866370670294,0.76920630323,10.1040507478
1.25783,1.18122076732,1.28066598449,10.8489478072,-0.866370670294,0.76920630323,10.1040507478
1.259496,1.18122076732,1.31602510123,10.8489478072,-0.866370670294,0.76920630323,10.1040507478
1.261162,1.21657988406,1.31602510123,10.9217595095,-0.820225880627,0.814587178465,10.1948124982
1.262828,1.11050253385,1.31602510123,10.9581653606,-0.912515459961,0.76920630323,10.1040507478
1.264494,1.18122076732,1.31602510123,10.8853536583,-0.866370670294,0.76920630323,10.1040507478
1.26616,1.18122076732,1.24530686776,10.8489478072,-0.866370670294,0.723825427995,10.1040507478
1.267826,1.18122076732,1.31602510123,10.8489478072,-0.866370670294,0.76920630323,10.1040507478
1.269492,1.21657988406,1.35138421797,10.8853536583,-0.866370670294,0.814587178465,10.1040507478
1.271158,1.14586165058,1.28066598449,10.8125419561,-0.77408109096,0.905348928936,10.1948124982
1.272824,1.18122076732,1.31602510123,10.8853536583,-0.912515459961,0.76920630323,10.1040507478
1.27449,1.18122076732,1.31602510123,10.8853536583,-0.866370670294,0.76920630323,10.149431623
1.276156,1.28729811753,1.42210245144,10.9581653606,-0.866370670294,0.76920630323,10.149431623
1.277822,1.21657988406,1.31602510123,10.8853536583,-0.866370670294,0.76920630323,10.149431623
1.279488,1.18122076732,1.28066598449,10.8125419561,-0.866370670294,0.76920630323,10.1040507478
1.281154,1.18122076732,1.31602510123,10.8853536583,-0.820225880627,0.814587178465,10.149431623
1.28282,1.18122076732,1.31602510123,10.8853536583,-0.866370670294,0.814587178465,10.1040507478
1.284486,1.07514341711,1.24530686776,10.8853536583,-0.866370670294,0.76920630323,10.1040507478
1.286152,1.18122076732,1.31602510123,10.9217595095,-0.912515459961,0.76920630323,10.1040507478
1.287818,1.18122076732,1.31602510123,10.8489478072,-0.866370670294,0.814587178465,10.149431623
1.289484,1.18122076732,1.31602510123,10.8489478072,-0.866370670294,0.76920630323,10.1040507478
1.29115,1.18122076732,1.31602510123,10.8853536583,-0.912515459961,0.76920630323,10.1040507478
1.292816,1.14586165058,1.28066598449,10.8125419561,-0.866370670294,0.76920630323,10.1040507478
1.294482,1.14586165058,1.35138421797,10.8853536583,-0.866370670294,0.76920630323,10.1040507478
1.296148,1.18122076732,1.28066598449,10.8853536583,-0.866370670294,0.76920630323,10.1040507478
1.297814,1.21657988406,1.31602510123,10.8853536583,-0.912515459961,0.76920630323,10.1040507478
1.29948,1.18122076732,1.35138421797,10.8853536583,-0.866370670294,0.76920630323,10.1040507478
1.301146,1.14586165058,1.31602510123,10.8125419561,-0.866370670294,0.76920630323,10.1040507478
1.302812,1.18122076732,1.31602510123,10.8853536583,-0.866370670294,0.76920630323,10.1040507478
1.304478,1.18122076732,1.31602510123,10.8853536583,-0.912515459961,0.76920630323,10.1040507478
1.306144,1.25193900079,1.35138421797,10.8853536583,-0.866370670294,0.76920630323,10.1040507478
1.30781,1.18122076732,1.31602510123,10.8853536583,-0.866370670294,0.814587178465,10.149431623
1.309476,1.18122076732,1.31602510123,10.8125419561,-0.866370670294,0.814587178465,10.149431623
1.311142,1.18122076732,1.31602510123,10.8853536583,-0.77408109096,0.905348928936,10.2401933735
1.312808,1.14586165058,1.31602510123,10.8853536583,-0.77408109096,0.905348928936,10.1948124982
1.314474,1.28729811753,1.42210245144,10.9217595095,-0.866370670294,0.76920630323,10.1040507478
1.31614,1.18122076732,1.31602510123,10.9217595095,-0.866370670294,0.76920630323,10.149431623
1.317806,1.18122076732,1.28066598449,10.8489478072,-0.866370670294,0.76920630323,10.149431623
1.319472,1.18122076732,1.28066598449,10.8853536583,-0.866370670294,0.76920630323,10.1040507478
1.321138,1.18122076732,1.31602510123,10.8853536583,-0.866370670294,0.814587178465,10.1040507478
1.322804,1.11050253385,1.35138421797,10.9922958461,-0.866370670294,0.814587178465,10.149431623
1.32447,1.18122076732,1.31602510123,10.8853536583,-0.77408109096,0.859968053701,10.2401933735
1.326136,1.18122076732,1.24530686776,10.8489478072,-0.866370670294,0.76920630323,10.1040507478
1.327802,1.18122076732,1.31602510123,10.8489478072,-0.866370670294,0.76920630323,10.1040507478
1.329468,1.21657988406,1.35138421797,10.9217595095,-0.866370670294,0.814587178465,10.149431623
1.331134,1.11050253385,1.20994775102,10.9217595095,-0.866370670294,0.76920630323,10.1040507478
1.3328,1.18122076732,1.31602510123,10.8853536583,-0.912515459961,0.76920630323,10.1040507478
1.334466,1.18122076732,1.35138421797,10.8853536583,-0.866370670294,0.814587178465,10.1040507478
1.336132,1.18122076732,1.28066598449,10.8853536583,-0.866370670294,0.814587178465,10.149431623
1.337798,1.18122076732,1.31602510123,10.8853536583,-0.866370670294,0.814587178465,10.1040507478
1.339464,1.11050253385,1.24530686776,10.8125419561,-0.866370670294,0.76920630323,10.1040507478
1.34113,1.18122076732,1.31602510123,10.8853536583,-0.866370670294,0.76920630323,10.149431623
1.342796,1.21657988406,1.31602510123,10.8853536583,-0.866370670294,0.76920630323,10.149431623
1.344462,1.25193900079,1.42210245144,10.9217595095,-0.820225880627,0.859968053701,10.1948124982
1.346128,1.18122076732,1.31602510123,10.9217595095,-0.866370670294,0.76920630323,10.1040507478
1.347794,1.11050253385,1.31602510123,10.8125419561,-0.866370670294,0.814587178465,10.1040507478
1.34946,1.14586165058,1.31602510123,10.8853536583,-0.866370670294,0.76920630323,10.149431623
1.351126,1.21657988406,1.31602510123,10.9217595095,-0.820225880627,0.814587178465,10.149431623
1.352792,1.28729811753,1.3867433347,10.8853536583,-0.820225880627,0.905348928936,10.1948124982
1.354458,1.18122076732,1.31602510123,10.8853536583,-0.866370670294,0.76920630323,10.149431623
1.356124,1.11050253385,1.31602510123,10.8125419561,-0.866370670294,0.76920630323,10.149431623
1.35779,1.18122076732,1.28066598449,10.8853536583,-0.866370670294,0.76920630323,10.1040507478
1.359456,1.18122076732,1.31602510123,10.8853536583,-0.912515459961,0.76920630323,10.1040507478
1.361122,1.18122076732,1.42210245144,10.9922958461,-0.866370670294,0.814587178465,10.149431623
1.362788,1.18122076732,1.31602510123,10.8853536583,-0.866370670294,0.814587178465,10.1040507478
1.364454,1.18122076732,1.20994775102,10.8853536583,-0.820225880627,0.814587178465,10.149431623
1.36612,1.18122076732,1.31602510123,10.8489478072,-0.866370670294,0.814587178465,10.149431623
1.367786,1.18122076732,1.35138421797,10.8853536583,-0.77408109096,0.905348928936,10.1948124982
1.369452,1.14586165058,1.28066598449,10.8125419561,-0.866370670294,0.76920630323,10.1040507478
1.371118,1.18122076732,1.31602510123,10.8853536583,-0.866370670294,0.814587178465,10.1040507478
1.372784,1.18122076732,1.31602510123,10.8853536583,-0.866370670294,0.814587178465,10.1040507478
1.37445,1.25193900079,1.3867433347,10.9217595095,-0.866370670294,0.76920630323,10.1040507478
1.376116,1.21657988406,1.35138421797,10.9217595095,-0.866370670294,0.814587178465,10.1040507478
1.377782,1.18122076732,1.31602510123,10.8853536583,-0.866370670294,0.76920630323,10.1040507478
1.379448,1.18122076732,1.28066598449,10.8853536583,-0.77408109096,0.905348928936,10.1948124982
1.381114,1.21657988406,1.35138421797,10.9217595095,-0.866370670294,0.76920630323,10.1040507478
1.38278,1.11050253385,1.20994775102,10.8125419561,-0.866370670294,0.76920630323,10.1040507478
1.384446,1.18122076732,1.28066598449,10.8853536583,-0.866370670294,0.723825427995,10.1040507478
1.386112,1.18122076732,1.31602510123,10.8853536583,-0.866370670294,0.76920630323,10.1040507478
1.387778,1.21657988406,1.31602510123,10.8853536583,-0.912515459961,0.76920630323,10.1040507478
1.389444,1.18122076732,1.35138421797,10.9217595095,-0.866370670294,0.814587178465,10.1040507478
1.39111,1.14586165058,1.28066598449,10.8489478072,-0.866370670294,0.814587178465,10.1040507478
1.392776,1.18122076732,1.31602510123,10.8853536583,-0.866370670294,0.814587178465,10.149431623
1.394442,1.18122076732,1.31602510123,10.8853536583,-0.77408109096,0.905348928936,10.2401933735
1.396108,1.18122076732,1.42210245144,10.9922958461,-0.866370670294,0.814587178465,10.149431623
1.397774,1.18122076732,1.31602510123,10.8853536583,-0.866370670294,0.814587178465,10.1040507478
1.39944,1.18122076732,1.31602510123,10.8489478072,-0.866370670294,0.814587178465,10.149431623
1.401106,1.18122076732,1.31602510123,10.8489478072,-0.866370670294,0.76920630323,10.1040507478
1.402772,1.18122076732,1.31602510123,10.8853536583,-0.866370670294,0.76920630323,10.1040507478
1.404438,1.11050253385,1.31602510123,10.9581653606,-0.77408109096,0.905348928936,10.1948124982
1.406104,1.18122076732,1.31602510123,10.9217595095,-0.820225880627,0.905348928936,10.1948124982
1.40777,1.18122076732,1.31602510123,10.8853536583,-0.912515459961,0.76920630323,10.1040507478
1.409436,1.14586165058,1.31602510123,10.8489478072,-0.866370670294,0.76920630323,10.149431623
1.411102,1.18122076732,1.31602510123,10.9217595095,-0.866370670294,0.76920630323,10.149431623
1.412768,1.07514341711,1.28066598449,10.8125419561,-0.866370670294,0.814587178465,10.1040507478
1.414434,1.18122076732,1.35138421797,10.9217595095,-0.866370670294,0.814587178465,10.149431623
1.4161,1.18122076732,1.31602510123,10.8853536583,-0.866370670294,0.814587178465,10.149431623
1.417766,1.18122076732,1.31602510123,10.8489478072,-0.820225880627,0.859968053701,10.1948124982
1.419432,1.21657988406,1.35138421797,10.9217595095,-0.820225880627,0.814587178465,10.149431623
1.421098,1.07514341711,1.28066598449,10.8125419561,-0.820225880627,0.905348928936,10.1948124982
1.422764,1.18122076732,1.31602510123,10.8853536583,-0.820225880627,0.814587178465,10.1948124982
1.42443,1.18122076732,1.31602510123,10.8853536583,-0.866370670294,0.76920630323,10.1040507478
1.426096,1.28729811753,1.3867433347,10.9581653606,-0.866370670294,0.76920630323,10.149431623
1.427762,1.18122076732,1.31602510123,10.9217595095,-0.866370670294,0.76920630323,10.149431623
1.429428,1.14586165058,1.31602510123,10.8489478072,-0.866370670294,0.814587178465,10.149431623
1.431094,1.18122076732,1.31602510123,10.8853536583,-0.820225880627,0.859968053701,10.1948124982
1.43276,1.18122076732,1.35138421797,10.8853536583,-0.912515459961,0.76920630323,10.1040507478
1.434426,1.11050253385,1.24530686776,10.8853536583,-0.866370670294,0.814587178465,10.1040507478
1.436092,1.18122076732,1.31602510123,10.8853536583,-0.866370670294,0.814587178465,10.149431623
1.437758,1.18122076732,1.28066598449,10.8853536583,-0.866370670294,0.76920630323,10.149431623
1.439424,1.21657988406,1.35138421797,10.8853536583,-0.866370670294,0.76920630323,10.1040507478
1.44109,1.18122076732,1.31602510123,10.9217595095,-0.866370670294,0.76920630323,10.149431623
1.442756,1.14586165058,1.24530686776,10.8125419561,-0.866370670294,0.76920630323,10.149431623
1.444422,1.14586165058,1.31602510123,10.8853536583,-0.820225880627,0.814587178465,10.149431623
1.446088,1.18122076732,1.31602510123,10.8853536583,-0.820225880627,0.859968053701,10.1948124982
1.447754,1.28729811753,1.42210245144,10.9217595095,-0.912515459961,0.76920630323,10.1040507478
1.44942,1.18122076732,1.35138421797,10.9217595095,-0.866370670294,0.76920630323,10.1040507478
1.451086,1.14586165058,1.28066598449,10.8489478072,-0.866370670294,0.814587178465,10.149431623
1.452752,1.18122076732,1.28066598449,10.8853536583,-0.866370670294,0.814587178465,10.149431623
1.454418,1.18122076732,1.31602510123,10.8853536583,-0.866370670294,0.76920630323,10.1040507478
1.456084,1.28729811753,1.3867433347,10.9217595095,-0.866370670294,0.814587178465,10.149431623
1.45775,1.18122076732,1.31602510123,10.8853536583,-0.866370670294,0.76920630323,10.1040507478
1.459416,1.11050253385,1.28066598449,10.8125419561,-0.912515459961,0.76920630323,10.1040507478
1.461082,1.14586165058,1.31602510123,10.8853536583,-0.866370670294,0.814587178465,10.1040507478
1.462748,1.18122076732,1.28066598449,10.8853536583,-0.866370670294,0.814587178465,10.1040507478
1.464414,1.18122076732,1.31602510123,10.8853536583,-0.866370670294,0.76920630323,10.149431623
1.46608,1.18122076732,1.31602510123,10.9217595095,-0.866370670294,0.814587178465,10.149431623
1.467746,1.14586165058,1.28066598449,10.8125419561,-0.866370670294,0.76920630323,10.1040507478
1.469412,1.18122076732,1.31602510123,10.8853536583,-0.820225880627,0.814587178465,10.149431623
1.471078,1.18122076732,1.31602510123,10.8853536583,-0.866370670294,0.814587178465,10.149431623
1.472744,1.25193900079,1.35138421797,10.8853536583,-0.866370670294,0.76920630323,10.1040507478
1.47441,1.21657988406,1.31602510123,10.9217595095,-0.866370670294,0.814587178465,10.149431623
1.476076,1.14586165058,1.24530686776,10.7761361049,-0.866370670294,0.814587178465,10.149431623
1.477742,1.21657988406,1.28066598449,10.8853536583,-0.866370670294,0.76920630323,10.1040507478
1.479408,1.18122076732,1.31602510123,10.8853536583,-0.866370670294,0.76920630323,10.1040507478
1.481074,1.18122076732,1.31602510123,10.8125419561,-0.866370670294,0.814587178465,10.1040507478
1.48274,1.18122076732,1.31602510123,10.8853536583,-0.912515459961,0.76920630323,10.1040507478
1.484406,1.11050253385,1.28066598449,10.8489478072,-0.866370670294,0.76920630323,10.149431623
1.486072,1.18122076732,1.28066598449,10.8853536583,-0.866370670294,0.723825427995,10.1040507478
1.487738,1.18122076732,1.31602510123,10.8489478072,-0.866370670294,0.76920630323,10.1040507478
1.489404,1.18122076732,1.28066598449,10.8489478072,-0.820225880627,0.814587178465,10.149431623
1.49107,1.18122076732,1.31602510123,10.9217595095,-0.866370670294,0.76920630323,10.1040507478
1.492736,1.11050253385,1.24530686776,10.8125419561,-0.866370670294,0.76920630323,10.149431623
1.494402,1.14586165058,1.31602510123,10.8853536583,-0.77408109096,0.859968053701,10.1948124982
1.496068,1.18122076732,1.31602510123,10.8853536583,-0.912515459961,0.76920630323,10.1040507478
1.497734,1.25193900079,1.35138421797,10.8853536583,-0.866370670294,0.76920630323,10.1040507478
1.4994,1.18122076732,1.35138421797,10.8853536583,-0.866370670294,0.76920630323,10.1040507478
1.501066,1.11050253385,1.28066598449,10.8125419561,-0.866370670294,0.723825427995,10.1040507478
1.502732,1.18122076732,1.31602510123,10.8853536583,-0.866370670294,0.814587178465,10.149431623
1.504398,1.18122076732,1.31602510123,10.8853536583,-0.866370670294,0.76920630323,10.1040507478
1.506064,1.28729811753,1.3867433347,10.9217595095,-0.820225880627,0.814587178465,10.149431623
1.50773,1.21657988406,1.31602510123,10.8853536583,-0.866370670294,0.76920630323,10.1040507478
1.509396,1.14586165058,1.31602510123,10.8125419561,-0.866370670294,0.814587178465,10.1040507478
1.511062,1.18122076732,1.31602510123,10.8853536583,-0.866370670294,0.814587178465,10.1040507478
1.512728,1.18122076732,1.35138421797,10.9217595095,-0.820225880627,0.814587178465,10.149431623
1.514394,1.11050253385,1.28066598449,10.8125419561,-0.866370670294,0.76920630323,10.1040507478
1.51606,1.18122076732,1.31602510123,10.8853536583,-0.866370670294,0.814587178465,10.149431623
1.517726,1.18122076732,1.28066598449,10.8853536583,-0.820225880627,0.859968053701,10.149431623
1.519392,1.18122076732,1.31602510123,10.8489478072,-0.866370670294,0.76920630323,10.1040507478
1.521058,1.18122076732,1.31602510123,10.8853536583,-0.866370670294,0.76920630323,10.1040507478
1.522724,1.11050253385,1.24530686776,10.8125419561,-0.866370670294,0.76920630323,10.1040507478
1.52439,1.14586165058,1.31602510123,10.8853536583,-0.866370670294,0.76920630323,10.1040507478
1.526056,1.18122076732,1.28066598449,10.8853536583,-0.866370670294,0.76920630323,10.1040507478
1.527722,1.28729811753,1.35138421797,10.8853536583,-0.912515459961,0.76920630323,10.1040507478
1.529388,1.18122076732,1.31602510123,10.9217595095,-0.866370670294,0.76920630323,10.1040507478
1.531054,1.14586165058,1.31602510123,10.8125419561,-0.866370670294,0.76920630323,10.149431623
1.53272,1.18122076732,1.31602510123,10.8853536583,-0.866370670294,0.76920630323,10.1040507478
1.534386,1.18122076732,1.31602510123,10.8853536583,-0.77408109096,0.859968053701,10.1948124982
1.536052,1.25193900079,1.3867433347,10.9217595095,-0.866370670294,0.76920630323,10.1040507478
1.537718,1.18122076732,1.31602510123,10.8853536583,-0.866370670294,0.76920630323,10.1040507478
1.539384,1.18122076732,1.28066598449,10.8125419561,-0.866370670294,0.76920630323,10.1040507478
1.54105,1.18122076732,1.28066598449,10.8853536583,-0.866370670294,0.76920630323,10.1040507478
1.542716,1.18122076732,1.31602510123,10.8853536583,-0.866370670294,0.814587178465,10.1040507478
1.544382,1.28729811753,1.42210245144,10.9217595095,-0.912515459961,0.814587178465,10.1040507478
1.546048,1.21657988406,1.31602510123,10.9217595095,-0.866370670294,0.76920630323,10.1040507478
1.547714,1.18122076732,1.28066598449,10.8489478072,-0.866370670294,0.814587178465,10.1040507478
1.54938,1.14586165058,1.28066598449,10.8853536583,-0.866370670294,0.76920630323,10.1040507478
1.551046,1.18122076732,1.31602510123,10.8853536583,-0.866370670294,0.814587178465,10.1040507478
1.552712,1.32265723427,1.3867433347,10.9217595095,-0.866370670294,0.814587178465,10.1040507478
1.554378,1.18122076732,1.35138421797,10.9217595095,-0.866370670294,0.814587178465,10.1040507478
1.556044,1.14586165058,1.28066598449,10.8489478072,-0.866370670294,0.76920630323,10.1040507478
1.55771,1.14586165058,1.31602510123,10.8489478072,-0.866370670294,0.814587178465,10.149431623
1.559376,1.18122076732,1.31602510123,10.9217595095,-0.912515459961,0.76920630323,10.1040507478
1.561042,1.07514341711,1.31602510123,10.9922958461,-0.866370670294,0.814587178465,10.1040507478
1.562708,1.18122076732,1.31602510123,10.8853536583,-0.866370670294,0.76920630323,10.149431623
1.564374,1.18122076732,1.28066598449,10.8853536583,-0.866370670294,0.814587178465,10.1040507478
1.56604,1.14586165058,1.28066598449,10.8853536583,-0.77408109096,0.905348928936,10.1948124982
1.567706,1.18122076732,1.31602510123,10.8853536583,-0.866370670294,0.76920630323,10.1040507478
1.569372,1.14586165058,1.20994775102,10.8125419561,-0.866370670294,0.76920630323,10.149431623
1.571038,1.18122076732,1.28066598449,10.8853536583,-0.912515459961,0.76920630323,10.1040507478
1.572704,1.18122076732,1.28066598449,10.8853536583,-0.866370670294,0.814587178465,10.1040507478
1.57437,1.28729811753,1.3867433347,10.9217595095,-0.866370670294,0.814587178465,10.1040507478
1.576036,1.18122076732,1.28066598449,10.9217595095,-0.866370670294,0.814587178465,10.1040507478
1.577702,1.14586165058,1.28066598449,10.8489478072,-0.866370670294,0.76920630323,10.149431623
1.579368,1.18122076732,1.28066598449,10.8853536583,-0.820225880627,0.814587178465,10.149431623
1.581034,1.21657988406,1.31602510123,10.8853536583,-0.866370670294,0.814587178465,10.149431623
1.5827,1.11050253385,1.35138421797,10.9922958461,-0.866370670294,0.76920630323,10.1040507478
1.584366,1.18122076732,1.35138421797,10.8853536583,-0.866370670294,0.814587178465,10.149431623
1.586032,1.18122076732,1.31602510123,10.8853536583,-0.866370670294,0.723825427995,10.1040507478
1.587698,1.18122076732,1.31602510123,10.8853536583,-0.866370670294,0.76920630323,10.1040507478
1.589364,1.18122076732,1.31602510123,10.8853536583,-0.866370670294,0.814587178465,10.1040507478
1.59103,1.11050253385,1.28066598449,10.8125419561,-0.866370670294,0.814587178465,10.1040507478
1.592696,1.18122076732,1.31602510123,10.8853536583,-0.77408109096,0.905348928936,10.2401933735
1.594362,1.18122076732,1.31602510123,10.8853536583,-0.866370670294,0.814587178465,10.1040507478
1.596028,1.18122076732,1.28066598449,10.8489478072,-0.866370670294,0.76920630323,10.1040507478
1.597694,1.18122076732,1.35138421797,10.8853536583,-0.866370670294,0.814587178465,10.1040507478
1.59936,1.11050253385,1.24530686776,10.8125419561,-0.866370670294,0.814587178465,10.1040507478
1.601026,1.18122076732,1.31602510123,10.8853536583,-0.866370670294,0.814587178465,10.1040507478
1.602692,1.18122076732,1.31602510123,10.8853536583,-0.820225880627,0.859968053701,10.1948124982
1.604358,1.21657988406,1.31602510123,10.8853536583,-0.866370670294,0.814587178465,10.149431623
1.606024,1.18122076732,1.31602510123,10.9217595095,-0.866370670294,0.814587178465,10.1040507478
1.60769,1.14586165058,1.31602510123,10.8489478072,-0.866370670294,0.814587178465,10.149431623
1.609356,1.18122076732,1.31602510123,10.8853536583,-0.866370670294,0.76920630323,10.149431623
1.611022,1.18122076732,1.31602510123,10.8853536583,-0.866370670294,0.814587178465,10.149431623
1.612688,1.25193900079,1.45746156818,10.9922958461,-0.866370670294,0.814587178465,10.149431623
1.614354,1.18122076732,1.31602510123,10.8853536583,-0.866370670294,0.814587178465,10.149431623
1.61602,1.18122076732,1.31602510123,10.8489478072,-0.866370670294,0.76920630323,10.1040507478
1.617686,1.18122076732,1.28066598449,10.8853536583,-0.866370670294,0.814587178465,10.1040507478
1.619352,1.21657988406,1.31602510123,10.8853536583,-0.77408109096,0.905348928936,10.1948124982
1.621018,1.28729811753,1.3867433347,10.9217595095,-0.866370670294,0.814587178465,10.1040507478
1.622684,1.18122076732,1.31602510123,10.9217595095,-0.866370670294,0.814587178465,10.149431623
1.62435,1.14586165058,1.28066598449,10.8125419561,-0.866370670294,0.76920630323,10.1040507478
1.626016,1.18122076732,1.31602510123,10.8853536583,-0.866370670294,0.814587178465,10.149431623
1.627682,1.18122076732,1.31602510123,10.8853536583,-0.77408109096,0.905348928936,10.2401933735
1.629348,1.14586165058,1.3867433347,10.9922958461,-0.866370670294,0.76920630323,10.149431623
1.631014,1.18122076732,1.31602510123,10.9217595095,-0.866370670294,0.76920630323,10.149431623
1.63268,1.18122076732,1.31602510123,10.8489478072,-0.866370670294,0.76920630323,10.1040507478
1.634346,1.18122076732,1.31602510123,10.8853536583,-0.866370670294,0.76920630323,10.1040507478
1.636012,1.18122076732,1.31602510123,10.9217595095,-0.866370670294,0.76920630323,10.149431623
1.637678,1.11050253385,1.20994775102,10.8125419561,-0.77408109096,0.905348928936,10.2401933735
1.639344,1.18122076732,1.28066598449,10.9217595095,-0.866370670294,0.76920630323,10.1040507478
1.64101,1.18122076732,1.28066598449,10.8853536583,-0.866370670294,0.76920630323,10.1040507478
1.642676,1.18122076732,1.28066598449,10.8853536583,-0.820225880627,0.814587178465,10.149431623
1.644342,1.18122076732,1.31602510123,10.9217595095,-0.866370670294,0.76920630323,10.1040507478
1.646008,1.11050253385,1.20994775102,10.8853536583,-0.866370670294,0.76920630323,10.1040507478
1.647674,1.18122076732,1.31602510123,10.8853536583,-0.866370670294,0.76920630323,10.1040507478
1.64934,1.18122076732,1.31602510123,10.8853536583,-0.866370670294,0.814587178465,10.149431623
1.651006,1.18122076732,1.31602510123,10.8853536583,-0.866370670294,0.814587178465,10.149431623
1.652672,1.18122076732,1.31602510123,10.8853536583,-0.866370670294,0.814587178465,10.1040507478
1.654338,1.14586165058,1.24530686776,10.8125419561,-0.866370670294,0.76920630323,10.1040507478
1.656004,1.18122076732,1.31602510123,10.8853536583,-0.866370670294,0.76920630323,10.1040507478
1.65767,1.21657988406,1.31602510123,10.8853536583,-0.866370670294,0.814587178465,10.1040507478
1.659336,1.28729811753,1.42210245144,10.9217595095,-0.866370670294,0.814587178465,10.1040507478
1.661002,1.18122076732,1.31602510123,10.9217595095,-0.866370670294,0.76920630323,10.149431623
1.662668,1.18122076732,1.28066598449,10.8853536583,-0.866370670294,0.76920630323,10.1040507478
1.664334,1.18122076732,1.28066598449,10.8853536583,-0.727936301293,0.905348928936,10.2401933735
1.666,1.18122076732,1.31602510123,10.8853536583,-0.866370670294,0.76920630323,10.149431623
1.667666,1.25193900079,1.3867433347,10.9922958461,-0.866370670294,0.76920630323,10.149431623
1.669332,1.21657988406,1.31602510123,10.9217595095,-0.820225880627,0.814587178465,10.149431623
1.670998,1.14586165058,1.28066598449,10.8489478072,-0.866370670294,0.814587178465,10.1040507478
1.672664,1.18122076732,1.31602510123,10.8853536583,-0.866370670294,0.76920630323,10.1040507478
1.67433,1.21657988406,1.31602510123,10.9217595095,-0.866370670294,0.76920630323,10.1040507478
1.675996,1.11050253385,1.35138421797,10.9922958461,-0.866370670294,0.814587178465,10.1040507478
1.677662,1.18122076732,1.31602510123,10.8853536583,-0.866370670294,0.814587178465,10.149431623
1.679328,1.18122076732,1.31602510123,10.8853536583,-0.820225880627,0.814587178465,10.149431623
1.680994,1.18122076732,1.31602510123,10.8853536583,-0.866370670294,0.76920630323,10.1040507478
1.68266,1.21657988406,1.31602510123,10.8853536583,-0.866370670294,0.76920630323,10.1040507478
1.684326,1.18122076732,1.28066598449,10.8489478072,-0.866370670294,0.76920630323,10.1040507478
1.685992,1.18122076732,1.28066598449,10.8853536583,-0.820225880627,0.814587178465,10.149431623
1.687658,1.18122076732,1.31602510123,10.8853536583,-0.820225880627,0.814587178465,10.149431623
1.689324,1.28729811753,1.3867433347,10.9217595095,-0.77408109096,0.859968053701,10.1948124982
1.69099,1.18122076732,1.35138421797,10.8853536583,-0.866370670294,0.76920630323,10.1040507478
1.692656,1.14586165058,1.24530686776,10.8125419561,-0.866370670294,0.76920630323,10.1040507478
1.694322,1.14586165058,1.31602510123,10.8853536583,-0.866370670294,0.814587178465,10.1040507478
1.695988,1.18122076732,1.28066598449,10.9217595095,-0.866370670294,0.76920630323,10.1040507478
1.697654,1.28729811753,1.3867433347,10.8853536583,-0.77408109096,0.905348928936,10.2401933735
1.69932,1.18122076732,1.31602510123,10.9217595095,-0.866370670294,0.814587178465,10.1040507478
1.700986,1.14586165058,1.28066598449,10.8489478072,-0.820225880627,0.814587178465,10.149431623
1.702652,1.18122076732,1.31602510123,10.8853536583,-0.866370670294,0.76920630323,10.1040507478
1.704318,1.21657988406,1.31602510123,10.8853536583,-0.866370670294,0.814587178465,10.1040507478
1.705984,1.18122076732,1.42210245144,10.9922958461,-0.866370670294,0.814587178465,10.1040507478
1.70765,1.21657988406,1.35138421797,10.8853536583,-0.866370670294,0.814587178465,10.149431623
1.709316,1.18122076732,1.28066598449,10.8853536583,-0.866370670294,0.76920630323,10.1040507478
1.710982,1.18122076732,1.31602510123,10.8853536583,-0.866370670294,0.814587178465,10.1040507478
1.712648,1.18122076732,1.35138421797,10.8853536583,-0.866370670294,0.76920630323,10.1040507478
1.714314,1.11050253385,1.28066598449,10.9581653606,-0.866370670294,0.814587178465,10.1040507478
1.71598,1.18122076732,1.31602510123,10.8853536583,-0.866370670294,0.814587178465,10.149431623
1.717646,1.18122076732,1.28066598449,10.8853536583,-0.866370670294,0.814587178465,10.149431623
1.719312,1.18122076732,1.28066598449,10.8853536583,-0.866370670294,0.814587178465,10.149431623
1.720978,1.18122076732,1.28066598449,10.8853536583,-0.866370670294,0.76920630323,10.1040507478
1.722644,1.11050253385,1.24530686776,10.8125419561,-0.866370670294,0.814587178465,10.149431623
1.72431,1.18122076732,1.31602510123,10.8853536583,-0.866370670294,0.76920630323,10.1040507478
1.725976,1.18122076732,1.31602510123,10.8853536583,-0.866370670294,0.814587178465,10.149431623
1.727642,1.21657988406,1.35138421797,10.8853536583,-0.77408109096,0.905348928936,10.1948124982
1.729308,1.18122076732,1.31602510123,10.9217595095,-0.866370670294,0.76920630323,10.1040507478
1.730974,1.14586165058,1.28066598449,10.8489478072,-0.866370670294,0.814587178465,10.149431623
1.73264,1.14586165058,1.28066598449,10.8853536583,-0.866370670294,0.76920630323,10.1040507478
1.734306,1.18122076732,1.31602510123,10.8853536583,-0.866370670294,0.76920630323,10.149431623
1.735972,1.28729811753,1.42210245144,10.9581653606,-0.866370670294,0.76920630323,10.1040507478
1.737638,1.18122076732,1.31602510123,10.8853536583,-0.866370670294,0.814587178465,10.149431623
1.739304,1.18122076732,1.31602510123,10.8489478072,-0.866370670294,0.814587178465,10.149431623
1.74097,1.18122076732,1.31602510123,10.8853536583,-0.866370670294,0.814587178465,10.149431623
1.742636,1.18122076732,1.31602510123,10.8853536583,-0.866370670294,0.814587178465,10.149431623
1.744302,1.14586165058,1.24530686776,10.8489478072,-0.866370670294,0.76920630323,10.1040507478
1.745968,1.18122076732,1.31602510123,10.8853536583,-0.820225880627,0.859968053701,10.1948124982
1.747634,1.18122076732,1.31602510123,10.8853536583,-0.866370670294,0.76920630323,10.149431623
1.7493,1.25193900079,1.31602510123,10.8853536583,-0.866370670294,0.76920630323,10.1040507478
1.750966,1.18122076732,1.35138421797,10.8853536583,-0.866370670294,0.814587178465,10.149431623
1.752632,1.14586165058,1.28066598449,10.8125419561,-0.866370670294,0.814587178465,10.1040507478
1.754298,1.14586165058,1.31602510123,10.8853536583,-0.866370670294,0.814587178465,10.149431623
1.755964,1.18122076732,1.31602510123,10.8853536583,-0.866370670294,0.76920630323,10.149431623
1.75763,1.25193900079,1.35138421797,10.8853536583,-0.866370670294,0.76920630323,10.149431623
1.759296,1.18122076732,1.31602510123,10.8853536583,-0.866370670294,0.76920630323,10.1040507478
1.760962,1.14586165058,1.31602510123,10.8125419561,-0.866370670294,0.814587178465,10.149431623
1.762628,1.18122076732,1.28066598449,10.8853536583,-0.866370670294,0.814587178465,10.1040507478
1.764294,1.18122076732,1.31602510123,10.8853536583,-0.77408109096,0.859968053701,10.2401933735
1.76596,1.11050253385,1.35138421797,10.9922958461,-0.866370670294,0.76920630323,10.1040507478
1.767626,1.21657988406,1.31602510123,10.8853536583,-0.866370670294,0.814587178465,10.1040507478
1.769292,1.14586165058,1.31602510123,10.8853536583,-0.912515459961,0.76920630323,10.1040507478
1.770958,1.14586165058,1.31602510123,10.8853536583,-0.866370670294,0.76920630323,10.1040507478
1.772624,1.18122076732,1.31602510123,10.8853536583,-0.866370670294,0.76920630323,10.1040507478
1.77429,1.11050253385,1.31602510123,10.9922958461,-0.866370670294,0.76920630323,10.1040507478
1.775956,1.18122076732,1.31602510123,10.8853536583,-0.866370670294,0.76920630323,10.149431623
1.777622,1.18122076732,1.31602510123,10.8853536583,-0.866370670294,0.814587178465,10.1040507478
1.779288,1.21657988406,1.31602510123,10.8853536583,-0.866370670294,0.76920630323,10.149431623
1.780954,1.21657988406,1.31602510123,10.8853536583,-0.820225880627,0.814587178465,10.1948124982
1.78262,1.14586165058,1.24530686776,10.8489478072,-0.820225880627,0.76920630323,10.149431623
1.784286,1.18122076732,1.28066598449,10.8853536583,-0.866370670294,0.76920630323,10.149431623
1.785952,1.18122076732,1.31602510123,10.8853536583,-0.866370670294,0.76920630323,10.149431623
1.787618,1.28729811753,1.3867433347,10.9581653606,-0.866370670294,0.76920630323,10.1040507478
1.789284,1.21657988406,1.35138421797,10.9217595095,-0.912515459961,0.76920630323,10.1040507478
1.79095,1.18122076732,1.28066598449,10.8489478072,-0.866370670294,0.76920630323,10.1040507478
1.792616,1.18122076732,1.31602510123,10.8489478072,-0.866370670294,0.76920630323,10.149431623
1.794282,1.18122076732,1.31602510123,10.8853536583,-0.866370670294,0.814587178465,10.149431623
1.795948,1.25193900079,1.42210245144,10.9217595095,-0.866370670294,0.76920630323,10.1040507478
1.797614,1.18122076732,1.35138421797,10.9217595095,-0.866370670294,0.76920630323,10.1040507478
1.79928,1.14586165058,1.28066598449,10.8489478072,-0.77408109096,0.905348928936,10.1948124982
1.800946,1.18122076732,1.31602510123,10.8853536583,-0.866370670294,0.76920630323,10.1040507478
1.802612,1.18122076732,1.35138421797,10.9217595095,-0.866370670294,0.814587178465,10.1040507478
1.804278,1.18122076732,1.42210245144,10.9922958461,-0.866370670294,0.814587178465,10.149431623
1.805944,1.18122076732,1.31602510123,10.8853536583,-0.866370670294,0.76920630323,10.149431623
1.80761,1.18122076732,1.31602510123,10.8489478072,-0.77408109096,0.859968053701,10.1948124982
1.809276,1.18122076732,1.31602510123,10.8853536583,-0.866370670294,0.814587178465,10.149431623
1.810942,1.18122076732,1.31602510123,10.9217595095,-0.866370670294,0.814587178465,10.149431623
1.812608,1.14586165058,1.24530686776,10.8125419561,-0.866370670294,0.76920630323,10.1040507478
1.814274,1.18122076732,1.31602510123,10.8853536583,-0.866370670294,0.814587178465,10.149431623
1.81594,1.18122076732,1.31602510123,10.8853536583,-0.866370670294,0.76920630323,10.1040507478
1.817606,1.28729811753,1.3867433347,10.8853536583,-0.866370670294,0.76920630323,10.1040507478
1.819272,1.18122076732,1.31602510123,10.8853536583,-0.820225880627,0.814587178465,10.149431623
1.820938,1.14586165058,1.20994775102,10.8489478072,-0.77408109096,0.814587178465,10.2401933735
1.822604,1.18122076732,1.31602510123,10.8853536583,-0.912515459961,0.76920630323,10.1040507478
1.82427,1.18122076732,1.31602510123,10.8853536583,-0.866370670294,0.76920630323,10.1040507478
1.825936,1.28729811753,1.35138421797,10.9217595095,-0.866370670294,0.76920630323,10.1040507478
1.827602,1.21657988406,1.28066598449,10.9217595095,-0.866370670294,0.76920630323,10.149431623
1.829268,1.14586165058,1.28066598449,10.8489478072,-0.866370670294,0.76920630323,10.1040507478
1.830934,1.18122076732,1.31602510123,10.8853536583,-0.820225880627,0.814587178465,10.149431623
1.8326,1.18122076732,1.31602510123,10.8853536583,-0.866370670294,0.76920630323,10.1040507478
1.834266,1.11050253385,1.3867433347,10.9922958461,-0.866370670294,0.76920630323,10.149431623
1.835932,1.18122076732,1.31602510123,10.8853536583,-0.866370670294,0.814587178465,10.1040507478
1.837598,1.18122076732,1.28066598449,10.8125419561,-0.820225880627,0.814587178465,10.149431623
1.839264,1.18122076732,1.24530686776,10.8853536583,-0.820225880627,0.814587178465,10.1948124982
1.84093,1.18122076732,1.31602510123,10.8853536583,-0.77408109096,0.859968053701,10.2401933735
1.842596,1.11050253385,1.31602510123,10.9922958461,-0.866370670294,0.76920630323,10.1040507478
1.844262,1.18122076732,1.31602510123,10.8853536583,-0.866370670294,0.814587178465,10.1040507478
1.845928,1.18122076732,1.31602510123,10.8853536583,-0.866370670294,0.76920630323,10.149431623
1.847594,1.21657988406,1.28066598449,10.8853536583,-0.866370670294,0.76920630323,10.1040507478
1.84926,1.18122076732,1.31602510123,10.8853536583,-0.866370670294,0.76920630323,10.1040507478
1.850926,1.11050253385,1.28066598449,10.8125419561,-0.77408109096,0.905348928936,10.1948124982
1.852592,1.18122076732,1.28066598449,10.8853536583,-0.866370670294,0.814587178465,10.1040507478
1.854258,1.18122076732,1.31602510123,10.8853536583,-0.866370670294,0.814587178465,10.1040507478
1.855924,1.28729811753,1.35138421797,10.8853536583,-0.820225880627,0.814587178465,10.149431623
1.85759,1.18122076732,1.28066598449,10.8853536583,-0.866370670294,0.76920630323,10.1040507478
1.859256,1.14586165058,1.28066598449,10.8489478072,-0.866370670294,0.814587178465,10.1040507478
1.860922,1.18122076732,1.28066598449,10.8853536583,-0.820225880627,0.76920630323,10.149431623
1.862588,1.18122076732,1.24530686776,10.8853536583,-0.77408109096,0.859968053701,10.2401933735
1.864254,1.28729811753,1.42210245144,10.9217595095,-0.912515459961,0.76920630323,10.1040507478
1.86592,1.18122076732,1.28066598449,10.8853536583,-0.866370670294,0.76920630323,10.1040507478
1.867586,1.14586165058,1.28066598449,10.8125419561,-0.866370670294,0.76920630323,10.149431623
1.869252,1.18122076732,1.31602510123,10.8853536583,-0.77408109096,0.905348928936,10.2401933735
1.870918,1.21657988406,1.35138421797,10.8853536583,-0.866370670294,0.814587178465,10.1040507478
1.872584,1.18122076732,1.3867433347,10.9922958461,-0.866370670294,0.814587178465,10.1040507478
1.87425,1.18122076732,1.31602510123,10.8853536583,-0.866370670294,0.76920630323,10.1040507478
1.875916,1.14586165058,1.31602510123,10.8125419561,-0.866370670294,0.76920630323,10.1040507478
1.877582,1.18122076732,1.28066598449,10.8489478072,-0.77408109096,0.859968053701,10.1948124982
1.879248,1.18122076732,1.31602510123,10.8853536583,-0.866370670294,0.76920630323,10.1040507478
1.880914,1.11050253385,1.20994775102,10.8489478072,-0.866370670294,0.76920630323,10.1040507478
1.88258,1.18122076732,1.31602510123,10.8853536583,-0.866370670294,0.76920630323,10.1040507478
1.884246,1.18122076732,1.20994775102,10.8853536583,-0.866370670294,0.723825427995,10.149431623
1.885912,1.18122076732,1.28066598449,10.8489478072,-0.866370670294,0.76920630323,10.149431623
1.887578,1.18122076732,1.31602510123,10.8853536583,-0.866370670294,0.76920630323,10.149431623
1.889244,1.11050253385,1.20994775102,10.8489478072,-0.866370670294,0.76920630323,10.149431623
1.89091,1.18122076732,1.31602510123,10.8853536583,-0.866370670294,0.76920630323,10.1040507478
1.892576,1.18122076732,1.28066598449,10.8489478072,-0.866370670294,0.76920630323,10.149431623
1.894242,1.18122076732,1.31602510123,10.8853536583,-0.866370670294,0.76920630323,10.149431623
1.895908,1.21657988406,1.31602510123,10.8853536583,-0.866370670294,0.76920630323,10.1040507478
1.897574,1.14586165058,1.28066598449,10.8125419561,-0.77408109096,0.905348928936,10.2401933735
1.89924,1.18122076732,1.31602510123,10.8853536583,-0.866370670294,0.76920630323,10.1040507478
1.900906,1.18122076732,1.28066598449,10.8853536583,-0.866370670294,0.76920630323,10.149431623
1.902572,1.25193900079,1.31602510123,10.8853536583,-0.866370670294,0.814587178465,10.149431623
1.904238,1.18122076732,1.31602510123,10.9217595095,-0.820225880627,0.859968053701,10.149431623
1.905904,1.14586165058,1.24530686776,10.8489478072,-0.866370670294,0.76920630323,10.1040507478
1.90757,1.14586165058,1.28066598449,10.8489478072,-0.866370670294,0.814587178465,10.149431623
1.909236,1.18122076732,1.35138421797,10.9217595095,-0.866370670294,0.814587178465,10.1040507478
1.910902,1.25193900079,1.42210245144,10.9581653606,-0.77408109096,0.859968053701,10.1948124982
1.912568,1.18122076732,1.31602510123,10.8853536583,-0.912515459961,0.76920630323,10.1040507478
1.914234,1.14586165058,1.28066598449,10.8489478072,-0.866370670294,0.76920630323,10.1040507478
1.9159,1.11050253385,1.28066598449,10.8853536583,-0.866370670294,0.76920630323,10.149431623
1.917566,1.18122076732,1.31602510123,10.8853536583,-0.866370670294,0.814587178465,10.149431623
1.919232,1.21657988406,1.42210245144,10.9581653606,-0.866370670294,0.76920630323,10.1040507478
1.920898,1.18122076732,1.28066598449,10.8853536583,-0.866370670294,0.76920630323,10.1040507478
1.922564,1.14586165058,1.24530686776,10.8489478072,-0.866370670294,0.76920630323,10.149431623
1.92423,1.18122076732,1.28066598449,10.8853536583,-0.866370670294,0.814587178465,10.149431623
1.925896,1.21657988406,1.28066598449,10.8853536583,-0.77408109096,0.905348928936,10.2401933735
1.927562,1.11050253385,1.35138421797,10.9922958461,-0.866370670294,0.76920630323,10.1040507478
1.929228,1.18122076732,1.35138421797,10.8853536583,-0.866370670294,0.76920630323,10.1040507478
1.930894,1.14586165058,1.28066598449,10.8125419561,-0.820225880627,0.859968053701,10.1948124982
1.93256,1.18122076732,1.28066598449,10.8853536583,-0.866370670294,0.76920630323,10.149431623
1.934226,1.18122076732,1.31602510123,10.8853536583,-0.866370670294,0.814587178465,10.149431623
1.935892,1.11050253385,1.24530686776,10.8853536583,-0.866370670294,0.76920630323,10.149431623
1.937558,1.18122076732,1.31602510123,10.8853536583,-0.912515459961,0.814587178465,10.1040507478
1.939224,1.18122076732,1.28066598449,10.8853536583,-0.866370670294,0.814587178465,10.149431623
1.94089,1.18122076732,1.31602510123,10.8853536583,-0.820225880627,0.859968053701,10.1948124982
1.942556,1.21657988406,1.28066598449,10.9217595095,-0.866370670294,0.814587178465,10.149431623
1.944222,1.11050253385,1.20994775102,10.8125419561,-0.866370670294,0.76920630323,10.149431623
1.945888,1.18122076732,1.28066598449,10.8853536583,-0.77408109096,0.905348928936,10.2401933735
1.947554,1.18122076732,1.31602510123,10.8853536583,-0.912515459961,0.76920630323,10.1040507478
1.94922,1.21657988406,1.31602510123,10.8853536583,-0.866370670294,0.76920630323,10.149431623
1.950886,1.21657988406,1.35138421797,10.9217595095,-0.866370670294,0.76920630323,10.149431623
1.952552,1.14586165058,1.28066598449,10.8125419561,-0.866370670294,0.814587178465,10.149431623
1.954218,1.14586165058,1.31602510123,10.8853536583,-0.866370670294,0.76920630323,10.1040507478
1.955884,1.18122076732,1.31602510123,10.8853536583,-0.820225880627,0.859968053701,10.1948124982
1.95755,1.25193900079,1.3867433347,10.9581653606,-0.866370670294,0.76920630323,10.1040507478
1.959216,1.18122076732,1.31602510123,10.9217595095,-0.912515459961,0.76920630323,10.1040507478
1.960882,1.18122076732,1.28066598449,10.8853536583,-0.77408109096,0.905348928936,10.2401933735
1.962548,1.14586165058,1.28066598449,10.8853536583,-0.820225880627,0.814587178465,10.1948124982
1.964214,1.18122076732,1.28066598449,10.8853536583,-0.866370670294,0.76920630323,10.1040507478
1.96588,1.11050253385,1.24530686776,10.9217595095,-0.912515459961,0.76920630323,10.1040507478
1.967546,1.18122076732,1.31602510123,10.9217595095,-0.912515459961,0.76920630323,10.1040507478
1.969212,1.18122076732,1.28066598449,10.8853536583,-0.912515459961,0.76920630323,10.149431623
1.970878,1.18122076732,1.31602510123,10.8853536583,-0.912515459961,0.76920630323,10.1040507478
1.972544,1.18122076732,1.31602510123,10.8853536583,-0.912515459961,0.76920630323,10.1040507478
1.97421,1.11050253385,1.24530686776,10.8125419561,-0.866370670294,0.814587178465,10.149431623
1.975876,1.21657988406,1.35138421797,10.8853536583,-0.866370670294,0.76920630323,10.1040507478
1.977542,1.18122076732,1.28066598449,10.8853536583,-0.77408109096,0.859968053701,10.2401933735
1.979208,1.18122076732,1.31602510123,10.8853536583,-0.820225880627,0.814587178465,10.149431623
1.980874,1.18122076732,1.31602510123,10.9217595095,-0.866370670294,0.76920630323,10.149431623
1.98254,1.11050253385,1.20994775102,10.8125419561,-0.866370670294,0.76920630323,10.149431623
1.984206,1.18122076732,1.28066598449,10.8853536583,-0.912515459961,0.76920630323,10.1040507478
1.985872,1.18122076732,1.31602510123,10.8853536583,-0.820225880627,0.859968053701,10.1948124982
1.987538,1.25193900079,1.42210245144,10.9217595095,-0.866370670294,0.814587178465,10.149431623
1.989204,1.18122076732,1.35138421797,10.8853536583,-0.866370670294,0.76920630323,10.1040507478
1.99087,1.18122076732,1.31602510123,10.8489478072,-0.866370670294,0.814587178465,10.149431623
1.992536,1.18122076732,1.28066598449,10.8853536583,-0.77408109096,0.905348928936,10.2401933735
1.994202,1.18122076732,1.31602510123,10.8853536583,-0.866370670294,0.76920630323,10.1040507478
1.995868,1.21657988406,1.42210245144,10.9922958461,-0.866370670294,0.814587178465,10.149431623
1.997534,1.18122076732,1.31602510123,10.8853536583,-0.866370670294,0.76920630323,10.149431623
1.9992,1.18122076732,1.28066598449,10.8853536583,-0.866370670294,0.76920630323,10.149431623
2.000866,1.18122076732,1.28066598449,10.8853536583,-0.820225880627,0.859968053701,10.149431623
2.002532,1.18122076732,1.31602510123,10.8853536583,-0.866370670294,0.814587178465,10.149431623
2.004198,1.11050253385,1.20994775102,10.8853536583,-0.866370670294,0.814587178465,10.1040507478
2.005864,1.14586165058,1.31602510123,10.8853536583,-0.866370670294,0.76920630323,10.1040507478
2.00753,1.18122076732,1.31602510123,10.8853536583,-0.866370670294,0.76920630323,10.149431623
2.009196,1.18122076732,1.31602510123,10.8853536583,-0.912515459961,0.76920630323,10.1040507478
2.010862,1.18122076732,1.35138421797,10.9217595095,-0.77408109096,0.905348928936,10.2401933735
2.012528,1.14586165058,1.24530686776,10.8125419561,-0.866370670294,0.76920630323,10.1040507478
2.014194,1.18122076732,1.31602510123,10.8853536583,-0.866370670294,0.814587178465,10.149431623
2.01586,1.18122076732,1.31602510123,10.8853536583,-0.866370670294,0.76920630323,10.1040507478
2.017526,1.28729811753,1.3867433347,10.9217595095,-0.866370670294,0.814587178465,10.149431623
2.019192,1.18122076732,1.31602510123,10.8853536583,-0.866370670294,0.814587178465,10.149431623
2.020858,1.14586165058,1.31602510123,10.8125419561,-0.866370670294,0.814587178465,10.1040507478
2.022524,1.18122076732,1.31602510123,10.8853536583,-0.866370670294,0.814587178465,10.149431623
2.02419,1.18122076732,1.31602510123,10.9217595095,-0.866370670294,0.76920630323,10.149431623
2.025856,1.25193900079,1.42210245144,10.9922958461,-0.866370670294,0.814587178465,10.1040507478
2.027522,1.18122076732,1.35138421797,10.8853536583,-0.866370670294,0.814587178465,10.149431623
2.029188,1.18122076732,1.31602510123,10.8489478072,-0.912515459961,0.76920630323,10.0586698725
2.030854,1.18122076732,1.28066598449,10.8853536583,-0.866370670294,0.814587178465,10.149431623
2.03252,1.18122076732,1.35138421797,10.8853536583,-0.866370670294,0.814587178465,10.149431623
2.034186,1.25193900079,1.42210245144,10.9922958461,-0.866370670294,0.76920630323,10.1040507478
2.035852,1.18122076732,1.35138421797,10.8853536583,-0.866370670294,0.76920630323,10.149431623
2.037518,1.14586165058,1.24530686776,10.8125419561,-0.866370670294,0.723825427995,10.1040507478
2.039184,1.14586165058,1.24530686776,10.8853536583,-0.866370670294,0.76920630323,10.149431623
2.04085,1.18122076732,1.28066598449,10.8853536583,-0.866370670294,0.76920630323,10.1040507478
2.042516,1.28729811753,1.3867433347,10.9217595095,-0.866370670294,0.76920630323,10.1040507478
2.044182,1.18122076732,1.31602510123,10.9217595095,-0.866370670294,0.76920630323,10.1040507478
2.045848,1.14586165058,1.28066598449,10.8489478072,-0.866370670294,0.76920630323,10.1040507478
2.047514,1.14586165058,1.28066598449,10.8489478072,-0.866370670294,0.76920630323,10.1040507478
2.04918,1.18122076732,1.31602510123,10.8853536583,-0.866370670294,0.76920630323,10.149431623
2.050846,1.14586165058,1.35138421797,10.9922958461,-0.866370670294,0.814587178465,10.1040507478
2.052512,1.18122076732,1.31602510123,10.9217595095,-0.77408109096,0.905348928936,10.2401933735
2.054178,1.14586165058,1.28066598449,10.8853536583,-0.866370670294,0.814587178465,10.149431623
2.055844,1.18122076732,1.28066598449,10.8853536583,-0.912515459961,0.814587178465,10.1040507478
2.05751,1.18122076732,1.35138421797,10.9217595095,-0.77408109096,0.905348928936,10.1948124982
2.059176,1.07514341711,1.35138421797,10.9922958461,-0.866370670294,0.76920630323,10.1040507478
2.060842,1.18122076732,1.35138421797,10.8853536583,-0.866370670294,0.76920630323,10.1040507478
2.062508,1.14586165058,1.31602510123,10.8489478072,-0.912515459961,0.76920630323,10.1040507478
2.064174,1.18122076732,1.28066598449,10.8853536583,-0.866370670294,0.723825427995,10.1040507478
2.06584,1.18122076732,1.31602510123,10.8853536583,-0.866370670294,0.76920630323,10.149431623
2.067506,1.11050253385,1.28066598449,10.9581653606,-0.866370670294,0.814587178465,10.149431623
2.069172,1.18122076732,1.31602510123,10.8853536583,-0.866370670294,0.76920630323,10.149431623
2.070838,1.18122076732,1.31602510123,10.8853536583,-0.820225880627,0.859968053701,10.1948124982
2.072504,1.21657988406,1.31602510123,10.8853536583,-0.866370670294,0.814587178465,10.149431623
2.07417,1.18122076732,1.31602510123,10.8853536583,-0.866370670294,0.76920630323,10.1040507478
2.075836,1.14586165058,1.24530686776,10.7761361049,-0.866370670294,0.814587178465,10.149431623
2.077502,1.18122076732,1.31602510123,10.8853536583,-0.820225880627,0.859968053701,10.149431623
2.079168,1.18122076732,1.28066598449,10.8853536583,-0.866370670294,0.814587178465,10.1040507478
2.080834,1.25193900079,1.3867433347,10.8853536583,-0.866370670294,0.814587178465,10.1040507478
2.0825,1.18122076732,1.31602510123,10.8853536583,-0.77408109096,0.905348928936,10.2401933735
2.084166,1.14586165058,1.20994775102,10.8125419561,-0.866370670294,0.76920630323,10.149431623
2.085832,1.18122076732,1.31602510123,10.8853536583,-0.866370670294,0.76920630323,10.149431623
2.087498,1.18122076732,1.28066598449,10.8853536583,-0.820225880627,0.859968053701,10.1948124982
2.089164,1.21657988406,1.3867433347,10.9581653606,-0.866370670294,0.76920630323,10.149431623
2.09083,1.18122076732,1.31602510123,10.8853536583,-0.866370670294,0.76920630323,10.149431623
2.092496,1.14586165058,1.24530686776,10.8125419561,-0.820225880627,0.814587178465,10.1040507478
2.094162,1.18122076732,1.24530686776,10.8489478072,-0.866370670294,0.76920630323,10.1040507478
2.095828,1.21657988406,1.31602510123,10.8853536583,-0.866370670294,0.76920630323,10.149431623
2.097494,1.11050253385,1.3867433347,10.9922958461,-0.77408109096,0.905348928936,10.2401933735
2.09916,1.18122076732,1.28066598449,10.8853536583,-0.866370670294,0.76920630323,10.1040507478
2.100826,1.14586165058,1.28066598449,10.8489478072,-0.866370670294,0.76920630323,10.149431623
2.102492,1.14586165058,1.28066598449,10.8853536583,-0.912515459961,0.76920630323,10.1040507478
2.104158,1.14586165058,1.31602510123,10.8853536583,-0.866370670294,0.76920630323,10.1040507478
2.105824,1.18122076732,1.42210245144,10.9922958461,-0.727936301293,0.905348928936,10.2401933735
2.10749,1.18122076732,1.35138421797,10.8853536583,-0.866370670294,0.814587178465,10.1040507478
2.109156,1.18122076732,1.28066598449,10.8489478072,-0.820225880627,0.814587178465,10.149431623
2.110822,1.11050253385,1.31602510123,10.8489478072,-0.866370670294,0.76920630323,10.149431623
2.112488,1.18122076732,1.35138421797,10.8853536583,-0.866370670294,0.76920630323,10.149431623
2.114154,1.11050253385,1.24530686776,10.8125419561,-0.866370670294,0.76920630323,10.1040507478
2.11582,1.18122076732,1.31602510123,10.8853536583,-0.912515459961,0.76920630323,10.1040507478
2.117486,1.18122076732,1.31602510123,10.8853536583,-0.866370670294,0.814587178465,10.149431623
2.119152,1.21657988406,1.31602510123,10.8853536583,-0.866370670294,0.814587178465,10.1040507478
2.120818,1.18122076732,1.35138421797,10.8853536583,-0.77408109096,0.859968053701,10.2401933735
2.122484,1.11050253385,1.28066598449,10.8125419561,-0.912515459961,0.76920630323,10.1040507478
2.12415,1.18122076732,1.31602510123,10.8853536583,-0.866370670294,0.76920630323,10.149431623
2.125816,1.18122076732,1.28066598449,10.8853536583,-0.866370670294,0.814587178465,10.149431623
2.127482,1.21657988406,1.35138421797,10.8853536583,-0.866370670294,0.814587178465,10.149431623
2.129148,1.18122076732,1.31602510123,10.9217595095,-0.866370670294,0.76920630323,10.149431623
2.130814,1.11050253385,1.31602510123,10.8489478072,-0.727936301293,0.905348928936,10.2401933735
2.13248,1.14586165058,1.28066598449,10.8853536583,-0.866370670294,0.76920630323,10.1040507478
2.134146,1.18122076732,1.31602510123,10.8853536583,-0.866370670294,0.76920630323,10.149431623
2.135812,1.11050253385,1.3867433347,10.9922958461,-0.866370670294,0.76920630323,10.149431623
2.137478,1.18122076732,1.31602510123,10.8853536583,-0.77408109096,0.905348928936,10.2401933735
2.139144,1.11050253385,1.28066598449,10.8489478072,-0.866370670294,0.814587178465,10.1040507478
2.14081,1.18122076732,1.31602510123,10.8853536583,-0.866370670294,0.814587178465,10.1040507478
2.142476,1.18122076732,1.31602510123,10.8489478072,-0.866370670294,0.76920630323,10.149431623
2.144142,1.11050253385,1.35138421797,10.9922958461,-0.866370670294,0.814587178465,10.149431623
2.145808,1.18122076732,1.28066598449,10.8853536583,-0.820225880627,0.814587178465,10.149431623
2.147474,1.11050253385,1.28066598449,10.8125419561,-0.866370670294,0.814587178465,10.149431623
2.14914,1.14586165058,1.31602510123,10.8489478072,-0.866370670294,0.814587178465,10.1040507478
2.150806,1.18122076732,1.31602510123,10.8853536583,-0.77408109096,0.905348928936,10.2401933735
2.152472,1.11050253385,1.28066598449,10.8853536583,-0.866370670294,0.76920630323,10.1040507478
2.154138,1.14586165058,1.35138421797,10.8853536583,-0.866370670294,0.76920630323,10.1040507478
2.155804,1.14586165058,1.31602510123,10.8489478072,-0.820225880627,0.859968053701,10.1948124982
2.15747,1.18122076732,1.31602510123,10.8853536583,-0.866370670294,0.76920630323,10.149431623
2.159136,1.18122076732,1.31602510123,10.8853536583,-0.866370670294,0.76920630323,10.1040507478
2.160802,1.11050253385,1.24530686776,10.8125419561,-0.866370670294,0.814587178465,10.149431623
2.162468,1.18122076732,1.31602510123,10.8853536583,-0.866370670294,0.76920630323,10.1040507478
2.164134,1.18122076732,1.28066598449,10.8489478072,-0.866370670294,0.76920630323,10.1040507478
2.1658,1.18122076732,1.28066598449,10.8125419561,-0.866370670294,0.76920630323,10.149431623
2.167466,1.21657988406,1.35138421797,10.8853536583,-0.866370670294,0.76920630323,10.1040507478
2.169132,1.11050253385,1.28066598449,10.8125419561,-0.820225880627,0.814587178465,10.1948124982
2.170798,1.18122076732,1.31602510123,10.8853536583,-0.866370670294,0.76920630323,10.1040507478
2.172464,1.18122076732,1.28066598449,10.8853536583,-0.866370670294,0.814587178465,10.1040507478
2.17413,1.28729811753,1.35138421797,10.9217595095,-0.866370670294,0.76920630323,10.149431623
2.175796,1.18122076732,1.31602510123,10.8853536583,-0.866370670294,0.76920630323,10.149431623
2.177462,1.14586165058,1.28066598449,10.8489478072,-0.866370670294,0.814587178465,10.149431623
2.179128,1.11050253385,1.31602510123,10.8853536583,-0.866370670294,0.76920630323,10.1040507478
2.180794,1.18122076732,1.31602510123,10.8853536583,-0.866370670294,0.814587178465,10.149431623
2.18246,1.07514341711,1.35138421797,10.9922958461,-0.866370670294,0.814587178465,10.1040507478
2.184126,1.18122076732,1.28066598449,10.8853536583,-0.866370670294,0.76920630323,10.1040507478
2.185792,1.18122076732,1.28066598449,10.8489478072,-0.866370670294,0.76920630323,10.1040507478
2.187458,1.18122076732,1.28066598449,10.8853536583,-0.866370670294,0.76920630323,10.149431623
2.189124,1.18122076732,1.35138421797,10.8853536583,-0.866370670294,0.814587178465,10.1040507478
2.19079,1.11050253385,1.3867433347,10.9922958461,-0.820225880627,0.905348928936,10.1948124982
2.192456,1.18122076732,1.31602510123,10.8853536583,-0.820225880627,0.859968053701,10.1948124982
2.194122,1.14586165058,1.24530686776,10.8489478072,-0.820225880627,0.814587178465,10.1948124982
2.195788,1.18122076732,1.28066598449,10.8853536583,-0.866370670294,0.76920630323,10.1040507478
2.197454,1.21657988406,1.31602510123,10.8853536583,-0.866370670294,0.814587178465,10.149431623
2.19912,1.11050253385,1.20994775102,10.8853536583,-0.866370670294,0.814587178465,10.1040507478
2.200786,1.18122076732,1.31602510123,10.9217595095,-0.912515459961,0.76920630323,10.1040507478
2.202452,1.18122076732,1.31602510123,10.8853536583,-0.866370670294,0.76920630323,10.149431623
2.204118,1.18122076732,1.31602510123,10.8853536583,-0.866370670294,0.76920630323,10.1040507478
2.205784,1.18122076732,1.31602510123,10.9217595095,-0.866370670294,0.76920630323,10.149431623
2.20745,1.14586165058,1.24530686776,10.8125419561,-0.866370670294,0.76920630323,10.149431623
2.209116,1.14586165058,1.31602510123,10.8853536583,-0.866370670294,0.814587178465,10.149431623
2.210782,1.18122076732,1.31602510123,10.8853536583,-0.866370670294,0.814587178465,10.1040507478
2.212448,1.28729811753,1.3867433347,10.8853536583,-0.866370670294,0.76920630323,10.1040507478
2.214114,1.18122076732,1.35138421797,10.9217595095,-0.866370670294,0.814587178465,10.149431623
2.21578,1.18122076732,1.28066598449,10.8489478072,-0.866370670294,0.814587178465,10.149431623
2.217446,1.14586165058,1.31602510123,10.8853536583,-0.866370670294,0.814587178465,10.149431623
2.219112,1.18122076732,1.31602510123,10.8853536583,-0.866370670294,0.76920630323,10.1040507478
2.220778,1.11050253385,1.35138421797,10.9922958461,-0.866370670294,0.814587178465,10.149431623
2.222444,1.18122076732,1.31602510123,10.8853536583,-0.866370670294,0.814587178465,10.149431623
2.22411,1.14586165058,1.28066598449,10.8125419561,-0.820225880627,0.814587178465,10.1948124982
2.225776,1.18122076732,1.31602510123,10.8853536583,-0.866370670294,0.76920630323,10.1040507478
2.227442,1.21657988406,1.31602510123,10.9217595095,-0.866370670294,0.76920630323,10.149431623
2.229108,1.07514341711,1.28066598449,10.9581653606,-0.866370670294,0.814587178465,10.149431623
2.230774,1.18122076732,1.31602510123,10.9217595095,-0.912515459961,0.76920630323,10.1040507478
2.23244,1.18122076732,1.31602510123,10.8489478072,-0.866370670294,0.76920630323,10.1040507478
2.234106,1.18122076732,1.28066598449,10.8853536583,-0.866370670294,0.76920630323,10.149431623
2.235772,1.18122076732,1.31602510123,10.8853536583,-0.866370670294,0.76920630323,10.1040507478
2.237438,1.11050253385,1.24530686776,10.8125419561,-0.866370670294,0.814587178465,10.1040507478
2.239104,1.18122076732,1.31602510123,10.8853536583,-0.866370670294,0.814587178465,10.149431623
2.24077,1.18122076732,1.31602510123,10.8853536583,-0.820225880627,0.814587178465,10.149431623
2.242436,1.21657988406,1.31602510123,10.8489478072,-0.77408109096,0.859968053701,10.1948124982
2.244102,1.18122076732,1.35138421797,10.8853536583,-0.866370670294,0.76920630323,10.1040507478
2.245768,1.11050253385,1.24530686776,10.8125419561,-0.866370670294,0.76920630323,10.1040507478
2.247434,1.18122076732,1.31602510123,10.8489478072,-0.866370670294,0.76920630323,10.1040507478
2.2491,1.18122076732,1.31602510123,10.8853536583,-0.820225880627,0.814587178465,10.149431623
2.250766,1.28729811753,1.3867433347,10.9217595095,-0.866370670294,0.814587178465,10.149431623
2.252432,1.18122076732,1.31602510123,10.8853536583,-0.77408109096,0.905348928936,10.2401933735
2.254098,1.14586165058,1.31602510123,10.8853536583,-0.866370670294,0.76920630323,10.149431623
2.255764,1.18122076732,1.31602510123,10.8853536583,-0.866370670294,0.814587178465,10.149431623
2.25743,1.18122076732,1.31602510123,10.8853536583,-0.866370670294,0.76920630323,10.149431623
2.259096,1.28729811753,1.45746156818,10.9581653606,-0.866370670294,0.76920630323,10.1040507478
2.260762,1.18122076732,1.31602510123,10.9217595095,-0.866370670294,0.76920630323,10.149431623
2.262428,1.18122076732,1.31602510123,10.8853536583,-0.866370670294,0.814587178465,10.1040507478
2.264094,1.18122076732,1.31602510123,10.8853536583,-0.866370670294,0.814587178465,10.149431623
2.26576,1.18122076732,1.35138421797,10.9217595095,-0.866370670294,0.814587178465,10.149431623
2.267426,1.11050253385,1.20994775102,10.7761361049,-0.866370670294,0.723825427995,10.1040507478
2.269092,1.18122076732,1.31602510123,10.8853536583,-0.866370670294,0.76920630323,10.149431623
2.270758,1.18122076732,1.28066598449,10.8853536583,-0.866370670294,0.814587178465,10.149431623
2.272424,1.25193900079,1.35138421797,10.8853536583,-0.820225880627,0.859968053701,10.1948124982
2.27409,1.18122076732,1.31602510123,10.8853536583,-0.866370670294,0.814587178465,10.149431623
2.275756,1.11050253385,1.28066598449,10.8125419561,-0.866370670294,0.814587178465,10.149431623
2.277422,1.18122076732,1.28066598449,10.8853536583,-0.866370670294,0.76920630323,10.1040507478
2.279088,1.18122076732,1.31602510123,10.8853536583,-0.866370670294,0.814587178465,10.149431623
2.280754,1.21657988406,1.31602510123,10.8489478072,-0.820225880627,0.814587178465,10.149431623
2.28242,1.18122076732,1.3867433347,10.9217595095,-0.866370670294,0.814587178465,10.1040507478
2.284086,1.18122076732,1.24530686776,10.8125419561,-0.866370670294,0.76920630323,10.149431623
2.285752,1.18122076732,1.31602510123,10.8489478072,-0.866370670294,0.76920630323,10.149431623
2.287418,1.18122076732,1.31602510123,10.8853536583,-0.866370670294,0.814587178465,10.149431623
2.289084,1.28729811753,1.35138421797,10.9217595095,-0.866370670294,0.814587178465,10.1040507478
2.29075,1.21657988406,1.31602510123,10.8853536583,-0.866370670294,0.814587178465,10.1040507478
2.292416,1.18122076732,1.28066598449,10.8489478072,-0.866370670294,0.814587178465,10.149431623
2.294082,1.14586165058,1.31602510123,10.8853536583,-0.866370670294,0.814587178465,10.1040507478
2.295748,1.18122076732,1.31602510123,10.8853536583,-0.866370670294,0.76920630323,10.1040507478
2.297414,1.21657988406,1.45746156818,10.9581653606,-0.866370670294,0.76920630323,10.1040507478
2.29908,1.18122076732,1.31602510123,10.8853536583,-0.866370670294,0.814587178465,10.1040507478
2.300746,1.18122076732,1.28066598449,10.8489478072,-0.866370670294,0.76920630323,10.1040507478
2.302412,1.18122076732,1.28066598449,10.8853536583,-0.866370670294,0.76920630323,10.1040507478
2.304078,1.21657988406,1.31602510123,10.8853536583,-0.820225880627,0.76920630323,10.1040507478
2.305744,1.11050253385,1.24530686776,10.8489478072,-0.866370670294,0.814587178465,10.1040507478
2.30741,1.18122076732,1.31602510123,10.8853536583,-0.820225880627,0.814587178465,10.149431623
2.309076,1.18122076732,1.31602510123,10.8489478072,-0.820225880627,0.814587178465,10.149431623
2.310742,1.18122076732,1.31602510123,10.8853536583,-0.77408109096,0.905348928936,10.2401933735
2.312408,1.18122076732,1.35138421797,10.9217595095,-0.866370670294,0.76920630323,10.1040507478
2.314074,1.11050253385,1.24530686776,10.8125419561,-0.866370670294,0.814587178465,10.149431623
2.31574,1.18122076732,1.31602510123,10.8853536583,-0.866370670294,0.814587178465,10.1040507478
2.317406,1.18122076732,1.31602510123,10.8853536583,-0.77408109096,0.905348928936,10.1948124982
2.319072,1.32265723427,1.35138421797,10.8853536583,-0.912515459961,0.814587178465,10.1040507478
2.320738,1.21657988406,1.31602510123,10.8853536583,-0.866370670294,0.76920630323,10.1040507478
2.322404,1.18122076732,1.28066598449,10.8489478072,-0.866370670294,0.76920630323,10.1040507478
2.32407,1.18122076732,1.28066598449,10.8489478072,-0.866370670294,0.76920630323,10.1040507478
2.325736,1.21657988406,1.31602510123,10.8853536583,-0.866370670294,0.76920630323,10.1040507478
2.327402,1.21657988406,1.3867433347,10.9581653606,-0.866370670294,0.814587178465,10.1040507478
2.329068,1.18122076732,1.31602510123,10.8853536583,-0.866370670294,0.76920630323,10.1040507478
2.330734,1.18122076732,1.28066598449,10.8853536583,-0.820225880627,0.814587178465,10.1040507478
2.3324,1.14586165058,1.31602510123,10.8489478072,-0.866370670294,0.814587178465,10.1040507478
2.334066,1.18122076732,1.31602510123,10.8853536583,-0.866370670294,0.76920630323,10.149431623
2.335732,1.07514341711,1.28066598449,10.9581653606,-0.866370670294,0.76920630323,10.149431623
2.337398,1.18122076732,1.31602510123,10.8853536583,-0.866370670294,0.814587178465,10.1040507478
2.339064,1.18122076732,1.28066598449,10.8489478072,-0.866370670294,0.76920630323,10.1040507478
2.34073,1.18122076732,1.31602510123,10.8489478072,-0.866370670294,0.76920630323,10.1040507478
2.342396,1.21657988406,1.31602510123,10.9217595095,-0.866370670294,0.814587178465,10.1040507478
2.344062,1.14586165058,1.28066598449,10.7761361049,-0.866370670294,0.76920630323,10.1040507478
2.345728,1.18122076732,1.31602510123,10.9217595095,-0.866370670294,0.814587178465,10.1040507478
2.347394,1.18122076732,1.31602510123,10.8489478072,-0.820225880627,0.814587178465,10.149431623
2.34906,1.28729811753,1.3867433347,10.9217595095,-0.866370670294,0.814587178465,10.1040507478
2.350726,1.18122076732,1.35138421797,10.9217595095,-0.820225880627,0.859968053701,10.1948124982
2.352392,1.11050253385,1.28066598449,10.8125419561,-0.866370670294,0.814587178465,10.149431623
2.354058,1.18122076732,1.31602510123,10.8853536583,-0.866370670294,0.814587178465,10.1040507478
2.355724,1.18122076732,1.31602510123,10.8853536583,-0.866370670294,0.76920630323,10.1040507478
2.35739,1.28729811753,1.35138421797,10.8853536583,-0.866370670294,0.76920630323,10.1040507478
2.359056,1.18122076732,1.31602510123,10.8853536583,-0.866370670294,0.76920630323,10.1040507478
2.360722,1.11050253385,1.28066598449,10.8125419561,-0.866370670294,0.76920630323,10.1040507478
2.362388,1.18122076732,1.28066598449,10.8853536583,-0.77408109096,0.905348928936,10.1948124982
2.364054,1.18122076732,1.31602510123,10.8853536583,-0.866370670294,0.76920630323,10.1040507478
2.36572,1.28729811753,1.35138421797,10.8853536583,-0.866370670294,0.814587178465,10.149431623
2.367386,1.18122076732,1.31602510123,10.8853536583,-0.866370670294,0.814587178465,10.149431623
2.369052,1.11050253385,1.28066598449,10.8125419561,-0.866370670294,0.76920630323,10.149431623
2.370718,1.18122076732,1.31602510123,10.8853536583,-0.866370670294,0.76920630323,10.1040507478
2.372384,1.18122076732,1.31602510123,10.8853536583,-0.866370670294,0.76920630323,10.149431623
2.37405,1.25193900079,1.42210245144,10.9581653606,-0.866370670294,0.76920630323,10.1040507478
2.375716,1.18122076732,1.31602510123,10.8853536583,-0.866370670294,0.814587178465,10.1040507478
2.377382,1.18122076732,1.28066598449,10.8489478072,-0.820225880627,0.814587178465,10.149431623
2.379048,1.18122076732,1.28066598449,10.8125419561,-0.820225880627,0.814587178465,10.149431623
2.380714,1.18122076732,1.28066598449,10.8853536583,-0.866370670294,0.76920630323,10.1040507478
2.38238,1.11050253385,1.31602510123,10.9581653606,-0.866370670294,0.814587178465,10.149431623
2.384046,1.21657988406,1.24530686776,10.8853536583,-0.866370670294,0.76920630323,10.149431623
2.385712,1.18122076732,1.20994775102,10.8853536583,-0.77408109096,0.859968053701,10.2401933735
2.387378,1.18122076732,1.31602510123,10.8125419561,-0.866370670294,0.814587178465,10.149431623
2.389044,1.18122076732,1.28066598449,10.8853536583,-0.866370670294,0.814587178465,10.149431623
2.39071,1.21657988406,1.35138421797,10.9217595095,-0.820225880627,0.76920630323,10.149431623
2.392376,1.18122076732,1.31602510123,10.8853536583,-0.866370670294,0.814587178465,10.1040507478
2.394042,1.14586165058,1.28066598449,10.8489478072,-0.866370670294,0.76920630323,10.149431623
2.395708,1.14586165058,1.31602510123,10.8853536583,-0.866370670294,0.814587178465,10.1040507478
2.397374,1.21657988406,1.31602510123,10.8853536583,-0.77408109096,0.905348928936,10.1948124982
2.39904,1.11050253385,1.35138421797,10.9922958461,-0.866370670294,0.814587178465,10.1040507478
2.400706,1.18122076732,1.31602510123,10.8853536583,-0.866370670294,0.814587178465,10.149431623
2.402372,1.18122076732,1.28066598449,10.8853536583,-0.866370670294,0.814587178465,10.149431623
2.404038,1.18122076732,1.31602510123,10.8853536583,-0.866370670294,0.814587178465,10.1040507478
2.405704,1.18122076732,1.31602510123,10.8853536583,-0.866370670294,0.76920630323,10.149431623
2.40737,1.11050253385,1.20994775102,10.8125419561,-0.820225880627,0.814587178465,10.149431623
2.409036,1.18122076732,1.31602510123,10.8853536583,-0.866370670294,0.814587178465,10.1040507478
2.410702,1.18122076732,1.28066598449,10.8489478072,-0.866370670294,0.814587178465,10.1040507478
2.412368,1.18122076732,1.28066598449,10.8489478072,-0.912515459961,0.76920630323,10.149431623
2.414034,1.18122076732,1.31602510123,10.9217595095,-0.866370670294,0.76920630323,10.149431623
2.4157,1.14586165058,1.24530686776,10.8125419561,-0.866370670294,0.76920630323,10.1040507478
2.417366,1.18122076732,1.28066598449,10.8853536583,-0.866370670294,0.814587178465,10.149431623
2.419032,1.18122076732,1.31602510123,10.8853536583,-0.866370670294,0.76920630323,10.149431623
2.420698,1.28729811753,1.35138421797,10.8853536583,-0.866370670294,0.814587178465,10.149431623
2.422364,1.18122076732,1.31602510123,10.8853536583,-0.866370670294,0.814587178465,10.1040507478
2.42403,1.14586165058,1.24530686776,10.8125419561,-0.77408109096,0.814587178465,10.1948124982
2.425696,1.18122076732,1.28066598449,10.8853536583,-0.866370670294,0.76920630323,10.1040507478
2.427362,1.21657988406,1.28066598449,10.8853536583,-0.866370670294,0.76920630323,10.1040507478
2.429028,1.28729811753,1.3867433347,10.9217595095,-0.866370670294,0.814587178465,10.1040507478
2.430694,1.18122076732,1.31602510123,10.8853536583,-0.866370670294,0.76920630323,10.1040507478
2.43236,1.18122076732,1.28066598449,10.8489478072,-0.866370670294,0.814587178465,10.149431623
2.434026,1.14586165058,1.31602510123,10.8853536583,-0.866370670294,0.76920630323,10.1040507478
2.435692,1.18122076732,1.31602510123,10.8853536583,-0.866370670294,0.76920630323,10.1040507478
2.437358,1.25193900079,1.42210245144,10.9922958461,-0.866370670294,0.814587178465,10.149431623
2.439024,1.18122076732,1.28066598449,10.8853536583,-0.866370670294,0.814587178465,10.1040507478
2.44069,1.14586165058,1.31602510123,10.8489478072,-0.77408109096,0.905348928936,10.2401933735
2.442356,1.18122076732,1.31602510123,10.8489478072,-0.866370670294,0.814587178465,10.149431623
2.444022,1.18122076732,1.31602510123,10.8853536583,-0.866370670294,0.76920630323,10.1040507478
2.445688,1.21657988406,1.42210245144,10.9581653606,-0.866370670294,0.814587178465,10.149431623
2.447354,1.18122076732,1.35138421797,10.8853536583,-0.727936301293,0.950729804172,10.2401933735
2.44902,1.14586165058,1.28066598449,10.8489478072,-0.866370670294,0.814587178465,10.1040507478
2.450686,1.18122076732,1.31602510123,10.8853536583,-0.866370670294,0.76920630323,10.149431623
2.452352,1.21657988406,1.31602510123,10.8853536583,-0.77408109096,0.905348928936,10.1948124982
2.454018,1.11050253385,1.20994775102,10.9217595095,-0.866370670294,0.814587178465,10.149431623
2.455684,1.18122076732,1.31602510123,10.8853536583,-0.866370670294,0.76920630323,10.1040507478
2.45735,1.18122076732,1.31602510123,10.8853536583,-0.866370670294,0.76920630323,10.149431623
2.459016,1.21657988406,1.31602510123,10.8853536583,-0.77408109096,0.905348928936,10.2401933735
2.460682,1.18122076732,1.35138421797,10.8853536583,-0.866370670294,0.76920630323,10.149431623
2.462348,1.11050253385,1.24530686776,10.8125419561,-0.866370670294,0.76920630323,10.1040507478
2.464014,1.18122076732,1.31602510123,10.8853536583,-0.77408109096,0.814587178465,10.1948124982
2.46568,1.18122076732,1.28066598449,10.8853536583,-0.912515459961,0.76920630323,10.1040507478
2.467346,1.25193900079,1.31602510123,10.8853536583,-0.866370670294,0.76920630323,10.1040507478
2.469012,1.21657988406,1.31602510123,10.8853536583,-0.866370670294,0.814587178465,10.149431623
2.470678,1.14586165058,1.24530686776,10.8125419561,-0.866370670294,0.76920630323,10.1040507478
2.472344,1.18122076732,1.31602510123,10.8853536583,-0.866370670294,0.814587178465,10.149431623
2.47401,1.21657988406,1.31602510123,10.8853536583,-0.820225880627,0.814587178465,10.149431623
2.475676,1.28729811753,1.35138421797,10.8853536583,-0.866370670294,0.814587178465,10.1040507478
2.477342,1.18122076732,1.31602510123,10.9217595095,-0.866370670294,0.76920630323,10.149431623
2.479008,1.14586165058,1.24530686776,10.8125419561,-0.866370670294,0.76920630323,10.1040507478
2.480674,1.18122076732,1.31602510123,10.8853536583,-0.866370670294,0.814587178465,10.1040507478
2.48234,1.18122076732,1.31602510123,10.8853536583,-0.912515459961,0.76920630323,10.1040507478
2.484006,1.28729811753,1.35138421797,10.8853536583,-0.866370670294,0.76920630323,10.149431623
2.485672,1.21657988406,1.31602510123,10.8853536583,-0.866370670294,0.723825427995,10.1040507478
2.487338,1.18122076732,1.28066598449,10.8489478072,-0.866370670294,0.76920630323,10.149431623
2.489004,1.18122076732,1.31602510123,10.8853536583,-0.820225880627,0.814587178465,10.149431623
2.49067,1.18122076732,1.28066598449,10.8853536583,-0.866370670294,0.76920630323,10.1040507478
2.492336,1.28729811753,1.45746156818,10.9217595095,-0.866370670294,0.814587178465,10.1040507478
2.494002,1.21657988406,1.31602510123,10.8853536583,-0.866370670294,0.814587178465,10.149431623
2.495668,1.18122076732,1.28066598449,10.8489478072,-0.866370670294,0.76920630323,10.1040507478
2.497334,1.18122076732,1.31602510123,10.8853536583,-0.77408109096,0.905348928936,10.1948124982
2.499,1.21657988406,1.28066598449,10.8853536583,-0.912515459961,0.76920630323,10.1040507478
2.500666,1.28729811753,1.42210245144,10.9217595095,-0.866370670294,0.76920630323,10.1040507478
2.502332,1.18122076732,1.31602510123,10.8853536583,-0.866370670294,0.76920630323,10.1040507478
2.503998,1.14586165058,1.28066598449,10.8853536583,-0.866370670294,0.76920630323,10.1040507478
2.505664,1.18122076732,1.28066598449,10.8853536583,-0.866370670294,0.76920630323,10.1040507478
2.50733,1.21657988406,1.31602510123,10.8853536583,-0.912515459961,0.76920630323,10.1040507478
2.508996,1.11050253385,1.31602510123,10.9922958461,-0.866370670294,0.76920630323,10.1040507478
2.510662,1.18122076732,1.31602510123,10.8853536583,-0.866370670294,0.76920630323,10.149431623
2.512328,1.18122076732,1.31602510123,10.8489478072,-0.866370670294,0.76920630323,10.149431623
2.513994,1.14586165058,1.28066598449,10.8489478072,-0.866370670294,0.814587178465,10.1040507478
2.51566,1.18122076732,1.31602510123,10.8853536583,-0.866370670294,0.76920630323,10.149431623
2.517326,1.18122076732,1.42210245144,10.9581653606,-0.866370670294,0.814587178465,10.149431623
2.518992,1.18122076732,1.31602510123,10.8853536583,-0.866370670294,0.76920630323,10.1040507478
2.520658,1.14586165058,1.28066598449,10.8489478072,-0.77408109096,0.905348928936,10.1948124982
2.522324,1.18122076732,1.28066598449,10.8853536583,-0.866370670294,0.76920630323,10.1040507478
2.52399,1.18122076732,1.35138421797,10.8853536583,-0.866370670294,0.814587178465,10.149431623
2.525656,1.11050253385,1.20994775102,10.9581653606,-0.77408109096,0.859968053701,10.2401933735
2.527322,1.18122076732,1.28066598449,10.8853536583,-0.866370670294,0.76920630323,10.149431623
2.528988,1.18122076732,1.31602510123,10.8853536583,-0.912515459961,0.76920630323,10.1040507478
2.530654,1.18122076732,1.31602510123,10.8853536583,-0.866370670294,0.814587178465,10.1040507478
2.53232,1.18122076732,1.31602510123,10.9217595095,-0.866370670294,0.76920630323,10.149431623
2.533986,1.11050253385,1.24530686776,10.8125419561,-0.77408109096,0.905348928936,10.2401933735
2.535652,1.18122076732,1.31602510123,10.8853536583,-0.866370670294,0.76920630323,10.149431623
2.537318,1.18122076732,1.31602510123,10.8853536583,-0.77408109096,0.905348928936,10.2401933735
2.538984,1.18122076732,1.35138421797,10.8489478072,-0.912515459961,0.76920630323,10.1040507478
2.54065,1.18122076732,1.31602510123,10.8853536583,-0.866370670294,0.76920630323,10.1040507478
2.542316,1.14586165058,1.28066598449,10.8125419561,-0.866370670294,0.814587178465,10.1040507478
2.543982,1.18122076732,1.28066598449,10.8853536583,-0.866370670294,0.76920630323,10.1040507478
2.545648,1.18122076732,1.28066598449,10.8853536583,-0.866370670294,0.76920630323,10.1040507478
2.547314,1.21657988406,1.31602510123,10.8489478072,-0.866370670294,0.76920630323,10.1040507478
2.54898,1.18122076732,1.31602510123,10.9217595095,-0.866370670294,0.814587178465,10.149431623
2.550646,1.14586165058,1.28066598449,10.8489478072,-0.866370670294,0.76920630323,10.149431623
2.552312,1.14586165058,1.28066598449,10.8853536583,-0.866370670294,0.76920630323,10.149431623
2.553978,1.18122076732,1.28066598449,10.8853536583,-0.820225880627,0.814587178465,10.149431623
2.555644,1.25193900079,1.35138421797,10.8853536583,-0.866370670294,0.814587178465,10.149431623
2.55731,1.18122076732,1.31602510123,10.8853536583,-0.820225880627,0.814587178465,10.1948124982
2.558976,1.14586165058,1.28066598449,10.8125419561,-0.866370670294,0.814587178465,10.149431623
2.560642,1.18122076732,1.35138421797,10.8853536583,-0.866370670294,0.76920630323,10.1040507478
2.562308,1.18122076732,1.28066598449,10.8853536583,-0.820225880627,0.76920630323,10.1948124982
2.563974,1.28729811753,1.42210245144,10.9217595095,-0.866370670294,0.76920630323,10.1040507478
2.56564,1.18122076732,1.35138421797,10.8853536583,-0.866370670294,0.76920630323,10.149431623
2.567306,1.14586165058,1.31602510123,10.8489478072,-0.866370670294,0.76920630323,10.149431623
2.568972,1.18122076732,1.31602510123,10.8853536583,-0.820225880627,0.814587178465,10.149431623
2.570638,1.18122076732,1.35138421797,10.8853536583,-0.820225880627,0.814587178465,10.1948124982
2.572304,1.25193900079,1.42210245144,10.9581653606,-0.77408109096,0.905348928936,10.1948124982
2.57397,1.18122076732,1.35138421797,10.8853536583,-0.866370670294,0.76920630323,10.1040507478
2.575636,1.18122076732,1.31602510123,10.8853536583,-0.866370670294,0.76920630323,10.1040507478
2.577302,1.18122076732,1.28066598449,10.8853536583,-0.866370670294,0.76920630323,10.1040507478
2.578968,1.18122076732,1.31602510123,10.9217595095,-0.866370670294,0.814587178465,10.149431623
2.580634,1.14586165058,1.24530686776,10.8125419561,-0.866370670294,0.76920630323,10.149431623
2.5823,1.14586165058,1.31602510123,10.9217595095,-0.866370670294,0.76920630323,10.1040507478
2.583966,1.18122076732,1.28066598449,10.8853536583,-0.820225880627,0.859968053701,10.149431623
2.585632,1.28729811753,1.3867433347,10.9217595095,-0.866370670294,0.76920630323,10.1040507478
2.587298,1.18122076732,1.28066598449,10.9217595095,-0.866370670294,0.723825427995,10.1040507478
2.588964,1.14586165058,1.24530686776,10.8125419561,-0.866370670294,0.76920630323,10.1040507478
2.59063,1.14586165058,1.28066598449,10.8853536583,-0.77408109096,0.859968053701,10.1948124982
2.592296,1.18122076732,1.31602510123,10.8853536583,-0.866370670294,0.76920630323,10.1040507478
2.593962,1.28729811753,1.42210245144,10.9922958461,-0.866370670294,0.76920630323,10.1040507478
2.595628,1.18122076732,1.31602510123,10.8853536583,-0.820225880627,0.814587178465,10.149431623
2.597294,1.14586165058,1.28066598449,10.8489478072,-0.866370670294,0.814587178465,10.149431623
2.59896,1.14586165058,1.31602510123,10.8853536583,-0.866370670294,0.76920630323,10.1040507478
2.600626,1.18122076732,1.31602510123,10.8853536583,-0.866370670294,0.814587178465,10.1040507478
2.602292,1.14586165058,1.42210245144,10.9922958461,-0.912515459961,0.76920630323,10.1040507478
2.603958,1.18122076732,1.31602510123,10.8853536583,-0.866370670294,0.76920630323,10.1040507478
2.605624,1.18122076732,1.31602510123,10.8489478072,-0.866370670294,0.76920630323,10.149431623
2.60729,1.18122076732,1.31602510123,10.8853536583,-0.912515459961,0.76920630323,10.1040507478
2.608956,1.21657988406,1.31602510123,10.8853536583,-0.912515459961,0.76920630323,10.1040507478
2.610622,1.11050253385,1.24530686776,10.8125419561,-0.866370670294,0.76920630323,10.1040507478
2.612288,1.18122076732,1.31602510123,10.8853536583,-0.866370670294,0.814587178465,10.149431623
2.613954,1.14586165058,1.31602510123,10.8853536583,-0.866370670294,0.76920630323,10.149431623
2.61562,1.18122076732,1.28066598449,10.8853536583,-0.866370670294,0.76920630323,10.1040507478
2.617286,1.18122076732,1.31602510123,10.9217595095,-0.866370670294,0.814587178465,10.1040507478
2.618952,1.14586165058,1.24530686776,10.8125419561,-0.77408109096,0.905348928936,10.2401933735
2.620618,1.18122076732,1.31602510123,10.8853536583,-0.866370670294,0.76920630323,10.1040507478
2.622284,1.18122076732,1.28066598449,10.8853536583,-0.866370670294,0.76920630323,10.149431623
2.62395,1.25193900079,1.31602510123,10.8853536583,-0.866370670294,0.814587178465,10.1040507478
2.625616,1.18122076732,1.31602510123,10.8853536583,-0.912515459961,0.76920630323,10.1040507478
2.627282,1.14586165058,1.24530686776,10.8125419561,-0.866370670294,0.814587178465,10.1040507478
2.628948,1.18122076732,1.28066598449,10.8853536583,-0.866370670294,0.76920630323,10.1040507478
2.630614,1.18122076732,1.28066598449,10.8853536583,-0.866370670294,0.76920630323,10.1040507478
2.63228,1.28729811753,1.35138421797,10.9217595095,-0.866370670294,0.76920630323,10.1040507478
2.633946,1.21657988406,1.31602510123,10.8853536583,-0.866370670294,0.814587178465,10.149431623
2.635612,1.18122076732,1.28066598449,10.8489478072,-0.866370670294,0.76920630323,10.1040507478
2.637278,1.14586165058,1.31602510123,10.8489478072,-0.866370670294,0.814587178465,10.149431623
2.638944,1.18122076732,1.28066598449,10.8853536583,-0.866370670294,0.76920630323,10.1040507478
2.64061,1.07514341711,1.35138421797,10.9922958461,-0.820225880627,0.905348928936,10.1948124982
2.642276,1.18122076732,1.31602510123,10.8853536583,-0.820225880627,0.814587178465,10.1948124982
2.643942,1.18122076732,1.28066598449,10.8489478072,-0.866370670294,0.76920630323,10.1040507478
2.645608,1.18122076732,1.24530686776,10.8853536583,-0.866370670294,0.76920630323,10.1040507478
2.647274,1.18122076732,1.35138421797,10.8853536583,-0.866370670294,0.814587178465,10.149431623
2.64894,1.14586165058,1.28066598449,10.9922958461,-0.866370670294,0.76920630323,10.1040507478
2.650606,1.21657988406,1.31602510123,10.8853536583,-0.820225880627,0.814587178465,10.1948124982
2.652272,1.18122076732,1.28066598449,10.8489478072,-0.866370670294,0.814587178465,10.149431623
2.653938,1.14586165058,1.28066598449,10.8489478072,-0.866370670294,0.814587178465,10.149431623
2.655604,1.18122076732,1.31602510123,10.8853536583,-0.912515459961,0.76920630323,10.1040507478
2.65727,1.18122076732,1.42210245144,10.9922958461,-0.866370670294,0.814587178465,10.1040507478
2.658936,1.18122076732,1.31602510123,10.8853536583,-0.866370670294,0.814587178465,10.1040507478
2.660602,1.18122076732,1.31602510123,10.8853536583,-0.77408109096,0.905348928936,10.1948124982
2.662268,1.18122076732,1.31602510123,10.8853536583,-0.866370670294,0.814587178465,10.149431623
2.663934,1.18122076732,1.31602510123,10.9217595095,-0.866370670294,0.76920630323,10.149431623
2.6656,1.11050253385,1.3867433347,11.0287016972,-0.866370670294,0.76920630323,10.149431623
2.667266,1.18122076732,1.31602510123,10.9217595095,-0.77408109096,0.859968053701,10.2401933735
2.668932,1.18122076732,1.31602510123,10.8853536583,-0.866370670294,0.814587178465,10.149431623
2.670598,1.18122076732,1.31602510123,10.8489478072,-0.866370670294,0.76920630323,10.149431623
2.672264,1.18122076732,1.35138421797,10.9217595095,-0.820225880627,0.814587178465,10.149431623
2.67393,1.14586165058,1.24530686776,10.8125419561,-0.912515459961,0.76920630323,10.1040507478
2.675596,1.18122076732,1.31602510123,10.9217595095,-0.866370670294,0.76920630323,10.149431623
2.677262,1.18122076732,1.31602510123,10.8853536583,-0.866370670294,0.76920630323,10.149431623
2.678928,1.28729811753,1.3867433347,10.8853536583,-0.866370670294,0.76920630323,10.149431623
2.680594,1.18122076732,1.31602510123,10.9217595095,-0.866370670294,0.76920630323,10.1040507478
2.68226,1.18122076732,1.31602510123,10.8489478072,-0.866370670294,0.814587178465,10.1040507478
2.683926,1.18122076732,1.20994775102,10.8853536583,-0.866370670294,0.76920630323,10.1040507478
2.685592,1.18122076732,1.28066598449,10.8853536583,-0.866370670294,0.76920630323,10.149431623
2.687258,1.18122076732,1.42210245144,10.9922958461,-0.866370670294,0.76920630323,10.1040507478
2.688924,1.18122076732,1.35138421797,10.8853536583,-0.866370670294,0.76920630323,10.1040507478
2.69059,1.18122076732,1.31602510123,10.8853536583,-0.866370670294,0.76920630323,10.1040507478
2.692256,1.14586165058,1.31602510123,10.8853536583,-0.866370670294,0.814587178465,10.1040507478
2.693922,1.18122076732,1.31602510123,10.8853536583,-0.866370670294,0.814587178465,10.149431623
2.695588,1.11050253385,1.28066598449,10.8853536583,-0.77408109096,0.859968053701,10.1948124982
2.697254,1.18122076732,1.31602510123,10.8853536583,-0.866370670294,0.814587178465,10.1040507478
2.69892,1.18122076732,1.31602510123,10.8853536583,-0.866370670294,0.814587178465,10.1040507478
2.700586,1.18122076732,1.31602510123,10.8853536583,-0.866370670294,0.76920630323,10.1040507478
2.702252,1.18122076732,1.31602510123,10.8853536583,-0.866370670294,0.76920630323,10.149431623
2.703918,1.11050253385,1.24530686776,10.8125419561,-0.866370670294,0.76920630323,10.1040507478
2.705584,1.21657988406,1.31602510123,10.8853536583,-0.866370670294,0.814587178465,10.149431623
2.70725,1.18122076732,1.31602510123,10.8853536583,-0.866370670294,0.76920630323,10.1040507478
2.708916,1.18122076732,1.31602510123,10.8853536583,-0.866370670294,0.814587178465,10.1040507478
2.710582,1.18122076732,1.35138421797,10.9217595095,-0.866370670294,0.814587178465,10.149431623
2.712248,1.11050253385,1.24530686776,10.8125419561,-0.77408109096,0.905348928936,10.2401933735
2.713914,1.18122076732,1.28066598449,10.8853536583,-0.866370670294,0.76920630323,10.1040507478
2.71558,1.18122076732,1.31602510123,10.8853536583,-0.866370670294,0.76920630323,10.149431623
2.717246,1.25193900079,1.31602510123,10.8853536583,-0.866370670294,0.76920630323,10.149431623
2.718912,1.21657988406,1.31602510123,10.8853536583,-0.866370670294,0.814587178465,10.149431623
2.720578,1.14586165058,1.24530686776,10.8125419561,-0.866370670294,0.814587178465,10.149431623
2.722244,1.18122076732,1.31602510123,10.8853536583,-0.866370670294,0.76920630323,10.149431623
2.72391,1.18122076732,1.28066598449,10.8853536583,-0.820225880627,0.814587178465,10.149431623
2.725576,1.28729811753,1.35138421797,10.8853536583,-0.820225880627,0.859968053701,10.1948124982
2.727242,1.18122076732,1.28066598449,10.8853536583,-0.77408109096,0.859968053701,10.1948124982
2.728908,1.14586165058,1.28066598449,10.8125419561,-0.866370670294,0.814587178465,10.149431623
2.730574,1.18122076732,1.28066598449,10.8853536583,-0.866370670294,0.76920630323,10.149431623
2.73224,1.18122076732,1.31602510123,10.8853536583,-0.866370670294,0.76920630323,10.1040507478
2.733906,1.28729811753,1.3867433347,10.8853536583,-0.866370670294,0.814587178465,10.149431623
2.735572,1.18122076732,1.31602510123,10.9217595095,-0.866370670294,0.76920630323,10.1040507478
2.737238,1.18122076732,1.28066598449,10.8489478072,-0.866370670294,0.76920630323,10.149431623
2.738904,1.14586165058,1.31602510123,10.8853536583,-0.866370670294,0.76920630323,10.1040507478
2.74057,1.18122076732,1.31602510123,10.8853536583,-0.866370670294,0.76920630323,10.1040507478
2.742236,1.07514341711,1.35138421797,10.9922958461,-0.866370670294,0.76920630323,10.149431623
2.743902,1.18122076732,1.31602510123,10.9217595095,-0.866370670294,0.76920630323,10.149431623
2.745568,1.18122076732,1.31602510123,10.8853536583,-0.866370670294,0.814587178465,10.149431623
2.747234,1.18122076732,1.31602510123,10.8853536583,-0.866370670294,0.76920630323,10.1040507478
2.7489,1.21657988406,1.35138421797,10.9217595095,-0.912515459961,0.76920630323,10.1040507478
2.750566,1.11050253385,1.28066598449,10.9217595095,-0.912515459961,0.76920630323,10.1040507478
2.752232,1.18122076732,1.31602510123,10.8853536583,-0.866370670294,0.76920630323,10.1040507478
2.753898,1.14586165058,1.31602510123,10.8489478072,-0.866370670294,0.814587178465,10.149431623
2.755564,1.18122076732,1.28066598449,10.8853536583,-0.866370670294,0.814587178465,10.149431623
2.75723,1.18122076732,1.31602510123,10.8853536583,-0.820225880627,0.859968053701,10.1948124982
2.758896,1.11050253385,1.28066598449,10.8125419561,-0.866370670294,0.76920630323,10.149431623
2.760562,1.18122076732,1.31602510123,10.8853536583,-0.866370670294,0.76920630323,10.1040507478
2.762228,1.18122076732,1.31602510123,10.8489478072,-0.866370670294,0.76920630323,10.1040507478
2.763894,1.18122076732,1.28066598449,10.8853536583,-0.866370670294,0.76920630323,10.149431623
2.76556,1.18122076732,1.31602510123,10.8853536583,-0.866370670294,0.76920630323,10.149431623
2.767226,1.14586165058,1.24530686776,10.8489478072,-0.866370670294,0.76920630323,10.149431623
2.768892,1.18122076732,1.28066598449,10.8853536583,-0.866370670294,0.814587178465,10.149431623
2.770558,1.18122076732,1.31602510123,10.8853536583,-0.866370670294,0.76920630323,10.149431623
2.772224,1.21657988406,1.31602510123,10.8853536583,-0.866370670294,0.76920630323,10.149431623
2.77389,1.21657988406,1.31602510123,10.8853536583,-0.866370670294,0.76920630323,10.149431623
2.775556,1.18122076732,1.28066598449,10.8125419561,-0.866370670294,0.814587178465,10.1040507478
2.777222,1.18122076732,1.31602510123,10.8853536583,-0.866370670294,0.814587178465,10.1040507478
2.778888,1.18122076732,1.31602510123,10.8853536583,-0.866370670294,0.814587178465,10.149431623
2.780554,1.21657988406,1.3867433347,10.9922958461,-0.866370670294,0.814587178465,10.149431623
2.78222,1.18122076732,1.31602510123,10.8853536583,-0.866370670294,0.814587178465,10.1040507478
2.783886,1.18122076732,1.31602510123,10.8853536583,-0.866370670294,0.814587178465,10.1040507478
2.785552,1.11050253385,1.28066598449,10.8489478072,-0.912515459961,0.76920630323,10.1040507478
2.787218,1.18122076732,1.31602510123,10.8853536583,-0.866370670294,0.76920630323,10.1040507478
2.788884,1.11050253385,1.24530686776,10.8125419561,-0.866370670294,0.76920630323,10.1040507478
2.79055,1.18122076732,1.31602510123,10.8853536583,-0.866370670294,0.814587178465,10.1040507478
2.792216,1.18122076732,1.28066598449,10.8853536583,-0.77408109096,0.905348928936,10.1948124982
2.793882,1.18122076732,1.28066598449,10.8125419561,-0.77408109096,0.905348928936,10.1948124982
2.795548,1.18122076732,1.31602510123,10.8853536583,-0.866370670294,0.76920630323,10.1040507478
2.797214,1.11050253385,1.24530686776,10.8125419561,-0.866370670294,0.814587178465,10.1040507478
2.79888,1.18122076732,1.28066598449,10.8853536583,-0.866370670294,0.76920630323,10.1040507478
2.800546,1.18122076732,1.31602510123,10.8489478072,-0.866370670294,0.814587178465,10.149431623
2.802212,1.25193900079,1.31602510123,10.8853536583,-0.866370670294,0.76920630323,10.1040507478
2.803878,1.18122076732,1.31602510123,10.8853536583,-0.866370670294,0.76920630323,10.1040507478
2.805544,1.14586165058,1.24530686776,10.8125419561,-0.866370670294,0.814587178465,10.149431623
2.80721,1.18122076732,1.28066598449,10.8489478072,-0.866370670294,0.814587178465,10.1040507478
2.808876,1.18122076732,1.31602510123,10.8853536583,-0.866370670294,0.814587178465,10.149431623
2.810542,1.11050253385,1.28066598449,10.9581653606,-0.866370670294,0.76920630323,10.1040507478
2.812208,1.18122076732,1.31602510123,10.8853536583,-0.866370670294,0.814587178465,10.149431623
2.813874,1.14586165058,1.31602510123,10.8489478072,-0.866370670294,0.814587178465,10.1040507478
2.81554,1.18122076732,1.31602510123,10.8853536583,-0.866370670294,0.76920630323,10.1040507478
2.817206,1.18122076732,1.31602510123,10.9217595095,-0.866370670294,0.814587178465,10.149431623
2.818872,1.11050253385,1.24530686776,10.8853536583,-0.866370670294,0.76920630323,10.149431623
2.820538,1.18122076732,1.35138421797,10.8853536583,-0.866370670294,0.814587178465,10.1040507478
2.822204,1.18122076732,1.31602510123,10.8853536583,-0.820225880627,0.814587178465,10.1948124982
2.82387,1.18122076732,1.31602510123,10.8489478072,-0.866370670294,0.76920630323,10.149431623
2.825536,1.18122076732,1.31602510123,10.8853536583,-0.866370670294,0.723825427995,10.1040507478
2.827202,1.11050253385,1.24530686776,10.7761361049,-0.866370670294,0.76920630323,10.1040507478
2.828868,1.18122076732,1.31602510123,10.8853536583,-0.866370670294,0.814587178465,10.1040507478
2.830534,1.18122076732,1.31602510123,10.8853536583,-0.866370670294,0.814587178465,10.149431623
2.8322,1.25193900079,1.35138421797,10.8853536583,-0.866370670294,0.814587178465,10.149431623
2.833866,1.21657988406,1.35138421797,10.8853536583,-0.866370670294,0.76920630323,10.149431623
2.835532,1.14586165058,1.28066598449,10.8125419561,-0.820225880627,0.814587178465,10.149431623
2.837198,1.18122076732,1.28066598449,10.8853536583,-0.77408109096,0.905348928936,10.2401933735
2.838864,1.18122076732,1.31602510123,10.8853536583,-0.866370670294,0.76920630323,10.1040507478
2.84053,1.25193900079,1.35138421797,10.8853536583,-0.866370670294,0.76920630323,10.1040507478
2.842196,1.18122076732,1.31602510123,10.8853536583,-0.866370670294,0.76920630323,10.149431623
2.843862,1.18122076732,1.31602510123,10.8125419561,-0.77408109096,0.905348928936,10.1948124982
2.845528,1.18122076732,1.31602510123,10.8853536583,-0.866370670294,0.814587178465,10.1040507478
2.847194,1.18122076732,1.31602510123,10.8853536583,-0.866370670294,0.814587178465,10.1040507478
2.84886,1.11050253385,1.35138421797,10.9922958461,-0.77408109096,0.905348928936,10.2401933735
2.850526,1.18122076732,1.31602510123,10.8853536583,-0.866370670294,0.814587178465,10.149431623
2.852192,1.18122076732,1.28066598449,10.8853536583,-0.866370670294,0.814587178465,10.149431623
2.853858,1.18122076732,1.31602510123,10.8853536583,-0.866370670294,0.814587178465,10.149431623
2.855524,1.18122076732,1.31602510123,10.9217595095,-0.866370670294,0.76920630323,10.149431623
2.85719,1.11050253385,1.20994775102,10.8853536583,-0.77408109096,0.905348928936,10.2401933735
2.858856,1.18122076732,1.31602510123,10.8853536583,-0.866370670294,0.76920630323,10.1040507478
2.860522,1.18122076732,1.28066598449,10.8125419561,-0.820225880627,0.814587178465,10.149431623
2.862188,1.18122076732,1.31602510123,10.8489478072,-0.866370670294,0.76920630323,10.149431623
2.863854,1.21657988406,1.31602510123,10.8853536583,-0.866370670294,0.723825427995,10.1040507478
2.86552,1.14586165058,1.42210245144,10.9922958461,-0.866370670294,0.814587178465,10.149431623
2.867186,1.21657988406,1.31602510123,10.9217595095,-0.77408109096,0.905348928936,10.2401933735
2.868852,1.14586165058,1.28066598449,10.8489478072,-0.866370670294,0.76920630323,10.149431623
2.870518,1.18122076732,1.24530686776,10.8853536583,-0.866370670294,0.723825427995,10.1040507478
2.872184,1.21657988406,1.35138421797,10.9217595095,-0.77408109096,0.905348928936,10.2401933735
2.87385,1.11050253385,1.28066598449,10.9922958461,-0.866370670294,0.814587178465,10.149431623
2.875516,1.18122076732,1.31602510123,10.8853536583,-0.866370670294,0.814587178465,10.1040507478
2.877182,1.18122076732,1.31602510123,10.8853536583,-0.866370670294,0.814587178465,10.149431623
2.878848,1.18122076732,1.31602510123,10.8853536583,-0.77408109096,0.859968053701,10.2401933735
2.880514,1.18122076732,1.31602510123,10.8853536583,-0.866370670294,0.76920630323,10.1040507478
2.88218,1.14586165058,1.24530686776,10.8125419561,-0.866370670294,0.814587178465,10.149431623
2.883846,1.18122076732,1.31602510123,10.8853536583,-0.866370670294,0.76920630323,10.149431623
2.885512,1.18122076732,1.28066598449,10.8489478072,-0.820225880627,0.76920630323,10.149431623
2.887178,1.21657988406,1.31602510123,10.8853536583,-0.866370670294,0.814587178465,10.149431623
2.888844,1.18122076732,1.31602510123,10.9217595095,-0.866370670294,0.814587178465,10.149431623
2.89051,1.14586165058,1.28066598449,10.8489478072,-0.820225880627,0.76920630323,10.149431623
2.892176,1.18122076732,1.28066598449,10.9217595095,-0.866370670294,0.76920630323,10.149431623
2.893842,1.18122076732,1.28066598449,10.9217595095,-0.866370670294,0.76920630323,10.1040507478
2.895508,1.21657988406,1.42210245144,10.9922958461,-0.866370670294,0.814587178465,10.1040507478
2.897174,1.21657988406,1.31602510123,10.8853536583,-0.866370670294,0.76920630323,10.1040507478
2.89884,1.18122076732,1.28066598449,10.8853536583,-0.866370670294,0.814587178465,10.149431623
2.900506,1.18122076732,1.28066598449,10.8853536583,-0.866370670294,0.76920630323,10.1040507478
2.902172,1.18122076732,1.31602510123,10.8853536583,-0.866370670294,0.76920630323,10.1040507478
2.903838,1.14586165058,1.28066598449,10.8489478072,-0.866370670294,0.76920630323,10.1040507478
2.905504,1.18122076732,1.31602510123,10.8853536583,-0.866370670294,0.76920630323,10.149431623
2.90717,1.21657988406,1.31602510123,10.8853536583,-0.866370670294,0.76920630323,10.149431623
2.908836,1.28729811753,1.3867433347,10.9217595095,-0.866370670294,0.76920630323,10.1040507478
2.910502,1.18122076732,1.31602510123,10.8853536583,-0.912515459961,0.76920630323,10.1040507478
2.912168,1.14586165058,1.28066598449,10.8489478072,-0.866370670294,0.814587178465,10.149431623
2.913834,1.18122076732,1.28066598449,10.8853536583,-0.77408109096,0.905348928936,10.1948124982
2.9155,1.18122076732,1.31602510123,10.8853536583,-0.820225880627,0.814587178465,10.149431623
2.917166,1.11050253385,1.35138421797,11.0287016972,-0.77408109096,0.905348928936,10.2401933735
2.918832,1.18122076732,1.31602510123,10.8853536583,-0.866370670294,0.76920630323,10.1040507478
2.920498,1.18122076732,1.31602510123,10.8853536583,-0.912515459961,0.76920630323,10.1040507478
2.922164,1.21657988406,1.31602510123,10.8853536583,-0.866370670294,0.76920630323,10.1040507478
2.92383,1.21657988406,1.31602510123,10.8853536583,-0.866370670294,0.76920630323,10.1040507478
2.925496,1.14586165058,1.28066598449,10.8489478072,-0.820225880627,0.859968053701,10.149431623
2.927162,1.18122076732,1.28066598449,10.8853536583,-0.866370670294,0.76920630323,10.1040507478
2.928828,1.18122076732,1.31602510123,10.8853536583,-0.866370670294,0.814587178465,10.149431623
2.930494,1.25193900079,1.35138421797,10.9217595095,-0.866370670294,0.76920630323,10.149431623
2.93216,1.21657988406,1.35138421797,10.9217595095,-0.866370670294,0.814587178465,10.1040507478
2.933826,1.18122076732,1.20994775102,10.8125419561,-0.866370670294,0.76920630323,10.1040507478
2.935492,1.18122076732,1.28066598449,10.8853536583,-0.866370670294,0.814587178465,10.149431623
2.937158,1.18122076732,1.31602510123,10.8853536583,-0.866370670294,0.814587178465,10.149431623
2.938824,1.28729811753,1.3867433347,10.9217595095,-0.820225880627,0.859968053701,10.149431623
2.94049,1.18122076732,1.35138421797,10.9217595095,-0.77408109096,0.905348928936,10.1948124982
2.942156,1.18122076732,1.28066598449,10.8125419561,-0.866370670294,0.76920630323,10.1040507478
2.943822,1.18122076732,1.31602510123,10.8489478072,-0.866370670294,0.814587178465,10.149431623
2.945488,1.18122076732,1.31602510123,10.8853536583,-0.77408109096,0.905348928936,10.1948124982
2.947154,1.11050253385,1.35138421797,10.9922958461,-0.866370670294,0.76920630323,10.1040507478
2.94882,1.18122076732,1.31602510123,10.8853536583,-0.866370670294,0.814587178465,10.1040507478
2.950486,1.18122076732,1.31602510123,10.8853536583,-0.866370670294,0.76920630323,10.1040507478
2.952152,1.18122076732,1.28066598449,10.8489478072,-0.866370670294,0.76920630323,10.1040507478
2.953818,1.18122076732,1.35138421797,10.9217595095,-0.866370670294,0.76920630323,10.149431623
2.955484,1.11050253385,1.28066598449,10.8489478072,-0.866370670294,0.76920630323,10.1040507478
2.95715,1.18122076732,1.28066598449,10.8853536583,-0.866370670294,0.76920630323,10.1040507478
2.958816,1.18122076732,1.31602510123,10.8853536583,-0.866370670294,0.814587178465,10.149431623
2.960482,1.21657988406,1.42210245144,10.9922958461,-0.820225880627,0.814587178465,10.149431623
2.962148,1.18122076732,1.31602510123,10.8853536583,-0.77408109096,0.905348928936,10.1948124982
2.963814,1.14586165058,1.28066598449,10.8489478072,-0.820225880627,0.814587178465,10.149431623
2.96548,1.14586165058,1.24530686776,10.8489478072,-0.866370670294,0.723825427995,10.1040507478
2.967146,1.18122076732,1.31602510123,10.8853536583,-0.866370670294,0.76920630323,10.1040507478
2.968812,1.11050253385,1.20994775102,10.9217595095,-0.820225880627,0.859968053701,10.149431623
2.970478,1.18122076732,1.28066598449,10.8853536583,-0.866370670294,0.76920630323,10.1040507478
2.972144,1.18122076732,1.24530686776,10.8853536583,-0.866370670294,0.76920630323,10.1040507478
2.97381,1.18122076732,1.31602510123,10.8853536583,-0.820225880627,0.76920630323,10.1040507478
2.975476,1.18122076732,1.31602510123,10.8853536583,-0.820225880627,0.814587178465,10.149431623
2.977142,1.14586165058,1.28066598449,10.8125419561,-0.77408109096,0.905348928936,10.1948124982
2.978808,1.18122076732,1.31602510123,10.8853536583,-0.866370670294,0.76920630323,10.1040507478
2.980474,1.18122076732,1.28066598449,10.8853536583,-0.866370670294,0.76920630323,10.1040507478
2.98214,1.21657988406,1.31602510123,10.8489478072,-0.866370670294,0.814587178465,10.1040507478
2.983806,1.21657988406,1.31602510123,10.9217595095,-0.77408109096,0.905348928936,10.2401933735
2.985472,1.11050253385,1.24530686776,10.7761361049,-0.866370670294,0.76920630323,10.1040507478
2.987138,1.18122076732,1.31602510123,10.8853536583,-0.866370670294,0.76920630323,10.1040507478
2.988804,1.21657988406,1.31602510123,10.8853536583,-0.866370670294,0.814587178465,10.1040507478
2.99047,1.18122076732,1.31602510123,10.8853536583,-0.866370670294,0.814587178465,10.1040507478
2.992136,1.21657988406,1.31602510123,10.9217595095,-0.866370670294,0.76920630323,10.1040507478
2.993802,1.11050253385,1.20994775102,10.8125419561,-0.77408109096,0.905348928936,10.1948124982
2.995468,1.14586165058,1.28066598449,10.8853536583,-0.866370670294,0.76920630323,10.1040507478
2.997134,1.18122076732,1.31602510123,10.8853536583,-0.912515459961,0.76920630323,10.1040507478
2.9988,1.18122076732,1.31602510123,10.8853536583,-0.866370670294,0.76920630323,10.1040507478
3.000466,1.18122076732,1.31602510123,10.8853536583,-0.866370670294,0.76920630323,10.1040507478
3.002132,1.14586165058,1.24530686776,10.8489478072,-0.866370670294,0.814587178465,10.149431623
3.003798,1.14586165058,1.28066598449,10.8853536583,-0.866370670294,0.76920630323,10.149431623
3.005464,1.18122076732,1.28066598449,10.8853536583,-0.866370670294,0.76920630323,10.1040507478
3.00713,1.28729811753,1.3867433347,10.9217595095,-0.866370670294,0.814587178465,10.149431623
3.008796,1.18122076732,1.31602510123,10.9217595095,-0.866370670294,0.76920630323,10.1040507478
3.010462,1.18122076732,1.28066598449,10.8125419561,-0.866370670294,0.76920630323,10.149431623
3.012128,1.14586165058,1.31602510123,10.8853536583,-0.866370670294,0.814587178465,10.1040507478
3.013794,1.18122076732,1.31602510123,10.8853536583,-0.820225880627,0.859968053701,10.1948124982
3.01546,1.28729811753,1.42210245144,10.9217595095,-0.866370670294,0.814587178465,10.1040507478
3.017126,1.18122076732,1.31602510123,10.8853536583,-0.866370670294,0.76920630323,10.149431623
3.018792,1.11050253385,1.31602510123,10.8489478072,-0.866370670294,0.76920630323,10.149431623
3.020458,1.18122076732,1.28066598449,10.8853536583,-0.866370670294,0.814587178465,10.1040507478
3.022124,1.18122076732,1.31602510123,10.8853536583,-0.820225880627,0.859968053701,10.1948124982
3.02379,1.11050253385,1.31602510123,10.9922958461,-0.912515459961,0.76920630323,10.1040507478
3.025456,1.21657988406,1.31602510123,10.9217595095,-0.866370670294,0.814587178465,10.149431623
3.027122,1.14586165058,1.24530686776,10.8125419561,-0.866370670294,0.76920630323,10.149431623
3.028788,1.18122076732,1.28066598449,10.8853536583,-0.866370670294,0.76920630323,10.1040507478
3.030454,1.21657988406,1.31602510123,10.8853536583,-0.866370670294,0.76920630323,10.1040507478
3.03212,1.07514341711,1.31602510123,10.9922958461,-0.820225880627,0.814587178465,10.149431623
3.033786,1.18122076732,1.31602510123,10.8853536583,-0.866370670294,0.76920630323,10.1040507478
3.035452,1.18122076732,1.31602510123,10.8853536583,-0.866370670294,0.814587178465,10.1040507478
3.037118,1.18122076732,1.28066598449,10.8489478072,-0.820225880627,0.76920630323,10.149431623
3.038784,1.18122076732,1.31602510123,10.8853536583,-0.866370670294,0.723825427995,10.1040507478
3.04045,1.11050253385,1.24530686776,10.7761361049,-0.866370670294,0.76920630323,10.149431623
3.042116,1.18122076732,1.31602510123,10.8853536583,-0.866370670294,0.814587178465,10.149431623
3.043782,1.18122076732,1.31602510123,10.8853536583,-0.77408109096,0.905348928936,10.2401933735
3.045448,1.18122076732,1.28066598449,10.8489478072,-0.866370670294,0.76920630323,10.1040507478
3.047114,1.18122076732,1.31602510123,10.9217595095,-0.866370670294,0.76920630323,10.1040507478
3.04878,1.11050253385,1.24530686776,10.8125419561,-0.820225880627,0.814587178465,10.1948124982
3.050446,1.18122076732,1.31602510123,10.8853536583,-0.866370670294,0.76920630323,10.1040507478
3.052112,1.18122076732,1.31602510123,10.8853536583,-0.866370670294,0.814587178465,10.149431623
3.053778,1.21657988406,1.31602510123,10.8853536583,-0.77408109096,0.905348928936,10.2401933735
3.055444,1.18122076732,1.35138421797,10.9217595095,-0.866370670294,0.76920630323,10.1040507478
3.05711,1.11050253385,1.24530686776,10.8125419561,-0.866370670294,0.76920630323,10.1040507478
3.058776,1.18122076732,1.31602510123,10.8853536583,-0.866370670294,0.76920630323,10.149431623
3.060442,1.18122076732,1.31602510123,10.8853536583,-0.866370670294,0.76920630323,10.1040507478
3.062108,1.25193900079,1.3867433347,10.9217595095,-0.866370670294,0.76920630323,10.1040507478
3.063774,1.21657988406,1.31602510123,10.9217595095,-0.727936301293,0.905348928936,10.2401933735
3.06544,1.18122076732,1.20994775102,10.8489478072,-0.912515459961,0.723825427995,10.1040507478
3.067106,1.18122076732,1.28066598449,10.8853536583,-0.866370670294,0.76920630323,10.1040507478
3.068772,1.18122076732,1.31602510123,10.8853536583,-0.866370670294,0.76920630323,10.1040507478
3.070438,1.11050253385,1.24530686776,10.8125419561,-0.866370670294,0.76920630323,10.1040507478
3.072104,1.18122076732,1.31602510123,10.8853536583,-0.820225880627,0.814587178465,10.1948124982
3.07377,1.18122076732,1.31602510123,10.8853536583,-0.866370670294,0.76920630323,10.1040507478
3.075436,1.18122076732,1.31602510123,10.8853536583,-0.866370670294,0.76920630323,10.1040507478
3.077102,1.18122076732,1.35138421797,10.8853536583,-0.866370670294,0.76920630323,10.1040507478
3.078768,1.14586165058,1.24530686776,10.8853536583,-0.77408109096,0.859968053701,10.1948124982
3.080434,1.18122076732,1.31602510123,10.8853536583,-0.820225880627,0.814587178465,10.149431623
3.0821,1.18122076732,1.31602510123,10.8853536583,-0.866370670294,0.76920630323,10.1040507478
3.083766,1.18122076732,1.31602510123,10.8853536583,-0.866370670294,0.723825427995,10.149431623
3.085432,1.18122076732,1.28066598449,10.9217595095,-0.866370670294,0.76920630323,10.149431623
3.087098,1.11050253385,1.28066598449,10.8125419561,-0.866370670294,0.76920630323,10.1040507478
3.088764,1.21657988406,1.31602510123,10.8853536583,-0.866370670294,0.814587178465,10.149431623
3.09043,1.18122076732,1.31602510123,10.8853536583,-0.866370670294,0.76920630323,10.149431623
3.092096,1.21657988406,1.31602510123,10.8853536583,-0.866370670294,0.76920630323,10.149431623
3.093762,1.21657988406,1.31602510123,10.9217595095,-0.77408109096,0.859968053701,10.2401933735
3.095428,1.14586165058,1.28066598449,10.8489478072,-0.866370670294,0.76920630323,10.149431623
3.097094,1.18122076732,1.31602510123,10.8853536583,-0.912515459961,0.76920630323,10.1040507478
3.09876,1.18122076732,1.31602510123,10.8853536583,-0.866370670294,0.814587178465,10.149431623
3.100426,1.11050253385,1.31602510123,10.9922958461,-0.866370670294,0.76920630323,10.1040507478
3.102092,1.18122076732,1.31602510123,10.8853536583,-0.866370670294,0.76920630323,10.1040507478
3.103758,1.18122076732,1.28066598449,10.8853536583,-0.866370670294,0.76920630323,10.149431623
3.105424,1.18122076732,1.31602510123,10.8489478072,-0.77408109096,0.905348928936,10.1948124982
3.10709,1.18122076732,1.31602510123,10.8853536583,-0.866370670294,0.76920630323,10.1040507478
3.108756,1.11050253385,1.24530686776,10.8125419561,-0.866370670294,0.814587178465,10.149431623
3.110422,1.18122076732,1.31602510123,10.8853536583,-0.820225880627,0.814587178465,10.149431623
3.112088,1.18122076732,1.31602510123,10.8853536583,-0.866370670294,0.814587178465,10.149431623
3.113754,1.18122076732,1.31602510123,10.8853536583,-0.866370670294,0.76920630323,10.1040507478
3.11542,1.18122076732,1.31602510123,10.9217595095,-0.866370670294,0.814587178465,10.1040507478
3.117086,1.11050253385,1.28066598449,10.8125419561,-0.866370670294,0.814587178465,10.1040507478
3.118752,1.18122076732,1.31602510123,10.8853536583,-0.866370670294,0.814587178465,10.149431623
3.120418,1.18122076732,1.31602510123,10.8853536583,-0.866370670294,0.814587178465,10.1040507478
3.122084,1.28729811753,1.42210245144,10.9581653606,-0.866370670294,0.814587178465,10.149431623
3.12375,1.18122076732,1.35138421797,10.8853536583,-0.820225880627,0.814587178465,10.1948124982
3.125416,1.14586165058,1.28066598449,10.8125419561,-0.866370670294,0.814587178465,10.149431623
3.127082,1.14586165058,1.28066598449,10.8853536583,-0.866370670294,0.814587178465,10.149431623
3.128748,1.18122076732,1.31602510123,10.8853536583,-0.866370670294,0.814587178465,10.1040507478
3.130414,1.11050253385,1.31602510123,10.9922958461,-0.866370670294,0.814587178465,10.1040507478
3.13208,1.18122076732,1.31602510123,10.8853536583,-0.820225880627,0.859968053701,10.1948124982
3.133746,1.14586165058,1.31602510123,10.8489478072,-0.866370670294,0.76920630323,10.149431623
3.135412,1.18122076732,1.31602510123,10.8853536583,-0.866370670294,0.814587178465,10.1040507478
3.137078,1.18122076732,1.35138421797,10.8853536583,-0.866370670294,0.814587178465,10.1040507478
3.138744,1.11050253385,1.20994775102,10.8489478072,-0.866370670294,0.814587178465,10.149431623
3.14041,1.21657988406,1.31602510123,10.8853536583,-0.866370670294,0.814587178465,10.149431623
3.142076,1.18122076732,1.28066598449,10.8853536583,-0.866370670294,0.814587178465,10.1040507478
3.143742,1.14586165058,1.31602510123,10.8489478072,-0.866370670294,0.814587178465,10.149431623
3.145408,1.25193900079,1.35138421797,10.8853536583,-0.866370670294,0.814587178465,10.149431623
3.147074,1.11050253385,1.28066598449,10.8125419561,-0.866370670294,0.76920630323,10.1040507478
3.14874,1.18122076732,1.31602510123,10.8853536583,-0.866370670294,0.814587178465,10.1040507478
3.150406,1.18122076732,1.31602510123,10.8489478072,-0.866370670294,0.814587178465,10.1040507478
3.152072,1.18122076732,1.31602510123,10.8853536583,-0.866370670294,0.76920630323,10.1040507478
3.153738,1.18122076732,1.31602510123,10.9217595095,-0.866370670294,0.76920630323,10.1040507478
3.155404,1.11050253385,1.20994775102,10.9217595095,-0.866370670294,0.76920630323,10.1040507478
3.15707,1.18122076732,1.31602510123,10.8853536583,-0.77408109096,0.905348928936,10.1948124982
3.158736,1.18122076732,1.28066598449,10.8489478072,-0.866370670294,0.76920630323,10.1040507478
3.160402,1.18122076732,1.31602510123,10.8853536583,-0.820225880627,0.814587178465,10.1948124982
3.162068,1.18122076732,1.31602510123,10.8853536583,-0.866370670294,0.76920630323,10.1040507478
3.163734,1.11050253385,1.20994775102,10.9217595095,-0.866370670294,0.814587178465,10.1040507478
3.1654,1.21657988406,1.31602510123,10.8853536583,-0.866370670294,0.76920630323,10.1040507478
3.167066,1.18122076732,1.28066598449,10.8853536583,-0.912515459961,0.76920630323,10.1040507478
3.168732,1.18122076732,1.31602510123,10.8489478072,-0.866370670294,0.76920630323,10.1040507478
3.170398,1.21657988406,1.31602510123,10.8853536583,-0.866370670294,0.814587178465,10.149431623
3.172064,1.11050253385,1.20994775102,10.8125419561,-0.866370670294,0.76920630323,10.149431623
3.17373,1.18122076732,1.31602510123,10.8853536583,-0.866370670294,0.76920630323,10.1040507478
3.175396,1.18122076732,1.31602510123,10.8853536583,-0.77408109096,0.905348928936,10.2401933735
3.177062,1.18122076732,1.28066598449,10.8489478072,-0.820225880627,0.814587178465,10.1948124982
3.178728,1.18122076732,1.31602510123,10.9217595095,-0.912515459961,0.76920630323,10.1040507478
3.180394,1.14586165058,1.28066598449,10.8125419561,-0.866370670294,0.814587178465,10.149431623
3.18206,1.18122076732,1.31602510123,10.8853536583,-0.866370670294,0.76920630323,10.1040507478
3.183726,1.18122076732,1.31602510123,10.8853536583,-0.866370670294,0.814587178465,10.1040507478
3.185392,1.21657988406,1.31602510123,10.8853536583,-0.866370670294,0.76920630323,10.149431623
3.187058,1.18122076732,1.31602510123,10.9217595095,-0.866370670294,0.814587178465,10.149431623
3.188724,1.11050253385,1.28066598449,10.8125419561,-0.820225880627,0.859968053701,10.1948124982
3.19039,1.18122076732,1.31602510123,10.8853536583,-0.866370670294,0.76920630323,10.1040507478
3.192056,1.18122076732,1.31602510123,10.8853536583,-0.866370670294,0.814587178465,10.1040507478
3.193722,1.28729811753,1.3867433347,10.9217595095,-0.866370670294,0.76920630323,10.1040507478
3.195388,1.18122076732,1.31602510123,10.9217595095,-0.866370670294,0.76920630323,10.1040507478
3.197054,1.14586165058,1.28066598449,10.8489478072,-0.866370670294,0.76920630323,10.1040507478
3.19872,1.18122076732,1.28066598449,10.8853536583,-0.866370670294,0.76920630323,10.149431623
3.200386,1.18122076732,1.28066598449,10.8853536583,-0.866370670294,0.76920630323,10.1040507478
3.202052,1.18122076732,1.3867433347,10.9922958461,-0.866370670294,0.814587178465,10.149431623
3.203718,1.21657988406,1.31602510123,10.8853536583,-0.77408109096,0.905348928936,10.2401933735
3.205384,1.18122076732,1.31602510123,10.8489478072,-0.77408109096,0.859968053701,10.1948124982
3.20705,1.18122076732,1.28066598449,10.8853536583,-0.912515459961,0.76920630323,10.1040507478
3.208716,1.18122076732,1.31602510123,10.8853536583,-0.866370670294,0.76920630323,10.149431623
3.210382,1.07514341711,1.28066598449,10.8125419561,-0.866370670294,0.76920630323,10.149431623
3.212048,1.18122076732,1.28066598449,10.9217595095,-0.866370670294,0.76920630323,10.149431623
3.213714,1.18122076732,1.31602510123,10.8853536583,-0.77408109096,0.859968053701,10.1948124982
3.21538,1.18122076732,1.31602510123,10.8853536583,-0.866370670294,0.76920630323,10.1040507478
3.217046,1.18122076732,1.31602510123,10.8853536583,-0.866370670294,0.76920630323,10.1040507478
3.218712,1.14586165058,1.28066598449,10.8125419561,-0.866370670294,0.76920630323,10.149431623
3.220378,1.18122076732,1.31602510123,10.8853536583,-0.866370670294,0.76920630323,10.1040507478
3.222044,1.18122076732,1.31602510123,10.8853536583,-0.866370670294,0.76920630323,10.1040507478
3.22371,1.28729811753,1.3867433347,10.9217595095,-0.77408109096,0.905348928936,10.2401933735
3.225376,1.18122076732,1.28066598449,10.9217595095,-0.912515459961,0.723825427995,10.1040507478
3.227042,1.18122076732,1.28066598449,10.8125419561,-0.912515459961,0.76920630323,10.1040507478
3.228708,1.18122076732,1.28066598449,10.8853536583,-0.866370670294,0.76920630323,10.149431623
3.230374,1.18122076732,1.31602510123,10.8853536583,-0.866370670294,0.814587178465,10.1040507478
3.23204,1.11050253385,1.3867433347,10.9581653606,-0.77408109096,0.905348928936,10.1948124982
3.233706,1.18122076732,1.31602510123,10.8853536583,-0.912515459961,0.76920630323,10.1040507478
3.235372,1.14586165058,1.28066598449,10.8489478072,-0.866370670294,0.76920630323,10.149431623
3.237038,1.18122076732,1.28066598449,10.8853536583,-0.866370670294,0.814587178465,10.149431623
3.238704,1.18122076732,1.31602510123,10.8853536583,-0.866370670294,0.814587178465,10.1040507478
3.24037,1.14586165058,1.20994775102,10.8125419561,-0.866370670294,0.76920630323,10.1040507478
3.242036,1.18122076732,1.31602510123,10.9217595095,-0.77408109096,0.905348928936,10.1948124982
3.243702,1.18122076732,1.24530686776,10.8489478072,-0.866370670294,0.76920630323,10.1040507478
3.245368,1.18122076732,1.31602510123,10.8853536583,-0.866370670294,0.814587178465,10.1040507478
3.247034,1.18122076732,1.31602510123,10.8853536583,-0.820225880627,0.859968053701,10.1948124982
3.2487,1.11050253385,1.24530686776,10.8125419561,-0.866370670294,0.76920630323,10.1040507478
3.250366,1.14586165058,1.31602510123,10.8853536583,-0.866370670294,0.76920630323,10.1040507478
3.252032,1.18122076732,1.31602510123,10.8853536583,-0.77408109096,0.905348928936,10.1948124982
3.253698,1.21657988406,1.31602510123,10.8853536583,-0.866370670294,0.76920630323,10.1040507478
3.255364,1.18122076732,1.31602510123,10.8853536583,-0.866370670294,0.76920630323,10.1040507478
3.25703,1.11050253385,1.28066598449,10.8125419561,-0.866370670294,0.76920630323,10.1040507478
3.258696,1.18122076732,1.31602510123,10.8853536583,-0.866370670294,0.76920630323,10.1040507478
3.260362,1.18122076732,1.31602510123,10.8853536583,-0.866370670294,0.814587178465,10.1040507478
3.262028,1.21657988406,1.35138421797,10.8853536583,-0.866370670294,0.814587178465,10.149431623
3.263694,1.18122076732,1.31602510123,10.8853536583,-0.866370670294,0.76920630323,10.1040507478
3.26536,1.11050253385,1.28066598449,10.8125419561,-0.866370670294,0.76920630323,10.1040507478
3.267026,1.18122076732,1.28066598449,10.8853536583,-0.912515459961,0.76920630323,10.1040507478
3.268692,1.18122076732,1.31602510123,10.8853536583,-0.866370670294,0.814587178465,10.1040507478
3.270358,1.32265723427,1.3867433347,10.9217595095,-0.820225880627,0.859968053701,10.1948124982
3.272024,1.18122076732,1.31602510123,10.8853536583,-0.866370670294,0.814587178465,10.149431623
3.27369,1.18122076732,1.28066598449,10.8489478072,-0.866370670294,0.814587178465,10.149431623
3.275356,1.18122076732,1.28066598449,10.8489478072,-0.866370670294,0.76920630323,10.1040507478
3.277022,1.21657988406,1.31602510123,10.8853536583,-0.866370670294,0.814587178465,10.149431623
3.278688,1.11050253385,1.31602510123,10.9581653606,-0.866370670294,0.76920630323,10.1040507478
3.280354,1.18122076732,1.35138421797,10.8853536583,-0.77408109096,0.905348928936,10.1948124982
3.28202,1.18122076732,1.28066598449,10.8853536583,-0.912515459961,0.76920630323,10.1040507478
3.283686,1.18122076732,1.31602510123,10.8489478072,-0.866370670294,0.76920630323,10.149431623
3.285352,1.21657988406,1.31602510123,10.8853536583,-0.866370670294,0.76920630323,10.1040507478
3.287018,1.11050253385,1.28066598449,10.7761361049,-0.866370670294,0.76920630323,10.1040507478
3.288684,1.18122076732,1.31602510123,10.8853536583,-0.866370670294,0.814587178465,10.149431623
3.29035,1.18122076732,1.31602510123,10.8853536583,-0.77408109096,0.859968053701,10.1948124982
3.292016,1.32265723427,1.35138421797,10.8853536583,-0.912515459961,0.76920630323,10.1040507478
3.293682,1.21657988406,1.35138421797,10.8853536583,-0.866370670294,0.814587178465,10.149431623
3.295348,1.18122076732,1.28066598449,10.8489478072,-0.866370670294,0.814587178465,10.149431623
3.297014,1.18122076732,1.31602510123,10.8853536583,-0.866370670294,0.814587178465,10.1040507478
3.29868,1.18122076732,1.31602510123,10.8853536583,-0.866370670294,0.814587178465,10.1040507478
3.300346,1.32265723427,1.3867433347,10.9217595095,-0.77408109096,0.905348928936,10.2401933735
3.302012,1.18122076732,1.31602510123,10.8853536583,-0.866370670294,0.814587178465,10.149431623
3.303678,1.18122076732,1.31602510123,10.8853536583,-0.866370670294,0.814587178465,10.149431623
3.305344,1.18122076732,1.31602510123,10.8853536583,-0.912515459961,0.76920630323,10.1040507478
3.30701,1.18122076732,1.31602510123,10.8853536583,-0.866370670294,0.814587178465,10.1040507478
3.308676,1.25193900079,1.42210245144,10.9217595095,-0.866370670294,0.76920630323,10.149431623
3.310342,1.18122076732,1.35138421797,10.9217595095,-0.866370670294,0.814587178465,10.149431623
3.312008,1.18122076732,1.31602510123,10.8489478072,-0.866370670294,0.814587178465,10.149431623
3.313674,1.18122076732,1.31602510123,10.8853536583,-0.866370670294,0.814587178465,10.149431623
3.31534,1.18122076732,1.31602510123,10.8853536583,-0.866370670294,0.76920630323,10.149431623
3.317006,1.11050253385,1.35138421797,10.9922958461,-0.866370670294,0.814587178465,10.149431623
3.318672,1.18122076732,1.31602510123,10.9217595095,-0.866370670294,0.814587178465,10.149431623
3.320338,1.18122076732,1.31602510123,10.8853536583,-0.77408109096,0.905348928936,10.2401933735
3.322004,1.18122076732,1.28066598449,10.8853536583,-0.866370670294,0.814587178465,10.149431623
3.32367,1.18122076732,1.31602510123,10.8853536583,-0.912515459961,0.76920630323,10.1040507478
3.325336,1.11050253385,1.24530686776,10.9581653606,-0.866370670294,0.76920630323,10.1040507478
3.327002,1.21657988406,1.28066598449,10.8853536583,-0.866370670294,0.76920630323,10.1040507478
3.328668,1.18122076732,1.28066598449,10.8853536583,-0.866370670294,0.76920630323,10.1040507478
3.330334,1.14586165058,1.28066598449,10.8853536583,-0.866370670294,0.76920630323,10.1040507478
3.332,1.18122076732,1.31602510123,10.8853536583,-0.820225880627,0.814587178465,10.149431623
3.333666,1.11050253385,1.31602510123,10.7761361049,-0.820225880627,0.814587178465,10.149431623
3.335332,1.18122076732,1.35138421797,10.8853536583,-0.866370670294,0.76920630323,10.1040507478
3.336998,1.18122076732,1.31602510123,10.8853536583,-0.912515459961,0.76920630323,10.1040507478
3.338664,1.21657988406,1.35138421797,10.8853536583,-0.912515459961,0.76920630323,10.1040507478
3.34033,1.18122076732,1.35138421797,10.9217595095,-0.866370670294,0.814587178465,10.1040507478
3.341996,1.14586165058,1.28066598449,10.8125419561,-0.866370670294,0.814587178465,10.149431623
3.343662,1.18122076732,1.31602510123,10.8853536583,-0.866370670294,0.814587178465,10.149431623
3.345328,1.18122076732,1.31602510123,10.8853536583,-0.866370670294,0.814587178465,10.1040507478
3.346994,1.25193900079,1.35138421797,10.8853536583,-0.866370670294,0.814587178465,10.149431623
3.34866,1.18122076732,1.31602510123,10.8853536583,-0.866370670294,0.814587178465,10.1040507478
3.350326,1.14586165058,1.24530686776,10.8125419561,-0.866370670294,0.76920630323,10.149431623
3.351992,1.18122076732,1.31602510123,10.8853536583,-0.866370670294,0.76920630323,10.1040507478
3.353658,1.18122076732,1.35138421797,10.8853536583,-0.866370670294,0.814587178465,10.149431623
3.355324,1.25193900079,1.42210245144,10.9217595095,-0.866370670294,0.814587178465,10.1040507478
3.35699,1.18122076732,1.31602510123,10.8853536583,-0.866370670294,0.76920630323,10.149431623
3.358656,1.14586165058,1.28066598449,10.8489478072,-0.866370670294,0.76920630323,10.1040507478
3.360322,1.18122076732,1.28066598449,10.8853536583,-0.866370670294,0.76920630323,10.1040507478
3.361988,1.18122076732,1.35138421797,10.9217595095,-0.866370670294,0.76920630323,10.149431623
3.363654,1.11050253385,1.20994775102,10.8853536583,-0.866370670294,0.814587178465,10.149431623
3.36532,1.18122076732,1.31602510123,10.8853536583,-0.866370670294,0.76920630323,10.1040507478
3.366986,1.21657988406,1.31602510123,10.8853536583,-0.866370670294,0.76920630323,10.1040507478
3.368652,1.21657988406,1.31602510123,10.8853536583,-0.866370670294,0.814587178465,10.149431623
3.370318,1.21657988406,1.31602510123,10.8853536583,-0.866370670294,0.76920630323,10.149431623
3.371984,1.14586165058,1.24530686776,10.8125419561,-0.866370670294,0.814587178465,10.149431623
3.37365,1.18122076732,1.31602510123,10.8853536583,-0.866370670294,0.76920630323,10.149431623
3.375316,1.18122076732,1.31602510123,10.8853536583,-0.866370670294,0.76920630323,10.149431623
3.376982,1.21657988406,1.31602510123,10.8853536583,-0.866370670294,0.76920630323,10.1040507478
3.378648,1.18122076732,1.31602510123,10.8853536583,-0.866370670294,0.814587178465,10.149431623
3.380314,1.14586165058,1.31602510123,10.8489478072,-0.912515459961,0.76920630323,10.1040507478
3.38198,1.18122076732,1.28066598449,10.8853536583,-0.866370670294,0.76920630323,10.149431623
3.383646,1.18122076732,1.31602510123,10.8853536583,-0.866370670294,0.76920630323,10.1040507478
3.385312,1.25193900079,1.35138421797,10.8853536583,-0.820225880627,0.76920630323,10.149431623
3.386978,1.21657988406,1.31602510123,10.8853536583,-0.820225880627,0.859968053701,10.1948124982
3.388644,1.18122076732,1.28066598449,10.8125419561,-0.912515459961,0.723825427995,10.1040507478
3.39031,1.18122076732,1.31602510123,10.8853536583,-0.866370670294,0.814587178465,10.1040507478
3.391976,1.18122076732,1.35138421797,10.8853536583,-0.866370670294,0.76920630323,10.1040507478
3.393642,1.28729811753,1.45746156818,10.9581653606,-0.866370670294,0.76920630323,10.1040507478
3.395308,1.18122076732,1.31602510123,10.8853536583,-0.912515459961,0.76920630323,10.1040507478
3.396974,1.18122076732,1.31602510123,10.8853536583,-0.820225880627,0.814587178465,10.1948124982
3.39864,1.18122076732,1.28066598449,10.8125419561,-0.866370670294,0.76920630323,10.1040507478
3.400306,1.18122076732,1.31602510123,10.8853536583,-0.866370670294,0.76920630323,10.1040507478
3.401972,1.11050253385,1.35138421797,10.9922958461,-0.77408109096,0.905348928936,10.2401933735
3.403638,1.18122076732,1.31602510123,10.8853536583,-0.866370670294,0.76920630323,10.1040507478
3.405304,1.18122076732,1.31602510123,10.8489478072,-0.912515459961,0.76920630323,10.1040507478
3.40697,1.18122076732,1.31602510123,10.8853536583,-0.866370670294,0.76920630323,10.1040507478
3.408636,1.18122076732,1.35138421797,10.9217595095,-0.866370670294,0.76920630323,10.1040507478
3.410302,1.14586165058,1.28066598449,10.8125419561,-0.866370670294,0.76920630323,10.1040507478
3.411968,1.18122076732,1.31602510123,10.8853536583,-0.866370670294,0.76920630323,10.1040507478
3.413634,1.18122076732,1.31602510123,10.8853536583,-0.866370670294,0.76920630323,10.1040507478
3.4153,1.21657988406,1.31602510123,10.8853536583,-0.912515459961,0.76920630323,10.1040507478
3.416966,1.18122076732,1.31602510123,10.8853536583,-0.866370670294,0.76920630323,10.149431623
3.418632,1.14586165058,1.24530686776,10.8125419561,-0.866370670294,0.76920630323,10.149431623
3.420298,1.18122076732,1.31602510123,10.8853536583,-0.866370670294,0.76920630323,10.1040507478
3.421964,1.18122076732,1.28066598449,10.8853536583,-0.820225880627,0.814587178465,10.149431623
3.42363,1.21657988406,1.28066598449,10.8489478072,-0.912515459961,0.723825427995,10.1040507478
3.425296,1.21657988406,1.31602510123,10.9217595095,-0.866370670294,0.76920630323,10.1040507478
3.426962,1.11050253385,1.24530686776,10.8489478072,-0.866370670294,0.814587178465,10.1040507478
3.428628,1.18122076732,1.31602510123,10.8853536583,-0.866370670294,0.76920630323,10.1040507478
3.430294,1.18122076732,1.31602510123,10.8853536583,-0.77408109096,0.905348928936,10.1948124982
3.43196,1.18122076732,1.28066598449,10.8489478072,-0.912515459961,0.76920630323,10.1040507478
3.433626,1.18122076732,1.31602510123,10.8853536583,-0.866370670294,0.76920630323,10.1040507478
3.435292,1.11050253385,1.24530686776,10.8125419561,-0.866370670294,0.76920630323,10.1040507478
3.436958,1.18122076732,1.31602510123,10.8853536583,-0.866370670294,0.76920630323,10.1040507478
3.438624,1.14586165058,1.31602510123,10.8489478072,-0.912515459961,0.76920630323,10.1040507478
3.44029,1.21657988406,1.28066598449,10.8489478072,-0.912515459961,0.76920630323,10.1040507478
3.441956,1.18122076732,1.31602510123,10.8853536583,-0.866370670294,0.76920630323,10.149431623
3.443622,1.11050253385,1.28066598449,10.8125419561,-0.866370670294,0.76920630323,10.149431623
3.445288,1.18122076732,1.31602510123,10.8853536583,-0.866370670294,0.76920630323,10.1040507478
3.446954,1.18122076732,1.31602510123,10.8853536583,-0.77408109096,0.905348928936,10.2401933735
3.44862,1.21657988406,1.35138421797,10.8853536583,-0.912515459961,0.76920630323,10.1040507478
3.450286,1.18122076732,1.31602510123,10.9217595095,-0.866370670294,0.76920630323,10.1040507478
3.451952,1.14586165058,1.28066598449,10.8125419561,-0.866370670294,0.76920630323,10.149431623
3.453618,1.18122076732,1.28066598449,10.8853536583,-0.866370670294,0.814587178465,10.149431623
3.455284,1.18122076732,1.31602510123,10.8853536583,-0.866370670294,0.76920630323,10.149431623
3.45695,1.28729811753,1.42210245144,10.9217595095,-0.866370670294,0.76920630323,10.149431623
3.458616,1.18122076732,1.35138421797,10.8853536583,-0.77408109096,0.859968053701,10.1948124982
3.460282,1.18122076732,1.28066598449,10.8853536583,-0.866370670294,0.814587178465,10.149431623
3.461948,1.18122076732,1.31602510123,10.8489478072,-0.866370670294,0.76920630323,10.1040507478
3.463614,1.21657988406,1.31602510123,10.9217595095,-0.866370670294,0.76920630323,10.1040507478
3.46528,1.11050253385,1.20994775102,10.8853536583,-0.866370670294,0.76920630323,10.1040507478
3.466946,1.18122076732,1.31602510123,10.8853536583,-0.866370670294,0.76920630323,10.1040507478
3.468612,1.21657988406,1.31602510123,10.8853536583,-0.866370670294,0.723825427995,10.1040507478
3.470278,1.28729811753,1.31602510123,10.8853536583,-0.866370670294,0.723825427995,10.1040507478
3.471944,1.18122076732,1.31602510123,10.9217595095,-0.820225880627,0.76920630323,10.149431623
3.47361,1.14586165058,1.28066598449,10.8489478072,-0.866370670294,0.76920630323,10.1040507478
3.475276,1.18122076732,1.31602510123,10.8853536583,-0.866370670294,0.76920630323,10.1040507478
3.476942,1.21657988406,1.31602510123,10.9217595095,-0.866370670294,0.76920630323,10.149431623
3.478608,1.18122076732,1.35138421797,10.9922958461,-0.866370670294,0.76920630323,10.1040507478
3.480274,1.18122076732,1.35138421797,10.8853536583,-0.866370670294,0.76920630323,10.1040507478
3.48194,1.18122076732,1.28066598449,10.8853536583,-0.866370670294,0.76920630323,10.149431623
3.483606,1.18122076732,1.28066598449,10.8853536583,-0.866370670294,0.814587178465,10.1040507478
3.485272,1.21657988406,1.31602510123,10.8853536583,-0.866370670294,0.76920630323,10.149431623
3.486938,1.18122076732,1.42210245144,10.9922958461,-0.866370670294,0.76920630323,10.1040507478
3.488604,1.18122076732,1.31602510123,10.8853536583,-0.866370670294,0.76920630323,10.149431623
3.49027,1.18122076732,1.28066598449,10.8853536583,-0.820225880627,0.814587178465,10.1948124982
3.491936,1.18122076732,1.31602510123,10.8853536583,-0.866370670294,0.76920630323,10.1040507478
3.493602,1.21657988406,1.31602510123,10.9217595095,-0.866370670294,0.76920630323,10.1040507478
3.495268,1.21657988406,1.42210245144,10.9922958461,-0.866370670294,0.76920630323,10.1040507478
3.496934,1.21657988406,1.31602510123,10.9217595095,-0.866370670294,0.76920630323,10.1040507478
3.4986,1.18122076732,1.28066598449,10.8489478072,-0.866370670294,0.76920630323,10.1040507478
3.500266,1.18122076732,1.28066598449,10.8853536583,-0.866370670294,0.76920630323,10.1040507478
3.501932,1.21657988406,1.31602510123,10.9217595095,-0.866370670294,0.76920630323,10.1040507478
3.503598,1.11050253385,1.31602510123,10.9922958461,-0.866370670294,0.814587178465,10.149431623
3.505264,1.21657988406,1.31602510123,10.9217595095,-0.77408109096,0.859968053701,10.1948124982
3.50693,1.18122076732,1.31602510123,10.8853536583,-0.866370670294,0.76920630323,10.149431623
3.508596,1.18122076732,1.28066598449,10.8853536583,-0.866370670294,0.76920630323,10.1040507478
3.510262,1.21657988406,1.31602510123,10.9217595095,-0.866370670294,0.76920630323,10.149431623
3.511928,1.14586165058,1.24530686776,10.8125419561,-0.866370670294,0.76920630323,10.149431623
3.513594,1.18122076732,1.35138421797,10.8853536583,-0.866370670294,0.76920630323,10.1040507478
3.51526,1.18122076732,1.31602510123,10.8853536583,-0.820225880627,0.814587178465,10.149431623
3.516926,1.25193900079,1.35138421797,10.9217595095,-0.820225880627,0.814587178465,10.1948124982
3.518592,1.21657988406,1.31602510123,10.8853536583,-0.866370670294,0.814587178465,10.149431623
3.520258,1.14586165058,1.28066598449,10.8125419561,-0.866370670294,0.76920630323,10.1040507478
3.521924,1.18122076732,1.31602510123,10.8853536583,-0.866370670294,0.76920630323,10.1040507478
3.52359,1.18122076732,1.35138421797,10.8853536583,-0.866370670294,0.76920630323,10.149431623
3.525256,1.25193900079,1.42210245144,10.9217595095,-0.866370670294,0.76920630323,10.1040507478
3.526922,1.18122076732,1.31602510123,10.9217595095,-0.866370670294,0.76920630323,10.149431623
3.528588,1.18122076732,1.28066598449,10.8489478072,-0.77408109096,0.905348928936,10.1948124982
3.530254,1.18122076732,1.28066598449,10.8853536583,-0.77408109096,0.859968053701,10.1948124982
3.53192,1.18122076732,1.31602510123,10.8853536583,-0.820225880627,0.859968053701,10.1948124982
3.533586,1.28729811753,1.35138421797,10.8853536583,-0.820225880627,0.859968053701,10.1948124982
3.535252,1.18122076732,1.31602510123,10.8853536583,-0.866370670294,0.814587178465,10.149431623
3.536918,1.18122076732,1.28066598449,10.8125419561,-0.866370670294,0.76920630323,10.1040507478
3.538584,1.18122076732,1.31602510123,10.8853536583,-0.912515459961,0.76920630323,10.1040507478
3.54025,1.18122076732,1.31602510123,10.8853536583,-0.866370670294,0.814587178465,10.1040507478
3.541916,1.28729811753,1.3867433347,10.9217595095,-0.866370670294,0.76920630323,10.149431623
3.543582,1.21657988406,1.31602510123,10.8853536583,-0.866370670294,0.76920630323,10.1040507478
3.545248,1.14586165058,1.28066598449,10.8489478072,-0.866370670294,0.76920630323,10.149431623
3.546914,1.18122076732,1.31602510123,10.8853536583,-0.866370670294,0.814587178465,10.149431623
3.54858,1.18122076732,1.31602510123,10.9217595095,-0.866370670294,0.76920630323,10.1040507478
3.550246,1.18122076732,1.42210245144,10.9922958461,-0.866370670294,0.814587178465,10.1040507478
3.551912,1.18122076732,1.35138421797,10.9217595095,-0.912515459961,0.76920630323,10.1040507478
3.553578,1.18122076732,1.31602510123,10.8853536583,-0.866370670294,0.76920630323,10.1040507478
3.555244,1.18122076732,1.31602510123,10.8489478072,-0.77408109096,0.859968053701,10.1948124982
3.55691,1.21657988406,1.35138421797,10.9217595095,-0.866370670294,0.76920630323,10.1040507478
3.558576,1.11050253385,1.20994775102,10.8125419561,-0.866370670294,0.76920630323,10.149431623
3.560242,1.18122076732,1.31602510123,10.8853536583,-0.77408109096,0.905348928936,10.1948124982
3.561908,1.21657988406,1.28066598449,10.8853536583,-0.866370670294,0.723825427995,10.1040507478
3.563574,1.28729811753,1.35138421797,10.8853536583,-0.912515459961,0.723825427995,10.1040507478
3.56524,1.21657988406,1.31602510123,10.8853536583,-0.866370670294,0.76920630323,10.1040507478
3.566906,1.14586165058,1.28066598449,10.8489478072,-0.866370670294,0.76920630323,10.1040507478
3.568572,1.18122076732,1.31602510123,10.8853536583,-0.77408109096,0.905348928936,10.1948124982
3.570238,1.18122076732,1.31602510123,10.8853536583,-0.866370670294,0.76920630323,10.1040507478
3.571904,1.21657988406,1.3867433347,10.9922958461,-0.866370670294,0.723825427995,10.1040507478
3.57357,1.18122076732,1.31602510123,10.8853536583,-0.866370670294,0.76920630323,10.149431623
3.575236,1.14586165058,1.28066598449,10.8489478072,-0.866370670294,0.76920630323,10.1040507478
3.576902,1.14586165058,1.28066598449,10.8853536583,-0.866370670294,0.76920630323,10.1040507478
3.578568,1.18122076732,1.35138421797,10.8853536583,-0.820225880627,0.814587178465,10.149431623
3.580234,1.11050253385,1.20994775102,10.8853536583,-0.912515459961,0.76920630323,10.1040507478
3.5819,1.18122076732,1.31602510123,10.8853536583,-0.866370670294,0.76920630323,10.149431623
3.583566,1.18122076732,1.28066598449,10.8853536583,-0.77408109096,0.905348928936,10.1948124982
3.585232,1.21657988406,1.31602510123,10.8489478072,-0.866370670294,0.814587178465,10.1040507478
3.586898,1.18122076732,1.31602510123,10.8853536583,-0.866370670294,0.76920630323,10.149431623
3.588564,1.11050253385,1.24530686776,10.8125419561,-0.820225880627,0.814587178465,10.1948124982
3.59023,1.18122076732,1.31602510123,10.8853536583,-0.866370670294,0.76920630323,10.1040507478
3.591896,1.18122076732,1.31602510123,10.8853536583,-0.866370670294,0.76920630323,10.1040507478
3.593562,1.25193900079,1.35138421797,10.8853536583,-0.866370670294,0.76920630323,10.1040507478
3.595228,1.18122076732,1.35138421797,10.8853536583,-0.77408109096,0.859968053701,10.1948124982
3.596894,1.11050253385,1.28066598449,10.8125419561,-0.866370670294,0.723825427995,10.1040507478
3.59856,1.14586165058,1.28066598449,10.8853536583,-0.866370670294,0.814587178465,10.1040507478
3.600226,1.18122076732,1.31602510123,10.8853536583,-0.866370670294,0.76920630323,10.1040507478
3.601892,1.32265723427,1.3867433347,10.8853536583,-0.866370670294,0.76920630323,10.1040507478
3.603558,1.18122076732,1.31602510123,10.8853536583,-0.866370670294,0.814587178465,10.1040507478
3.605224,1.18122076732,1.20994775102,10.8125419561,-0.866370670294,0.723825427995,10.1040507478
3.60689,1.14586165058,1.20994775102,10.8489478072,-0.820225880627,0.814587178465,10.149431623
3.608556,1.18122076732,1.28066598449,10.8853536583,-0.820225880627,0.814587178465,10.1948124982
3.610222,1.11050253385,1.20994775102,10.9217595095,-0.912515459961,0.723825427995,10.1040507478
3.611888,1.18122076732,1.28066598449,10.8853536583,-0.866370670294,0.723825427995,10.1040507478
3.613554,1.18122076732,1.28066598449,10.8853536583,-0.866370670294,0.76920630323,10.1040507478
3.61522,1.14586165058,1.28066598449,10.8853536583,-0.866370670294,0.76920630323,10.1040507478
3.616886,1.18122076732,1.24530686776,10.9217595095,-0.866370670294,0.76920630323,10.149431623
3.618552,1.11050253385,1.17458863428,10.7761361049,-0.866370670294,0.723825427995,10.1040507478
3.620218,1.18122076732,1.31602510123,10.8853536583,-0.866370670294,0.76920630323,10.1040507478
3.621884,1.18122076732,1.28066598449,10.8853536583,-0.820225880627,0.76920630323,10.149431623
3.62355,1.18122076732,1.28066598449,10.8853536583,-0.820225880627,0.814587178465,10.149431623
3.625216,1.18122076732,1.28066598449,10.8853536583,-0.77408109096,0.859968053701,10.1948124982
3.626882,1.14586165058,1.28066598449,10.8125419561,-0.77408109096,0.859968053701,10.1948124982
3.628548,1.18122076732,1.31602510123,10.8853536583,-0.77408109096,0.905348928936,10.1948124982
3.630214,1.18122076732,1.31602510123,10.8853536583,-0.77408109096,0.905348928936,10.1948124982
3.63188,1.28729811753,1.35138421797,10.9217595095,-0.77408109096,0.905348928936,10.1948124982
3.633546,1.18122076732,1.31602510123,10.9217595095,-0.866370670294,0.76920630323,10.149431623
3.635212,1.18122076732,1.24530686776,10.8489478072,-0.866370670294,0.814587178465,10.149431623
3.636878,1.14586165058,1.31602510123,10.8125419561,-0.866370670294,0.76920630323,10.1040507478
3.638544,1.18122076732,1.31602510123,10.8853536583,-0.866370670294,0.76920630323,10.1040507478
3.64021,1.18122076732,1.35138421797,10.9922958461,-0.866370670294,0.76920630323,10.1040507478
3.641876,1.21657988406,1.31602510123,10.8853536583,-0.866370670294,0.76920630323,10.149431623
3.643542,1.14586165058,1.28066598449,10.8489478072,-0.866370670294,0.76920630323,10.149431623
3.645208,1.14586165058,1.31602510123,10.8853536583,-0.820225880627,0.859968053701,10.1948124982
3.646874,1.18122076732,1.31602510123,10.8853536583,-0.912515459961,0.76920630323,10.1040507478
3.64854,1.11050253385,1.35138421797,10.9922958461,-0.866370670294,0.76920630323,10.1040507478
3.650206,1.18122076732,1.31602510123,10.8853536583,-0.866370670294,0.814587178465,10.149431623
3.651872,1.14586165058,1.20994775102,10.8125419561,-0.77408109096,0.905348928936,10.2401933735
3.653538,1.18122076732,1.28066598449,10.8853536583,-0.866370670294,0.814587178465,10.149431623
3.655204,1.18122076732,1.35138421797,10.8853536583,-0.866370670294,0.814587178465,10.149431623
3.65687,1.11050253385,1.20994775102,10.8853536583,-0.866370670294,0.814587178465,10.149431623
3.658536,1.18122076732,1.31602510123,10.8853536583,-0.866370670294,0.814587178465,10.149431623
3.660202,1.18122076732,1.28066598449,10.8489478072,-0.866370670294,0.76920630323,10.1040507478
3.661868,1.18122076732,1.20994775102,10.8489478072,-0.866370670294,0.76920630323,10.1040507478
3.663534,1.21657988406,1.31602510123,10.8853536583,-0.866370670294,0.76920630323,10.1040507478
3.6652,1.11050253385,1.24530686776,10.8125419561,-0.866370670294,0.723825427995,10.1040507478
3.666866,1.18122076732,1.35138421797,10.8853536583,-0.866370670294,0.76920630323,10.1040507478
3.668532,1.18122076732,1.28066598449,10.8853536583,-0.866370670294,0.76920630323,10.1040507478
3.670198,1.18122076732,1.31602510123,10.8853536583,-0.866370670294,0.76920630323,10.1040507478
3.671864,1.18122076732,1.35138421797,10.8853536583,-0.866370670294,0.76920630323,10.1040507478
3.67353,1.11050253385,1.24530686776,10.8125419561,-0.866370670294,0.76920630323,10.1040507478
3.675196,1.18122076732,1.31602510123,10.8853536583,-0.866370670294,0.814587178465,10.1040507478
3.676862,1.18122076732,1.31602510123,10.8853536583,-0.866370670294,0.76920630323,10.1040507478
3.678528,1.25193900079,1.35138421797,10.8853536583,-0.866370670294,0.76920630323,10.1040507478
3.680194,1.18122076732,1.31602510123,10.8853536583,-0.866370670294,0.76920630323,10.149431623
3.68186,1.14586165058,1.28066598449,10.8125419561,-0.866370670294,0.814587178465,10.149431623
3.683526,1.18122076732,1.28066598449,10.8853536583,-0.866370670294,0.76920630323,10.1040507478
3.685192,1.14586165058,1.31602510123,10.8853536583,-0.866370670294,0.814587178465,10.1040507478
3.686858,1.28729811753,1.3867433347,10.9217595095,-0.866370670294,0.814587178465,10.1040507478
3.688524,1.18122076732,1.35138421797,10.9217595095,-0.820225880627,0.859968053701,10.1948124982
3.69019,1.14586165058,1.28066598449,10.8853536583,-0.77408109096,0.905348928936,10.2401933735
3.691856,1.18122076732,1.31602510123,10.8853536583,-0.866370670294,0.76920630323,10.149431623
3.693522,1.18122076732,1.31602510123,10.8853536583,-0.820225880627,0.814587178465,10.1948124982
3.695188,1.21657988406,1.42210245144,10.9922958461,-0.77408109096,0.859968053701,10.1948124982
3.696854,1.18122076732,1.35138421797,10.9217595095,-0.77408109096,0.859968053701,10.2401933735
3.69852,1.18122076732,1.28066598449,10.8489478072,-0.77408109096,0.905348928936,10.2401933735
3.700186,1.18122076732,1.28066598449,10.8489478072,-0.77408109096,0.859968053701,10.2401933735
3.701852,1.21657988406,1.31602510123,10.8853536583,-0.866370670294,0.76920630323,10.149431623
3.703518,1.11050253385,1.20994775102,10.9581653606,-0.866370670294,0.76920630323,10.1040507478
3.705184,1.18122076732,1.31602510123,10.8853536583,-0.866370670294,0.76920630323,10.1040507478
3.70685,1.18122076732,1.31602510123,10.8853536583,-0.866370670294,0.76920630323,10.149431623
3.708516,1.14586165058,1.31602510123,10.8853536583,-0.866370670294,0.814587178465,10.149431623
3.710182,1.21657988406,1.31602510123,10.8853536583,-0.866370670294,0.76920630323,10.149431623
3.711848,1.11050253385,1.28066598449,10.8125419561,-0.866370670294,0.814587178465,10.149431623
3.713514,1.21657988406,1.31602510123,10.8853536583,-0.866370670294,0.814587178465,10.1040507478
3.71518,1.18122076732,1.31602510123,10.8853536583,-0.820225880627,0.814587178465,10.149431623
3.716846,1.18122076732,1.28066598449,10.8853536583,-0.77408109096,0.905348928936,10.2401933735
3.718512,1.18122076732,1.28066598449,10.8853536583,-0.866370670294,0.76920630323,10.149431623
3.720178,1.11050253385,1.20994775102,10.9581653606,-0.866370670294,0.76920630323,10.149431623
3.721844,1.18122076732,1.31602510123,10.9217595095,-0.866370670294,0.76920630323,10.149431623
3.72351,1.18122076732,1.31602510123,10.8853536583,-0.866370670294,0.76920630323,10.1040507478
3.725176,1.18122076732,1.31602510123,10.8853536583,-0.866370670294,0.76920630323,10.149431623
3.726842,1.18122076732,1.35138421797,10.9217595095,-0.866370670294,0.76920630323,10.149431623
3.728508,1.11050253385,1.28066598449,10.8125419561,-0.866370670294,0.814587178465,10.1040507478
3.730174,1.14586165058,1.31602510123,10.8853536583,-0.866370670294,0.76920630323,10.1040507478
3.73184,1.18122076732,1.31602510123,10.8853536583,-0.866370670294,0.76920630323,10.1040507478
3.733506,1.21657988406,1.31602510123,10.8853536583,-0.866370670294,0.76920630323,10.149431623
3.735172,1.18122076732,1.35138421797,10.8853536583,-0.866370670294,0.814587178465,10.149431623
3.736838,1.14586165058,1.28066598449,10.8125419561,-0.866370670294,0.76920630323,10.1040507478
3.738504,1.18122076732,1.31602510123,10.8853536583,-0.866370670294,0.814587178465,10.149431623
3.74017,1.18122076732,1.31602510123,10.9217595095,-0.866370670294,0.76920630323,10.149431623
3.741836,1.28729811753,1.42210245144,10.9217595095,-0.866370670294,0.814587178465,10.1040507478
3.743502,1.18122076732,1.31602510123,10.9217595095,-0.866370670294,0.814587178465,10.149431623
3.745168,1.11050253385,1.31602510123,10.8489478072,-0.77408109096,0.905348928936,10.1948124982
3.746834,1.18122076732,1.31602510123,10.8853536583,-0.866370670294,0.76920630323,10.1040507478
3.7485,1.18122076732,1.35138421797,10.8853536583,-0.866370670294,0.814587178465,10.1040507478
3.750166,1.11050253385,1.31602510123,10.9922958461,-0.866370670294,0.814587178465,10.149431623
3.751832,1.18122076732,1.31602510123,10.8853536583,-0.866370670294,0.814587178465,10.1040507478
3.753498,1.18122076732,1.31602510123,10.8853536583,-0.866370670294,0.814587178465,10.1040507478
3.755164,1.18122076732,1.31602510123,10.8853536583,-0.866370670294,0.814587178465,10.149431623
3.75683,1.18122076732,1.31602510123,10.9217595095,-0.866370670294,0.814587178465,10.149431623
3.758496,1.11050253385,1.20994775102,10.8125419561,-0.866370670294,0.76920630323,10.1040507478
3.760162,1.18122076732,1.31602510123,10.8853536583,-0.866370670294,0.814587178465,10.149431623
3.761828,1.18122076732,1.28066598449,10.8853536583,-0.866370670294,0.814587178465,10.1040507478
3.763494,1.18122076732,1.35138421797,10.8489478072,-0.866370670294,0.76920630323,10.1040507478
3.76516,1.18122076732,1.31602510123,10.9217595095,-0.77408109096,0.905348928936,10.1948124982
3.766826,1.11050253385,1.24530686776,10.7761361049,-0.866370670294,0.814587178465,10.1040507478
3.768492,1.18122076732,1.35138421797,10.8853536583,-0.912515459961,0.76920630323,10.149431623
3.770158,1.18122076732,1.31602510123,10.8853536583,-0.866370670294,0.76920630323,10.1040507478
3.771824,1.21657988406,1.31602510123,10.8853536583,-0.912515459961,0.76920630323,10.149431623
3.77349,1.18122076732,1.31602510123,10.9217595095,-0.866370670294,0.76920630323,10.149431623
3.775156,1.14586165058,1.28066598449,10.8489478072,-0.820225880627,0.859968053701,10.1948124982
3.776822,1.14586165058,1.31602510123,10.8853536583,-0.866370670294,0.76920630323,10.1040507478
3.778488,1.18122076732,1.31602510123,10.8853536583,-0.866370670294,0.814587178465,10.149431623
3.780154,1.25193900079,1.3867433347,10.9217595095,-0.866370670294,0.814587178465,10.149431623
3.78182,1.18122076732,1.28066598449,10.8853536583,-0.820225880627,0.859968053701,10.2401933735
3.783486,1.14586165058,1.24530686776,10.8489478072,-0.866370670294,0.814587178465,10.149431623
3.785152,1.18122076732,1.31602510123,10.8489478072,-0.912515459961,0.76920630323,10.1040507478
3.786818,1.18122076732,1.31602510123,10.8853536583,-0.866370670294,0.814587178465,10.149431623
3.788484,1.11050253385,1.31602510123,10.9581653606,-0.820225880627,0.814587178465,10.1948124982
3.79015,1.18122076732,1.31602510123,10.8853536583,-0.77408109096,0.814587178465,10.2401933735
3.791816,1.14586165058,1.28066598449,10.8853536583,-0.820225880627,0.814587178465,10.149431623
3.793482,1.18122076732,1.28066598449,10.8853536583,-0.77408109096,0.859968053701,10.1948124982
3.795148,1.18122076732,1.31602510123,10.8853536583,-0.77408109096,0.905348928936,10.2401933735
3.796814,1.11050253385,1.24530686776,10.8125419561,-0.912515459961,0.76920630323,10.1040507478
3.79848,1.21657988406,1.28066598449,10.8853536583,-0.866370670294,0.76920630323,10.149431623
3.800146,1.18122076732,1.31602510123,10.8489478072,-0.866370670294,0.814587178465,10.149431623
3.801812,1.18122076732,1.31602510123,10.8489478072,-0.820225880627,0.814587178465,10.149431623
3.803478,1.18122076732,1.31602510123,10.8853536583,-0.820225880627,0.814587178465,10.1948124982
3.805144,1.11050253385,1.20994775102,10.8125419561,-0.866370670294,0.76920630323,10.1040507478
3.80681,1.18122076732,1.31602510123,10.8853536583,-0.866370670294,0.76920630323,10.1040507478
3.808476,1.18122076732,1.31602510123,10.8853536583,-0.866370670294,0.76920630323,10.149431623
3.810142,1.25193900079,1.35138421797,10.8853536583,-0.866370670294,0.814587178465,10.149431623
3.811808,1.18122076732,1.35138421797,10.8853536583,-0.77408109096,0.859968053701,10.2401933735
3.813474,1.14586165058,1.24530686776,10.8125419561,-0.866370670294,0.76920630323,10.1040507478
3.81514,1.18122076732,1.31602510123,10.8853536583,-0.866370670294,0.76920630323,10.1040507478
3.816806,1.18122076732,1.31602510123,10.8853536583,-0.866370670294,0.76920630323,10.1040507478
3.818472,1.21657988406,1.35138421797,10.8853536583,-0.866370670294,0.76920630323,10.1040507478
3.820138,1.21657988406,1.31602510123,10.8853536583,-0.866370670294,0.76920630323,10.149431623
3.821804,1.14586165058,1.24530686776,10.8125419561,-0.866370670294,0.76920630323,10.149431623
3.82347,1.18122076732,1.28066598449,10.8853536583,-0.866370670294,0.723825427995,10.1040507478
3.825136,1.18122076732,1.31602510123,10.8853536583,-0.866370670294,0.76920630323,10.1040507478
3.826802,1.21657988406,1.42210245144,10.9922958461,-0.866370670294,0.76920630323,10.1040507478
3.828468,1.18122076732,1.31602510123,10.8853536583,-0.866370670294,0.76920630323,10.1040507478
3.830134,1.14586165058,1.28066598449,10.8489478072,-0.912515459961,0.76920630323,10.1040507478
3.8318,1.18122076732,1.28066598449,10.8853536583,-0.866370670294,0.76920630323,10.1040507478
3.833466,1.18122076732,1.31602510123,10.8853536583,-0.866370670294,0.76920630323,10.149431623
3.835132,1.07514341711,1.28066598449,10.9217595095,-0.866370670294,0.814587178465,10.149431623
3.836798,1.18122076732,1.35138421797,10.8853536583,-0.912515459961,0.76920630323,10.1040507478
3.838464,1.18122076732,1.28066598449,10.8853536583,-0.866370670294,0.76920630323,10.149431623
3.84013,1.18122076732,1.31602510123,10.8489478072,-0.77408109096,0.859968053701,10.1948124982
3.841796,1.18122076732,1.31602510123,10.8853536583,-0.866370670294,0.814587178465,10.149431623
3.843462,1.11050253385,1.24530686776,10.8125419561,-0.866370670294,0.76920630323,10.1040507478
3.845128,1.18122076732,1.31602510123,10.8853536583,-0.866370670294,0.76920630323,10.149431623
3.846794,1.21657988406,1.31602510123,10.8853536583,-0.912515459961,0.814587178465,10.1040507478
3.84846,1.18122076732,1.31602510123,10.8489478072,-0.866370670294,0.76920630323,10.1040507478
3.850126,1.18122076732,1.31602510123,10.8853536583,-0.866370670294,0.76920630323,10.1040507478
3.851792,1.14586165058,1.28066598449,10.8125419561,-0.866370670294,0.814587178465,10.1040507478
3.853458,1.18122076732,1.28066598449,10.8853536583,-0.77408109096,0.905348928936,10.1948124982
3.855124,1.21657988406,1.31602510123,10.8853536583,-0.866370670294,0.814587178465,10.149431623
3.85679,1.32265723427,1.35138421797,10.8853536583,-0.866370670294,0.76920630323,10.1040507478
3.858456,1.18122076732,1.35138421797,10.8853536583,-0.866370670294,0.76920630323,10.149431623
3.860122,1.18122076732,1.28066598449,10.8489478072,-0.866370670294,0.76920630323,10.1040507478
3.861788,1.18122076732,1.28066598449,10.8489478072,-0.866370670294,0.76920630323,10.1040507478
3.863454,1.25193900079,1.28066598449,10.8853536583,-0.820225880627,0.859968053701,10.2401933735
3.86512,1.11050253385,1.31602510123,10.9581653606,-0.820225880627,0.814587178465,10.149431623
3.866786,1.18122076732,1.31602510123,10.8853536583,-0.820225880627,0.814587178465,10.149431623
3.868452,1.18122076732,1.31602510123,10.8489478072,-0.866370670294,0.814587178465,10.149431623
3.870118,1.21657988406,1.31602510123,10.8853536583,-0.866370670294,0.814587178465,10.149431623
3.871784,1.18122076732,1.31602510123,10.8853536583,-0.866370670294,0.76920630323,10.1040507478
3.87345,1.11050253385,1.28066598449,10.8125419561,-0.866370670294,0.76920630323,10.1040507478
3.875116,1.18122076732,1.35138421797,10.8853536583,-0.866370670294,0.76920630323,10.1040507478
3.876782,1.18122076732,1.31602510123,10.8853536583,-0.866370670294,0.76920630323,10.1040507478
3.878448,1.28729811753,1.35138421797,10.8853536583,-0.866370670294,0.76920630323,10.1040507478
3.880114,1.18122076732,1.31602510123,10.8853536583,-0.866370670294,0.76920630323,10.1040507478
3.88178,1.14586165058,1.24530686776,10.8125419561,-0.866370670294,0.76920630323,10.149431623
3.883446,1.18122076732,1.28066598449,10.8853536583,-0.866370670294,0.723825427995,10.1040507478
3.885112,1.21657988406,1.31602510123,10.8853536583,-0.866370670294,0.76920630323,10.1040507478
3.886778,1.18122076732,1.3867433347,10.9922958461,-0.866370670294,0.76920630323,10.1040507478
3.888444,1.18122076732,1.31602510123,10.8853536583,-0.77408109096,0.905348928936,10.1948124982
3.89011,1.18122076732,1.31602510123,10.8853536583,-0.866370670294,0.76920630323,10.1040507478
3.891776,1.18122076732,1.28066598449,10.8489478072,-0.866370670294,0.76920630323,10.1040507478
3.893442,1.18122076732,1.31602510123,10.8853536583,-0.866370670294,0.76920630323,10.1040507478
3.895108,1.11050253385,1.28066598449,10.9217595095,-0.866370670294,0.76920630323,10.1040507478
3.896774,1.18122076732,1.35138421797,10.8853536583,-0.820225880627,0.859968053701,10.149431623
3.89844,1.14586165058,1.31602510123,10.8489478072,-0.820225880627,0.814587178465,10.1040507478
3.900106,1.18122076732,1.28066598449,10.8853536583,-0.866370670294,0.814587178465,10.149431623
3.901772,1.21657988406,1.28066598449,10.8853536583,-0.820225880627,0.814587178465,10.149431623
3.903438,1.11050253385,1.24530686776,10.9217595095,-0.77408109096,0.859968053701,10.1948124982
3.905104,1.18122076732,1.31602510123,10.9217595095,-0.820225880627,0.814587178465,10.149431623
3.90677,1.18122076732,1.28066598449,10.8853536583,-0.866370670294,0.76920630323,10.149431623
3.908436,1.21657988406,1.31602510123,10.8853536583,-0.866370670294,0.76920630323,10.1040507478
3.910102,1.21657988406,1.31602510123,10.9217595095,-0.866370670294,0.76920630323,10.1040507478
3.911768,1.18122076732,1.28066598449,10.8125419561,-0.820225880627,0.859968053701,10.1948124982
3.913434,1.14586165058,1.31602510123,10.8853536583,-0.820225880627,0.814587178465,10.149431623
3.9151,1.18122076732,1.31602510123,10.9217595095,-0.866370670294,0.814587178465,10.149431623
3.916766,1.28729811753,1.3867433347,10.8853536583,-0.866370670294,0.814587178465,10.1040507478
3.918432,1.21657988406,1.28066598449,10.9217595095,-0.866370670294,0.814587178465,10.1040507478
3.920098,1.14586165058,1.28066598449,10.8489478072,-0.77408109096,0.905348928936,10.1948124982
3.921764,1.18122076732,1.31602510123,10.8853536583,-0.866370670294,0.76920630323,10.1040507478
3.92343,1.18122076732,1.31602510123,10.8853536583,-0.866370670294,0.814587178465,10.1040507478
3.925096,1.25193900079,1.35138421797,10.8853536583,-0.866370670294,0.76920630323,10.149431623
3.926762,1.18122076732,1.35138421797,10.8853536583,-0.820225880627,0.814587178465,10.149431623
3.928428,1.11050253385,1.31602510123,10.8489478072,-0.866370670294,0.76920630323,10.149431623
3.930094,1.18122076732,1.31602510123,10.8853536583,-0.866370670294,0.76920630323,10.1040507478
3.93176,1.18122076732,1.28066598449,10.8853536583,-0.866370670294,0.76920630323,10.1040507478
3.933426,1.25193900079,1.42210245144,10.9581653606,-0.77408109096,0.905348928936,10.1948124982
3.935092,1.21657988406,1.31602510123,10.8853536583,-0.912515459961,0.76920630323,10.1040507478
3.936758,1.18122076732,1.28066598449,10.8853536583,-0.912515459961,0.76920630323,10.1040507478
3.938424,1.18122076732,1.31602510123,10.8489478072,-0.866370670294,0.76920630323,10.1040507478
3.94009,1.18122076732,1.31602510123,10.8853536583,-0.912515459961,0.76920630323,10.1040507478
3.941756,1.11050253385,1.35138421797,10.9922958461,-0.820225880627,0.859968053701,10.1948124982
3.943422,1.18122076732,1.31602510123,10.8853536583,-0.866370670294,0.814587178465,10.1040507478
3.945088,1.18122076732,1.31602510123,10.8489478072,-0.912515459961,0.76920630323,10.1040507478
3.946754,1.18122076732,1.31602510123,10.8853536583,-0.866370670294,0.76920630323,10.1040507478
3.94842,1.21657988406,1.35138421797,10.9217595095,-0.866370670294,0.76920630323,10.1040507478
3.950086,1.11050253385,1.20994775102,10.7761361049,-0.866370670294,0.814587178465,10.1040507478
3.951752,1.18122076732,1.31602510123,10.9217595095,-0.866370670294,0.76920630323,10.1040507478
3.953418,1.18122076732,1.31602510123,10.8853536583,-0.866370670294,0.814587178465,10.149431623
3.955084,1.18122076732,1.31602510123,10.8853536583,-0.820225880627,0.905348928936,10.1948124982
3.95675,1.21657988406,1.31602510123,10.8853536583,-0.820225880627,0.814587178465,10.1040507478
3.958416,1.11050253385,1.24530686776,10.8125419561,-0.866370670294,0.76920630323,10.149431623
3.960082,1.18122076732,1.31602510123,10.8853536583,-0.866370670294,0.76920630323,10.149431623
3.961748,1.18122076732,1.28066598449,10.8853536583,-0.866370670294,0.76920630323,10.1040507478
3.963414,1.28729811753,1.42210245144,10.9217595095,-0.866370670294,0.76920630323,10.149431623
3.96508,1.21657988406,1.31602510123,10.8853536583,-0.912515459961,0.76920630323,10.1040507478
3.966746,1.18122076732,1.28066598449,10.8489478072,-0.820225880627,0.859968053701,10.1948124982
3.968412,1.14586165058,1.31602510123,10.8853536583,-0.820225880627,0.905348928936,10.2401933735
3.970078,1.18122076732,1.31602510123,10.8853536583,-0.77408109096,0.905348928936,10.2401933735
3.971744,1.11050253385,1.42210245144,10.9922958461,-0.77408109096,0.905348928936,10.1948124982
3.97341,1.18122076732,1.31602510123,10.8853536583,-0.77408109096,0.905348928936,10.1948124982
3.975076,1.14586165058,1.24530686776,10.8489478072,-0.820225880627,0.905348928936,10.1948124982
3.976742,1.18122076732,1.28066598449,10.8489478072,-0.77408109096,0.859968053701,10.149431623
3.978408,1.21657988406,1.31602510123,10.8853536583,-0.77408109096,0.905348928936,10.1948124982
3.980074,1.25193900079,1.42210245144,10.9217595095,-0.77408109096,0.859968053701,10.2401933735
3.98174,1.18122076732,1.28066598449,10.9217595095,-0.77408109096,0.859968053701,10.1948124982
3.983406,1.14586165058,1.28066598449,10.8489478072,-0.866370670294,0.76920630323,10.1040507478
3.985072,1.18122076732,1.20994775102,10.8853536583,-0.866370670294,0.723825427995,10.1040507478
3.986738,1.18122076732,1.31602510123,10.9217595095,-0.866370670294,0.76920630323,10.149431623
3.988404,1.14586165058,1.28066598449,10.8125419561,-0.866370670294,0.76920630323,10.1040507478
3.99007,1.14586165058,1.31602510123,10.8853536583,-0.866370670294,0.814587178465,10.149431623
3.991736,1.18122076732,1.28066598449,10.8853536583,-0.77408109096,0.859968053701,10.149431623
3.993402,1.28729811753,1.3867433347,10.8853536583,-0.820225880627,0.814587178465,10.1948124982
3.995068,1.18122076732,1.31602510123,10.9217595095,-0.912515459961,0.76920630323,10.1040507478
3.996734,1.18122076732,1.28066598449,10.8853536583,-0.866370670294,0.814587178465,10.149431623
3.9984,1.14586165058,1.28066598449,10.8853536583,-0.866370670294,0.76920630323,10.1040507478
4.000066,1.21657988406,1.31602510123,10.8853536583,-0.866370670294,0.814587178465,10.1040507478
4.001732,1.07514341711,1.31602510123,10.9581653606,-0.866370670294,0.814587178465,10.1040507478
4.003398,1.21657988406,1.31602510123,10.8853536583,-0.77408109096,0.905348928936,10.2401933735
4.005064,1.14586165058,1.31602510123,10.8489478072,-0.912515459961,0.76920630323,10.1040507478
4.00673,1.14586165058,1.31602510123,10.8853536583,-0.866370670294,0.76920630323,10.1040507478
4.008396,1.21657988406,1.31602510123,10.8853536583,-0.866370670294,0.814587178465,10.1040507478
4.010062,1.11050253385,1.28066598449,10.9922958461,-0.866370670294,0.814587178465,10.1040507478
4.011728,1.18122076732,1.31602510123,10.8853536583,-0.866370670294,0.814587178465,10.1040507478
4.013394,1.18122076732,1.28066598449,10.8489478072,-0.866370670294,0.814587178465,10.149431623
4.01506,1.14586165058,1.31602510123,10.8853536583,-0.866370670294,0.76920630323,10.1040507478
4.016726,1.18122076732,1.31602510123,10.8853536583,-0.866370670294,0.76920630323,10.149431623
4.018392,1.11050253385,1.28066598449,10.9581653606,-0.866370670294,0.76920630323,10.1040507478
4.020058,1.18122076732,1.31602510123,10.8853536583,-0.866370670294,0.76920630323,10.1040507478
4.021724,1.18122076732,1.28066598449,10.8853536583,-0.866370670294,0.76920630323,10.1040507478
4.02339,1.18122076732,1.28066598449,10.8489478072,-0.866370670294,0.76920630323,10.149431623
4.025056,1.18122076732,1.31602510123,10.8853536583,-0.866370670294,0.76920630323,10.1040507478
4.026722,1.11050253385,1.17458863428,10.8853536583,-0.866370670294,0.76920630323,10.1040507478
4.028388,1.18122076732,1.31602510123,10.9217595095,-0.866370670294,0.76920630323,10.1040507478
4.030054,1.18122076732,1.28066598449,10.8853536583,-0.866370670294,0.76920630323,10.1040507478
4.03172,1.18122076732,1.28066598449,10.8853536583,-0.866370670294,0.76920630323,10.1040507478
4.033386,1.21657988406,1.31602510123,10.9217595095,-0.820225880627,0.814587178465,10.149431623
4.035052,1.11050253385,1.24530686776,10.8125419561,-0.866370670294,0.814587178465,10.1040507478
4.036718,1.18122076732,1.31602510123,10.8853536583,-0.820225880627,0.814587178465,10.149431623
4.038384,1.18122076732,1.28066598449,10.8853536583,-0.820225880627,0.859968053701,10.1948124982
4.04005,1.18122076732,1.28066598449,10.8489478072,-0.866370670294,0.814587178465,10.149431623
4.041716,1.18122076732,1.31602510123,10.9217595095,-0.912515459961,0.723825427995,10.1040507478
4.043382,1.14586165058,1.28066598449,10.8125419561,-0.866370670294,0.76920630323,10.1040507478
4.045048,1.18122076732,1.31602510123,10.8853536583,-0.866370670294,0.814587178465,10.1040507478
4.046714,1.21657988406,1.28066598449,10.8853536583,-0.866370670294,0.678444552759,10.1040507478
4.04838,1.32265723427,1.42210245144,10.9217595095,-0.866370670294,0.76920630323,10.1040507478
4.050046,1.18122076732,1.31602510123,10.8853536583,-0.866370670294,0.76920630323,10.1040507478
4.051712,1.14586165058,1.28066598449,10.8489478072,-0.866370670294,0.814587178465,10.1040507478
4.053378,1.18122076732,1.31602510123,10.8489478072,-0.866370670294,0.76920630323,10.149431623
4.055044,1.18122076732,1.31602510123,10.8853536583,-0.866370670294,0.76920630323,10.1040507478
4.05671,1.11050253385,1.35138421797,10.9922958461,-0.866370670294,0.76920630323,10.1040507478
4.058376,1.18122076732,1.31602510123,10.9217595095,-0.866370670294,0.76920630323,10.1040507478
4.060042,1.18122076732,1.28066598449,10.8489478072,-0.866370670294,0.76920630323,10.1040507478
4.061708,1.18122076732,1.28066598449,10.8489478072,-0.866370670294,0.76920630323,10.1040507478
4.063374,1.18122076732,1.35138421797,10.8853536583,-0.866370670294,0.76920630323,10.1040507478
4.06504,1.11050253385,1.20994775102,10.8125419561,-0.866370670294,0.76920630323,10.149431623
4.066706,1.18122076732,1.28066598449,10.8853536583,-0.866370670294,0.76920630323,10.1040507478
4.068372,1.18122076732,1.31602510123,10.8853536583,-0.866370670294,0.76920630323,10.1040507478
4.070038,1.25193900079,1.35138421797,10.8853536583,-0.866370670294,0.76920630323,10.1040507478
4.071704,1.21657988406,1.31602510123,10.9217595095,-0.866370670294,0.76920630323,10.1040507478
4.07337,1.18122076732,1.24530686776,10.8125419561,-0.866370670294,0.76920630323,10.1040507478
4.075036,1.18122076732,1.31602510123,10.8853536583,-0.77408109096,0.859968053701,10.1948124982
4.076702,1.18122076732,1.31602510123,10.8853536583,-0.866370670294,0.76920630323,10.1040507478
4.078368,1.28729811753,1.31602510123,10.8853536583,-0.866370670294,0.76920630323,10.1040507478
4.080034,1.21657988406,1.28066598449,10.8853536583,-0.866370670294,0.76920630323,10.1040507478
4.0817,1.18122076732,1.28066598449,10.8489478072,-0.820225880627,0.814587178465,10.149431623
4.083366,1.18122076732,1.28066598449,10.8489478072,-0.866370670294,0.76920630323,10.1040507478
4.085032,1.18122076732,1.28066598449,10.8853536583,-0.866370670294,0.723825427995,10.1040507478
4.086698,1.18122076732,1.3867433347,10.9922958461,-0.866370670294,0.76920630323,10.1040507478
4.088364,1.18122076732,1.31602510123,10.8853536583,-0.866370670294,0.76920630323,10.1040507478
4.09003,1.18122076732,1.28066598449,10.8853536583,-0.866370670294,0.814587178465,10.149431623
4.091696,1.18122076732,1.28066598449,10.8489478072,-0.77408109096,0.905348928936,10.2401933735
4.093362,1.21657988406,1.31602510123,10.8853536583,-0.912515459961,0.76920630323,10.1040507478
4.095028,1.07514341711,1.31602510123,10.9581653606,-0.866370670294,0.76920630323,10.1040507478
4.096694,1.18122076732,1.31602510123,10.8853536583,-0.866370670294,0.76920630323,10.1040507478
4.09836,1.18122076732,1.31602510123,10.8853536583,-0.866370670294,0.814587178465,10.149431623
4.100026,1.18122076732,1.31602510123,10.8489478072,-0.77408109096,0.905348928936,10.1948124982
4.101692,1.21657988406,1.31602510123,10.8853536583,-0.77408109096,0.905348928936,10.2401933735
4.103358,1.11050253385,1.24530686776,10.7761361049,-0.866370670294,0.814587178465,10.149431623
4.105024,1.18122076732,1.31602510123,10.8853536583,-0.912515459961,0.76920630323,10.1040507478
4.10669,1.18122076732,1.31602510123,10.8489478072,-0.866370670294,0.76920630323,10.1040507478
4.108356,1.18122076732,1.31602510123,10.8853536583,-0.866370670294,0.814587178465,10.149431623
4.110022,1.18122076732,1.35138421797,10.8853536583,-0.866370670294,0.76920630323,10.149431623
4.111688,1.11050253385,1.28066598449,10.8125419561,-0.912515459961,0.76920630323,10.1040507478
4.113354,1.18122076732,1.31602510123,10.8853536583,-0.866370670294,0.76920630323,10.1040507478
4.11502,1.18122076732,1.31602510123,10.8853536583,-0.866370670294,0.76920630323,10.1040507478
4.116686,1.21657988406,1.31602510123,10.8853536583,-0.866370670294,0.76920630323,10.149431623
4.118352,1.21657988406,1.28066598449,10.9217595095,-0.866370670294,0.76920630323,10.149431623
4.120018,1.14586165058,1.28066598449,10.8125419561,-0.820225880627,0.814587178465,10.1948124982
4.121684,1.14586165058,1.31602510123,10.8853536583,-0.866370670294,0.76920630323,10.1040507478
4.12335,1.21657988406,1.31602510123,10.8853536583,-0.866370670294,0.76920630323,10.149431623
4.125016,1.28729811753,1.35138421797,10.8853536583,-0.866370670294,0.76920630323,10.149431623
4.126682,1.18122076732,1.35138421797,10.8853536583,-0.866370670294,0.814587178465,10.149431623
4.128348,1.11050253385,1.28066598449,10.8125419561,-0.77408109096,0.905348928936,10.1948124982
4.130014,1.18122076732,1.31602510123,10.8853536583,-0.866370670294,0.814587178465,10.1040507478
4.13168,1.18122076732,1.31602510123,10.8853536583,-0.820225880627,0.814587178465,10.149431623
4.133346,1.25193900079,1.35138421797,10.8853536583,-0.866370670294,0.76920630323,10.1040507478
4.135012,1.18122076732,1.31602510123,10.9217595095,-0.727936301293,0.905348928936,10.2401933735
4.136678,1.18122076732,1.28066598449,10.8489478072,-0.866370670294,0.814587178465,10.1040507478
4.138344,1.14586165058,1.31602510123,10.8853536583,-0.912515459961,0.76920630323,10.1040507478
4.14001,1.21657988406,1.35138421797,10.8853536583,-0.866370670294,0.814587178465,10.1040507478
4.141676,1.11050253385,1.35138421797,10.9922958461,-0.866370670294,0.76920630323,10.1040507478
4.143342,1.18122076732,1.31602510123,10.8853536583,-0.866370670294,0.76920630323,10.149431623
4.145008,1.18122076732,1.31602510123,10.8853536583,-0.820225880627,0.859968053701,10.149431623
4.146674,1.18122076732,1.28066598449,10.8853536583,-0.866370670294,0.76920630323,10.1040507478
4.14834,1.18122076732,1.31602510123,10.8853536583,-0.866370670294,0.76920630323,10.1040507478
4.150006,1.21657988406,1.42210245144,10.9581653606,-0.866370670294,0.76920630323,10.1040507478
4.151672,1.18122076732,1.35138421797,10.9217595095,-0.866370670294,0.814587178465,10.1040507478
4.153338,1.18122076732,1.31602510123,10.8489478072,-0.866370670294,0.76920630323,10.1040507478
4.155004,1.18122076732,1.31602510123,10.8489478072,-0.866370670294,0.76920630323,10.1040507478
4.15667,1.18122076732,1.35138421797,10.8853536583,-0.866370670294,0.76920630323,10.1040507478
4.158336,1.11050253385,1.35138421797,10.9922958461,-0.77408109096,0.905348928936,10.2401933735
4.160002,1.18122076732,1.31602510123,10.8853536583,-0.820225880627,0.76920630323,10.149431623
4.161668,1.18122076732,1.31602510123,10.8853536583,-0.866370670294,0.76920630323,10.1040507478
4.163334,1.18122076732,1.31602510123,10.8853536583,-0.866370670294,0.814587178465,10.1040507478
4.165,1.18122076732,1.35138421797,10.8853536583,-0.866370670294,0.814587178465,10.1040507478
4.166666,1.11050253385,1.28066598449,10.8125419561,-0.866370670294,0.814587178465,10.1040507478
4.168332,1.18122076732,1.31602510123,10.8853536583,-0.866370670294,0.814587178465,10.1040507478
4.169998,1.18122076732,1.28066598449,10.8489478072,-0.866370670294,0.76920630323,10.1040507478
4.171664,1.18122076732,1.31602510123,10.8853536583,-0.866370670294,0.76920630323,10.1040507478
4.17333,1.18122076732,1.35138421797,10.9217595095,-0.866370670294,0.76920630323,10.1040507478
4.174996,1.14586165058,1.24530686776,10.8489478072,-0.866370670294,0.814587178465,10.149431623
4.176662,1.18122076732,1.31602510123,10.8853536583,-0.866370670294,0.76920630323,10.149431623
4.178328,1.18122076732,1.31602510123,10.8853536583,-0.866370670294,0.76920630323,10.1040507478
4.179994,1.28729811753,1.42210245144,10.9217595095,-0.727936301293,0.905348928936,10.2401933735
4.18166,1.18122076732,1.31602510123,10.8853536583,-0.866370670294,0.814587178465,10.149431623
4.183326,1.14586165058,1.31602510123,10.8125419561,-0.866370670294,0.814587178465,10.1040507478
4.184992,1.18122076732,1.28066598449,10.8853536583,-0.866370670294,0.814587178465,10.149431623
4.186658,1.18122076732,1.35138421797,10.8853536583,-0.820225880627,0.814587178465,10.149431623
4.188324,1.11050253385,1.3867433347,11.0287016972,-0.727936301293,0.950729804172,10.2401933735
4.18999,1.18122076732,1.31602510123,10.8853536583,-0.866370670294,0.814587178465,10.149431623
4.191656,1.18122076732,1.28066598449,10.8853536583,-0.866370670294,0.76920630323,10.1040507478
4.193322,1.18122076732,1.28066598449,10.8853536583,-0.866370670294,0.814587178465,10.1040507478
4.194988,1.18122076732,1.31602510123,10.8853536583,-0.77408109096,0.859968053701,10.1948124982
4.196654,1.14586165058,1.24530686776,10.8125419561,-0.866370670294,0.76920630323,10.149431623
4.19832,1.14586165058,1.31602510123,10.8853536583,-0.820225880627,0.814587178465,10.149431623
4.199986,1.18122076732,1.31602510123,10.8853536583,-0.866370670294,0.76920630323,10.1040507478
4.201652,1.21657988406,1.35138421797,10.8853536583,-0.866370670294,0.814587178465,10.149431623
4.203318,1.18122076732,1.31602510123,10.8853536583,-0.77408109096,0.859968053701,10.1948124982
4.204984,1.11050253385,1.24530686776,10.8125419561,-0.866370670294,0.723825427995,10.1040507478
4.20665,1.18122076732,1.31602510123,10.8853536583,-0.866370670294,0.76920630323,10.1040507478
4.208316,1.18122076732,1.31602510123,10.8853536583,-0.77408109096,0.905348928936,10.2401933735
4.209982,1.25193900079,1.35138421797,10.8853536583,-0.866370670294,0.76920630323,10.149431623
4.211648,1.18122076732,1.31602510123,10.9217595095,-0.866370670294,0.76920630323,10.149431623
4.213314,1.14586165058,1.24530686776,10.8125419561,-0.866370670294,0.814587178465,10.1040507478
4.21498,1.18122076732,1.31602510123,10.8853536583,-0.820225880627,0.859968053701,10.1948124982
4.216646,1.18122076732,1.35138421797,10.8853536583,-0.866370670294,0.76920630323,10.1040507478
4.218312,1.32265723427,1.35138421797,10.8853536583,-0.866370670294,0.723825427995,10.1040507478
4.219978,1.21657988406,1.24530686776,10.9217595095,-0.866370670294,0.678444552759,10.1040507478
4.221644,1.11050253385,1.28066598449,10.8125419561,-0.866370670294,0.76920630323,10.1040507478
4.22331,1.18122076732,1.31602510123,10.8853536583,-0.866370670294,0.76920630323,10.1040507478
4.224976,1.18122076732,1.31602510123,10.8853536583,-0.820225880627,0.814587178465,10.149431623
4.226642,1.32265723427,1.35138421797,10.9581653606,-0.912515459961,0.723825427995,10.1040507478
4.228308,1.18122076732,1.31602510123,10.8853536583,-0.866370670294,0.76920630323,10.1040507478
4.229974,1.14586165058,1.28066598449,10.8125419561,-0.866370670294,0.76920630323,10.1040507478
4.23164,1.18122076732,1.28066598449,10.8853536583,-0.866370670294,0.814587178465,10.149431623
4.233306,1.21657988406,1.31602510123,10.8853536583,-0.866370670294,0.76920630323,10.149431623
4.234972,1.28729811753,1.35138421797,10.9217595095,-0.912515459961,0.76920630323,10.1040507478
4.236638,1.18122076732,1.31602510123,10.8853536583,-0.866370670294,0.76920630323,10.149431623
4.238304,1.18122076732,1.24530686776,10.8489478072,-0.866370670294,0.76920630323,10.149431623
4.23997,1.14586165058,1.31602510123,10.8489478072,-0.866370670294,0.76920630323,10.149431623
4.241636,1.18122076732,1.31602510123,10.8853536583,-0.866370670294,0.76920630323,10.1040507478
4.243302,1.28729811753,1.42210245144,10.9217595095,-0.866370670294,0.76920630323,10.1040507478
4.244968,1.21657988406,1.35138421797,10.9217595095,-0.866370670294,0.76920630323,10.1040507478
4.246634,1.14586165058,1.31602510123,10.8125419561,-0.820225880627,0.814587178465,10.149431623
4.2483,1.18122076732,1.31602510123,10.8853536583,-0.866370670294,0.814587178465,10.1040507478
4.249966,1.21657988406,1.31602510123,10.9217595095,-0.866370670294,0.76920630323,10.1040507478
4.251632,1.18122076732,1.3867433347,10.9922958461,-0.912515459961,0.76920630323,10.1040507478
4.253298,1.18122076732,1.31602510123,10.9217595095,-0.866370670294,0.76920630323,10.149431623
4.254964,1.14586165058,1.31602510123,10.8853536583,-0.912515459961,0.76920630323,10.1040507478
4.25663,1.18122076732,1.31602510123,10.8853536583,-0.866370670294,0.76920630323,10.149431623
4.258296,1.18122076732,1.35138421797,10.8853536583,-0.866370670294,0.814587178465,10.1040507478
4.259962,1.11050253385,1.28066598449,10.8125419561,-0.866370670294,0.814587178465,10.1040507478
4.261628,1.18122076732,1.31602510123,10.8853536583,-0.912515459961,0.76920630323,10.1040507478
4.263294,1.14586165058,1.24530686776,10.8853536583,-0.866370670294,0.723825427995,10.1040507478
4.26496,1.18122076732,1.28066598449,10.8489478072,-0.820225880627,0.859968053701,10.149431623
4.266626,1.18122076732,1.35138421797,10.8853536583,-0.866370670294,0.76920630323,10.1040507478
4.268292,1.14586165058,1.20994775102,10.8489478072,-0.820225880627,0.814587178465,10.149431623
4.269958,1.14586165058,1.31602510123,10.8853536583,-0.866370670294,0.76920630323,10.149431623
4.271624,1.18122076732,1.31602510123,10.8853536583,-0.866370670294,0.76920630323,10.1040507478
4.27329,1.28729811753,1.35138421797,10.8853536583,-0.866370670294,0.76920630323,10.1040507478
4.274956,1.18122076732,1.31602510123,10.8853536583,-0.866370670294,0.76920630323,10.1040507478
4.276622,1.14586165058,1.24530686776,10.8489478072,-0.866370670294,0.76920630323,10.149431623
4.278288,1.18122076732,1.31602510123,10.8853536583,-0.866370670294,0.76920630323,10.149431623
4.279954,1.18122076732,1.28066598449,10.8853536583,-0.866370670294,0.76920630323,10.149431623
4.28162,1.25193900079,1.3867433347,10.9217595095,-0.866370670294,0.76920630323,10.149431623
4.283286,1.18122076732,1.28066598449,10.8853536583,-0.866370670294,0.76920630323,10.149431623
4.284952,1.11050253385,1.28066598449,10.8489478072,-0.820225880627,0.76920630323,10.149431623
4.286618,1.18122076732,1.28066598449,10.9217595095,-0.866370670294,0.76920630323,10.1040507478
4.288284,1.18122076732,1.31602510123,10.8853536583,-0.866370670294,0.76920630323,10.1040507478
4.28995,1.28729811753,1.42210245144,10.9217595095,-0.866370670294,0.76920630323,10.1040507478
4.291616,1.18122076732,1.28066598449,10.8853536583,-0.77408109096,0.859968053701,10.2401933735
4.293282,1.14586165058,1.31602510123,10.8489478072,-0.820225880627,0.814587178465,10.1948124982
4.294948,1.18122076732,1.28066598449,10.8489478072,-0.820225880627,0.814587178465,10.149431623
4.296614,1.18122076732,1.31602510123,10.9217595095,-0.866370670294,0.76920630323,10.149431623
4.29828,1.11050253385,1.3867433347,10.9922958461,-0.866370670294,0.814587178465,10.149431623
4.299946,1.18122076732,1.31602510123,10.9217595095,-0.866370670294,0.76920630323,10.1040507478
4.301612,1.18122076732,1.28066598449,10.8489478072,-0.866370670294,0.76920630323,10.1040507478
4.303278,1.18122076732,1.31602510123,10.8489478072,-0.866370670294,0.76920630323,10.1040507478
4.304944,1.18122076732,1.31602510123,10.8853536583,-0.820225880627,0.814587178465,10.149431623
4.30661,1.11050253385,1.24530686776,10.8125419561,-0.866370670294,0.814587178465,10.149431623
4.308276,1.18122076732,1.31602510123,10.8853536583,-0.866370670294,0.76920630323,10.149431623
4.309942,1.18122076732,1.31602510123,10.8853536583,-0.866370670294,0.76920630323,10.1040507478
4.311608,1.25193900079,1.31602510123,10.8853536583,-0.820225880627,0.814587178465,10.149431623
4.313274,1.18122076732,1.31602510123,10.8853536583,-0.866370670294,0.814587178465,10.149431623
4.31494,1.14586165058,1.28066598449,10.8125419561,-0.912515459961,0.76920630323,10.1040507478
4.316606,1.18122076732,1.31602510123,10.8489478072,-0.820225880627,0.859968053701,10.1948124982
4.318272,1.18122076732,1.31602510123,10.8853536583,-0.866370670294,0.814587178465,10.149431623
4.319938,1.21657988406,1.42210245144,10.9922958461,-0.866370670294,0.76920630323,10.1040507478
4.321604,1.18122076732,1.31602510123,10.9217595095,-0.866370670294,0.76920630323,10.1040507478
4.32327,1.14586165058,1.24530686776,10.8489478072,-0.912515459961,0.76920630323,10.1040507478
4.324936,1.18122076732,1.28066598449,10.8853536583,-0.866370670294,0.76920630323,10.149431623
4.326602,1.21657988406,1.28066598449,10.8853536583,-0.912515459961,0.723825427995,10.1040507478
4.328268,1.25193900079,1.3867433347,10.9217595095,-0.866370670294,0.76920630323,10.1040507478
4.329934,1.18122076732,1.35138421797,10.9217595095,-0.866370670294,0.76920630323,10.1040507478
4.3316,1.14586165058,1.28066598449,10.8489478072,-0.866370670294,0.814587178465,10.149431623
4.333266,1.14586165058,1.28066598449,10.8853536583,-0.866370670294,0.814587178465,10.149431623
4.334932,1.18122076732,1.35138421797,10.8853536583,-0.866370670294,0.814587178465,10.1040507478
4.336598,1.11050253385,1.31602510123,10.9922958461,-0.866370670294,0.76920630323,10.1040507478
4.338264,1.18122076732,1.31602510123,10.8853536583,-0.866370670294,0.76920630323,10.149431623
4.33993,1.18122076732,1.31602510123,10.8853536583,-0.866370670294,0.76920630323,10.149431623
4.341596,1.18122076732,1.28066598449,10.8853536583,-0.866370670294,0.814587178465,10.149431623
4.343262,1.18122076732,1.31602510123,10.8853536583,-0.866370670294,0.814587178465,10.149431623
4.344928,1.14586165058,1.24530686776,10.8125419561,-0.866370670294,0.814587178465,10.149431623
4.346594,1.14586165058,1.31602510123,10.8853536583,-0.866370670294,0.76920630323,10.1040507478
4.34826,1.14586165058,1.31602510123,10.8853536583,-0.866370670294,0.76920630323,10.1040507478
4.349926,1.21657988406,1.31602510123,10.8853536583,-0.866370670294,0.814587178465,10.149431623
4.351592,1.18122076732,1.31602510123,10.8853536583,-0.820225880627,0.859968053701,10.1948124982
4.353258,1.11050253385,1.28066598449,10.8125419561,-0.820225880627,0.76920630323,10.149431623
4.354924,1.18122076732,1.31602510123,10.8853536583,-0.866370670294,0.814587178465,10.149431623
4.35659,1.18122076732,1.31602510123,10.8853536583,-0.866370670294,0.76920630323,10.149431623
4.358256,1.18122076732,1.31602510123,10.8853536583,-0.866370670294,0.76920630323,10.149431623
4.359922,1.18122076732,1.31602510123,10.9217595095,-0.866370670294,0.76920630323,10.149431623
4.361588,1.11050253385,1.28066598449,10.8489478072,-0.866370670294,0.814587178465,10.149431623
4.363254,1.18122076732,1.31602510123,10.8853536583,-0.866370670294,0.814587178465,10.149431623
4.36492,1.14586165058,1.31602510123,10.8853536583,-0.866370670294,0.76920630323,10.149431623
4.366586,1.21657988406,1.35138421797,10.8853536583,-0.866370670294,0.814587178465,10.149431623
4.368252,1.18122076732,1.31602510123,10.9217595095,-0.866370670294,0.76920630323,10.1040507478
4.369918,1.11050253385,1.28066598449,10.8489478072,-0.866370670294,0.76920630323,10.1040507478
4.371584,1.18122076732,1.31602510123,10.8853536583,-0.912515459961,0.76920630323,10.1040507478
4.37325,1.18122076732,1.35138421797,10.8853536583,-0.866370670294,0.814587178465,10.1040507478
4.374916,1.28729811753,1.42210245144,10.9217595095,-0.866370670294,0.814587178465,10.1948124982
4.376582,1.18122076732,1.35138421797,10.8853536583,-0.866370670294,0.76920630323,10.1040507478
4.378248,1.14586165058,1.31602510123,10.8489478072,-0.866370670294,0.814587178465,10.1040507478
4.379914,1.14586165058,1.31602510123,10.8853536583,-0.866370670294,0.76920630323,10.149431623
4.38158,1.18122076732,1.31602510123,10.8853536583,-0.866370670294,0.814587178465,10.149431623
4.383246,1.21657988406,1.3867433347,10.9922958461,-0.866370670294,0.814587178465,10.149431623
4.384912,1.18122076732,1.28066598449,10.8853536583,-0.866370670294,0.814587178465,10.149431623
4.386578,1.11050253385,1.31602510123,10.8489478072,-0.866370670294,0.814587178465,10.149431623
4.388244,1.14586165058,1.31602510123,10.8853536583,-0.866370670294,0.76920630323,10.1040507478
4.38991,1.18122076732,1.31602510123,10.8853536583,-0.866370670294,0.814587178465,10.1040507478
4.391576,1.11050253385,1.35138421797,11.0287016972,-0.866370670294,0.76920630323,10.1040507478
4.393242,1.18122076732,1.35138421797,10.8853536583,-0.866370670294,0.76920630323,10.149431623
4.394908,1.18122076732,1.28066598449,10.8489478072,-0.866370670294,0.76920630323,10.149431623
4.396574,1.14586165058,1.31602510123,10.8853536583,-0.866370670294,0.76920630323,10.149431623
4.39824,1.18122076732,1.31602510123,10.9217595095,-0.866370670294,0.76920630323,10.149431623
4.399906,1.11050253385,1.35138421797,10.9922958461,-0.820225880627,0.814587178465,10.149431623
4.401572,1.18122076732,1.31602510123,10.9217595095,-0.912515459961,0.76920630323,10.1040507478
4.403238,1.18122076732,1.31602510123,10.8853536583,-0.912515459961,0.76920630323,10.149431623
4.404904,1.14586165058,1.31602510123,10.8489478072,-0.866370670294,0.76920630323,10.149431623
4.40657,1.18122076732,1.35138421797,10.9217595095,-0.866370670294,0.76920630323,10.149431623
4.408236,1.11050253385,1.20994775102,10.8489478072,-0.866370670294,0.814587178465,10.149431623
4.409902,1.14586165058,1.35138421797,10.8853536583,-0.820225880627,0.76920630323,10.149431623
4.411568,1.18122076732,1.28066598449,10.8853536583,-0.866370670294,0.76920630323,10.149431623
4.413234,1.18122076732,1.31602510123,10.8853536583,-0.866370670294,0.76920630323,10.149431623
4.4149,1.18122076732,1.35138421797,10.9217595095,-0.866370670294,0.76920630323,10.1040507478
4.416566,1.11050253385,1.28066598449,10.8125419561,-0.77408109096,0.905348928936,10.1948124982
4.418232,1.11050253385,1.31602510123,10.8853536583,-0.866370670294,0.76920630323,10.1040507478
4.419898,1.18122076732,1.31602510123,10.8853536583,-0.866370670294,0.76920630323,10.1040507478
4.421564,1.21657988406,1.35138421797,10.8853536583,-0.866370670294,0.76920630323,10.1040507478
4.42323,1.14586165058,1.31602510123,10.8853536583,-0.866370670294,0.723825427995,10.1040507478
4.424896,1.07514341711,1.20994775102,10.8125419561,-0.866370670294,0.76920630323,10.149431623
4.426562,1.14586165058,1.28066598449,10.8853536583,-0.866370670294,0.723825427995,10.1040507478
4.428228,1.18122076732,1.31602510123,10.8853536583,-0.866370670294,0.76920630323,10.149431623
4.429894,1.21657988406,1.31602510123,10.8853536583,-0.866370670294,0.814587178465,10.1040507478
4.43156,1.18122076732,1.31602510123,10.9217595095,-0.866370670294,0.76920630323,10.1040507478
4.433226,1.14586165058,1.28066598449,10.8125419561,-0.866370670294,0.76920630323,10.149431623
4.434892,1.14586165058,1.31602510123,10.8853536583,-0.866370670294,0.76920630323,10.149431623
4.436558,1.18122076732,1.31602510123,10.8853536583,-0.866370670294,0.76920630323,10.149431623
4.438224,1.21657988406,1.42210245144,10.9217595095,-0.866370670294,0.76920630323,10.149431623
4.43989,1.18122076732,1.31602510123,10.9217595095,-0.866370670294,0.76920630323,10.1040507478
4.441556,1.14586165058,1.28066598449,10.8489478072,-0.820225880627,0.814587178465,10.149431623
4.443222,1.18122076732,1.28066598449,10.8853536583,-0.820225880627,0.814587178465,10.1948124982
4.444888,1.18122076732,1.31602510123,10.8853536583,-0.820225880627,0.814587178465,10.149431623
4.446554,1.07514341711,1.35138421797,10.9922958461,-0.820225880627,0.814587178465,10.149431623
4.44822,1.18122076732,1.31602510123,10.8853536583,-0.866370670294,0.814587178465,10.149431623
4.449886,1.18122076732,1.31602510123,10.8489478072,-0.866370670294,0.76920630323,10.1040507478
4.451552,1.18122076732,1.28066598449,10.8853536583,-0.866370670294,0.76920630323,10.149431623
4.453218,1.18122076732,1.35138421797,10.8853536583,-0.866370670294,0.76920630323,10.1040507478
4.454884,1.07514341711,1.24530686776,10.8125419561,-0.820225880627,0.814587178465,10.149431623
4.45655,1.14586165058,1.31602510123,10.8853536583,-0.912515459961,0.76920630323,10.1040507478
4.458216,1.14586165058,1.28066598449,10.8853536583,-0.77408109096,0.859968053701,10.1948124982
4.459882,1.21657988406,1.31602510123,10.8853536583,-0.866370670294,0.76920630323,10.149431623
4.461548,1.14586165058,1.31602510123,10.8853536583,-0.866370670294,0.76920630323,10.149431623
4.463214,1.11050253385,1.28066598449,10.8125419561,-0.866370670294,0.76920630323,10.1040507478
4.46488,1.18122076732,1.28066598449,10.8853536583,-0.866370670294,0.723825427995,10.1040507478
4.466546,1.18122076732,1.28066598449,10.8853536583,-0.866370670294,0.723825427995,10.1040507478
4.468212,1.28729811753,1.3867433347,10.8853536583,-0.820225880627,0.859968053701,10.1948124982
4.469878,1.18122076732,1.35138421797,10.9217595095,-0.866370670294,0.76920630323,10.1040507478
4.471544,1.49945281795,0.502765416284,11.6111953153,-0.451067563292,0.723825427995,10.3309551239
4.47321,2.20884509748,4.46077654601,10.4120775936,-0.0819092459569,1.08687242988,10.3763359992
4.474876,1.21657988406,6.86298653932,9.42911961302,-1.00480503929,0.406159301347,10.6032403753
4.476542,1.07514341711,7.00442300626,10.3756717425,-1.14323940829,-0.909886080481,10.149431623
4.478208,1.18122076732,7.21657770668,10.6305127004,-1.18938419796,-0.456077328126,8.96952886687
4.479874,0.438679315848,1.88177096902,10.9922958461,-1.18938419796,0.678444552759,9.06029061734
4.48154,0.367961082375,0.538124533021,11.1015133995,-0.958660249627,1.58606205747,9.87714637158
4.483206,0.367961082375,-4.90275955485,12.1572830823,-1.18938419796,1.67682380794,10.5124786249
4.484872,0.403320199111,-2.07624016071,10.7761361049,-1.37396335663,2.53906043741,10.0132889973
4.486538,0.650834016269,-3.45524571344,10.3028600402,-1.37396335663,1.81296643364,11.0116682525
4.488204,0.509397549322,-0.909389308392,11.6111953153,-1.37396335663,1.35915768129,10.8301447515
4.48987,0.898347833427,-1.89944457702,12.0480655289,-0.820225880627,-0.0476494510076,11.5108578801
4.491536,0.792270483216,-0.805521902977,11.3927602085,-1.60468730496,-0.637600829068,10.4217168744
4.493202,0.9690660669,-2.18231751092,11.3563543574,-1.2816737773,0.76920630323,9.01490974211
4.494868,1.49945281795,-0.310494268662,11.2107309529,-0.866370670294,2.31215606123,9.5140993697
4.496534,1.46409370122,0.21989248239,9.13787280396,-0.404922773625,3.49205881736,10.6486212506
4.4982,1.6408892849,0.43204718281,9.79317812435,-0.0357644562901,2.72058393835,11.3747152544
4.499866,1.88840310206,2.79889805938,10.1208307846,-0.312633194291,1.72220468317,9.87714637158
4.501532,1.81768486858,4.39005831254,9.90239567775,-0.497212352959,0.451540176582,9.37795674399
4.503198,1.85304398532,4.3546991958,11.7568187198,-0.912515459961,1.495300307,9.24181411829
4.504864,1.78232575185,4.84972683011,11.6111953153,-0.404922773625,2.58444131265,10.4217168744
4.50653,1.57017105143,4.88508594685,10.8853536583,-0.358777983958,2.31215606123,11.2385726286
4.508196,1.18122076732,2.12928478618,11.5019777619,-0.358777983958,0.496921051817,11.3293343791
4.509862,1.07514341711,2.0585665527,11.793224571,-0.958660249627,-0.183792076714,9.19643324305
4.511528,0.933706950163,1.28066598449,11.1743251017,-1.5585425153,-0.410696452891,8.78800536593
4.513194,0.615474899532,0.927074817126,11.0651075483,-1.46625293596,0.406159301347,10.3309551239
4.51486,0.544756666059,0.538124533021,11.0287016972,-1.09709461863,0.723825427995,10.4217168744
4.516526,0.580115782795,0.396688066074,11.1743251017,-1.2816737773,-0.274553827185,9.87714637158
4.518192,0.615474899532,-0.345853385399,11.0287016972,-1.37396335663,-1.77212270995,9.69562287064
4.519858,1.03978430037,-0.980107541865,11.5747894642,-1.2816737773,-2.40972400701,9.28719499352
4.521524,1.03978430037,-0.451930735609,11.5019777619,-1.14323940829,-1.72674183472,9.33257586876
4.52319,1.00442518364,-1.65193075986,11.9024421244,-1.05094982896,-0.682981704304,10.2855742487
4.524856,1.28729811753,-0.805521902977,11.4655719108,-0.77408109096,0.678444552759,10.4670977496
4.526522,1.35801635101,0.0077377819689,10.4484834448,-0.497212352959,1.26839593082,9.96790812205
4.528188,1.35801635101,1.35138421797,9.64755471982,-0.404922773625,1.54068118223,10.0132889973
4.529854,1.35801635101,1.3867433347,10.5941068493,-0.497212352959,1.08687242988,10.149431623
4.53152,1.53481193469,2.41215772007,10.7033244027,-0.589501932292,0.76920630323,10.0132889973
4.533186,1.53481193469,3.0110527598,11.1743251017,-0.404922773625,0.542301927053,10.2855742487
4.534852,1.49945281795,3.85967156148,11.538383613,-0.727936301293,0.905348928936,10.149431623
4.536518,1.60553016816,3.89503067822,11.4291660597,-0.820225880627,1.22301505558,10.6032403753
4.538184,1.32265723427,2.48287595354,11.4655719108,-0.912515459961,2.03987080982,10.6486212506
4.53985,1.18122076732,2.02320743597,10.8125419561,-1.00480503929,2.99286918977,10.4670977496
4.541516,1.25193900079,2.90497540959,10.3756717425,-0.635646721959,1.81296643364,11.2839535039
4.543182,1.28729811753,3.57679862759,10.4120775936,-0.635646721959,0.360778426111,10.6940021258
4.544848,1.18122076732,3.25856657696,11.1379192506,-1.05094982896,-0.955266955716,9.92252724682
4.546514,1.07514341711,2.48287595354,11.4655719108,-1.4201081463,-1.04602870619,9.42333761923
4.54818,1.03978430037,0.785638350178,11.2835426551,-0.635646721959,-0.456077328126,9.74100374588
4.549846,1.18122076732,0.255251599126,10.3028600402,-0.589501932292,0.0431122994632,9.96790812205
4.551512,1.28729811753,-0.239776035189,9.46552546415,-0.820225880627,0.0431122994632,9.83176549635
4.553178,1.14586165058,-0.593367202557,9.46552546415,-0.727936301293,0.224635800405,9.87714637158
4.554844,1.18122076732,-0.770162786241,10.3028600402,-0.497212352959,0.315397550876,10.2401933735
4.55651,1.18122076732,-0.451930735609,10.7033244027,-0.635646721959,0.360778426111,10.3309551239
4.558176,1.39337546774,-0.909389308392,11.0287016972,-0.358777983958,0.406159301347,10.6486212506
4.559842,1.49945281795,-0.770162786241,10.7761361049,-0.451067563292,0.133874049934,10.5124786249
4.561508,1.35801635101,-0.66408543603,10.5941068493,-0.681791511626,0.723825427995,9.69562287064
4.563174,1.42873458448,-0.204416918452,10.4484834448,-0.543357142626,1.22301505558,10.3309551239
4.56484,1.53481193469,0.184533365653,10.0480190823,-0.358777983958,2.03987080982,10.9662873772
4.566506,1.46409370122,-0.0276213347679,10.6305127004,-0.543357142626,2.58444131265,11.0570491277
4.568172,1.21657988406,0.3259698326,11.0651075483,-0.820225880627,3.038250065,10.8755256268
4.569838,1.32265723427,0.608842766494,10.8489478072,-0.635646721959,3.038250065,11.3293343791
4.571504,1.39337546774,2.12928478618,10.8853536583,-0.77408109096,2.72058393835,11.0116682525
4.57317,1.49945281795,3.08177099327,11.0651075483,-0.77408109096,1.81296643364,10.6940021258
4.574836,1.35801635101,3.64751686106,11.0651075483,-0.912515459961,1.35915768129,10.0586698725
4.576502,1.21657988406,3.04641187654,10.5941068493,-0.912515459961,1.6314429327,9.74100374588
4.578168,1.03978430037,2.55359418702,10.3028600402,-0.77408109096,1.99448993459,9.87714637158
4.579834,0.9690660669,2.02320743597,10.230048338,-0.727936301293,1.90372818412,10.0132889973
4.5815,1.14586165058,2.62431242049,9.86598982662,-0.681791511626,0.496921051817,10.1948124982
4.583166,1.07514341711,2.69503065397,9.90239567775,-0.912515459961,-0.773743454774,9.10567149258
4.584832,1.18122076732,2.02320743597,10.7033244027,-0.77408109096,-1.54521833378,8.65186274023
4.586498,1.39337546774,1.88177096902,10.6305127004,-0.820225880627,-1.72674183472,9.06029061734
4.588164,1.53481193469,1.28066598449,10.3756717425,-0.497212352959,-1.36369483283,9.6502419954
4.58983,1.49945281795,0.891715700389,10.521295147,-0.404922773625,-1.27293308236,9.74100374588
4.591496,1.32265723427,0.750279233442,10.5941068493,-0.358777983958,-1.72674183472,10.0586698725
4.593162,1.28729811753,1.45746156818,10.9922958461,-0.912515459961,-1.68136095948,9.6502419954
4.594828,1.07514341711,1.45746156818,11.247136804,-1.09709461863,-0.773743454774,9.33257586876
4.596494,1.00442518364,1.03315216734,11.3563543574,-0.912515459961,0.633063677524,9.87714637158
4.59816,0.86298871669,0.0784560154425,11.3199485063,-0.866370670294,1.58606205747,10.4217168744
4.599826,0.226524615427,1.52817980165,10.6669185515,-1.46625293596,1.85834730888,10.4217168744
4.601492,-0.233143902151,0.644201883231,10.7761361049,-2.15842478097,0.996110679407,10.1948124982
4.603158,-0.480657719309,-1.43977605944,12.2300947846,-2.3891487293,1.22301505558,9.06029061734
4.604824,0.474038432585,1.59889803512,9.93880152889,-2.20456957063,2.53906043741,9.28719499352
4.60649,0.544756666059,9.727074995,8.30053822789,-2.34300393963,1.76758555841,11.5562387553
4.608156,0.191165498691,13.6475170632,10.230048338,-2.75830704664,0.587682802288,10.5578595001
4.609822,-1.08397264863,8.20663297531,13.8683580856,-2.57372788797,-0.410696452891,9.28719499352
4.611488,-0.942536181683,1.06851128407,14.8877219173,-2.43529351897,-0.365315577656,8.65186274023
4.613154,-0.445298602572,-1.6872898766,13.7591405322,-2.1122799913,1.94910905935,8.06191136217
4.61482,0.474038432585,-0.699444552767,8.99224939942,-1.5585425153,5.400324621,8.8787671164
4.616486,1.49945281795,0.927074817126,6.26408593013,-0.820225880627,5.89951424859,11.6470005058
4.618152,0.721552249743,-3.63204129713,10.5577009981,-0.404922773625,4.81037324294,12.5999988857
4.619818,0.0850881484803,-6.03425129043,12.8489942538,-0.77408109096,1.99448993459,11.1931917534
4.621484,0.756911366479,-3.63204129713,12.1208772312,-1.60468730496,-2.45510488225,10.0132889973
4.62315,1.39337546774,-1.58121252639,11.0651075483,-2.06613520163,-4.13419726596,7.97114961169
4.624816,1.07514341711,-3.63204129713,11.3927602085,-1.8354112533,-3.45348413743,8.1072922374
4.626482,1.21657988406,-2.53590867828,11.3563543574,-0.543357142626,-1.59059920901,10.4670977496
4.628148,1.85304398532,-0.944748425129,10.4848892959,0.564117809379,-0.229172951949,11.0116682525
4.629814,1.99669039706,1.95248920249,8.81022014376,-0.128054035624,2.08525168506,9.46871849446
4.63148,1.74696663511,1.63425715186,9.82958397549,-0.77408109096,5.2641819953,8.92414799164
4.633146,1.21657988406,4.70829036317,10.7761361049,-0.497212352959,6.89789350377,10.6032403753
4.634812,1.32265723427,5.76906386527,10.8853536583,0.333393861045,4.90113499342,12.7361415114
4.636478,2.0320495138,7.99447827489,11.2107309529,-0.358777983958,0.587682802288,11.1931917534
4.638144,1.67624840164,6.47403625521,11.3563543574,-1.51239772563,-1.77212270995,7.51734085934
4.63981,1.39337546774,2.90497540959,12.8125884027,-1.18938419796,-0.229172951949,7.78962611075
4.641476,1.07514341711,0.997793050599,12.9946176584,-0.497212352959,3.26515444118,10.6940021258
4.643142,1.14586165058,-1.08618489208,11.793224571,-0.128054035624,3.81199398777,13.3714737647
4.644808,1.03978430037,-1.15690312555,10.5577009981,-0.727936301293,2.53906043741,11.7831431315
4.646474,0.509397549322,-1.72264899334,10.3392658914,-1.78926646363,0.723825427995,8.83338624117
4.64814,0.474038432585,-0.345853385399,10.7761361049,-2.01999041197,-0.410696452891,8.96952886687
4.649806,0.898347833427,0.962433933862,10.8853536583,-1.2816737773,-1.86288446042,10.3309551239
4.651472,1.74696663511,1.77569361881,11.3927602085,-0.497212352959,-2.95429450984,10.4217168744
4.653138,1.88840310206,0.714920116705,12.3757181891,-0.451067563292,-2.40972400701,9.5140993697
4.654804,1.67624840164,0.644201883231,11.2107309529,-0.404922773625,0.224635800405,9.06029061734
4.65647,1.74696663511,0.149174248916,10.7397302538,0.0103803333768,1.90372818412,10.9662873772
4.658136,1.74696663511,0.255251599126,10.6669185515,0.517973019712,0.996110679407,12.2369518838
4.659802,1.78232575185,0.679560999968,10.1936424868,-0.312633194291,-0.0476494510076,10.1040507478
4.661468,1.49945281795,1.45746156818,10.8125419561,-0.820225880627,-0.592219953833,8.96952886687
4.663134,1.57017105143,2.97569364306,10.5941068493,-0.497212352959,-0.183792076714,10.1948124982
4.6648,1.81768486858,3.71823509454,10.1572366357,-0.0357644562901,-1.09140958142,10.920906502
4.666466,1.95912133553,3.04641187654,11.1015133995,-0.128054035624,-2.22820050607,10.4670977496
4.668132,1.88840310206,1.77569361881,12.0480655289,-0.681791511626,-1.68136095948,9.24181411829
4.669798,1.67624840164,3.89503067822,10.8853536583,-1.00480503929,1.13225330511,9.83176549635
4.671464,1.46409370122,5.16795888075,10.4484834448,-0.451067563292,3.35591619165,12.2823327591
4.67313,1.11050253385,3.89503067822,11.3563543574,-0.358777983958,3.49205881736,12.2823327591
4.674796,1.07514341711,2.12928478618,11.4655719108,-1.09709461863,1.72220468317,10.8301447515
4.676462,1.11050253385,0.785638350178,11.2107309529,-1.18938419796,0.406159301347,9.74100374588
4.678128,1.53481193469,2.69503065397,10.6305127004,-0.77408109096,1.22301505558,10.2855742487
4.679794,1.88840310206,3.43536216064,9.57474301755,-0.128054035624,1.22301505558,11.7831431315
4.68146,1.53481193469,0.3259698326,10.8853536583,0.0565251230437,1.08687242988,11.5108578801
4.683126,1.11050253385,-2.74806337871,12.630559147,-0.635646721959,0.633063677524,9.83176549635
4.684792,1.00442518364,-2.07624016071,11.1379192506,-1.18938419796,0.406159301347,9.74100374588
4.686458,1.35801635101,-0.310494268662,8.22772652563,-0.866370670294,0.678444552759,10.6032403753
4.688124,1.07514341711,-1.22762135902,9.82958397549,-0.635646721959,1.08687242988,10.6486212506
4.68979,1.21657988406,-2.96021807913,11.3927602085,-0.543357142626,1.26839593082,10.2401933735
4.691456,1.6408892849,-2.60662691176,11.0287016972,-0.174198825291,1.35915768129,10.5124786249
4.693122,1.74696663511,0.679560999968,9.64755471982,-0.266488404624,1.08687242988,10.5578595001
4.694788,1.74696663511,2.65967153723,9.50193131529,-0.497212352959,0.76920630323,10.5124786249
4.696454,1.49945281795,-0.275135151925,11.3563543574,-0.543357142626,0.996110679407,10.4670977496
4.69812,0.933706950163,-2.11159927744,13.3222703186,-0.727936301293,1.76758555841,10.8301447515
4.699786,1.28729811753,0.149174248916,10.7033244027,-0.912515459961,2.08525168506,11.0570491277
4.701452,1.39337546774,3.43536216064,9.06506110169,-0.681791511626,1.6314429327,11.3747152544
4.703118,1.57017105143,3.18784834348,10.1208307846,-0.404922773625,0.996110679407,11.2385726286
4.704784,1.60553016816,0.644201883231,12.9582118072,-0.866370670294,0.633063677524,10.0132889973
4.70645,1.57017105143,1.45746156818,12.1208772312,-0.589501932292,1.31377680606,10.0132889973
4.708116,1.81768486858,4.70829036317,9.57474301755,-0.312633194291,1.31377680606,10.7847638763
4.709782,1.53481193469,6.15801414938,9.75677227322,-0.451067563292,0.633063677524,9.78638462111
4.711448,1.18122076732,4.56685389622,11.1379192506,-0.958660249627,-0.229172951949,8.8787671164
4.713114,1.07514341711,2.0585665527,11.3199485063,-1.05094982896,-0.274553827185,9.10567149258
4.71478,1.07514341711,2.23536213639,10.7397302538,-0.77408109096,0.996110679407,9.33257586876
4.716446,1.35801635101,2.86961629285,9.24709035736,-0.358777983958,1.31377680606,10.1040507478
4.718112,1.53481193469,1.06851128407,10.3028600402,-0.404922773625,0.406159301347,10.0586698725
4.719778,1.57017105143,0.396688066074,11.247136804,-0.635646721959,-0.637600829068,9.06029061734
4.721444,1.57017105143,1.03315216734,10.8853536583,-0.543357142626,-1.54521833378,9.28719499352
4.72311,1.35801635101,1.98784831923,10.7397302538,-0.543357142626,-1.99902708613,9.78638462111
4.724776,1.11050253385,1.77569361881,10.8853536583,-0.866370670294,-1.49983745854,9.42333761923
4.726442,0.792270483216,-0.699444552767,12.2665006357,-1.2816737773,-0.546839078597,9.46871849446
4.728108,0.933706950163,-1.12154400881,11.6111953153,-1.37396335663,0.950729804172,9.28719499352
4.729774,0.933706950163,0.43204718281,10.230048338,-0.912515459961,2.266775186,9.87714637158
4.73144,1.00442518364,1.52817980165,10.7761361049,-0.589501932292,2.44829868694,10.7393830011
4.733106,1.07514341711,1.03315216734,11.3927602085,-0.912515459961,1.81296643364,10.149431623
4.734772,0.898347833427,0.608842766494,11.793224571,-1.32781856696,1.17763418035,9.5140993697
4.736438,0.792270483216,1.03315216734,11.6840070176,-1.32781856696,0.633063677524,9.78638462111
4.738104,0.9690660669,2.76353894264,10.521295147,-1.18938419796,0.451540176582,10.2401933735
4.73977,0.933706950163,2.86961629285,10.7761361049,-1.37396335663,0.76920630323,10.1040507478
4.741436,0.756911366479,1.13922951755,12.08447138,-1.46625293596,2.44829868694,9.74100374588
4.743102,0.933706950163,0.785638350178,11.1015133995,-1.09709461863,3.6735823183,9.96790812205
4.744768,1.00442518364,1.52817980165,10.0480190823,-0.866370670294,3.31053531641,10.1040507478
4.746434,1.18122076732,2.0585665527,10.1208307846,-0.866370670294,2.40291781171,9.5140993697
4.7481,1.11050253385,2.62431242049,10.3028600402,-0.820225880627,1.44991943176,9.15105236782
4.749766,1.07514341711,2.3414394866,10.5941068493,-1.00480503929,0.723825427995,9.28719499352
4.751432,1.00442518364,1.98784831923,10.9922958461,-0.77408109096,0.17925492517,9.69562287064
4.753098,0.9690660669,1.91713008576,10.6305127004,-0.820225880627,-0.501458203362,9.5140993697
4.754764,1.18122076732,0.608842766494,10.3756717425,-1.05094982896,-0.456077328126,8.78800536593
4.75643,1.03978430037,-1.26298047576,11.1015133995,-1.18938419796,0.859968053701,9.01490974211
4.758096,1.07514341711,-1.75800811008,10.9581653606,-0.866370670294,1.90372818412,10.149431623
4.759762,1.14586165058,-1.05082577534,10.1208307846,-0.589501932292,1.67682380794,10.9662873772
4.761428,1.00442518364,0.255251599126,10.6669185515,-0.635646721959,0.360778426111,10.4670977496
4.763094,1.11050253385,1.31602510123,10.6669185515,-1.09709461863,-0.773743454774,9.5140993697
4.76476,1.11050253385,1.42210245144,11.1015133995,-1.18938419796,-0.093030326243,9.46871849446
4.766426,1.21657988406,1.49282068491,11.3563543574,-0.77408109096,1.13225330511,10.6940021258
4.768092,1.21657988406,1.42210245144,10.9581653606,-0.543357142626,1.99448993459,10.8301447515
4.769758,1.14586165058,0.608842766494,10.8125419561,-0.820225880627,2.13063256029,10.1040507478
4.771424,1.18122076732,0.0784560154425,11.0287016972,-0.866370670294,2.31215606123,9.96790812205
4.77309,1.39337546774,0.820997466915,10.7397302538,-0.681791511626,2.266775186,10.3309551239
4.774756,1.60553016816,2.02320743597,10.4484834448,-0.589501932292,1.17763418035,10.6940021258
4.776422,1.46409370122,2.51823507028,10.5941068493,-0.681791511626,-0.138411201478,10.2401933735
4.778088,1.42873458448,2.51823507028,10.9581653606,-0.77408109096,-0.546839078597,9.46871849446
4.779754,1.67624840164,2.48287595354,10.9217595095,-0.727936301293,-0.00226857577218,9.60486112017
4.78142,1.85304398532,3.0110527598,10.4120775936,-0.358777983958,0.678444552759,10.3763359992
4.783086,1.74696663511,3.2939256937,10.3028600402,-0.266488404624,1.04149155464,10.1948124982
4.784752,1.67624840164,2.76353894264,10.3756717425,-0.312633194291,0.905348928936,9.78638462111
4.786418,1.57017105143,2.23536213639,10.3392658914,-0.312633194291,0.905348928936,9.92252724682
4.788084,1.46409370122,2.48287595354,10.3028600402,-0.404922773625,0.542301927053,10.2855742487
4.78975,1.53481193469,3.0110527598,10.4120775936,-0.451067563292,0.0431122994632,10.4670977496
4.791416,1.39337546774,2.44751683681,10.8125419561,-0.358777983958,-0.456077328126,10.3763359992
4.793082,1.42873458448,1.49282068491,11.2107309529,-0.589501932292,-1.00064783095,9.92252724682
4.794748,1.39337546774,0.891715700389,11.1379192506,-0.681791511626,-1.45445658331,10.0132889973
4.796414,1.42873458448,0.644201883231,10.5941068493,-0.589501932292,-1.27293308236,10.3763359992
4.79808,1.32265723427,0.21989248239,10.5941068493,-0.77408109096,-0.592219953833,10.3309551239
4.799746,1.07514341711,-0.876240136451,11.3563543574,-0.912515459961,0.587682802288,10.3763359992
4.801412,1.18122076732,-0.66408543603,11.2835426551,-0.820225880627,1.67682380794,10.6940021258
4.803078,1.21657988406,0.573483649758,10.7761361049,-0.820225880627,1.6314429327,10.8755256268
4.804744,1.28729811753,1.88177096902,10.521295147,-0.77408109096,1.26839593082,10.7393830011
4.80641,1.25193900079,1.95248920249,11.2107309529,-0.866370670294,1.26839593082,10.5124786249
4.808076,1.18122076732,1.06851128407,11.6840070176,-0.820225880627,1.90372818412,10.7847638763
4.809742,1.21657988406,0.679560999968,11.2107309529,-0.866370670294,2.67520306312,10.920906502
4.811408,1.18122076732,0.573483649758,10.7761361049,-0.727936301293,2.85672656406,11.0570491277
4.813074,1.18122076732,0.573483649758,10.8853536583,-0.912515459961,2.17601343553,10.7393830011
4.81474,1.07514341711,0.396688066074,11.247136804,-1.09709461863,1.67682380794,10.149431623
4.816406,1.03978430037,0.644201883231,11.0287016972,-1.14323940829,1.35915768129,10.0586698725
4.818072,1.07514341711,1.28066598449,10.7761361049,-1.05094982896,1.22301505558,10.3309551239
4.819738,1.07514341711,1.35138421797,10.8853536583,-1.00480503929,1.17763418035,10.3309551239
4.821404,1.18122076732,1.06851128407,11.1743251017,-1.00480503929,1.08687242988,10.149431623
4.82307,1.07514341711,1.20994775102,11.1379192506,-1.00480503929,0.814587178465,10.149431623
4.824736,1.11050253385,1.84641185228,10.8853536583,-0.958660249627,0.406159301347,10.3309551239
4.826402,1.03978430037,2.23536213639,11.1379192506,-0.912515459961,0.0884931746987,10.1948124982
4.828068,1.00442518364,1.70497538534,11.538383613,-1.05094982896,0.224635800405,10.0132889973
4.829734,0.933706950163,0.502765416284,11.793224571,-1.00480503929,0.406159301347,10.149431623
4.8314,1.07514341711,0.502765416284,11.2835426551,-0.912515459961,0.133874049934,10.3309551239
4.833066,1.18122076732,1.20994775102,10.9922958461,-0.866370670294,-0.546839078597,9.96790812205
4.834732,1.21657988406,1.63425715186,11.4655719108,-0.681791511626,-1.22755220713,10.1040507478
4.836398,1.21657988406,1.59889803512,11.793224571,-0.958660249627,-1.3183139576,9.92252724682
4.838064,1.07514341711,0.962433933862,11.7568187198,-1.09709461863,-0.501458203362,9.92252724682
4.83973,1.07514341711,0.856356583652,11.4655719108,-1.05094982896,0.360778426111,10.1948124982
4.841396,1.14586165058,1.24530686776,10.9922958461,-0.912515459961,0.859968053701,10.4670977496
4.843062,1.18122076732,1.63425715186,10.7397302538,-0.958660249627,1.04149155464,10.3309551239
4.844728,1.14586165058,2.12928478618,11.5747894642,-1.00480503929,1.17763418035,10.2401933735
4.846394,1.11050253385,2.44751683681,11.793224571,-0.912515459961,1.35915768129,10.3763359992
4.84806,1.21657988406,2.55359418702,11.6840070176,-0.820225880627,1.58606205747,10.2855742487
4.849726,1.32265723427,2.0585665527,11.3563543574,-0.727936301293,1.76758555841,10.1948124982
4.851392,1.42873458448,1.35138421797,11.0651075483,-0.820225880627,1.44991943176,10.0132889973
4.853058,1.32265723427,1.10387040081,10.8125419561,-0.820225880627,1.08687242988,10.0132889973
4.854724,1.21657988406,1.3867433347,10.7397302538,-0.77408109096,0.633063677524,10.1040507478
4.85639,1.18122076732,1.6696162686,10.9217595095,-0.912515459961,0.224635800405,9.74100374588
4.858056,1.18122076732,1.3867433347,11.1379192506,-0.958660249627,0.451540176582,9.74100374588
4.859722,1.11050253385,1.06851128407,11.1015133995,-0.866370670294,0.996110679407,10.0132889973
4.861388,1.28729811753,1.13922951755,10.8125419561,-0.727936301293,1.13225330511,10.1040507478
4.863054,1.32265723427,1.49282068491,10.521295147,-0.681791511626,0.814587178465,10.1040507478
4.86472,1.35801635101,1.49282068491,10.7397302538,-0.635646721959,0.451540176582,10.0132889973
4.866386,1.35801635101,1.28066598449,10.8853536583,-0.681791511626,0.360778426111,9.92252724682
4.868052,1.28729811753,1.10387040081,10.8125419561,-0.589501932292,0.406159301347,10.1040507478
4.869718,1.35801635101,1.03315216734,10.5941068493,-0.589501932292,0.224635800405,10.2401933735
4.871384,1.39337546774,0.608842766494,10.521295147,-0.589501932292,0.360778426111,10.1040507478
4.87305,1.42873458448,0.396688066074,10.6305127004,-0.543357142626,0.859968053701,10.149431623
4.874716,1.46409370122,0.361328949337,10.7761361049,-0.497212352959,1.04149155464,10.4670977496
4.876382,1.42873458448,0.255251599126,10.7397302538,-0.589501932292,0.996110679407,10.5124786249
4.878048,1.35801635101,0.43204718281,10.7033244027,-0.681791511626,0.814587178465,10.2401933735
4.879714,1.32265723427,0.467406299547,10.6305127004,-0.820225880627,1.08687242988,9.96790812205
4.88138,1.39337546774,0.820997466915,10.4120775936,-0.820225880627,1.72220468317,10.1040507478
4.883046,1.39337546774,1.10387040081,10.3028600402,-0.681791511626,2.35753693647,10.5578595001
4.884712,1.25193900079,1.13922951755,10.3028600402,-0.589501932292,2.58444131265,10.4670977496
4.886378,1.25193900079,1.17458863428,10.521295147,-0.589501932292,2.62982218788,10.2401933735
4.888044,1.32265723427,1.20994775102,10.4484834448,-0.820225880627,2.31215606123,9.87714637158
4.88971,1.21657988406,1.42210245144,10.3392658914,-0.681791511626,2.266775186,10.0132889973
4.891376,1.28729811753,1.17458863428,10.3392658914,-0.497212352959,2.03987080982,10.3763359992
4.893042,1.28729811753,0.997793050599,10.3392658914,-0.635646721959,1.22301505558,10.4217168744
4.894708,1.39337546774,1.06851128407,10.4484834448,-0.635646721959,0.451540176582,10.2855742487
4.896374,1.46409370122,1.28066598449,10.4848892959,-0.727936301293,0.133874049934,9.74100374588
4.89804,1.49945281795,1.45746156818,10.6669185515,-0.589501932292,0.0431122994632,9.92252724682
4.899706,1.60553016816,1.63425715186,10.5577009981,-0.451067563292,-0.00226857577218,10.1948124982
4.901372,1.46409370122,1.52817980165,10.4848892959,-0.358777983958,-0.0476494510076,10.0132889973
4.903038,1.49945281795,1.70497538534,10.3028600402,-0.404922773625,-0.31993470242,9.92252724682
4.904704,1.57017105143,2.20000301965,10.2664541891,-0.358777983958,-0.637600829068,9.92252724682
4.90637,1.39337546774,2.20000301965,10.4848892959,-0.451067563292,-0.682981704304,9.74100374588
4.908036,1.46409370122,2.30608036986,10.6669185515,-0.543357142626,-0.365315577656,9.83176549635
4.909702,1.39337546774,2.30608036986,10.5941068493,-0.543357142626,-0.093030326243,10.1040507478
4.911368,1.42873458448,1.95248920249,10.7397302538,-0.589501932292,0.0884931746987,10.1040507478
4.913034,1.42873458448,1.91713008576,10.8125419561,-0.681791511626,0.0884931746987,10.0132889973
4.9147,1.32265723427,1.77569361881,10.7397302538,-0.820225880627,0.0884931746987,9.96790812205
4.916366,1.21657988406,1.77569361881,10.7033244027,-0.820225880627,0.224635800405,9.92252724682
4.918032,1.21657988406,1.59889803512,10.6305127004,-0.77408109096,0.406159301347,9.96790812205
4.919698,1.21657988406,1.6696162686,10.4848892959,-0.912515459961,0.814587178465,9.83176549635
4.921364,1.11050253385,1.56353891839,10.521295147,-0.912515459961,1.35915768129,9.74100374588
4.92303,1.11050253385,1.56353891839,10.4120775936,-0.820225880627,1.81296643364,10.0132889973
4.924696,1.07514341711,1.35138421797,10.6305127004,-0.820225880627,1.99448993459,10.0132889973
4.926362,1.07514341711,1.06851128407,10.8853536583,-0.958660249627,2.03987080982,9.96790812205
4.928028,1.11050253385,1.31602510123,10.9581653606,-1.00480503929,1.85834730888,10.0132889973
4.929694,1.00442518364,1.24530686776,10.9217595095,-1.05094982896,1.76758555841,9.96790812205
4.93136,0.933706950163,1.06851128407,10.9922958461,-0.958660249627,1.58606205747,10.1040507478
4.933026,0.933706950163,0.750279233442,11.1379192506,-1.00480503929,1.17763418035,10.2401933735
4.934692,1.00442518364,0.502765416284,10.9922958461,-0.958660249627,1.08687242988,10.149431623
4.936358,1.00442518364,0.361328949337,10.7761361049,-0.912515459961,0.950729804172,10.0132889973
4.938024,1.07514341711,0.149174248916,10.6305127004,-0.958660249627,0.814587178465,9.92252724682
4.93969,1.03978430037,0.149174248916,10.5577009981,-0.958660249627,0.723825427995,9.92252724682
4.941356,1.03978430037,0.361328949337,10.8125419561,-0.958660249627,0.451540176582,10.0586698725
4.943022,1.11050253385,0.785638350178,10.9922958461,-1.00480503929,0.315397550876,10.0132889973
4.944688,0.933706950163,0.891715700389,11.2107309529,-1.00480503929,0.360778426111,10.0132889973
4.946354,1.00442518364,1.03315216734,11.1379192506,-1.05094982896,0.496921051817,10.0586698725
4.94802,0.898347833427,0.997793050599,11.0651075483,-1.18938419796,0.633063677524,10.0586698725
4.949686,0.898347833427,1.28066598449,10.9922958461,-1.23552898763,0.905348928936,9.96790812205
4.951352,0.898347833427,1.59889803512,10.9922958461,-1.2816737773,1.22301505558,10.1040507478
4.953018,0.721552249743,1.42210245144,11.1015133995,-1.32781856696,1.40453855653,10.149431623
4.954684,0.686193133006,1.35138421797,11.3563543574,-1.32781856696,1.44991943176,10.1040507478
4.95635,0.756911366479,1.31602510123,11.2835426551,-1.37396335663,1.13225330511,10.1040507478
4.958016,0.933706950163,1.35138421797,11.2107309529,-1.2816737773,1.04149155464,10.0132889973
4.959682,0.933706950163,1.6696162686,11.2107309529,-1.2816737773,0.996110679407,9.96790812205
4.961348,0.933706950163,1.6696162686,11.247136804,-1.09709461863,0.905348928936,10.2855742487
4.963014,1.00442518364,1.45746156818,11.4291660597,-1.05094982896,0.723825427995,10.2855742487
4.96468,1.03978430037,1.20994775102,11.3563543574,-1.05094982896,0.542301927053,10.2855742487
4.966346,0.9690660669,1.06851128407,11.2835426551,-0.958660249627,0.633063677524,10.2401933735
4.968012,1.03978430037,1.28066598449,11.1379192506,-1.09709461863,0.496921051817,10.1040507478
4.969678,1.00442518364,1.3867433347,11.2107309529,-1.05094982896,0.315397550876,10.1948124982
4.971344,0.933706950163,1.49282068491,11.2107309529,-1.05094982896,0.27001667564,10.1040507478
4.97301,0.933706950163,1.6696162686,11.1743251017,-1.09709461863,0.17925492517,10.0586698725
4.974676,0.898347833427,1.74033450207,11.0287016972,-1.00480503929,0.133874049934,10.1040507478
4.976342,1.00442518364,1.59889803512,11.1743251017,-1.05094982896,-0.093030326243,10.0132889973
4.978008,1.00442518364,1.45746156818,11.2107309529,-1.00480503929,-0.31993470242,10.0586698725
4.979674,1.03978430037,1.56353891839,11.1379192506,-1.00480503929,-0.501458203362,10.1040507478
4.98134,1.03978430037,1.77569361881,11.1015133995,-1.00480503929,-0.456077328126,10.1948124982
4.983006,0.933706950163,1.84641185228,10.9581653606,-1.18938419796,-0.229172951949,10.149431623
4.984672,1.03978430037,1.88177096902,11.0287016972,-1.14323940829,0.0884931746987,10.2401933735
4.986338,1.03978430037,1.59889803512,11.0651075483,-1.00480503929,0.406159301347,10.3309551239
4.988004,1.14586165058,1.59889803512,10.8853536583,-0.958660249627,0.542301927053,10.3763359992
4.98967,1.21657988406,1.74033450207,10.7761361049,-0.958660249627,0.587682802288,10.3309551239
4.991336,1.18122076732,1.88177096902,10.7761361049,-0.866370670294,0.859968053701,10.4217168744
4.993002,1.18122076732,1.95248920249,10.9922958461,-0.866370670294,0.950729804172,10.5124786249
4.994668,1.18122076732,1.6696162686,11.0287016972,-0.912515459961,1.26839593082,10.4217168744
4.996334,1.14586165058,1.45746156818,10.9217595095,-0.958660249627,1.54068118223,10.4217168744
4.998,1.11050253385,1.13922951755,10.7397302538,-0.866370670294,1.67682380794,10.5578595001
4.999666,1.07514341711,0.785638350178,10.7761361049,-1.00480503929,1.54068118223,10.4217168744
5.001332,1.03978430037,0.644201883231,10.9217595095,-0.958660249627,1.58606205747,10.3763359992
5.002998,1.07514341711,0.467406299547,10.9922958461,-0.912515459961,1.54068118223,10.4670977496
5.004664,1.00442518364,0.21989248239,10.9217595095,-0.866370670294,1.40453855653,10.4670977496
5.00633,1.18122076732,0.21989248239,10.7397302538,-0.820225880627,1.17763418035,10.4670977496
5.007996,1.14586165058,0.113815132179,10.6305127004,-0.77408109096,0.905348928936,10.4670977496
5.009662,1.14586165058,0.21989248239,10.6669185515,-0.912515459961,0.542301927053,10.2855742487
5.011328,1.18122076732,0.467406299547,10.8125419561,-0.912515459961,0.633063677524,10.2855742487
5.012994,1.03978430037,0.679560999968,10.7761361049,-0.820225880627,1.08687242988,10.3763359992
5.01466,1.11050253385,0.820997466915,10.9922958461,-0.866370670294,1.26839593082,10.5124786249
5.016326,1.07514341711,0.820997466915,10.9217595095,-0.912515459961,1.17763418035,10.5124786249
5.017992,1.14586165058,1.10387040081,10.7761361049,-0.958660249627,0.859968053701,10.1948124982
5.019658,1.14586165058,1.49282068491,10.7033244027,-0.958660249627,0.633063677524,10.149431623
5.021324,1.14586165058,1.91713008576,10.521295147,-0.958660249627,0.633063677524,10.1948124982
5.02299,1.14586165058,2.20000301965,10.7761361049,-0.912515459961,0.587682802288,10.2401933735
5.024656,1.18122076732,2.0585665527,11.0287016972,-0.77408109096,0.587682802288,10.2855742487
5.026322,1.32265723427,1.91713008576,11.0287016972,-0.866370670294,0.496921051817,10.0132889973
5.027988,1.28729811753,1.91713008576,10.8853536583,-0.866370670294,0.587682802288,10.0586698725
5.029654,1.21657988406,1.84641185228,10.8125419561,-0.866370670294,0.76920630323,10.0586698725
5.03132,1.21657988406,1.95248920249,10.9217595095,-0.866370670294,0.905348928936,10.149431623
5.032986,1.21657988406,2.0585665527,10.9922958461,-0.77408109096,0.814587178465,10.2401933735
5.034652,1.03978430037,2.12928478618,11.0651075483,-1.00480503929,0.633063677524,9.92252724682
5.036318,1.03978430037,2.02320743597,10.8853536583,-1.00480503929,0.678444552759,9.87714637158
5.037984,1.00442518364,1.81105273555,10.8853536583,-1.05094982896,0.587682802288,9.96790812205
5.03965,0.933706950163,1.42210245144,10.9217595095,-1.14323940829,0.587682802288,9.83176549635
5.041316,0.86298871669,1.13922951755,10.9922958461,-1.14323940829,0.723825427995,9.6502419954
5.042982,0.756911366479,1.06851128407,10.8125419561,-1.18938419796,0.859968053701,9.6502419954
5.044648,0.792270483216,0.997793050599,10.9581653606,-1.14323940829,0.905348928936,9.74100374588
5.046314,0.86298871669,1.03315216734,11.0287016972,-1.14323940829,0.814587178465,9.74100374588
5.04798,0.933706950163,1.24530686776,11.0287016972,-1.09709461863,0.678444552759,9.83176549635
5.049646,0.933706950163,1.35138421797,11.0651075483,-1.05094982896,0.542301927053,9.78638462111
5.051312,0.9690660669,1.45746156818,10.9922958461,-1.09709461863,0.542301927053,9.83176549635
5.052978,0.9690660669,1.3867433347,11.0651075483,-1.00480503929,0.678444552759,9.96790812205
5.054644,1.00442518364,1.3867433347,10.9922958461,-1.09709461863,0.814587178465,9.78638462111
5.05631,1.07514341711,1.59889803512,10.8853536583,-1.09709461863,0.996110679407,9.87714637158
5.057976,0.9690660669,1.59889803512,10.8853536583,-1.00480503929,1.22301505558,10.0132889973
5.059642,0.898347833427,1.74033450207,10.7761361049,-1.14323940829,1.35915768129,9.92252724682
5.061308,0.933706950163,1.74033450207,10.8489478072,-1.09709461863,1.44991943176,10.0132889973
5.062974,1.00442518364,1.6696162686,10.8125419561,-0.958660249627,1.35915768129,10.1040507478
5.06464,1.11050253385,1.63425715186,10.8125419561,-1.09709461863,0.950729804172,9.92252724682
5.066306,1.07514341711,1.56353891839,10.8125419561,-1.05094982896,0.859968053701,9.87714637158
5.067972,1.07514341711,1.52817980165,10.7397302538,-1.05094982896,0.996110679407,9.92252724682
5.069638,1.03978430037,1.31602510123,10.8125419561,-1.00480503929,1.31377680606,9.96790812205
5.071304,1.03978430037,1.17458863428,10.8489478072,-0.958660249627,1.54068118223,10.0132889973
5.07297,1.00442518364,0.962433933862,10.9217595095,-1.00480503929,1.44991943176,10.0586698725
5.074636,1.00442518364,0.820997466915,10.7397302538,-0.958660249627,1.40453855653,10.0586698725
5.076302,0.9690660669,0.785638350178,10.7397302538,-0.958660249627,1.35915768129,10.1040507478
5.077968,1.07514341711,0.785638350178,10.8125419561,-0.958660249627,1.17763418035,10.149431623
5.079634,1.07514341711,0.750279233442,10.8125419561,-0.958660249627,0.950729804172,10.1948124982
5.0813,1.03978430037,0.467406299547,10.7761361049,-0.958660249627,0.678444552759,10.149431623
5.082966,1.11050253385,0.538124533021,10.8125419561,-0.912515459961,0.723825427995,10.149431623
5.084632,1.18122076732,0.714920116705,10.8125419561,-0.958660249627,0.723825427995,10.149431623
5.086298,1.21657988406,1.03315216734,10.9922958461,-0.820225880627,0.950729804172,10.2855742487
5.087964,1.21657988406,1.10387040081,10.8853536583,-0.77408109096,0.905348928936,10.2855742487
5.08963,1.21657988406,1.20994775102,10.7033244027,-0.77408109096,0.76920630323,10.1948124982
5.091296,1.35801635101,1.45746156818,10.5577009981,-0.681791511626,0.678444552759,10.2401933735
5.092962,1.42873458448,1.88177096902,10.521295147,-0.681791511626,0.587682802288,10.2855742487
5.094628,1.35801635101,2.0585665527,10.5577009981,-0.635646721959,0.542301927053,10.2855742487
5.096294,1.49945281795,2.41215772007,10.7033244027,-0.497212352959,0.723825427995,10.4217168744
5.09796,1.46409370122,2.3414394866,10.7397302538,-0.589501932292,0.633063677524,10.4217168744
5.099626,1.46409370122,2.09392566944,10.7033244027,-0.681791511626,0.496921051817,10.2855742487
5.101292,1.42873458448,1.88177096902,10.7033244027,-0.681791511626,0.496921051817,10.3309551239
5.102958,1.28729811753,1.81105273555,10.5577009981,-0.681791511626,0.451540176582,10.3763359992
5.104624,1.32265723427,1.84641185228,10.7033244027,-0.727936301293,0.360778426111,10.3309551239
5.10629,1.35801635101,1.84641185228,10.7033244027,-0.727936301293,0.360778426111,10.2855742487
5.107956,1.35801635101,1.77569361881,10.6669185515,-0.77408109096,0.224635800405,10.2401933735
5.109622,1.28729811753,1.52817980165,10.7033244027,-0.77408109096,0.315397550876,10.1948124982
5.111288,1.21657988406,1.28066598449,10.5941068493,-0.635646721959,0.496921051817,10.2855742487
5.112954,1.25193900079,1.20994775102,10.7033244027,-0.77408109096,0.496921051817,10.2401933735
5.11462,1.21657988406,1.03315216734,10.7033244027,-0.77408109096,0.723825427995,10.2401933735
5.116286,1.28729811753,1.06851128407,10.7761361049,-0.681791511626,0.996110679407,10.4217168744
5.117952,1.18122076732,0.927074817126,10.8125419561,-0.77408109096,0.950729804172,10.3309551239
5.119618,1.18122076732,0.750279233442,10.7761361049,-0.77408109096,0.950729804172,10.3763359992
5.121284,1.28729811753,0.714920116705,10.8125419561,-0.77408109096,0.814587178465,10.3763359992
5.12295,1.25193900079,0.750279233442,10.8125419561,-0.866370670294,0.76920630323,10.2855742487
5.124616,1.14586165058,0.927074817126,10.9922958461,-0.866370670294,0.76920630323,10.2855742487
5.126282,1.18122076732,0.962433933862,10.9581653606,-0.820225880627,0.996110679407,10.3763359992
5.127948,1.18122076732,0.927074817126,10.9581653606,-0.77408109096,1.13225330511,10.5578595001
5.129614,1.11050253385,0.927074817126,10.9922958461,-0.912515459961,1.04149155464,10.4217168744
5.13128,1.11050253385,1.06851128407,10.9922958461,-0.958660249627,1.04149155464,10.3763359992
5.132946,1.03978430037,1.06851128407,10.9217595095,-0.958660249627,1.04149155464,10.3763359992
5.134612,1.11050253385,1.17458863428,11.0651075483,-0.958660249627,1.08687242988,10.4217168744
5.136278,1.14586165058,1.28066598449,11.0287016972,-0.958660249627,1.04149155464,10.3763359992
5.137944,1.18122076732,1.35138421797,10.9922958461,-0.958660249627,0.814587178465,10.2855742487
5.13961,1.14586165058,1.3867433347,11.0287016972,-1.00480503929,0.633063677524,10.2401933735
5.141276,1.03978430037,1.28066598449,10.9922958461,-0.958660249627,0.587682802288,10.149431623
5.142942,1.07514341711,1.20994775102,11.0651075483,-0.958660249627,0.633063677524,10.1948124982
5.144608,1.07514341711,1.03315216734,11.1015133995,-0.866370670294,0.678444552759,10.2401933735
5.146274,1.14586165058,0.997793050599,11.1743251017,-1.00480503929,0.542301927053,10.1040507478
5.14794,1.07514341711,0.927074817126,11.1379192506,-0.958660249627,0.542301927053,10.149431623
5.149606,1.00442518364,0.927074817126,11.1015133995,-0.912515459961,0.451540176582,10.1948124982
5.151272,0.9690660669,0.927074817126,11.1743251017,-1.05094982896,0.315397550876,10.0132889973
5.152938,1.00442518364,0.997793050599,11.2107309529,-1.05094982896,0.496921051817,10.0586698725
5.154604,0.9690660669,1.06851128407,11.3199485063,-1.00480503929,0.633063677524,10.149431623
5.15627,1.03978430037,0.927074817126,11.3199485063,-1.00480503929,0.587682802288,10.149431623
5.157936,1.00442518364,0.997793050599,11.2107309529,-1.05094982896,0.496921051817,10.0586698725
5.159602,0.9690660669,0.997793050599,11.2107309529,-1.05094982896,0.542301927053,9.96790812205
5.161268,1.03978430037,1.17458863428,11.2107309529,-1.09709461863,0.678444552759,9.96790812205
5.162934,0.933706950163,1.31602510123,11.247136804,-1.05094982896,0.814587178465,10.0586698725
5.1646,1.00442518364,1.3867433347,11.1743251017,-1.09709461863,0.905348928936,10.0132889973
5.166266,0.9690660669,1.56353891839,11.0651075483,-1.05094982896,0.996110679407,10.0132889973
5.167932,1.00442518364,1.77569361881,11.0651075483,-1.05094982896,0.859968053701,9.96790812205
5.169598,1.00442518364,1.77569361881,11.1015133995,-1.09709461863,0.76920630323,9.87714637158
5.171264,0.898347833427,1.63425715186,11.1743251017,-1.09709461863,0.633063677524,9.87714637158
5.17293,1.00442518364,1.49282068491,10.9922958461,-1.09709461863,0.633063677524,9.87714637158
5.174596,0.9690660669,1.3867433347,10.8853536583,-0.958660249627,0.723825427995,9.96790812205
5.176262,0.9690660669,1.52817980165,10.8489478072,-1.05094982896,0.542301927053,9.92252724682
5.177928,1.00442518364,1.56353891839,10.9581653606,-1.00480503929,0.587682802288,9.92252724682
5.179594,0.933706950163,1.3867433347,10.9922958461,-1.05094982896,0.587682802288,9.87714637158
5.18126,1.00442518364,1.42210245144,10.8853536583,-1.05094982896,0.542301927053,9.92252724682
5.182926,1.03978430037,1.13922951755,10.8853536583,-1.00480503929,0.496921051817,9.92252724682
5.184592,1.03978430037,1.03315216734,10.7761361049,-1.00480503929,0.587682802288,9.92252724682
5.186258,1.03978430037,1.10387040081,10.8125419561,-1.00480503929,0.633063677524,9.96790812205
5.187924,0.9690660669,0.997793050599,10.7397302538,-0.958660249627,0.76920630323,9.96790812205
5.18959,1.00442518364,1.10387040081,10.8125419561,-1.00480503929,0.859968053701,9.96790812205
5.191256,1.03978430037,1.03315216734,10.7761361049,-1.00480503929,0.905348928936,10.0132889973
5.192922,1.03978430037,0.962433933862,10.8125419561,-1.05094982896,0.996110679407,9.96790812205
5.194588,1.00442518364,0.891715700389,10.8125419561,-1.05094982896,1.08687242988,10.0586698725
5.196254,0.933706950163,0.856356583652,10.7397302538,-1.05094982896,1.13225330511,10.149431623
5.19792,1.00442518364,0.962433933862,10.8125419561,-0.958660249627,1.13225330511,10.2401933735
5.199586,1.03978430037,1.03315216734,10.7761361049,-1.05094982896,0.996110679407,10.1040507478
5.201252,1.07514341711,1.28066598449,10.8489478072,-1.00480503929,1.04149155464,10.1948124982
5.202918,1.07514341711,1.20994775102,10.7761361049,-0.866370670294,1.26839593082,10.3309551239
5.204584,1.07514341711,1.24530686776,10.7033244027,-0.958660249627,1.17763418035,10.1948124982
5.20625,1.11050253385,1.42210245144,10.6305127004,-0.820225880627,1.13225330511,10.2401933735
5.207916,1.18122076732,1.56353891839,10.6305127004,-0.866370670294,0.905348928936,10.1040507478
5.209582,1.11050253385,1.56353891839,10.6305127004,-0.820225880627,0.723825427995,10.0586698725
5.211248,1.21657988406,1.6696162686,10.6305127004,-0.727936301293,0.633063677524,10.149431623
5.212914,1.21657988406,1.6696162686,10.521295147,-0.77408109096,0.406159301347,10.149431623
5.21458,1.21657988406,1.63425715186,10.5577009981,-0.77408109096,0.315397550876,10.0586698725
5.216246,1.28729811753,1.6696162686,10.5941068493,-0.77408109096,0.360778426111,10.0586698725
5.217912,1.18122076732,1.63425715186,10.6305127004,-0.681791511626,0.406159301347,10.1948124982
5.219578,1.28729811753,1.70497538534,10.6305127004,-0.77408109096,0.315397550876,10.0586698725
5.221244,1.21657988406,1.77569361881,10.5577009981,-0.77408109096,0.27001667564,10.0586698725
5.22291,1.28729811753,1.6696162686,10.5941068493,-0.77408109096,0.224635800405,10.0132889973
5.224576,1.32265723427,1.59889803512,10.6305127004,-0.681791511626,0.406159301347,10.1040507478
5.226242,1.25193900079,1.56353891839,10.521295147,-0.727936301293,0.451540176582,10.1040507478
5.227908,1.28729811753,1.59889803512,10.6305127004,-0.77408109096,0.496921051817,10.0586698725
5.229574,1.28729811753,1.63425715186,10.6669185515,-0.77408109096,0.678444552759,10.0132889973
5.23124,1.28729811753,1.6696162686,10.7761361049,-0.77408109096,0.814587178465,10.0132889973
5.232906,1.21657988406,1.45746156818,10.7033244027,-0.820225880627,0.905348928936,10.0586698725
5.234572,1.18122076732,1.3867433347,10.6305127004,-0.77408109096,1.04149155464,10.1040507478
5.236238,1.18122076732,1.35138421797,10.6669185515,-0.912515459961,0.996110679407,10.0132889973
5.237904,1.18122076732,1.35138421797,10.7033244027,-0.866370670294,1.13225330511,10.0132889973
5.23957,1.21657988406,1.45746156818,10.8489478072,-0.820225880627,1.22301505558,10.0586698725
5.241236,1.21657988406,1.42210245144,10.7397302538,-0.820225880627,1.31377680606,10.0586698725
5.242902,1.21657988406,1.31602510123,10.7397302538,-0.820225880627,1.22301505558,10.0132889973
5.244568,1.25193900079,1.31602510123,10.7397302538,-0.820225880627,1.17763418035,10.0132889973
5.246234,1.28729811753,1.31602510123,10.7397302538,-0.77408109096,1.17763418035,10.0132889973
5.2479,1.18122076732,1.35138421797,10.8489478072,-0.820225880627,1.04149155464,10.0132889973
5.249566,1.25193900079,1.31602510123,10.7761361049,-0.77408109096,0.905348928936,10.0132889973
5.251232,1.21657988406,1.20994775102,10.8489478072,-0.77408109096,0.859968053701,10.0132889973
5.252898,1.21657988406,1.06851128407,10.8853536583,-0.77408109096,0.905348928936,10.0132889973
5.254564,1.21657988406,1.06851128407,10.9217595095,-0.681791511626,1.04149155464,10.1948124982
5.25623,1.14586165058,0.927074817126,10.8853536583,-0.866370670294,0.814587178465,10.0586698725
5.257896,1.18122076732,0.997793050599,10.9922958461,-0.866370670294,0.76920630323,10.0586698725
5.259562,1.18122076732,1.03315216734,11.0287016972,-0.866370670294,0.723825427995,10.0586698725
5.261228,1.14586165058,1.10387040081,11.0651075483,-0.912515459961,0.76920630323,10.0586698725
5.262894,1.18122076732,1.20994775102,11.1379192506,-0.912515459961,0.859968053701,10.0586698725
5.26456,1.11050253385,1.10387040081,11.0651075483,-0.820225880627,1.08687242988,10.149431623
5.266226,1.14586165058,1.10387040081,11.1379192506,-0.912515459961,1.04149155464,10.0586698725
5.267892,1.21657988406,1.06851128407,11.1379192506,-0.912515459961,1.13225330511,10.1040507478
5.269558,1.28729811753,1.17458863428,11.1379192506,-0.866370670294,1.22301505558,10.1948124982
5.271224,1.21657988406,1.13922951755,11.247136804,-0.866370670294,1.13225330511,10.149431623
5.27289,1.18122076732,1.06851128407,11.2107309529,-0.912515459961,0.996110679407,10.149431623
5.274556,1.18122076732,1.10387040081,11.247136804,-0.866370670294,0.996110679407,10.1948124982
5.276222,1.25193900079,1.06851128407,11.247136804,-0.866370670294,0.859968053701,10.1948124982
5.277888,1.18122076732,1.20994775102,11.3563543574,-0.866370670294,0.859968053701,10.1948124982
5.279554,1.28729811753,1.31602510123,11.247136804,-0.820225880627,0.859968053701,10.2401933735
5.28122,1.25193900079,1.31602510123,11.2107309529,-0.820225880627,0.76920630323,10.1948124982
5.282886,1.25193900079,1.31602510123,11.1743251017,-0.77408109096,0.723825427995,10.1948124982
5.284552,1.32265723427,1.3867433347,11.1379192506,-0.77408109096,0.587682802288,10.2401933735
5.286218,1.21657988406,1.31602510123,11.1015133995,-0.77408109096,0.542301927053,10.1948124982
5.287884,1.35801635101,1.42210245144,11.1015133995,-0.727936301293,0.633063677524,10.149431623
5.28955,1.35801635101,1.49282068491,11.0651075483,-0.543357142626,0.678444552759,10.3309551239
5.291216,1.39337546774,1.52817980165,11.0651075483,-0.681791511626,0.315397550876,10.2401933735
5.292882,1.46409370122,1.49282068491,11.0651075483,-0.681791511626,0.315397550876,10.149431623
5.294548,1.35801635101,1.42210245144,10.9581653606,-0.635646721959,0.17925492517,10.149431623
5.296214,1.39337546774,1.3867433347,11.0287016972,-0.681791511626,0.315397550876,10.149431623
5.29788,1.39337546774,1.31602510123,10.9922958461,-0.635646721959,0.496921051817,10.3309551239
5.299546,1.42873458448,1.3867433347,10.9217595095,-0.681791511626,0.587682802288,10.3763359992
5.301212,1.39337546774,1.31602510123,11.0287016972,-0.681791511626,0.633063677524,10.3309551239
5.302878,1.35801635101,1.28066598449,10.9217595095,-0.543357142626,0.814587178465,10.4670977496
5.304544,1.46409370122,1.31602510123,10.8853536583,-0.543357142626,0.950729804172,10.5124786249
5.30621,1.49945281795,1.31602510123,10.8853536583,-0.589501932292,0.950729804172,10.4670977496
5.307876,1.60553016816,1.35138421797,10.9217595095,-0.589501932292,0.996110679407,10.4217168744
5.309542,1.53481193469,1.31602510123,10.8853536583,-0.543357142626,0.996110679407,10.4670977496
5.311208,1.46409370122,1.17458863428,10.8125419561,-0.589501932292,1.08687242988,10.4217168744
5.312874,1.42873458448,1.06851128407,10.8125419561,-0.589501932292,1.13225330511,10.4670977496
5.31454,1.46409370122,0.997793050599,10.8489478072,-0.589501932292,1.13225330511,10.4670977496
5.316206,1.35801635101,0.820997466915,10.8125419561,-0.635646721959,1.17763418035,10.4217168744
5.317872,1.39337546774,0.927074817126,10.7397302538,-0.589501932292,1.22301505558,10.4217168744
5.319538,1.42873458448,0.962433933862,10.7397302538,-0.589501932292,1.13225330511,10.5124786249
5.321204,1.49945281795,1.06851128407,10.7761361049,-0.589501932292,1.04149155464,10.4670977496
5.32287,1.46409370122,1.06851128407,10.7761361049,-0.451067563292,0.905348928936,10.5578595001
5.324536,1.39337546774,1.06851128407,10.7033244027,-0.589501932292,0.723825427995,10.3763359992
5.326202,1.42873458448,1.10387040081,10.7033244027,-0.589501932292,0.678444552759,10.4217168744
5.327868,1.42873458448,1.13922951755,10.7761361049,-0.589501932292,0.723825427995,10.3763359992
5.329534,1.49945281795,1.13922951755,10.7761361049,-0.589501932292,0.76920630323,10.4217168744
5.3312,1.49945281795,1.10387040081,10.7761361049,-0.589501932292,0.678444552759,10.3763359992
5.332866,1.39337546774,1.20994775102,10.6669185515,-0.589501932292,0.678444552759,10.3309551239
5.334532,1.42873458448,1.42210245144,10.7397302538,-0.497212352959,0.678444552759,10.4670977496
5.336198,1.46409370122,1.49282068491,10.8125419561,-0.589501932292,0.542301927053,10.3309551239
5.337864,1.46409370122,1.6696162686,10.8489478072,-0.635646721959,0.542301927053,10.2855742487
5.33953,1.42873458448,1.56353891839,10.8125419561,-0.635646721959,0.542301927053,10.2855742487
5.341196,1.35801635101,1.49282068491,10.7397302538,-0.681791511626,0.587682802288,10.2401933735
5.342862,1.32265723427,1.3867433347,10.7761361049,-0.77408109096,0.678444552759,10.149431623
5.344528,1.32265723427,1.45746156818,10.8125419561,-0.727936301293,0.76920630323,10.149431623
5.346194,1.35801635101,1.63425715186,10.9581653606,-0.77408109096,0.905348928936,10.1040507478
5.34786,1.32265723427,1.56353891839,10.8489478072,-0.77408109096,0.950729804172,10.1040507478
5.349526,1.25193900079,1.49282068491,10.8125419561,-0.77408109096,0.814587178465,10.1040507478
5.351192,1.28729811753,1.45746156818,10.8125419561,-0.727936301293,0.76920630323,10.0586698725
5.352858,1.28729811753,1.49282068491,10.8489478072,-0.820225880627,0.587682802288,9.96790812205
5.354524,1.14586165058,1.45746156818,10.9581653606,-0.820225880627,0.587682802288,9.96790812205
5.35619,1.21657988406,1.3867433347,10.8489478072,-0.820225880627,0.678444552759,9.92252724682
5.357856,1.14586165058,1.31602510123,10.7761361049,-0.820225880627,0.814587178465,9.92252724682
5.359522,1.14586165058,1.20994775102,10.8125419561,-0.866370670294,0.814587178465,9.83176549635
5.361188,1.18122076732,1.28066598449,10.8125419561,-0.820225880627,0.814587178465,9.83176549635
5.362854,1.07514341711,1.31602510123,10.8489478072,-0.866370670294,0.723825427995,9.74100374588
5.36452,1.18122076732,1.56353891839,10.7761361049,-0.866370670294,0.723825427995,9.78638462111
5.366186,1.14586165058,1.56353891839,10.8125419561,-0.866370670294,0.587682802288,9.83176549635
5.367852,1.18122076732,1.45746156818,10.8489478072,-0.866370670294,0.587682802288,9.74100374588
5.369518,1.18122076732,1.3867433347,10.8125419561,-0.866370670294,0.633063677524,9.74100374588
5.371184,1.11050253385,1.20994775102,10.7033244027,-0.820225880627,0.859968053701,9.83176549635
5.37285,1.14586165058,1.3867433347,10.7761361049,-0.866370670294,0.859968053701,9.78638462111
5.374516,1.14586165058,1.35138421797,10.8853536583,-0.912515459961,0.950729804172,9.78638462111
5.376182,1.21657988406,1.35138421797,10.8853536583,-0.912515459961,1.04149155464,9.78638462111
5.377848,1.11050253385,1.35138421797,10.8125419561,-0.866370670294,1.08687242988,9.87714637158
5.379514,1.07514341711,1.28066598449,10.7397302538,-0.912515459961,1.08687242988,9.87714637158
5.38118,1.07514341711,1.17458863428,10.8125419561,-0.958660249627,0.996110679407,9.83176549635
5.382846,1.11050253385,1.20994775102,10.8853536583,-0.958660249627,0.996110679407,9.78638462111
5.384512,1.07514341711,1.28066598449,10.9922958461,-0.958660249627,1.13225330511,9.78638462111
5.386178,1.07514341711,1.20994775102,10.8853536583,-0.958660249627,1.35915768129,9.87714637158
5.387844,1.07514341711,1.06851128407,10.8853536583,-0.958660249627,1.35915768129,9.87714637158
5.38951,1.07514341711,0.927074817126,10.8853536583,-0.912515459961,1.31377680606,9.92252724682
5.391176,1.07514341711,0.927074817126,10.8853536583,-0.912515459961,1.22301505558,9.83176549635
5.392842,1.03978430037,1.06851128407,10.9217595095,-0.912515459961,1.13225330511,9.87714637158
5.394508,1.14586165058,1.06851128407,10.9217595095,-0.912515459961,1.04149155464,9.92252724682
5.396174,1.18122076732,1.06851128407,10.8853536583,-0.912515459961,0.905348928936,9.92252724682
5.39784,1.18122076732,1.06851128407,10.8853536583,-0.866370670294,0.859968053701,9.96790812205
5.399506,1.18122076732,1.06851128407,10.8853536583,-0.820225880627,0.814587178465,9.96790812205
5.401172,1.18122076732,1.06851128407,10.7761361049,-0.866370670294,0.76920630323,9.92252724682
5.402838,1.21657988406,1.20994775102,10.8853536583,-0.820225880627,0.723825427995,10.0132889973
5.404504,1.21657988406,1.31602510123,10.8853536583,-0.820225880627,0.633063677524,9.96790812205
5.40617,1.25193900079,1.45746156818,10.7761361049,-0.820225880627,0.587682802288,9.92252724682
5.407836,1.28729811753,1.52817980165,10.8125419561,-0.77408109096,0.542301927053,9.96790812205
5.409502,1.21657988406,1.52817980165,10.7397302538,-0.77408109096,0.542301927053,10.0132889973
5.411168,1.28729811753,1.63425715186,10.8125419561,-0.77408109096,0.496921051817,10.0132889973
5.412834,1.28729811753,1.6696162686,10.8125419561,-0.77408109096,0.451540176582,10.0586698725
5.4145,1.21657988406,1.74033450207,10.9217595095,-0.77408109096,0.587682802288,10.1040507478
5.416166,1.25193900079,1.59889803512,10.8853536583,-0.77408109096,0.678444552759,10.1040507478
5.417832,1.28729811753,1.49282068491,10.8489478072,-0.820225880627,0.678444552759,10.149431623
5.419498,1.25193900079,1.45746156818,10.8125419561,-0.820225880627,0.633063677524,10.1948124982
5.421164,1.28729811753,1.42210245144,10.9217595095,-0.77408109096,0.496921051817,10.149431623
5.42283,1.25193900079,1.42210245144,10.7761361049,-0.820225880627,0.587682802288,10.149431623
5.424496,1.28729811753,1.45746156818,10.8853536583,-0.820225880627,0.587682802288,10.2401933735
5.426162,1.28729811753,1.35138421797,10.8853536583,-0.820225880627,0.678444552759,10.1948124982
5.427828,1.32265723427,1.31602510123,10.8489478072,-0.77408109096,0.723825427995,10.1948124982
5.429494,1.28729811753,1.28066598449,10.8489478072,-0.820225880627,0.76920630323,10.1948124982
5.43116,1.21657988406,1.20994775102,10.7761361049,-0.820225880627,0.814587178465,10.2401933735
5.432826,1.25193900079,1.28066598449,10.8125419561,-0.820225880627,0.859968053701,10.2855742487
5.434492,1.28729811753,1.20994775102,10.8853536583,-0.77408109096,0.814587178465,10.2855742487
5.436158,1.21657988406,1.24530686776,10.9581653606,-0.77408109096,0.76920630323,10.2855742487
5.437824,1.28729811753,1.17458863428,10.8489478072,-0.77408109096,0.678444552759,10.3309551239
5.43949,1.25193900079,1.24530686776,10.7761361049,-0.77408109096,0.633063677524,10.2855742487
5.441156,1.32265723427,1.31602510123,10.8853536583,-0.77408109096,0.678444552759,10.3309551239
5.442822,1.32265723427,1.31602510123,10.9922958461,-0.681791511626,0.859968053701,10.4217168744
5.444488,1.18122076732,1.28066598449,11.0287016972,-0.727936301293,0.814587178465,10.4670977496
5.446154,1.28729811753,1.24530686776,10.9217595095,-0.820225880627,0.678444552759,10.3763359992
5.44782,1.28729811753,1.24530686776,10.8853536583,-0.820225880627,0.633063677524,10.3309551239
5.449486,1.28729811753,1.35138421797,10.9217595095,-0.820225880627,0.678444552759,10.3763359992
5.451152,1.28729811753,1.35138421797,11.0287016972,-0.820225880627,0.723825427995,10.3763359992
5.452818,1.21657988406,1.28066598449,10.9217595095,-0.820225880627,0.814587178465,10.4217168744
5.454484,1.28729811753,1.28066598449,11.0287016972,-0.820225880627,0.814587178465,10.4217168744
5.45615,1.28729811753,1.20994775102,10.9922958461,-0.820225880627,0.76920630323,10.3763359992
5.457816,1.25193900079,1.17458863428,10.9922958461,-0.820225880627,0.76920630323,10.3309551239
5.459482,1.25193900079,1.20994775102,11.0651075483,-0.77408109096,0.950729804172,10.3763359992
5.461148,1.18122076732,1.13922951755,10.9581653606,-0.727936301293,0.996110679407,10.4217168744
5.462814,1.21657988406,1.10387040081,11.0651075483,-0.727936301293,0.950729804172,10.3763359992
5.46448,1.25193900079,1.06851128407,11.0651075483,-0.866370670294,0.814587178465,10.2401933735
5.466146,1.35801635101,1.20994775102,11.1015133995,-0.866370670294,0.76920630323,10.2401933735
5.467812,1.25193900079,1.17458863428,11.1015133995,-0.820225880627,0.814587178465,10.2855742487
5.469478,1.21657988406,1.17458863428,11.0651075483,-0.866370670294,0.814587178465,10.2401933735
5.471144,1.21657988406,1.13922951755,11.1015133995,-0.866370670294,0.76920630323,10.2855742487
5.47281,1.21657988406,1.10387040081,11.1743251017,-0.866370670294,0.678444552759,10.2401933735
5.474476,1.14586165058,1.06851128407,11.0651075483,-0.866370670294,0.678444552759,10.2401933735
5.476142,1.21657988406,1.20994775102,11.0651075483,-0.77408109096,0.723825427995,10.2855742487
5.477808,1.21657988406,1.31602510123,11.0651075483,-0.866370670294,0.633063677524,10.1948124982
5.479474,1.25193900079,1.42210245144,11.0651075483,-0.866370670294,0.633063677524,10.149431623
5.48114,1.21657988406,1.45746156818,11.1015133995,-0.866370670294,0.678444552759,10.1040507478
5.482806,1.18122076732,1.45746156818,10.9922958461,-0.77408109096,0.859968053701,10.1948124982
5.484472,1.21657988406,1.45746156818,11.0287016972,-0.866370670294,0.678444552759,10.1040507478
5.486138,1.25193900079,1.45746156818,11.0651075483,-0.866370670294,0.633063677524,10.0132889973
5.487804,1.32265723427,1.59889803512,11.1015133995,-0.820225880627,0.678444552759,10.0586698725
5.48947,1.21657988406,1.49282068491,11.0287016972,-0.912515459961,0.633063677524,10.0132889973
5.491136,1.18122076732,1.42210245144,10.9217595095,-0.866370670294,0.723825427995,10.0586698725
5.492802,1.21657988406,1.3867433347,10.9217595095,-0.866370670294,0.814587178465,10.0586698725
5.494468,1.21657988406,1.35138421797,10.9922958461,-0.866370670294,0.814587178465,10.0586698725
5.496134,1.14586165058,1.24530686776,10.8489478072,-0.866370670294,0.905348928936,10.0586698725
5.4978,1.18122076732,1.24530686776,10.9217595095,-0.820225880627,0.950729804172,10.1040507478
5.499466,1.18122076732,1.20994775102,10.9217595095,-0.866370670294,0.905348928936,10.0586698725
5.501132,1.21657988406,1.13922951755,10.8853536583,-0.866370670294,0.905348928936,10.0586698725
5.502798,1.21657988406,1.17458863428,10.8853536583,-0.820225880627,0.996110679407,10.0586698725
5.504464,1.14586165058,1.10387040081,10.7761361049,-0.77408109096,1.08687242988,10.1040507478
5.50613,1.18122076732,1.10387040081,10.8125419561,-0.866370670294,1.04149155464,10.0132889973
5.507796,1.18122076732,1.10387040081,10.7761361049,-0.820225880627,1.04149155464,10.0586698725
5.509462,1.21657988406,1.20994775102,10.7761361049,-0.820225880627,1.08687242988,10.0586698725
5.511128,1.18122076732,1.10387040081,10.8125419561,-0.820225880627,1.04149155464,10.0586698725
5.512794,1.18122076732,1.06851128407,10.7033244027,-0.820225880627,1.08687242988,10.0586698725
5.51446,1.21657988406,1.06851128407,10.7033244027,-0.820225880627,0.950729804172,10.1040507478
5.516126,1.25193900079,1.17458863428,10.7033244027,-0.77408109096,0.905348928936,10.1040507478
5.517792,1.39337546774,1.24530686776,10.7033244027,-0.77408109096,0.905348928936,10.0586698725
5.519458,1.28729811753,1.35138421797,10.7033244027,-0.635646721959,1.04149155464,10.1948124982
5.521124,1.28729811753,1.35138421797,10.6305127004,-0.727936301293,0.905348928936,10.1040507478
5.52279,1.35801635101,1.3867433347,10.6305127004,-0.727936301293,0.905348928936,10.1040507478
5.524456,1.35801635101,1.3867433347,10.6305127004,-0.589501932292,0.950729804172,10.1948124982
5.526122,1.39337546774,1.49282068491,10.6669185515,-0.727936301293,0.76920630323,10.0586698725
5.527788,1.32265723427,1.42210245144,10.6305127004,-0.727936301293,0.814587178465,10.0586698725
5.529454,1.28729811753,1.45746156818,10.5941068493,-0.727936301293,0.814587178465,10.1040507478
5.53112,1.32265723427,1.42210245144,10.6305127004,-0.727936301293,0.76920630323,10.0586698725
5.532786,1.32265723427,1.42210245144,10.6305127004,-0.727936301293,0.76920630323,10.0586698725
5.534452,1.25193900079,1.3867433347,10.7033244027,-0.727936301293,0.76920630323,10.1040507478
5.536118,1.32265723427,1.35138421797,10.6305127004,-0.727936301293,0.723825427995,10.1040507478
5.537784,1.25193900079,1.28066598449,10.5941068493,-0.727936301293,0.678444552759,10.1040507478
5.53945,1.32265723427,1.31602510123,10.6305127004,-0.727936301293,0.76920630323,10.1040507478
5.541116,1.32265723427,1.35138421797,10.6305127004,-0.727936301293,0.814587178465,10.1040507478
5.542782,1.21657988406,1.24530686776,10.5577009981,-0.681791511626,0.905348928936,10.1948124982
5.544448,1.28729811753,1.35138421797,10.6305127004,-0.727936301293,0.859968053701,10.1040507478
5.546114,1.25193900079,1.35138421797,10.6305127004,-0.727936301293,0.814587178465,10.1040507478
5.54778,1.28729811753,1.35138421797,10.6305127004,-0.77408109096,0.814587178465,10.0586698725
5.549446,1.25193900079,1.42210245144,10.6305127004,-0.77408109096,0.814587178465,10.0586698725
5.551112,1.18122076732,1.35138421797,10.5941068493,-0.820225880627,0.76920630323,10.1040507478
5.552778,1.18122076732,1.35138421797,10.6305127004,-0.727936301293,0.905348928936,10.149431623
5.554444,1.18122076732,1.3867433347,10.6305127004,-0.866370670294,0.814587178465,10.0586698725
5.55611,1.25193900079,1.45746156818,10.6669185515,-0.866370670294,0.814587178465,10.0586698725
5.557776,1.18122076732,1.3867433347,10.7397302538,-0.866370670294,0.814587178465,10.1040507478
5.559442,1.11050253385,1.3867433347,10.6669185515,-0.912515459961,0.814587178465,10.0586698725
5.561108,1.11050253385,1.3867433347,10.7397302538,-0.912515459961,0.76920630323,10.0586698725
5.562774,1.11050253385,1.42210245144,10.7761361049,-0.912515459961,0.76920630323,10.0586698725
5.56444,1.14586165058,1.59889803512,10.8853536583,-0.958660249627,0.76920630323,10.1040507478
5.566106,1.07514341711,1.3867433347,10.8489478072,-0.958660249627,0.76920630323,10.0586698725
5.567772,1.03978430037,1.28066598449,10.8125419561,-1.00480503929,0.76920630323,10.0586698725
5.569438,1.00442518364,1.28066598449,10.8489478072,-1.00480503929,0.723825427995,10.0586698725
5.571104,1.03978430037,1.24530686776,10.8853536583,-0.958660249627,0.859968053701,10.1040507478
5.57277,0.933706950163,1.17458863428,10.8489478072,-1.05094982896,0.814587178465,10.0586698725
5.574436,0.9690660669,1.24530686776,10.9581653606,-1.09709461863,0.814587178465,10.0586698725
5.576102,1.00442518364,1.20994775102,10.9581653606,-1.09709461863,0.76920630323,10.0586698725
5.577768,1.03978430037,1.31602510123,10.9922958461,-1.09709461863,0.814587178465,10.1040507478
5.579434,1.00442518364,1.20994775102,11.0287016972,-1.09709461863,0.76920630323,10.0586698725
5.5811,0.898347833427,1.06851128407,10.9922958461,-1.09709461863,0.814587178465,10.0586698725
5.582766,0.933706950163,1.10387040081,11.0287016972,-1.09709461863,0.859968053701,10.1040507478
5.584432,0.9690660669,1.06851128407,11.0651075483,-1.05094982896,0.905348928936,10.149431623
5.586098,1.07514341711,1.31602510123,11.1379192506,-1.09709461863,0.76920630323,10.1040507478
5.587764,1.00442518364,1.24530686776,11.1379192506,-1.14323940829,0.76920630323,10.0586698725
5.58943,0.933706950163,1.24530686776,11.1015133995,-1.09709461863,0.723825427995,10.1040507478
5.591096,0.933706950163,1.28066598449,11.1015133995,-1.14323940829,0.678444552759,10.149431623
5.592762,0.933706950163,1.31602510123,11.1743251017,-1.18938419796,0.587682802288,10.1040507478
5.594428,0.827629599953,1.31602510123,11.2107309529,-1.14323940829,0.633063677524,10.1040507478
5.596094,0.933706950163,1.35138421797,11.1743251017,-1.14323940829,0.633063677524,10.1040507478
5.59776,0.933706950163,1.31602510123,11.1015133995,-1.14323940829,0.678444552759,10.1040507478
5.599426,0.933706950163,1.35138421797,11.1015133995,-1.09709461863,0.723825427995,10.149431623
5.601092,1.00442518364,1.45746156818,11.1379192506,-1.09709461863,0.633063677524,10.149431623
5.602758,0.933706950163,1.35138421797,11.0651075483,-1.00480503929,0.678444552759,10.1948124982
5.604424,1.00442518364,1.45746156818,11.1015133995,-1.00480503929,0.678444552759,10.2401933735
5.60609,1.00442518364,1.45746156818,11.0651075483,-1.05094982896,0.542301927053,10.149431623
5.607756,1.03978430037,1.3867433347,11.0651075483,-1.09709461863,0.542301927053,10.1040507478
5.609422,1.00442518364,1.35138421797,11.1015133995,-1.05094982896,0.542301927053,10.149431623
5.611088,0.933706950163,1.20994775102,11.0651075483,-0.958660249627,0.723825427995,10.2401933735
5.612754,1.00442518364,1.20994775102,11.0651075483,-1.09709461863,0.678444552759,10.1948124982
5.61442,0.9690660669,1.20994775102,11.0651075483,-1.05094982896,0.678444552759,10.1948124982
5.616086,1.03978430037,1.20994775102,11.0651075483,-1.09709461863,0.678444552759,10.1948124982
5.617752,1.00442518364,1.28066598449,11.0651075483,-1.09709461863,0.723825427995,10.149431623
5.619418,0.933706950163,1.17458863428,10.9581653606,-1.05094982896,0.76920630323,10.2401933735
5.621084,1.03978430037,1.20994775102,11.0287016972,-1.05094982896,0.814587178465,10.2401933735
5.62275,1.03978430037,1.17458863428,10.9922958461,-1.05094982896,0.814587178465,10.2401933735
5.624416,1.07514341711,1.20994775102,10.9217595095,-1.00480503929,0.905348928936,10.2401933735
5.626082,1.07514341711,1.24530686776,10.9922958461,-1.00480503929,0.905348928936,10.2401933735
5.627748,1.00442518364,1.17458863428,10.8853536583,-0.958660249627,0.950729804172,10.2855742487
5.629414,1.07514341711,1.20994775102,10.9217595095,-1.00480503929,0.905348928936,10.2401933735
5.63108,1.07514341711,1.28066598449,10.8853536583,-0.958660249627,0.859968053701,10.2855742487
5.632746,1.11050253385,1.24530686776,10.8853536583,-1.00480503929,0.814587178465,10.2401933735
5.634412,1.07514341711,1.28066598449,10.8853536583,-0.958660249627,0.76920630323,10.2855742487
5.636078,1.03978430037,1.20994775102,10.8489478072,-1.00480503929,0.723825427995,10.2401933735
5.637744,1.07514341711,1.28066598449,10.8853536583,-0.958660249627,0.76920630323,10.2401933735
5.63941,1.11050253385,1.28066598449,10.8489478072,-0.958660249627,0.76920630323,10.1948124982
5.641076,1.11050253385,1.31602510123,10.8125419561,-0.958660249627,0.76920630323,10.2401933735
5.642742,1.11050253385,1.35138421797,10.8853536583,-0.912515459961,0.76920630323,10.2855742487
5.644408,1.07514341711,1.31602510123,10.7397302538,-0.958660249627,0.723825427995,10.2401933735
5.646074,1.11050253385,1.3867433347,10.8125419561,-0.912515459961,0.723825427995,10.2401933735
5.64774,1.11050253385,1.35138421797,10.8489478072,-0.820225880627,0.859968053701,10.3309551239
5.649406,1.21657988406,1.42210245144,10.8853536583,-0.912515459961,0.723825427995,10.2401933735
5.651072,1.14586165058,1.35138421797,10.8853536583,-0.912515459961,0.723825427995,10.2401933735
5.652738,1.11050253385,1.28066598449,10.7761361049,-0.912515459961,0.723825427995,10.1948124982
5.654404,1.07514341711,1.31602510123,10.8125419561,-0.912515459961,0.76920630323,10.1948124982
5.65607,1.11050253385,1.35138421797,10.8853536583,-0.912515459961,0.76920630323,10.1948124982
5.657736,1.21657988406,1.45746156818,10.8489478072,-0.866370670294,0.859968053701,10.2401933735
5.659402,1.11050253385,1.42210245144,10.8489478072,-0.958660249627,0.814587178465,10.1040507478
5.661068,1.07514341711,1.31602510123,10.7761361049,-0.958660249627,0.814587178465,10.149431623
5.662734,1.11050253385,1.3867433347,10.8125419561,-0.912515459961,0.814587178465,10.149431623
5.6644,1.11050253385,1.45746156818,10.8125419561,-0.912515459961,0.859968053701,10.149431623
5.666066,1.21657988406,1.56353891839,10.8489478072,-0.912515459961,0.814587178465,10.1040507478
5.667732,1.11050253385,1.45746156818,10.8489478072,-0.958660249627,0.814587178465,10.1040507478
5.669398,1.07514341711,1.45746156818,10.7397302538,-0.912515459961,0.814587178465,10.1040507478
5.671064,1.07514341711,1.49282068491,10.7761361049,-0.958660249627,0.76920630323,10.0586698725
5.67273,1.14586165058,1.45746156818,10.8125419561,-0.912515459961,0.814587178465,10.0586698725
5.674396,1.00442518364,1.45746156818,10.9217595095,-0.958660249627,0.76920630323,10.0586698725
5.676062,1.11050253385,1.45746156818,10.8125419561,-0.866370670294,0.859968053701,10.1040507478
5.677728,1.07514341711,1.3867433347,10.7397302538,-0.958660249627,0.76920630323,9.96790812205
5.679394,1.07514341711,1.3867433347,10.8125419561,-0.958660249627,0.859968053701,9.96790812205
5.68106,1.07514341711,1.45746156818,10.8489478072,-0.958660249627,0.859968053701,10.0132889973
5.682726,1.00442518364,1.31602510123,10.8853536583,-0.912515459961,0.859968053701,10.0132889973
5.684392,1.07514341711,1.42210245144,10.8125419561,-0.958660249627,0.859968053701,9.96790812205
5.686058,1.07514341711,1.35138421797,10.7761361049,-0.958660249627,0.859968053701,10.0132889973
5.687724,1.03978430037,1.31602510123,10.7761361049,-1.00480503929,0.950729804172,9.96790812205
5.68939,1.07514341711,1.35138421797,10.8489478072,-0.958660249627,1.04149155464,10.0132889973
5.691056,1.00442518364,1.20994775102,10.7397302538,-1.00480503929,1.04149155464,10.0132889973
5.692722,1.07514341711,1.28066598449,10.8125419561,-0.958660249627,1.04149155464,10.0132889973
5.694388,1.07514341711,1.28066598449,10.8489478072,-0.958660249627,1.08687242988,10.0132889973
5.696054,1.14586165058,1.31602510123,10.8489478072,-1.00480503929,1.04149155464,10.0132889973
5.69772,1.07514341711,1.31602510123,10.8853536583,-0.958660249627,1.04149155464,10.0586698725
5.699386,1.03978430037,1.24530686776,10.8125419561,-1.00480503929,1.04149155464,10.0132889973
5.701052,1.07514341711,1.24530686776,10.8489478072,-1.00480503929,1.04149155464,10.0132889973
5.702718,1.07514341711,1.28066598449,10.8489478072,-0.958660249627,1.04149155464,10.0132889973
5.704384,1.18122076732,1.35138421797,10.8853536583,-1.00480503929,1.04149155464,10.0132889973
5.70605,1.07514341711,1.28066598449,10.8489478072,-0.958660249627,1.04149155464,10.0586698725
5.707716,1.03978430037,1.31602510123,10.7761361049,-0.958660249627,0.996110679407,10.0586698725
5.709382,1.07514341711,1.31602510123,10.8489478072,-0.912515459961,0.950729804172,10.0586698725
5.711048,1.11050253385,1.35138421797,10.8125419561,-0.912515459961,0.859968053701,10.0586698725
5.712714,1.21657988406,1.45746156818,10.8489478072,-0.912515459961,0.814587178465,10.0586698725
5.71438,1.18122076732,1.42210245144,10.8853536583,-0.912515459961,0.76920630323,10.0586698725
5.716046,1.11050253385,1.31602510123,10.8125419561,-0.912515459961,0.76920630323,10.1040507478
5.717712,1.07514341711,1.31602510123,10.8489478072,-0.866370670294,0.723825427995,10.149431623
5.719378,1.18122076732,1.3867433347,10.8489478072,-0.912515459961,0.678444552759,10.0586698725
5.721044,1.25193900079,1.52817980165,10.8853536583,-0.912515459961,0.723825427995,10.1040507478
5.72271,1.18122076732,1.42210245144,10.8489478072,-0.912515459961,0.723825427995,10.1040507478
5.724376,1.18122076732,1.3867433347,10.8125419561,-0.77408109096,0.76920630323,10.2401933735
5.726042,1.14586165058,1.3867433347,10.8125419561,-0.912515459961,0.678444552759,10.1040507478
5.727708,1.18122076732,1.45746156818,10.8853536583,-0.912515459961,0.723825427995,10.149431623
5.729374,1.11050253385,1.3867433347,10.7761361049,-0.866370670294,0.723825427995,10.1948124982
5.73104,1.18122076732,1.3867433347,10.8489478072,-0.866370670294,0.76920630323,10.1948124982
5.732706,1.21657988406,1.3867433347,10.8489478072,-0.866370670294,0.76920630323,10.1948124982
5.734372,1.21657988406,1.3867433347,10.8125419561,-0.820225880627,0.76920630323,10.2401933735
5.736038,1.25193900079,1.35138421797,10.8853536583,-0.77408109096,0.814587178465,10.2855742487
5.737704,1.18122076732,1.28066598449,10.7761361049,-0.77408109096,0.859968053701,10.3309551239
5.73937,1.21657988406,1.31602510123,10.8489478072,-0.820225880627,0.723825427995,10.2401933735
5.741036,1.21657988406,1.31602510123,10.8489478072,-0.820225880627,0.678444552759,10.2401933735
5.742702,1.32265723427,1.35138421797,10.8853536583,-0.866370670294,0.723825427995,10.2401933735
5.744368,1.25193900079,1.28066598449,10.8489478072,-0.820225880627,0.76920630323,10.2855742487
5.746034,1.18122076732,1.20994775102,10.7397302538,-0.727936301293,0.859968053701,10.3763359992
5.7477,1.18122076732,1.20994775102,10.8125419561,-0.727936301293,0.905348928936,10.3763359992
5.749366,1.21657988406,1.20994775102,10.8489478072,-0.820225880627,0.76920630323,10.3309551239
5.751032,1.32265723427,1.35138421797,10.8853536583,-0.77408109096,0.76920630323,10.3309551239
5.752698,1.21657988406,1.24530686776,10.8489478072,-0.820225880627,0.723825427995,10.2401933735
5.754364,1.21657988406,1.17458863428,10.7761361049,-0.820225880627,0.723825427995,10.2401933735
5.75603,1.21657988406,1.20994775102,10.8125419561,-0.727936301293,0.814587178465,10.3309551239
5.757696,1.21657988406,1.24530686776,10.8489478072,-0.727936301293,0.814587178465,10.3763359992
5.759362,1.21657988406,1.28066598449,10.9217595095,-0.820225880627,0.723825427995,10.2855742487
5.761028,1.28729811753,1.20994775102,10.8853536583,-0.820225880627,0.723825427995,10.3309551239
5.762694,1.18122076732,1.10387040081,10.8853536583,-0.866370670294,0.76920630323,10.2855742487
5.76436,1.14586165058,1.06851128407,10.8853536583,-0.866370670294,0.723825427995,10.2855742487
5.766026,1.21657988406,1.10387040081,10.9217595095,-0.77408109096,0.905348928936,10.3763359992
5.767692,1.07514341711,1.17458863428,11.0287016972,-0.912515459961,0.76920630323,10.2401933735
5.769358,1.18122076732,1.20994775102,10.9922958461,-0.912515459961,0.76920630323,10.2401933735
5.771024,1.14586165058,1.20994775102,10.9217595095,-0.866370670294,0.76920630323,10.2401933735
5.77269,1.18122076732,1.17458863428,10.9581653606,-0.912515459961,0.76920630323,10.2401933735
5.774356,1.18122076732,1.17458863428,10.9922958461,-0.912515459961,0.76920630323,10.2401933735
5.776022,1.07514341711,1.13922951755,10.9217595095,-0.958660249627,0.723825427995,10.2401933735
5.777688,1.11050253385,1.10387040081,11.0287016972,-0.958660249627,0.723825427995,10.149431623
5.779354,1.14586165058,1.17458863428,10.9922958461,-0.958660249627,0.723825427995,10.1948124982
5.78102,1.21657988406,1.31602510123,11.0287016972,-0.958660249627,0.723825427995,10.149431623
5.782686,1.11050253385,1.28066598449,11.0651075483,-0.958660249627,0.678444552759,10.149431623
5.784352,1.07514341711,1.24530686776,10.9922958461,-0.958660249627,0.633063677524,10.1040507478
5.786018,1.07514341711,1.20994775102,11.0287016972,-0.958660249627,0.587682802288,10.1040507478
5.787684,1.07514341711,1.31602510123,11.0651075483,-0.958660249627,0.633063677524,10.1040507478
5.78935,1.00442518364,1.20994775102,11.0651075483,-0.958660249627,0.633063677524,10.1040507478
5.791016,1.07514341711,1.31602510123,11.0287016972,-1.00480503929,0.633063677524,10.0586698725
5.792682,1.03978430037,1.28066598449,11.0287016972,-1.00480503929,0.587682802288,10.0586698725
5.794348,1.11050253385,1.31602510123,10.9922958461,-0.958660249627,0.678444552759,10.0586698725
5.796014,1.07514341711,1.35138421797,11.0287016972,-0.912515459961,0.723825427995,10.1040507478
5.79768,1.00442518364,1.31602510123,10.9581653606,-0.912515459961,0.76920630323,10.1040507478
5.799346,1.03978430037,1.31602510123,11.0287016972,-0.958660249627,0.678444552759,10.1040507478
5.801012,1.07514341711,1.35138421797,11.0287016972,-1.05094982896,0.633063677524,9.96790812205
5.802678,1.07514341711,1.45746156818,11.0651075483,-1.00480503929,0.633063677524,9.96790812205
5.804344,1.07514341711,1.31602510123,11.0287016972,-1.00480503929,0.723825427995,10.0132889973
5.80601,1.00442518364,1.24530686776,10.9217595095,-1.00480503929,0.723825427995,10.0132889973
5.807676,1.00442518364,1.28066598449,10.9581653606,-1.05094982896,0.76920630323,10.0132889973
5.809342,1.03978430037,1.28066598449,10.9922958461,-1.05094982896,0.814587178465,9.96790812205
5.811008,0.933706950163,1.28066598449,11.0287016972,-1.05094982896,0.859968053701,9.96790812205
5.812674,1.00442518364,1.31602510123,10.9581653606,-1.00480503929,0.814587178465,10.0132889973
5.81434,1.00442518364,1.28066598449,10.9217595095,-1.00480503929,0.814587178465,9.96790812205
5.816006,1.03978430037,1.20994775102,10.8853536583,-0.912515459961,0.905348928936,10.1040507478
5.817672,1.07514341711,1.28066598449,10.8853536583,-1.00480503929,0.814587178465,9.96790812205
5.819338,1.03978430037,1.13922951755,10.8853536583,-1.00480503929,0.814587178465,10.0132889973
5.821004,1.07514341711,1.20994775102,10.8853536583,-0.958660249627,0.814587178465,10.0132889973
5.82267,1.11050253385,1.28066598449,10.8489478072,-0.912515459961,0.905348928936,10.0132889973
5.824336,1.18122076732,1.24530686776,10.8125419561,-0.958660249627,0.723825427995,9.96790812205
5.826002,1.11050253385,1.28066598449,10.8125419561,-0.912515459961,0.814587178465,10.0132889973
5.827668,1.07514341711,1.24530686776,10.7033244027,-0.912515459961,0.76920630323,10.0132889973
5.829334,1.07514341711,1.35138421797,10.7761361049,-0.912515459961,0.76920630323,10.0132889973
5.831,1.14586165058,1.35138421797,10.7397302538,-0.912515459961,0.76920630323,10.0132889973
5.832666,1.18122076732,1.49282068491,10.8125419561,-0.912515459961,0.814587178465,10.0132889973
5.834332,1.18122076732,1.3867433347,10.7761361049,-0.820225880627,0.905348928936,10.0586698725
5.835998,1.14586165058,1.35138421797,10.6669185515,-0.866370670294,0.859968053701,10.0132889973
5.837664,1.14586165058,1.42210245144,10.7033244027,-0.866370670294,0.814587178465,10.0132889973
5.83933,1.21657988406,1.3867433347,10.7397302538,-0.866370670294,0.814587178465,10.0132889973
5.840996,1.11050253385,1.45746156818,10.7761361049,-0.866370670294,0.76920630323,10.0132889973
5.842662,1.21657988406,1.3867433347,10.7397302538,-0.866370670294,0.723825427995,10.0132889973
5.844328,1.21657988406,1.42210245144,10.6669185515,-0.820225880627,0.76920630323,10.0586698725
5.845994,1.21657988406,1.3867433347,10.7033244027,-0.820225880627,0.76920630323,10.0586698725
5.84766,1.25193900079,1.45746156818,10.7397302538,-0.820225880627,0.814587178465,10.0586698725
5.849326,1.14586165058,1.35138421797,10.7033244027,-0.820225880627,0.814587178465,10.0586698725
5.850992,1.25193900079,1.42210245144,10.7397302538,-0.77408109096,0.814587178465,10.0586698725
5.852658,1.25193900079,1.3867433347,10.6669185515,-0.77408109096,0.814587178465,10.0586698725
5.854324,1.25193900079,1.3867433347,10.6669185515,-0.820225880627,0.76920630323,10.0586698725
5.85599,1.28729811753,1.49282068491,10.7033244027,-0.77408109096,0.76920630323,10.0586698725
5.857656,1.21657988406,1.3867433347,10.6305127004,-0.77408109096,0.76920630323,10.1040507478
5.859322,1.25193900079,1.42210245144,10.7033244027,-0.77408109096,0.76920630323,10.1040507478
5.860988,1.28729811753,1.3867433347,10.7033244027,-0.727936301293,0.76920630323,10.1040507478
5.862654,1.39337546774,1.45746156818,10.7397302538,-0.635646721959,0.905348928936,10.1948124982
5.86432,1.28729811753,1.45746156818,10.7397302538,-0.77408109096,0.814587178465,10.1040507478
5.865986,1.28729811753,1.3867433347,10.6669185515,-0.727936301293,0.76920630323,10.1040507478
5.867652,1.28729811753,1.45746156818,10.7033244027,-0.727936301293,0.814587178465,10.1040507478
5.869318,1.28729811753,1.3867433347,10.7397302538,-0.77408109096,0.76920630323,10.1040507478
5.870984,1.39337546774,1.49282068491,10.7761361049,-0.681791511626,0.905348928936,10.1948124982
5.87265,1.28729811753,1.3867433347,10.7761361049,-0.77408109096,0.76920630323,10.1040507478
5.874316,1.28729811753,1.31602510123,10.7033244027,-0.77408109096,0.814587178465,10.1040507478
5.875982,1.28729811753,1.35138421797,10.7761361049,-0.77408109096,0.859968053701,10.1040507478
5.877648,1.28729811753,1.31602510123,10.8125419561,-0.77408109096,0.950729804172,10.149431623
5.879314,1.35801635101,1.42210245144,10.8853536583,-0.77408109096,0.905348928936,10.149431623
5.88098,1.32265723427,1.31602510123,10.8853536583,-0.77408109096,0.905348928936,10.149431623
5.882646,1.25193900079,1.24530686776,10.7761361049,-0.77408109096,0.905348928936,10.149431623
5.884312,1.25193900079,1.20994775102,10.8489478072,-0.727936301293,0.950729804172,10.149431623
5.885978,1.28729811753,1.31602510123,10.9217595095,-0.77408109096,0.905348928936,10.149431623
5.887644,1.21657988406,1.28066598449,11.0287016972,-0.727936301293,0.950729804172,10.1948124982
5.88931,1.28729811753,1.24530686776,10.9581653606,-0.77408109096,0.950729804172,10.149431623
5.890976,1.28729811753,1.20994775102,10.9217595095,-0.77408109096,0.950729804172,10.149431623
5.892642,1.25193900079,1.17458863428,10.9217595095,-0.77408109096,0.905348928936,10.1948124982
5.894308,1.28729811753,1.28066598449,11.0287016972,-0.727936301293,0.996110679407,10.1948124982
5.895974,1.25193900079,1.13922951755,10.9217595095,-0.77408109096,0.905348928936,10.1948124982
5.89764,1.28729811753,1.24530686776,10.9922958461,-0.77408109096,0.859968053701,10.149431623
5.899306,1.32265723427,1.20994775102,11.0287016972,-0.77408109096,0.859968053701,10.1948124982
5.900972,1.35801635101,1.28066598449,11.0287016972,-0.77408109096,0.905348928936,10.1948124982
5.902638,1.32265723427,1.28066598449,11.0651075483,-0.681791511626,0.950729804172,10.2855742487
5.904304,1.32265723427,1.24530686776,10.9922958461,-0.77408109096,0.76920630323,10.1948124982
5.90597,1.28729811753,1.28066598449,11.0287016972,-0.77408109096,0.814587178465,10.1948124982
5.907636,1.32265723427,1.28066598449,11.0651075483,-0.77408109096,0.814587178465,10.1948124982
5.909302,1.32265723427,1.3867433347,11.1379192506,-0.681791511626,0.905348928936,10.2855742487
5.910968,1.32265723427,1.28066598449,11.0651075483,-0.77408109096,0.814587178465,10.1948124982
5.912634,1.28729811753,1.28066598449,10.9922958461,-0.727936301293,0.76920630323,10.1948124982
5.9143,1.32265723427,1.28066598449,11.0651075483,-0.727936301293,0.76920630323,10.1948124982
5.915966,1.35801635101,1.28066598449,11.0651075483,-0.727936301293,0.76920630323,10.2401933735
5.917632,1.28729811753,1.20994775102,11.0651075483,-0.77408109096,0.76920630323,10.2401933735
5.919298,1.35801635101,1.28066598449,11.1015133995,-0.727936301293,0.814587178465,10.2401933735
5.920964,1.32265723427,1.28066598449,11.0651075483,-0.727936301293,0.814587178465,10.2855742487
5.92263,1.35801635101,1.24530686776,11.0287016972,-0.727936301293,0.814587178465,10.2855742487
5.924296,1.35801635101,1.24530686776,11.0651075483,-0.77408109096,0.76920630323,10.2401933735
5.925962,1.32265723427,1.20994775102,10.9922958461,-0.727936301293,0.814587178465,10.2401933735
5.927628,1.32265723427,1.24530686776,11.0287016972,-0.635646721959,0.950729804172,10.4217168744
5.929294,1.35801635101,1.20994775102,11.0287016972,-0.681791511626,0.859968053701,10.2855742487
5.93096,1.46409370122,1.24530686776,11.0651075483,-0.727936301293,0.814587178465,10.3309551239
5.932626,1.35801635101,1.20994775102,11.0651075483,-0.727936301293,0.76920630323,10.3309551239
5.934292,1.35801635101,1.20994775102,10.9922958461,-0.635646721959,0.859968053701,10.3763359992
5.935958,1.32265723427,1.20994775102,10.9581653606,-0.727936301293,0.76920630323,10.2855742487
5.937624,1.35801635101,1.28066598449,10.9922958461,-0.727936301293,0.76920630323,10.2855742487
5.93929,1.32265723427,1.31602510123,11.0651075483,-0.681791511626,0.814587178465,10.3309551239
5.940956,1.35801635101,1.28066598449,10.9581653606,-0.727936301293,0.814587178465,10.2855742487
5.942622,1.35801635101,1.24530686776,10.8853536583,-0.681791511626,0.814587178465,10.3309551239
5.944288,1.35801635101,1.28066598449,10.8853536583,-0.727936301293,0.76920630323,10.2855742487
5.945954,1.39337546774,1.28066598449,10.9217595095,-0.681791511626,0.76920630323,10.3309551239
5.94762,1.35801635101,1.24530686776,10.8125419561,-0.681791511626,0.76920630323,10.3309551239
5.949286,1.39337546774,1.28066598449,10.8853536583,-0.681791511626,0.76920630323,10.2855742487
5.950952,1.35801635101,1.31602510123,10.8853536583,-0.635646721959,0.814587178465,10.3763359992
5.952618,1.46409370122,1.31602510123,10.8853536583,-0.681791511626,0.76920630323,10.2855742487
5.954284,1.39337546774,1.28066598449,10.8853536583,-0.681791511626,0.76920630323,10.2855742487
5.95595,1.35801635101,1.24530686776,10.7761361049,-0.635646721959,0.814587178465,10.3309551239
5.957616,1.35801635101,1.31602510123,10.8489478072,-0.681791511626,0.76920630323,10.2401933735
5.959282,1.35801635101,1.31602510123,10.8489478072,-0.681791511626,0.76920630323,10.2855742487
5.960948,1.46409370122,1.3867433347,10.8853536583,-0.681791511626,0.76920630323,10.2401933735
5.962614,1.35801635101,1.24530686776,10.8489478072,-0.727936301293,0.678444552759,10.1948124982
5.96428,1.32265723427,1.20994775102,10.7761361049,-0.681791511626,0.723825427995,10.2401933735
5.965946,1.35801635101,1.28066598449,10.7761361049,-0.681791511626,0.76920630323,10.1948124982
5.967612,1.35801635101,1.35138421797,10.8125419561,-0.727936301293,0.76920630323,10.1948124982
5.969278,1.39337546774,1.3867433347,10.8489478072,-0.727936301293,0.723825427995,10.1948124982
5.970944,1.35801635101,1.28066598449,10.7761361049,-0.727936301293,0.723825427995,10.149431623
5.97261,1.28729811753,1.28066598449,10.7397302538,-0.727936301293,0.723825427995,10.149431623
5.974276,1.28729811753,1.31602510123,10.7761361049,-0.681791511626,0.76920630323,10.1948124982
5.975942,1.32265723427,1.3867433347,10.7761361049,-0.681791511626,0.76920630323,10.149431623
5.977608,1.25193900079,1.42210245144,10.8853536583,-0.727936301293,0.723825427995,10.0586698725
5.979274,1.32265723427,1.3867433347,10.7761361049,-0.727936301293,0.723825427995,10.0586698725
5.98094,1.28729811753,1.35138421797,10.7397302538,-0.77408109096,0.723825427995,10.0586698725
5.982606,1.28729811753,1.35138421797,10.7397302538,-0.77408109096,0.723825427995,10.0132889973
5.984272,1.25193900079,1.3867433347,10.7761361049,-0.77408109096,0.76920630323,10.0586698725
5.985938,1.21657988406,1.31602510123,10.7397302538,-0.820225880627,0.723825427995,10.0132889973
5.987604,1.21657988406,1.35138421797,10.7761361049,-0.820225880627,0.723825427995,9.96790812205
5.98927,1.25193900079,1.35138421797,10.7397302538,-0.820225880627,0.76920630323,9.96790812205
5.990936,1.25193900079,1.35138421797,10.7761361049,-0.820225880627,0.76920630323,9.96790812205
5.992602,1.21657988406,1.35138421797,10.8125419561,-0.77408109096,0.859968053701,10.0132889973
5.994268,1.14586165058,1.20994775102,10.7397302538,-0.866370670294,0.76920630323,9.92252724682
5.995934,1.18122076732,1.31602510123,10.7761361049,-0.820225880627,0.859968053701,9.96790812205
5.9976,1.21657988406,1.28066598449,10.8125419561,-0.820225880627,0.859968053701,9.96790812205
5.999266,1.28729811753,1.35138421797,10.8489478072,-0.866370670294,0.814587178465,9.92252724682
6.000932,1.18122076732,1.28066598449,10.8489478072,-0.866370670294,0.859968053701,9.92252724682
6.002598,1.11050253385,1.28066598449,10.7761361049,-0.866370670294,0.859968053701,9.87714637158
6.004264,1.11050253385,1.24530686776,10.8125419561,-0.866370670294,0.905348928936,9.92252724682
6.00593,1.14586165058,1.24530686776,10.8489478072,-0.912515459961,0.859968053701,9.87714637158
6.007596,1.18122076732,1.35138421797,10.9217595095,-0.77408109096,0.996110679407,9.96790812205
6.009262,1.18122076732,1.28066598449,10.8125419561,-0.866370670294,0.859968053701,9.87714637158
6.010928,1.18122076732,1.28066598449,10.7761361049,-0.912515459961,0.859968053701,9.87714637158
6.012594,1.11050253385,1.28066598449,10.8125419561,-0.912515459961,0.859968053701,9.87714637158
6.01426,1.11050253385,1.28066598449,10.8489478072,-0.820225880627,0.950729804172,9.96790812205
6.015926,1.11050253385,1.3867433347,10.9217595095,-0.958660249627,0.814587178465,9.83176549635
6.017592,1.11050253385,1.31602510123,10.8489478072,-0.912515459961,0.814587178465,9.87714637158
6.019258,1.11050253385,1.28066598449,10.8489478072,-0.866370670294,0.859968053701,9.92252724682
6.020924,1.11050253385,1.31602510123,10.8125419561,-0.912515459961,0.814587178465,9.87714637158
6.02259,1.11050253385,1.31602510123,10.8853536583,-0.912515459961,0.814587178465,9.87714637158
6.024256,1.07514341711,1.24530686776,10.8489478072,-0.912515459961,0.76920630323,9.92252724682
6.025922,1.14586165058,1.35138421797,10.8853536583,-0.912515459961,0.76920630323,9.92252724682
6.027588,1.14586165058,1.31602510123,10.8853536583,-0.912515459961,0.76920630323,9.92252724682
6.029254,1.18122076732,1.31602510123,10.8853536583,-0.912515459961,0.76920630323,9.92252724682
6.03092,1.18122076732,1.31602510123,10.8853536583,-0.820225880627,0.814587178465,10.0132889973
6.032586,1.07514341711,1.28066598449,10.7761361049,-0.912515459961,0.723825427995,9.96790812205
6.034252,1.18122076732,1.31602510123,10.8853536583,-0.866370670294,0.723825427995,9.96790812205
6.035918,1.18122076732,1.31602510123,10.8853536583,-0.866370670294,0.723825427995,10.0132889973
6.037584,1.25193900079,1.35138421797,10.8853536583,-0.866370670294,0.723825427995,10.0132889973
6.03925,1.21657988406,1.31602510123,10.8853536583,-0.866370670294,0.723825427995,10.0132889973
6.040916,1.14586165058,1.28066598449,10.8125419561,-0.866370670294,0.723825427995,10.0586698725
6.042582,1.18122076732,1.31602510123,10.8853536583,-0.727936301293,0.814587178465,10.149431623
6.044248,1.21657988406,1.31602510123,10.8853536583,-0.820225880627,0.723825427995,10.0586698725
6.045914,1.28729811753,1.42210245144,10.9217595095,-0.820225880627,0.723825427995,10.1040507478
6.04758,1.21657988406,1.35138421797,10.8853536583,-0.820225880627,0.76920630323,10.1040507478
6.049246,1.18122076732,1.31602510123,10.8489478072,-0.820225880627,0.723825427995,10.1040507478
6.050912,1.18122076732,1.28066598449,10.8489478072,-0.820225880627,0.723825427995,10.149431623
6.052578,1.25193900079,1.31602510123,10.8853536583,-0.727936301293,0.814587178465,10.2401933735
6.054244,1.18122076732,1.35138421797,10.9922958461,-0.820225880627,0.723825427995,10.149431623
6.05591,1.21657988406,1.31602510123,10.8489478072,-0.820225880627,0.723825427995,10.1948124982
6.057576,1.28729811753,1.28066598449,10.8489478072,-0.820225880627,0.723825427995,10.149431623
6.059242,1.28729811753,1.28066598449,10.8489478072,-0.77408109096,0.723825427995,10.1948124982
6.060908,1.28729811753,1.31602510123,10.8853536583,-0.77408109096,0.723825427995,10.1948124982
6.062574,1.21657988406,1.20994775102,10.7761361049,-0.77408109096,0.678444552759,10.2401933735
6.06424,1.28729811753,1.24530686776,10.8853536583,-0.77408109096,0.678444552759,10.2401933735
6.065906,1.28729811753,1.20994775102,10.8853536583,-0.77408109096,0.723825427995,10.2855742487
6.067572,1.32265723427,1.31602510123,10.8853536583,-0.77408109096,0.723825427995,10.2855742487
6.069238,1.28729811753,1.28066598449,10.9217595095,-0.77408109096,0.723825427995,10.2855742487
6.070904,1.25193900079,1.20994775102,10.8489478072,-0.77408109096,0.723825427995,10.2855742487
6.07257,1.25193900079,1.20994775102,10.8853536583,-0.77408109096,0.723825427995,10.2855742487
6.074236,1.28729811753,1.24530686776,10.9217595095,-0.77408109096,0.723825427995,10.3309551239
6.075902,1.32265723427,1.35138421797,10.9922958461,-0.681791511626,0.859968053701,10.3763359992
6.077568,1.28729811753,1.28066598449,10.9217595095,-0.77408109096,0.814587178465,10.3763359992
6.079234,1.28729811753,1.20994775102,10.8853536583,-0.77408109096,0.723825427995,10.3309551239
6.0809,1.25193900079,1.20994775102,10.9217595095,-0.820225880627,0.723825427995,10.3309551239
6.082566,1.32265723427,1.28066598449,10.9581653606,-0.820225880627,0.76920630323,10.3309551239
6.084232,1.18122076732,1.20994775102,11.0287016972,-0.77408109096,0.723825427995,10.3309551239
6.085898,1.28729811753,1.31602510123,10.9922958461,-0.77408109096,0.76920630323,10.3309551239
6.087564,1.25193900079,1.31602510123,10.9581653606,-0.820225880627,0.76920630323,10.2855742487
6.08923,1.25193900079,1.28066598449,10.9581653606,-0.820225880627,0.76920630323,10.3309551239
6.090896,1.28729811753,1.31602510123,10.9922958461,-0.820225880627,0.678444552759,10.2855742487
6.092562,1.18122076732,1.24530686776,11.0287016972,-0.820225880627,0.723825427995,10.2855742487
6.094228,1.28729811753,1.31602510123,10.9922958461,-0.820225880627,0.723825427995,10.2401933735
6.095894,1.21657988406,1.31602510123,10.9217595095,-0.820225880627,0.76920630323,10.2855742487
6.09756,1.21657988406,1.31602510123,10.9217595095,-0.820225880627,0.723825427995,10.2401933735
6.099226,1.21657988406,1.35138421797,11.0287016972,-0.820225880627,0.723825427995,10.2855742487
6.100892,1.14586165058,1.31602510123,11.1015133995,-0.820225880627,0.723825427995,10.2401933735
6.102558,1.25193900079,1.31602510123,11.0287016972,-0.820225880627,0.723825427995,10.2401933735
6.104224,1.21657988406,1.31602510123,10.9581653606,-0.77408109096,0.814587178465,10.2855742487
6.10589,1.21657988406,1.31602510123,10.9922958461,-0.866370670294,0.76920630323,10.1948124982
6.107556,1.21657988406,1.31602510123,11.0287016972,-0.866370670294,0.76920630323,10.1948124982
6.109222,1.18122076732,1.20994775102,11.0651075483,-0.866370670294,0.76920630323,10.1948124982
6.110888,1.21657988406,1.31602510123,10.9922958461,-0.866370670294,0.814587178465,10.1948124982
6.112554,1.18122076732,1.28066598449,10.9922958461,-0.866370670294,0.814587178465,10.1948124982
6.11422,1.18122076732,1.31602510123,10.9922958461,-0.820225880627,0.859968053701,10.1948124982
6.115886,1.21657988406,1.31602510123,11.0287016972,-0.820225880627,0.905348928936,10.1948124982
6.117552,1.11050253385,1.20994775102,10.9581653606,-0.866370670294,0.814587178465,10.149431623
6.119218,1.18122076732,1.28066598449,10.9922958461,-0.866370670294,0.905348928936,10.149431623
6.120884,1.21657988406,1.28066598449,10.9581653606,-0.866370670294,0.905348928936,10.1040507478
6.12255,1.18122076732,1.24530686776,10.9217595095,-0.866370670294,0.859968053701,10.1040507478
6.124216,1.21657988406,1.28066598449,10.9922958461,-0.866370670294,0.859968053701,10.149431623
6.125882,1.18122076732,1.20994775102,10.8853536583,-0.866370670294,0.905348928936,10.1040507478
6.127548,1.18122076732,1.31602510123,10.9217595095,-0.866370670294,0.905348928936,10.1040507478
6.129214,1.18122076732,1.28066598449,10.8853536583,-0.866370670294,0.905348928936,10.1040507478
6.13088,1.18122076732,1.31602510123,10.8853536583,-0.866370670294,0.905348928936,10.1040507478
6.132546,1.21657988406,1.28066598449,10.9217595095,-0.820225880627,0.950729804172,10.1040507478
6.134212,1.14586165058,1.28066598449,10.8125419561,-0.866370670294,0.950729804172,10.1040507478
6.135878,1.18122076732,1.28066598449,10.8853536583,-0.866370670294,0.905348928936,10.1040507478
6.137544,1.18122076732,1.28066598449,10.8125419561,-0.820225880627,0.859968053701,10.1040507478
6.13921,1.28729811753,1.35138421797,10.8489478072,-0.820225880627,0.859968053701,10.1040507478
6.140876,1.21657988406,1.31602510123,10.8489478072,-0.77408109096,0.996110679407,10.149431623
6.142542,1.18122076732,1.31602510123,10.7397302538,-0.866370670294,0.905348928936,10.0586698725
6.144208,1.18122076732,1.35138421797,10.7761361049,-0.866370670294,0.859968053701,10.0586698725
6.145874,1.18122076732,1.31602510123,10.7761361049,-0.866370670294,0.859968053701,10.0586698725
6.14754,1.28729811753,1.42210245144,10.8489478072,-0.820225880627,0.905348928936,10.0586698725
6.149206,1.21657988406,1.35138421797,10.7761361049,-0.866370670294,0.905348928936,10.1040507478
6.150872,1.18122076732,1.31602510123,10.7397302538,-0.866370670294,0.905348928936,10.0586698725
6.152538,1.18122076732,1.31602510123,10.7761361049,-0.866370670294,0.859968053701,10.1040507478
6.154204,1.18122076732,1.42210245144,10.7761361049,-0.820225880627,0.859968053701,10.1040507478
6.15587,1.14586165058,1.45746156818,10.8853536583,-0.820225880627,0.905348928936,10.1040507478
6.157536,1.18122076732,1.35138421797,10.7761361049,-0.820225880627,0.905348928936,10.1040507478
6.159202,1.18122076732,1.3867433347,10.7033244027,-0.820225880627,0.859968053701,10.0586698725
6.160868,1.18122076732,1.3867433347,10.7033244027,-0.866370670294,0.859968053701,10.0586698725
6.162534,1.18122076732,1.3867433347,10.7397302538,-0.820225880627,0.859968053701,10.0586698725
6.1642,1.11050253385,1.35138421797,10.6669185515,-0.866370670294,0.814587178465,10.0586698725
6.165866,1.14586165058,1.45746156818,10.7397302538,-0.866370670294,0.814587178465,10.0586698725
6.167532,1.18122076732,1.45746156818,10.7033244027,-0.866370670294,0.76920630323,10.0586698725
6.169198,1.18122076732,1.45746156818,10.7033244027,-0.866370670294,0.814587178465,10.1040507478
6.170864,1.18122076732,1.42210245144,10.7397302538,-0.820225880627,0.814587178465,10.1040507478
6.17253,1.14586165058,1.3867433347,10.7033244027,-0.866370670294,0.76920630323,10.0586698725
6.174196,1.11050253385,1.42210245144,10.7397302538,-0.912515459961,0.76920630323,10.1040507478
6.175862,1.14586165058,1.3867433347,10.7033244027,-0.866370670294,0.76920630323,10.1040507478
6.177528,1.14586165058,1.42210245144,10.7033244027,-0.912515459961,0.76920630323,10.1040507478
6.179194,1.14586165058,1.42210245144,10.7397302538,-0.912515459961,0.814587178465,10.1040507478
6.18086,1.07514341711,1.35138421797,10.6669185515,-0.77408109096,0.859968053701,10.1948124982
6.182526,1.11050253385,1.3867433347,10.7397302538,-0.912515459961,0.723825427995,10.0586698725
6.184192,1.11050253385,1.3867433347,10.7761361049,-0.912515459961,0.76920630323,10.1040507478
6.185858,1.14586165058,1.45746156818,10.8853536583,-0.912515459961,0.76920630323,10.1040507478
6.187524,1.11050253385,1.3867433347,10.8125419561,-0.958660249627,0.76920630323,10.1040507478
6.18919,1.07514341711,1.35138421797,10.7761361049,-0.958660249627,0.814587178465,10.1040507478
6.190856,1.07514341711,1.35138421797,10.7761361049,-1.00480503929,0.814587178465,10.1040507478
6.192522,1.07514341711,1.31602510123,10.8125419561,-0.958660249627,0.814587178465,10.1040507478
6.194188,1.00442518364,1.28066598449,10.8853536583,-0.958660249627,0.814587178465,10.1040507478
6.195854,1.07514341711,1.35138421797,10.8489478072,-1.00480503929,0.76920630323,10.0586698725
6.19752,1.03978430037,1.28066598449,10.8489478072,-1.00480503929,0.76920630323,10.0586698725
6.199186,1.00442518364,1.31602510123,10.8489478072,-1.00480503929,0.814587178465,10.1040507478
6.200852,1.07514341711,1.31602510123,10.8853536583,-1.05094982896,0.814587178465,10.1040507478
6.202518,0.9690660669,1.24530686776,10.8489478072,-1.05094982896,0.76920630323,10.0586698725
6.204184,1.03978430037,1.31602510123,10.9217595095,-1.00480503929,0.76920630323,10.1040507478
6.20585,1.03978430037,1.28066598449,10.9217595095,-1.05094982896,0.723825427995,10.1040507478
6.207516,1.07514341711,1.31602510123,10.9217595095,-1.05094982896,0.76920630323,10.0586698725
6.209182,1.00442518364,1.31602510123,10.9581653606,-1.05094982896,0.76920630323,10.1040507478
6.210848,0.933706950163,1.28066598449,10.9217595095,-1.05094982896,0.76920630323,10.1040507478
6.212514,0.9690660669,1.31602510123,10.9922958461,-1.05094982896,0.723825427995,10.1040507478
6.21418,1.00442518364,1.31602510123,10.9922958461,-1.05094982896,0.723825427995,10.1040507478
6.215846,1.11050253385,1.3867433347,11.0287016972,-1.05094982896,0.723825427995,10.1040507478
6.217512,1.00442518364,1.31602510123,11.0651075483,-1.09709461863,0.723825427995,10.1040507478
6.219178,0.933706950163,1.28066598449,10.9217595095,-1.05094982896,0.723825427995,10.1040507478
6.220844,0.9690660669,1.31602510123,11.0651075483,-1.09709461863,0.678444552759,10.1040507478
6.22251,0.9690660669,1.31602510123,11.0287016972,-1.09709461863,0.678444552759,10.1040507478
6.224176,1.07514341711,1.35138421797,11.0651075483,-1.09709461863,0.678444552759,10.1040507478
6.225842,1.00442518364,1.31602510123,11.0651075483,-1.09709461863,0.678444552759,10.1040507478
6.227508,0.933706950163,1.28066598449,11.0287016972,-1.05094982896,0.723825427995,10.149431623
6.229174,0.933706950163,1.28066598449,11.0651075483,-1.09709461863,0.723825427995,10.1040507478
6.23084,0.9690660669,1.31602510123,11.0651075483,-1.09709461863,0.678444552759,10.1040507478
6.232506,1.07514341711,1.35138421797,11.1015133995,-1.09709461863,0.678444552759,10.1040507478
6.234172,1.00442518364,1.28066598449,11.0651075483,-1.09709461863,0.723825427995,10.149431623
6.235838,0.9690660669,1.24530686776,11.0651075483,-1.09709461863,0.723825427995,10.149431623
6.237504,0.933706950163,1.28066598449,11.0651075483,-1.09709461863,0.723825427995,10.1040507478
6.23917,1.03978430037,1.31602510123,11.0651075483,-1.09709461863,0.678444552759,10.149431623
6.240836,0.933706950163,1.28066598449,11.1379192506,-1.05094982896,0.723825427995,10.149431623
6.242502,0.9690660669,1.28066598449,11.0287016972,-1.05094982896,0.678444552759,10.149431623
6.244168,1.00442518364,1.28066598449,11.0287016972,-1.05094982896,0.723825427995,10.149431623
6.245834,1.00442518364,1.24530686776,11.0287016972,-1.05094982896,0.723825427995,10.149431623
6.2475,1.03978430037,1.28066598449,11.0287016972,-1.05094982896,0.723825427995,10.149431623
6.249166,0.933706950163,1.24530686776,11.0651075483,-1.00480503929,0.723825427995,10.1948124982
6.250832,1.03978430037,1.28066598449,10.9922958461,-1.05094982896,0.678444552759,10.149431623
6.252498,1.03978430037,1.20994775102,10.9581653606,-1.05094982896,0.678444552759,10.149431623
6.254164,1.03978430037,1.24530686776,10.9217595095,-1.00480503929,0.723825427995,10.1948124982
6.25583,1.07514341711,1.31602510123,10.9922958461,-1.00480503929,0.723825427995,10.1948124982
6.257496,0.9690660669,1.20994775102,10.9922958461,-0.912515459961,0.859968053701,10.2855742487
6.259162,1.07514341711,1.28066598449,10.9581653606,-1.00480503929,0.76920630323,10.1948124982
6.260828,1.03978430037,1.28066598449,10.9217595095,-1.00480503929,0.76920630323,10.1948124982
6.262494,1.07514341711,1.28066598449,10.9217595095,-0.912515459961,0.814587178465,10.2401933735
6.26416,1.11050253385,1.28066598449,10.9217595095,-0.958660249627,0.723825427995,10.1948124982
6.265826,1.03978430037,1.17458863428,10.8125419561,-0.958660249627,0.76920630323,10.1948124982
6.267492,1.11050253385,1.28066598449,10.8853536583,-0.958660249627,0.814587178465,10.1948124982
6.269158,1.11050253385,1.28066598449,10.8853536583,-0.866370670294,0.859968053701,10.2855742487
6.270824,1.11050253385,1.24530686776,10.8489478072,-0.912515459961,0.76920630323,10.2401933735
6.27249,1.11050253385,1.28066598449,10.8853536583,-0.958660249627,0.76920630323,10.1948124982
6.274156,1.03978430037,1.24530686776,10.7761361049,-0.912515459961,0.76920630323,10.1948124982
6.275822,1.11050253385,1.31602510123,10.8853536583,-0.912515459961,0.814587178465,10.2401933735
6.277488,1.11050253385,1.31602510123,10.8125419561,-0.912515459961,0.76920630323,10.1948124982
6.279154,1.11050253385,1.31602510123,10.8125419561,-0.866370670294,0.814587178465,10.2401933735
6.28082,1.14586165058,1.31602510123,10.8853536583,-0.866370670294,0.76920630323,10.1948124982
6.282486,1.07514341711,1.28066598449,10.7397302538,-0.912515459961,0.723825427995,10.149431623
6.284152,1.14586165058,1.35138421797,10.8125419561,-0.912515459961,0.76920630323,10.1948124982
6.285818,1.14586165058,1.3867433347,10.7761361049,-0.866370670294,0.76920630323,10.149431623
6.287484,1.21657988406,1.42210245144,10.7761361049,-0.820225880627,0.859968053701,10.2401933735
6.28915,1.14586165058,1.42210245144,10.7761361049,-0.912515459961,0.76920630323,10.149431623
6.290816,1.11050253385,1.35138421797,10.7397302538,-0.912515459961,0.76920630323,10.149431623
6.292482,1.11050253385,1.35138421797,10.7761361049,-0.866370670294,0.814587178465,10.149431623
6.294148,1.14586165058,1.42210245144,10.8125419561,-0.912515459961,0.76920630323,10.149431623
6.295814,1.25193900079,1.49282068491,10.8853536583,-0.866370670294,0.814587178465,10.149431623
6.29748,1.14586165058,1.42210245144,10.8125419561,-0.912515459961,0.76920630323,10.1040507478
6.299146,1.11050253385,1.35138421797,10.7397302538,-0.912515459961,0.814587178465,10.1040507478
6.300812,1.11050253385,1.31602510123,10.7761361049,-0.912515459961,0.814587178465,10.1040507478
6.302478,1.11050253385,1.3867433347,10.7761361049,-0.912515459961,0.814587178465,10.0586698725
6.304144,1.14586165058,1.49282068491,10.8853536583,-0.912515459961,0.859968053701,10.1040507478
6.30581,1.14586165058,1.3867433347,10.7761361049,-0.912515459961,0.859968053701,10.0586698725
6.307476,1.11050253385,1.35138421797,10.7761361049,-0.820225880627,0.950729804172,10.149431623
6.309142,1.07514341711,1.35138421797,10.7761361049,-0.912515459961,0.859968053701,10.0586698725
6.310808,1.11050253385,1.35138421797,10.8489478072,-0.912515459961,0.905348928936,10.0586698725
6.312474,1.18122076732,1.45746156818,10.8853536583,-0.866370670294,0.905348928936,10.1040507478
6.31414,1.11050253385,1.3867433347,10.8489478072,-0.958660249627,0.859968053701,10.0586698725
6.315806,1.07514341711,1.31602510123,10.7761361049,-0.912515459961,0.905348928936,10.0586698725
6.317472,1.07514341711,1.35138421797,10.8125419561,-0.912515459961,0.905348928936,10.0586698725
6.319138,1.11050253385,1.35138421797,10.8125419561,-0.866370670294,0.996110679407,10.1040507478
6.320804,1.07514341711,1.3867433347,10.9217595095,-0.958660249627,0.859968053701,10.0132889973
6.32247,1.07514341711,1.35138421797,10.8125419561,-0.912515459961,0.859968053701,10.0586698725
6.324136,1.11050253385,1.31602510123,10.8125419561,-0.912515459961,0.859968053701,10.0586698725
6.325802,1.11050253385,1.35138421797,10.7761361049,-0.912515459961,0.859968053701,10.0586698725
6.327468,1.14586165058,1.35138421797,10.8853536583,-0.866370670294,0.950729804172,10.1040507478
6.329134,1.07514341711,1.31602510123,10.7761361049,-0.820225880627,0.996110679407,10.149431623
6.3308,1.14586165058,1.31602510123,10.8489478072,-0.866370670294,0.950729804172,10.1040507478
6.332466,1.11050253385,1.35138421797,10.8125419561,-0.866370670294,0.950729804172,10.1040507478
6.334132,1.21657988406,1.45746156818,10.8853536583,-0.912515459961,0.905348928936,10.1040507478
6.335798,1.14586165058,1.35138421797,10.8853536583,-0.866370670294,0.950729804172,10.1040507478
6.337464,1.07514341711,1.31602510123,10.8125419561,-0.866370670294,0.905348928936,10.0586698725
6.33913,1.11050253385,1.35138421797,10.8125419561,-0.820225880627,0.950729804172,10.149431623
6.340796,1.14586165058,1.3867433347,10.8489478072,-0.958660249627,0.859968053701,10.0586698725
6.342462,1.14586165058,1.45746156818,10.9922958461,-0.912515459961,0.859968053701,10.0586698725
6.344128,1.14586165058,1.35138421797,10.8853536583,-0.912515459961,0.859968053701,10.0586698725
6.345794,1.11050253385,1.31602510123,10.8125419561,-0.866370670294,0.905348928936,10.149431623
6.34746,1.11050253385,1.31602510123,10.8489478072,-0.912515459961,0.859968053701,10.0586698725
6.349126,1.18122076732,1.35138421797,10.8853536583,-0.912515459961,0.859968053701,10.1040507478
6.350792,1.07514341711,1.35138421797,10.9922958461,-0.912515459961,0.859968053701,10.1040507478
6.352458,1.14586165058,1.35138421797,10.8853536583,-0.912515459961,0.76920630323,10.0586698725
6.354124,1.14586165058,1.35138421797,10.8489478072,-0.912515459961,0.76920630323,10.149431623
6.35579,1.18122076732,1.31602510123,10.8489478072,-0.912515459961,0.76920630323,10.149431623
6.357456,1.18122076732,1.35138421797,10.8853536583,-0.912515459961,0.76920630323,10.149431623
6.359122,1.11050253385,1.28066598449,10.8125419561,-0.820225880627,0.905348928936,10.1948124982
6.360788,1.14586165058,1.35138421797,10.8853536583,-0.912515459961,0.76920630323,10.149431623
6.362454,1.18122076732,1.31602510123,10.8853536583,-0.912515459961,0.814587178465,10.149431623
6.36412,1.21657988406,1.31602510123,10.8489478072,-0.866370670294,0.723825427995,10.1948124982
6.365786,1.21657988406,1.31602510123,10.9217595095,-0.866370670294,0.76920630323,10.1948124982
6.367452,1.14586165058,1.28066598449,10.8125419561,-0.866370670294,0.76920630323,10.1948124982
6.369118,1.14586165058,1.31602510123,10.8853536583,-0.866370670294,0.76920630323,10.1948124982
6.370784,1.18122076732,1.31602510123,10.8853536583,-0.866370670294,0.723825427995,10.1948124982
6.37245,1.28729811753,1.3867433347,10.9217595095,-0.866370670294,0.76920630323,10.2401933735
6.374116,1.21657988406,1.31602510123,10.9217595095,-0.866370670294,0.76920630323,10.1948124982
6.375782,1.18122076732,1.20994775102,10.8489478072,-0.820225880627,0.814587178465,10.2855742487
6.377448,1.18122076732,1.28066598449,10.8853536583,-0.866370670294,0.814587178465,10.2855742487
6.379114,1.21657988406,1.24530686776,10.8853536583,-0.912515459961,0.723825427995,10.1948124982
6.38078,1.11050253385,1.31602510123,10.9922958461,-0.912515459961,0.723825427995,10.1948124982
6.382446,1.18122076732,1.28066598449,10.9217595095,-0.866370670294,0.76920630323,10.2401933735
6.384112,1.11050253385,1.20994775102,10.8489478072,-0.912515459961,0.76920630323,10.2401933735
6.385778,1.18122076732,1.20994775102,10.8853536583,-0.866370670294,0.76920630323,10.2401933735
6.387444,1.18122076732,1.28066598449,10.9217595095,-0.866370670294,0.723825427995,10.2401933735
6.38911,1.07514341711,1.28066598449,11.0287016972,-0.866370670294,0.76920630323,10.2401933735
6.390776,1.21657988406,1.28066598449,10.9217595095,-0.866370670294,0.76920630323,10.2401933735
6.392442,1.14586165058,1.20994775102,10.9217595095,-0.820225880627,0.814587178465,10.2855742487
6.394108,1.18122076732,1.20994775102,10.8853536583,-0.912515459961,0.723825427995,10.2401933735
6.395774,1.14586165058,1.28066598449,10.9217595095,-0.912515459961,0.678444552759,10.1948124982
6.39744,1.07514341711,1.20994775102,11.0287016972,-0.912515459961,0.678444552759,10.2401933735
6.399106,1.14586165058,1.28066598449,10.9581653606,-0.912515459961,0.723825427995,10.1948124982
6.400772,1.11050253385,1.28066598449,10.9217595095,-0.912515459961,0.723825427995,10.1948124982
6.402438,1.18122076732,1.31602510123,10.9217595095,-0.912515459961,0.723825427995,10.1948124982
6.404104,1.18122076732,1.31602510123,10.9922958461,-0.912515459961,0.723825427995,10.1948124982
6.40577,1.11050253385,1.20994775102,10.9217595095,-0.912515459961,0.723825427995,10.1948124982
6.407436,1.11050253385,1.31602510123,10.9922958461,-0.866370670294,0.76920630323,10.2401933735
6.409102,1.18122076732,1.31602510123,10.9922958461,-0.912515459961,0.678444552759,10.149431623
6.410768,1.21657988406,1.31602510123,10.9922958461,-0.912515459961,0.678444552759,10.149431623
6.412434,1.11050253385,1.31602510123,11.0287016972,-0.912515459961,0.723825427995,10.1948124982
6.4141,1.07514341711,1.28066598449,10.9217595095,-0.912515459961,0.723825427995,10.149431623
6.415766,1.11050253385,1.28066598449,10.9581653606,-0.912515459961,0.723825427995,10.149431623
6.417432,1.11050253385,1.28066598449,10.9922958461,-0.958660249627,0.723825427995,10.149431623
6.419098,1.00442518364,1.17458863428,11.0287016972,-0.958660249627,0.723825427995,10.149431623
6.420764,1.11050253385,1.24530686776,10.9922958461,-0.958660249627,0.723825427995,10.1040507478
6.42243,1.07514341711,1.20994775102,10.9922958461,-0.958660249627,0.723825427995,10.1040507478
6.424096,1.11050253385,1.20994775102,10.9581653606,-0.958660249627,0.678444552759,10.1040507478
6.425762,1.11050253385,1.28066598449,10.9922958461,-0.912515459961,0.814587178465,10.149431623
6.427428,1.03978430037,1.20994775102,10.8853536583,-0.958660249627,0.678444552759,10.0586698725
6.429094,1.11050253385,1.24530686776,10.9581653606,-0.958660249627,0.723825427995,10.0586698725
6.43076,1.07514341711,1.28066598449,10.9217595095,-0.958660249627,0.76920630323,10.0586698725
6.432426,1.11050253385,1.28066598449,10.9217595095,-0.958660249627,0.76920630323,10.0586698725
6.434092,1.14586165058,1.31602510123,10.9581653606,-0.958660249627,0.723825427995,10.0132889973
6.435758,1.07514341711,1.24530686776,10.8853536583,-0.912515459961,0.76920630323,10.0586698725
6.437424,1.11050253385,1.31602510123,10.9217595095,-0.958660249627,0.76920630323,10.0132889973
6.43909,1.11050253385,1.31602510123,10.8853536583,-0.958660249627,0.76920630323,10.0132889973
6.440756,1.21657988406,1.35138421797,10.9217595095,-0.912515459961,0.76920630323,10.0586698725
6.442422,1.11050253385,1.31602510123,10.9217595095,-0.912515459961,0.814587178465,10.0132889973
6.444088,1.07514341711,1.24530686776,10.8853536583,-0.820225880627,0.905348928936,10.1040507478
6.445754,1.11050253385,1.31602510123,10.8853536583,-0.912515459961,0.76920630323,10.0132889973
6.44742,1.11050253385,1.31602510123,10.8853536583,-0.912515459961,0.814587178465,10.0132889973
6.449086,1.18122076732,1.31602510123,10.8853536583,-0.912515459961,0.76920630323,10.0132889973
6.450752,1.14586165058,1.31602510123,10.8489478072,-0.912515459961,0.76920630323,10.0132889973
6.452418,1.07514341711,1.28066598449,10.7761361049,-0.912515459961,0.76920630323,10.0132889973
6.454084,1.18122076732,1.31602510123,10.8489478072,-0.866370670294,0.76920630323,10.0132889973
6.45575,1.18122076732,1.31602510123,10.8125419561,-0.866370670294,0.859968053701,10.0132889973
6.457416,1.28729811753,1.3867433347,10.8489478072,-0.912515459961,0.814587178465,9.96790812205
6.459082,1.18122076732,1.35138421797,10.8125419561,-0.866370670294,0.814587178465,10.0132889973
6.460748,1.18122076732,1.24530686776,10.7397302538,-0.866370670294,0.814587178465,10.0132889973
6.462414,1.14586165058,1.35138421797,10.7761361049,-0.866370670294,0.859968053701,10.0132889973
6.46408,1.21657988406,1.31602510123,10.8125419561,-0.866370670294,0.76920630323,10.0132889973
6.465746,1.32265723427,1.45746156818,10.8125419561,-0.820225880627,0.814587178465,10.0132889973
6.467412,1.18122076732,1.3867433347,10.7761361049,-0.820225880627,0.814587178465,10.0132889973
6.469078,1.21657988406,1.35138421797,10.7397302538,-0.77408109096,0.859968053701,10.0586698725
6.470744,1.18122076732,1.35138421797,10.7397302538,-0.820225880627,0.814587178465,10.0132889973
6.47241,1.28729811753,1.3867433347,10.7761361049,-0.820225880627,0.76920630323,10.0586698725
6.474076,1.18122076732,1.31602510123,10.7761361049,-0.820225880627,0.76920630323,10.0586698725
6.475742,1.25193900079,1.3867433347,10.7761361049,-0.77408109096,0.814587178465,10.0586698725
6.477408,1.21657988406,1.35138421797,10.7397302538,-0.77408109096,0.814587178465,10.0586698725
6.479074,1.28729811753,1.3867433347,10.7033244027,-0.77408109096,0.76920630323,10.0586698725
6.48074,1.32265723427,1.42210245144,10.7397302538,-0.77408109096,0.814587178465,10.0586698725
6.482406,1.21657988406,1.3867433347,10.7033244027,-0.77408109096,0.814587178465,10.0586698725
6.484072,1.28729811753,1.35138421797,10.7397302538,-0.727936301293,0.76920630323,10.1040507478
6.485738,1.32265723427,1.35138421797,10.7397302538,-0.727936301293,0.76920630323,10.1040507478
6.487404,1.39337546774,1.45746156818,10.7761361049,-0.77408109096,0.814587178465,10.0586698725
6.48907,1.32265723427,1.35138421797,10.7397302538,-0.727936301293,0.814587178465,10.1040507478
6.490736,1.28729811753,1.31602510123,10.7033244027,-0.727936301293,0.814587178465,10.1040507478
6.492402,1.32265723427,1.31602510123,10.7033244027,-0.727936301293,0.859968053701,10.1040507478
6.494068,1.35801635101,1.3867433347,10.7397302538,-0.681791511626,0.905348928936,10.149431623
6.495734,1.25193900079,1.28066598449,10.7761361049,-0.727936301293,0.814587178465,10.1040507478
6.4974,1.32265723427,1.35138421797,10.7761361049,-0.727936301293,0.859968053701,10.1040507478
6.499066,1.32265723427,1.31602510123,10.7397302538,-0.727936301293,0.859968053701,10.149431623
6.500732,1.32265723427,1.35138421797,10.7761361049,-0.681791511626,0.905348928936,10.149431623
6.502398,1.35801635101,1.35138421797,10.8125419561,-0.589501932292,0.996110679407,10.2401933735
6.504064,1.32265723427,1.24530686776,10.7397302538,-0.727936301293,0.814587178465,10.149431623
6.50573,1.28729811753,1.31602510123,10.8125419561,-0.727936301293,0.859968053701,10.149431623
6.507396,1.35801635101,1.31602510123,10.8125419561,-0.681791511626,0.905348928936,10.149431623
6.509062,1.42873458448,1.3867433347,10.8853536583,-0.681791511626,0.905348928936,10.149431623
6.510728,1.35801635101,1.35138421797,10.8853536583,-0.727936301293,0.859968053701,10.149431623
6.512394,1.32265723427,1.28066598449,10.8125419561,-0.727936301293,0.814587178465,10.149431623
6.51406,1.32265723427,1.31602510123,10.8489478072,-0.727936301293,0.859968053701,10.1948124982
6.515726,1.35801635101,1.31602510123,10.8853536583,-0.727936301293,0.859968053701,10.1948124982
6.517392,1.28729811753,1.42210245144,10.9922958461,-0.727936301293,0.859968053701,10.1948124982
6.519058,1.35801635101,1.31602510123,10.9217595095,-0.727936301293,0.859968053701,10.1948124982
6.520724,1.32265723427,1.28066598449,10.8853536583,-0.727936301293,0.814587178465,10.149431623
6.52239,1.32265723427,1.28066598449,10.9217595095,-0.727936301293,0.814587178465,10.149431623
6.524056,1.35801635101,1.31602510123,10.9922958461,-0.681791511626,0.905348928936,10.2855742487
6.525722,1.28729811753,1.20994775102,11.0287016972,-0.635646721959,0.905348928936,10.2855742487
6.527388,1.35801635101,1.28066598449,10.9581653606,-0.727936301293,0.76920630323,10.1948124982
6.529054,1.32265723427,1.28066598449,10.9217595095,-0.727936301293,0.814587178465,10.1948124982
6.53072,1.35801635101,1.28066598449,10.9581653606,-0.727936301293,0.814587178465,10.149431623
6.532386,1.32265723427,1.31602510123,11.0287016972,-0.727936301293,0.859968053701,10.1948124982
6.534052,1.25193900079,1.20994775102,10.9217595095,-0.77408109096,0.814587178465,10.1948124982
6.535718,1.32265723427,1.31602510123,11.0287016972,-0.77408109096,0.814587178465,10.1948124982
6.537384,1.32265723427,1.31602510123,11.0287016972,-0.681791511626,0.905348928936,10.2855742487
6.53905,1.39337546774,1.35138421797,11.0287016972,-0.727936301293,0.859968053701,10.2401933735
6.540716,1.32265723427,1.28066598449,11.0651075483,-0.77408109096,0.859968053701,10.1948124982
6.542382,1.28729811753,1.20994775102,10.9922958461,-0.681791511626,0.905348928936,10.2855742487
6.544048,1.28729811753,1.28066598449,10.9922958461,-0.77408109096,0.814587178465,10.2401933735
6.545714,1.32265723427,1.28066598449,11.0651075483,-0.77408109096,0.814587178465,10.1948124982
6.54738,1.35801635101,1.35138421797,11.1743251017,-0.77408109096,0.814587178465,10.1948124982
6.549046,1.32265723427,1.28066598449,11.0651075483,-0.77408109096,0.76920630323,10.1948124982
6.550712,1.28729811753,1.28066598449,11.0287016972,-0.727936301293,0.76920630323,10.2401933735
6.552378,1.35801635101,1.28066598449,11.0287016972,-0.77408109096,0.814587178465,10.2401933735
6.554044,1.32265723427,1.28066598449,11.0287016972,-0.77408109096,0.76920630323,10.2401933735
6.55571,1.21657988406,1.20994775102,10.9581653606,-0.77408109096,0.814587178465,10.2401933735
6.557376,1.32265723427,1.28066598449,11.0287016972,-0.77408109096,0.76920630323,10.2401933735
6.559042,1.32265723427,1.24530686776,10.9922958461,-0.727936301293,0.814587178465,10.2401933735
6.560708,1.35801635101,1.28066598449,10.9922958461,-0.727936301293,0.814587178465,10.2401933735
6.562374,1.35801635101,1.31602510123,11.0287016972,-0.77408109096,0.76920630323,10.2401933735
6.56404,1.28729811753,1.17458863428,10.9217595095,-0.77408109096,0.76920630323,10.2401933735
6.565706,1.32265723427,1.28066598449,11.0287016972,-0.77408109096,0.76920630323,10.2401933735
6.567372,1.32265723427,1.28066598449,10.9922958461,-0.727936301293,0.814587178465,10.2855742487
6.569038,1.35801635101,1.35138421797,11.0651075483,-0.727936301293,0.859968053701,10.2855742487
6.570704,1.32265723427,1.28066598449,10.9922958461,-0.77408109096,0.814587178465,10.2401933735
6.57237,1.25193900079,1.20994775102,10.9217595095,-0.77408109096,0.814587178465,10.2401933735
6.574036,1.28729811753,1.20994775102,10.8853536583,-0.681791511626,0.859968053701,10.2855742487
6.575702,1.32265723427,1.24530686776,10.9217595095,-0.727936301293,0.814587178465,10.2401933735
6.577368,1.25193900079,1.20994775102,10.8489478072,-0.727936301293,0.76920630323,10.2401933735
6.579034,1.32265723427,1.28066598449,10.8853536583,-0.77408109096,0.76920630323,10.1948124982
6.5807,1.28729811753,1.28066598449,10.8853536583,-0.727936301293,0.76920630323,10.2401933735
6.582366,1.39337546774,1.35138421797,10.9217595095,-0.727936301293,0.76920630323,10.2401933735
6.584032,1.32265723427,1.31602510123,10.8853536583,-0.77408109096,0.76920630323,10.1948124982
6.585698,1.28729811753,1.28066598449,10.8489478072,-0.77408109096,0.76920630323,10.2401933735
6.587364,1.28729811753,1.28066598449,10.8853536583,-0.727936301293,0.814587178465,10.2401933735
6.58903,1.28729811753,1.31602510123,10.8853536583,-0.727936301293,0.76920630323,10.1948124982
6.590696,1.28729811753,1.45746156818,10.9581653606,-0.727936301293,0.76920630323,10.1948124982
6.592362,1.28729811753,1.35138421797,10.8489478072,-0.77408109096,0.76920630323,10.1948124982
6.594028,1.28729811753,1.31602510123,10.8125419561,-0.727936301293,0.723825427995,10.149431623
6.595694,1.25193900079,1.35138421797,10.8125419561,-0.77408109096,0.723825427995,10.149431623
6.59736,1.28729811753,1.35138421797,10.8489478072,-0.77408109096,0.723825427995,10.149431623
6.599026,1.21657988406,1.28066598449,10.7397302538,-0.77408109096,0.723825427995,10.1040507478
6.600692,1.28729811753,1.35138421797,10.8125419561,-0.727936301293,0.814587178465,10.149431623
6.602358,1.28729811753,1.31602510123,10.7761361049,-0.727936301293,0.814587178465,10.1948124982
6.604024,1.35801635101,1.3867433347,10.8125419561,-0.820225880627,0.723825427995,10.0586698725
6.60569,1.25193900079,1.35138421797,10.8125419561,-0.820225880627,0.76920630323,10.0586698725
6.607356,1.21657988406,1.31602510123,10.7397302538,-0.77408109096,0.814587178465,10.0586698725
6.609022,1.21657988406,1.31602510123,10.7761361049,-0.77408109096,0.814587178465,10.1040507478
6.610688,1.25193900079,1.35138421797,10.8125419561,-0.820225880627,0.76920630323,10.0132889973
6.612354,1.18122076732,1.3867433347,10.9217595095,-0.820225880627,0.814587178465,10.0132889973
6.61402,1.21657988406,1.31602510123,10.8125419561,-0.820225880627,0.814587178465,10.0132889973
6.615686,1.18122076732,1.28066598449,10.7761361049,-0.820225880627,0.814587178465,10.0132889973
6.617352,1.18122076732,1.31602510123,10.7761361049,-0.820225880627,0.859968053701,10.0586698725
6.619018,1.21657988406,1.35138421797,10.8489478072,-0.820225880627,0.814587178465,10.0132889973
6.620684,1.14586165058,1.24530686776,10.7397302538,-0.820225880627,0.814587178465,9.96790812205
6.62235,1.18122076732,1.31602510123,10.7761361049,-0.77408109096,0.859968053701,10.0132889973
6.624016,1.18122076732,1.31602510123,10.7761361049,-0.866370670294,0.814587178465,9.96790812205
6.625682,1.25193900079,1.35138421797,10.7761361049,-0.866370670294,0.814587178465,9.96790812205
6.627348,1.18122076732,1.35138421797,10.8125419561,-0.866370670294,0.814587178465,9.96790812205
6.629014,1.11050253385,1.28066598449,10.7397302538,-0.866370670294,0.76920630323,9.92252724682
6.63068,1.14586165058,1.31602510123,10.7761361049,-0.866370670294,0.814587178465,9.92252724682
6.632346,1.21657988406,1.31602510123,10.8125419561,-0.820225880627,0.814587178465,9.96790812205
6.634012,1.21657988406,1.42210245144,10.8853536583,-0.820225880627,0.859968053701,10.0132889973
6.635678,1.18122076732,1.31602510123,10.8125419561,-0.866370670294,0.76920630323,9.92252724682
6.637344,1.14586165058,1.28066598449,10.7761361049,-0.866370670294,0.814587178465,9.92252724682
6.63901,1.11050253385,1.28066598449,10.7761361049,-0.77408109096,0.905348928936,10.0132889973
6.640676,1.18122076732,1.31602510123,10.8125419561,-0.912515459961,0.76920630323,9.92252724682
6.642342,1.11050253385,1.3867433347,10.9217595095,-0.912515459961,0.814587178465,9.92252724682
6.644008,1.11050253385,1.28066598449,10.8489478072,-0.912515459961,0.76920630323,9.92252724682
6.645674,1.11050253385,1.28066598449,10.7761361049,-0.912515459961,0.814587178465,9.92252724682
6.64734,1.14586165058,1.31602510123,10.8489478072,-0.912515459961,0.814587178465,9.92252724682
6.649006,1.18122076732,1.31602510123,10.8489478072,-0.866370670294,0.814587178465,9.96790812205
6.650672,1.11050253385,1.31602510123,10.9217595095,-0.912515459961,0.814587178465,9.96790812205
6.652338,1.14586165058,1.28066598449,10.8853536583,-0.912515459961,0.76920630323,9.92252724682
6.654004,1.14586165058,1.28066598449,10.8125419561,-0.820225880627,0.905348928936,10.0132889973
6.65567,1.14586165058,1.28066598449,10.8125419561,-0.820225880627,0.859968053701,10.0586698725
6.657336,1.18122076732,1.31602510123,10.8853536583,-0.912515459961,0.76920630323,9.96790812205
6.659002,1.11050253385,1.20994775102,10.7761361049,-0.912515459961,0.723825427995,9.96790812205
6.660668,1.18122076732,1.31602510123,10.8489478072,-0.866370670294,0.76920630323,9.96790812205
6.662334,1.18122076732,1.31602510123,10.8853536583,-0.912515459961,0.76920630323,10.0132889973
6.664,1.28729811753,1.3867433347,10.8853536583,-0.866370670294,0.723825427995,10.0132889973
6.665666,1.18122076732,1.35138421797,10.8853536583,-0.866370670294,0.76920630323,10.0132889973
6.667332,1.18122076732,1.28066598449,10.7761361049,-0.866370670294,0.76920630323,10.0586698725
6.668998,1.18122076732,1.28066598449,10.8489478072,-0.866370670294,0.723825427995,10.0586698725
6.670664,1.21657988406,1.31602510123,10.8853536583,-0.866370670294,0.76920630323,10.0586698725
6.67233,1.14586165058,1.35138421797,10.9581653606,-0.77408109096,0.814587178465,10.1040507478
6.673996,1.21657988406,1.31602510123,10.8853536583,-0.77408109096,0.814587178465,10.1948124982
6.675662,1.21657988406,1.28066598449,10.8125419561,-0.727936301293,0.814587178465,10.1948124982
6.677328,1.18122076732,1.28066598449,10.8489478072,-0.727936301293,0.859968053701,10.1948124982
6.678994,1.25193900079,1.31602510123,10.8853536583,-0.77408109096,0.76920630323,10.1948124982
6.68066,1.18122076732,1.20994775102,10.8853536583,-0.866370670294,0.723825427995,10.149431623
6.682326,1.21657988406,1.28066598449,10.8853536583,-0.820225880627,0.723825427995,10.149431623
6.683992,1.21657988406,1.20994775102,10.8489478072,-0.820225880627,0.76920630323,10.149431623
6.685658,1.18122076732,1.20994775102,10.8853536583,-0.727936301293,0.814587178465,10.2855742487
6.687324,1.21657988406,1.28066598449,10.9217595095,-0.820225880627,0.723825427995,10.1948124982
6.68899,1.14586165058,1.17458863428,10.9922958461,-0.820225880627,0.76920630323,10.1948124982
6.690656,1.25193900079,1.31602510123,10.8853536583,-0.820225880627,0.76920630323,10.2401933735
6.692322,1.21657988406,1.20994775102,10.8853536583,-0.820225880627,0.723825427995,10.2401933735
6.693988,1.25193900079,1.24530686776,10.8853536583,-0.77408109096,0.76920630323,10.2401933735
6.695654,1.25193900079,1.28066598449,10.9217595095,-0.820225880627,0.76920630323,10.2401933735
6.69732,1.18122076732,1.17458863428,10.8489478072,-0.820225880627,0.76920630323,10.2401933735
6.698986,1.25193900079,1.28066598449,10.8853536583,-0.727936301293,0.859968053701,10.3309551239
6.700652,1.25193900079,1.24530686776,10.8853536583,-0.820225880627,0.76920630323,10.2855742487
6.702318,1.21657988406,1.24530686776,10.8853536583,-0.820225880627,0.723825427995,10.2855742487
6.703984,1.28729811753,1.28066598449,10.9217595095,-0.727936301293,0.814587178465,10.3309551239
6.70565,1.18122076732,1.20994775102,10.9581653606,-0.77408109096,0.723825427995,10.2855742487
6.707316,1.28729811753,1.31602510123,10.8853536583,-0.77408109096,0.723825427995,10.2855742487
6.708982,1.25193900079,1.31602510123,10.8853536583,-0.820225880627,0.723825427995,10.2855742487
6.710648,1.28729811753,1.31602510123,10.8853536583,-0.820225880627,0.723825427995,10.2855742487
6.712314,1.28729811753,1.31602510123,10.9217595095,-0.820225880627,0.723825427995,10.2855742487
6.71398,1.21657988406,1.28066598449,10.8489478072,-0.820225880627,0.76920630323,10.2855742487
6.715646,1.25193900079,1.31602510123,10.9217595095,-0.820225880627,0.76920630323,10.2401933735
6.717312,1.21657988406,1.31602510123,10.9217595095,-0.820225880627,0.76920630323,10.2855742487
6.718978,1.35801635101,1.3867433347,10.9922958461,-0.681791511626,0.859968053701,10.3763359992
6.720644,1.25193900079,1.31602510123,10.9581653606,-0.820225880627,0.76920630323,10.2855742487
6.72231,1.18122076732,1.28066598449,10.8853536583,-0.820225880627,0.76920630323,10.2401933735
6.723976,1.21657988406,1.28066598449,10.9581653606,-0.77408109096,0.814587178465,10.3309551239
6.725642,1.21657988406,1.28066598449,10.9922958461,-0.820225880627,0.76920630323,10.2401933735
6.727308,1.32265723427,1.35138421797,10.9922958461,-0.820225880627,0.76920630323,10.2401933735
6.728974,1.21657988406,1.31602510123,10.9922958461,-0.727936301293,0.859968053701,10.3309551239
6.73064,1.18122076732,1.24530686776,10.9217595095,-0.77408109096,0.814587178465,10.2855742487
6.732306,1.21657988406,1.28066598449,10.9581653606,-0.866370670294,0.76920630323,10.2401933735
6.733972,1.21657988406,1.24530686776,10.9922958461,-0.866370670294,0.76920630323,10.2401933735
6.735638,1.28729811753,1.3867433347,11.0287016972,-0.866370670294,0.814587178465,10.1948124982
6.737304,1.21657988406,1.31602510123,10.9581653606,-0.866370670294,0.76920630323,10.1948124982
6.73897,1.18122076732,1.28066598449,10.9217595095,-0.866370670294,0.814587178465,10.1948124982
6.740636,1.21657988406,1.28066598449,10.9217595095,-0.866370670294,0.814587178465,10.149431623
6.742302,1.18122076732,1.28066598449,10.9581653606,-0.820225880627,0.905348928936,10.2401933735
6.743968,1.11050253385,1.35138421797,11.0651075483,-0.866370670294,0.814587178465,10.149431623
6.745634,1.18122076732,1.31602510123,10.9922958461,-0.866370670294,0.814587178465,10.149431623
6.7473,1.18122076732,1.31602510123,10.9581653606,-0.866370670294,0.814587178465,10.149431623
6.748966,1.18122076732,1.31602510123,10.9217595095,-0.912515459961,0.814587178465,10.149431623
6.750632,1.18122076732,1.31602510123,10.9217595095,-0.820225880627,0.950729804172,10.2401933735
6.752298,1.07514341711,1.28066598449,10.8489478072,-0.912515459961,0.76920630323,10.1040507478
6.753964,1.18122076732,1.31602510123,10.9217595095,-0.912515459961,0.859968053701,10.1040507478
6.75563,1.14586165058,1.31602510123,10.9217595095,-0.912515459961,0.859968053701,10.1040507478
6.757296,1.18122076732,1.31602510123,10.8853536583,-0.912515459961,0.859968053701,10.1040507478
6.758962,1.18122076732,1.35138421797,10.9581653606,-0.912515459961,0.859968053701,10.1040507478
6.760628,1.11050253385,1.31602510123,10.8125419561,-0.912515459961,0.859968053701,10.1040507478
6.762294,1.14586165058,1.31602510123,10.9217595095,-0.912515459961,0.859968053701,10.1040507478
6.76396,1.14586165058,1.31602510123,10.8853536583,-0.820225880627,0.950729804172,10.1948124982
6.765626,1.21657988406,1.45746156818,10.9581653606,-0.912515459961,0.905348928936,10.0586698725
6.767292,1.11050253385,1.35138421797,10.8853536583,-0.912515459961,0.905348928936,10.1040507478
6.768958,1.11050253385,1.31602510123,10.8489478072,-0.77408109096,0.996110679407,10.1948124982
6.770624,1.11050253385,1.31602510123,10.8489478072,-0.912515459961,0.905348928936,10.1040507478
6.77229,1.14586165058,1.35138421797,10.8853536583,-0.912515459961,0.905348928936,10.1040507478
6.773956,1.07514341711,1.3867433347,10.9581653606,-0.912515459961,0.859968053701,10.0586698725
6.775622,1.14586165058,1.3867433347,10.8489478072,-0.820225880627,0.950729804172,10.1948124982
6.777288,1.11050253385,1.35138421797,10.7761361049,-0.958660249627,0.814587178465,10.0586698725
6.778954,1.07514341711,1.35138421797,10.8125419561,-0.912515459961,0.814587178465,10.0586698725
6.78062,1.14586165058,1.42210245144,10.8489478072,-0.912515459961,0.859968053701,10.0586698725
6.782286,1.07514341711,1.31602510123,10.8125419561,-0.912515459961,0.859968053701,10.0586698725
6.783952,1.07514341711,1.3867433347,10.7761361049,-0.912515459961,0.859968053701,10.0586698725
6.785618,1.11050253385,1.3867433347,10.7761361049,-0.912515459961,0.859968053701,10.0586698725
6.787284,1.11050253385,1.42210245144,10.7397302538,-0.820225880627,0.996110679407,10.149431623
6.78895,1.11050253385,1.42210245144,10.8125419561,-0.912515459961,0.814587178465,10.0586698725
6.790616,1.07514341711,1.3867433347,10.7397302538,-0.912515459961,0.814587178465,10.1040507478
6.792282,1.07514341711,1.3867433347,10.7761361049,-0.912515459961,0.814587178465,10.0586698725
6.793948,1.11050253385,1.3867433347,10.7761361049,-0.912515459961,0.859968053701,10.0586698725
6.795614,1.18122076732,1.45746156818,10.7761361049,-0.912515459961,0.859968053701,10.1040507478
6.79728,1.11050253385,1.42210245144,10.7761361049,-0.958660249627,0.814587178465,10.0586698725
6.798946,1.03978430037,1.35138421797,10.7033244027,-0.912515459961,0.859968053701,10.1040507478
6.800612,1.07514341711,1.3867433347,10.7761361049,-0.912515459961,0.859968053701,10.1040507478
6.802278,1.11050253385,1.3867433347,10.7761361049,-0.958660249627,0.814587178465,10.0586698725
6.803944,1.21657988406,1.45746156818,10.8125419561,-0.912515459961,0.814587178465,10.1040507478
6.80561,1.07514341711,1.42210245144,10.7761361049,-0.958660249627,0.814587178465,10.0586698725
6.807276,1.03978430037,1.35138421797,10.7397302538,-0.912515459961,0.814587178465,10.1040507478
6.808942,1.07514341711,1.35138421797,10.7761361049,-0.866370670294,0.905348928936,10.149431623
6.810608,1.07514341711,1.3867433347,10.7761361049,-0.958660249627,0.814587178465,10.1040507478
6.812274,1.11050253385,1.49282068491,10.8853536583,-0.958660249627,0.814587178465,10.1040507478
6.81394,1.11050253385,1.35138421797,10.8125419561,-0.958660249627,0.814587178465,10.0586698725
6.815606,1.03978430037,1.35138421797,10.7761361049,-1.00480503929,0.814587178465,10.1040507478
6.817272,1.03978430037,1.35138421797,10.8125419561,-1.00480503929,0.76920630323,10.0586698725
6.818938,1.07514341711,1.42210245144,10.8125419561,-1.00480503929,0.76920630323,10.1040507478
6.820604,0.9690660669,1.31602510123,10.8853536583,-0.958660249627,0.814587178465,10.1040507478
6.82227,1.03978430037,1.35138421797,10.8489478072,-1.00480503929,0.76920630323,10.0586698725
6.823936,1.03978430037,1.35138421797,10.8125419561,-1.00480503929,0.76920630323,10.1040507478
6.825602,1.07514341711,1.35138421797,10.8489478072,-0.958660249627,0.814587178465,10.1040507478
6.827268,1.07514341711,1.35138421797,10.8853536583,-1.00480503929,0.76920630323,10.1040507478
6.828934,0.9690660669,1.28066598449,10.8125419561,-0.912515459961,0.859968053701,10.1948124982
6.8306,1.00442518364,1.35138421797,10.8853536583,-1.00480503929,0.76920630323,10.1040507478
6.832266,1.03978430037,1.31602510123,10.8853536583,-1.05094982896,0.723825427995,10.0586698725
6.833932,1.11050253385,1.3867433347,10.9217595095,-1.05094982896,0.76920630323,10.1040507478
6.835598,1.03978430037,1.31602510123,10.9581653606,-0.912515459961,0.859968053701,10.1948124982
6.837264,1.00442518364,1.31602510123,10.8853536583,-1.05094982896,0.723825427995,10.1040507478
6.83893,1.00442518364,1.31602510123,10.9217595095,-1.05094982896,0.723825427995,10.1040507478
6.840596,1.00442518364,1.31602510123,10.9922958461,-1.05094982896,0.723825427995,10.1040507478
6.842262,1.00442518364,1.3867433347,11.0651075483,-1.05094982896,0.723825427995,10.1040507478
6.843928,1.03978430037,1.31602510123,10.9922958461,-1.05094982896,0.723825427995,10.1040507478
6.845594,0.9690660669,1.28066598449,10.9581653606,-1.00480503929,0.723825427995,10.1040507478
6.84726,0.9690660669,1.28066598449,10.9922958461,-1.00480503929,0.76920630323,10.149431623
6.848926,1.00442518364,1.28066598449,10.9922958461,-1.05094982896,0.723825427995,10.1040507478
6.850592,1.00442518364,1.35138421797,11.1379192506,-1.05094982896,0.723825427995,10.149431623
6.852258,1.03978430037,1.31602510123,11.0287016972,-1.05094982896,0.723825427995,10.1040507478
6.853924,1.00442518364,1.20994775102,10.9581653606,-1.05094982896,0.723825427995,10.1040507478
6.85559,1.00442518364,1.28066598449,10.9581653606,-1.05094982896,0.723825427995,10.1040507478
6.857256,1.03978430037,1.31602510123,11.0287016972,-1.05094982896,0.723825427995,10.1040507478
6.858922,0.933706950163,1.20994775102,11.0651075483,-1.05094982896,0.723825427995,10.1040507478
6.860588,1.03978430037,1.28066598449,11.0287016972,-1.05094982896,0.723825427995,10.149431623
6.862254,1.00442518364,1.28066598449,10.9922958461,-1.05094982896,0.723825427995,10.149431623
6.86392,1.03978430037,1.28066598449,10.9922958461,-1.05094982896,0.723825427995,10.149431623
6.865586,1.03978430037,1.28066598449,11.0287016972,-1.05094982896,0.723825427995,10.149431623
6.867252,1.00442518364,1.20994775102,10.9217595095,-1.00480503929,0.723825427995,10.149431623
6.868918,1.07514341711,1.24530686776,11.0287016972,-0.958660249627,0.76920630323,10.1948124982
6.870584,1.07514341711,1.20994775102,10.9922958461,-1.00480503929,0.723825427995,10.149431623
6.87225,1.07514341711,1.24530686776,10.9581653606,-1.00480503929,0.723825427995,10.149431623
6.873916,1.03978430037,1.24530686776,11.0287016972,-1.00480503929,0.723825427995,10.149431623
6.875582,1.00442518364,1.20994775102,10.9217595095,-1.00480503929,0.76920630323,10.1948124982
6.877248,1.07514341711,1.20994775102,10.9922958461,-1.00480503929,0.723825427995,10.149431623
6.878914,1.07514341711,1.28066598449,10.9217595095,-0.958660249627,0.76920630323,10.149431623
6.88058,1.14586165058,1.28066598449,10.9581653606,-1.00480503929,0.723825427995,10.149431623
6.882246,1.07514341711,1.24530686776,10.9922958461,-1.00480503929,0.723825427995,10.149431623
6.883912,1.07514341711,1.17458863428,10.8853536583,-0.958660249627,0.76920630323,10.1948124982
6.885578,1.07514341711,1.24530686776,10.9217595095,-0.958660249627,0.76920630323,10.149431623
6.887244,1.11050253385,1.24530686776,10.9581653606,-0.958660249627,0.723825427995,10.149431623
6.88891,1.07514341711,1.35138421797,10.9922958461,-0.958660249627,0.723825427995,10.149431623
6.890576,1.11050253385,1.28066598449,10.9217595095,-0.958660249627,0.723825427995,10.1948124982
6.892242,1.11050253385,1.20994775102,10.8853536583,-0.958660249627,0.76920630323,10.1948124982
6.893908,1.07514341711,1.24530686776,10.8489478072,-0.912515459961,0.76920630323,10.149431623
6.895574,1.14586165058,1.31602510123,10.8853536583,-0.866370670294,0.76920630323,10.2401933735
6.89724,1.07514341711,1.24530686776,10.7761361049,-0.866370670294,0.76920630323,10.1948124982
6.898906,1.11050253385,1.31602510123,10.8853536583,-0.912515459961,0.723825427995,10.149431623
6.900572,1.18122076732,1.28066598449,10.8489478072,-0.912515459961,0.76920630323,10.1948124982
6.902238,1.18122076732,1.35138421797,10.8125419561,-0.912515459961,0.723825427995,10.1948124982
6.903904,1.18122076732,1.31602510123,10.8853536583,-0.866370670294,0.76920630323,10.1948124982
6.90557,1.14586165058,1.28066598449,10.7761361049,-0.820225880627,0.76920630323,10.2401933735
6.907236,1.14586165058,1.31602510123,10.7761361049,-0.820225880627,0.814587178465,10.2401933735
6.908902,1.18122076732,1.31602510123,10.8125419561,-0.866370670294,0.814587178465,10.1948124982
6.910568,1.21657988406,1.45746156818,10.8853536583,-0.866370670294,0.76920630323,10.149431623
6.912234,1.14586165058,1.35138421797,10.8125419561,-0.912515459961,0.723825427995,10.149431623
6.9139,1.14586165058,1.28066598449,10.7397302538,-0.866370670294,0.76920630323,10.149431623
6.915566,1.11050253385,1.31602510123,10.7761361049,-0.866370670294,0.814587178465,10.1948124982
6.917232,1.18122076732,1.31602510123,10.7761361049,-0.866370670294,0.814587178465,10.149431623
6.918898,1.18122076732,1.42210245144,10.8853536583,-0.912515459961,0.76920630323,10.149431623
6.920564,1.18122076732,1.35138421797,10.8125419561,-0.866370670294,0.814587178465,10.149431623
6.92223,1.14586165058,1.31602510123,10.7397302538,-0.866370670294,0.814587178465,10.149431623
6.923896,1.14586165058,1.28066598449,10.7761361049,-0.77408109096,0.905348928936,10.2401933735
6.925562,1.18122076732,1.31602510123,10.8125419561,-0.866370670294,0.814587178465,10.149431623
6.927228,1.07514341711,1.31602510123,10.7761361049,-0.866370670294,0.814587178465,10.1040507478
6.928894,1.18122076732,1.31602510123,10.7761361049,-0.866370670294,0.814587178465,10.1040507478
6.93056,1.14586165058,1.31602510123,10.7397302538,-0.866370670294,0.859968053701,10.1040507478
6.932226,1.18122076732,1.28066598449,10.7397302538,-0.77408109096,0.905348928936,10.1948124982
6.933892,1.18122076732,1.35138421797,10.7761361049,-0.866370670294,0.814587178465,10.1040507478
6.935558,1.11050253385,1.28066598449,10.7033244027,-0.866370670294,0.859968053701,10.1040507478
6.937224,1.18122076732,1.35138421797,10.7761361049,-0.866370670294,0.859968053701,10.0586698725
6.93889,1.14586165058,1.35138421797,10.7761361049,-0.866370670294,0.859968053701,10.0586698725
6.940556,1.28729811753,1.3867433347,10.8125419561,-0.866370670294,0.905348928936,10.1040507478
6.942222,1.18122076732,1.35138421797,10.7761361049,-0.866370670294,0.859968053701,10.0586698725
6.943888,1.14586165058,1.28066598449,10.7397302538,-0.912515459961,0.814587178465,10.0586698725
6.945554,1.11050253385,1.35138421797,10.7761361049,-0.912515459961,0.859968053701,10.0586698725
6.94722,1.18122076732,1.35138421797,10.8125419561,-0.912515459961,0.859968053701,10.0586698725
6.948886,1.07514341711,1.31602510123,10.8853536583,-0.912515459961,0.859968053701,10.0586698725
6.950552,1.14586165058,1.31602510123,10.8125419561,-0.912515459961,0.859968053701,10.0586698725
6.952218,1.11050253385,1.31602510123,10.7761361049,-0.912515459961,0.859968053701,10.0586698725
6.953884,1.11050253385,1.35138421797,10.7761361049,-0.912515459961,0.859968053701,10.0586698725
6.95555,1.14586165058,1.31602510123,10.8125419561,-0.912515459961,0.859968053701,10.0586698725
6.957216,1.07514341711,1.31602510123,10.8853536583,-0.820225880627,0.905348928936,10.1040507478
6.958882,1.14586165058,1.35138421797,10.8489478072,-0.958660249627,0.859968053701,10.0132889973
6.960548,1.11050253385,1.31602510123,10.8125419561,-0.912515459961,0.905348928936,10.0586698725
6.962214,1.18122076732,1.31602510123,10.8125419561,-0.820225880627,0.950729804172,10.149431623
6.96388,1.18122076732,1.31602510123,10.8853536583,-0.912515459961,0.859968053701,10.0586698725
6.965546,1.07514341711,1.28066598449,10.7761361049,-0.912515459961,0.859968053701,10.0586698725
6.967212,1.11050253385,1.35138421797,10.8489478072,-0.820225880627,0.950729804172,10.149431623
6.968878,1.11050253385,1.35138421797,10.8489478072,-0.912515459961,0.859968053701,10.0586698725
6.970544,1.14586165058,1.35138421797,10.8125419561,-0.912515459961,0.814587178465,10.1040507478
6.97221,1.14586165058,1.35138421797,10.9217595095,-0.912515459961,0.814587178465,10.1040507478
6.973876,1.07514341711,1.28066598449,10.7761361049,-0.958660249627,0.814587178465,10.0586698725
6.975542,1.11050253385,1.35138421797,10.8489478072,-0.912515459961,0.814587178465,10.1040507478
6.977208,1.14586165058,1.35138421797,10.8853536583,-0.912515459961,0.814587178465,10.1040507478
6.978874,1.21657988406,1.3867433347,10.8853536583,-0.912515459961,0.814587178465,10.1040507478
6.98054,1.18122076732,1.3867433347,10.8853536583,-0.912515459961,0.814587178465,10.1040507478
6.982206,1.07514341711,1.31602510123,10.8853536583,-0.912515459961,0.814587178465,10.1040507478
6.983872,1.11050253385,1.31602510123,10.8853536583,-0.912515459961,0.76920630323,10.1040507478
6.985538,1.18122076732,1.35138421797,10.9217595095,-0.912515459961,0.76920630323,10.149431623
6.987204,1.07514341711,1.3867433347,11.0287016972,-0.77408109096,0.950729804172,10.2401933735
6.98887,1.18122076732,1.31602510123,10.9217595095,-0.912515459961,0.814587178465,10.149431623
6.990536,1.14586165058,1.31602510123,10.8853536583,-0.77408109096,0.905348928936,10.2855742487
6.992202,1.14586165058,1.28066598449,10.8853536583,-0.866370670294,0.814587178465,10.149431623
6.993868,1.14586165058,1.31602510123,10.9217595095,-0.866370670294,0.814587178465,10.149431623
6.995534,1.07514341711,1.28066598449,11.0287016972,-0.912515459961,0.76920630323,10.149431623
6.9972,1.18122076732,1.31602510123,10.9217595095,-0.866370670294,0.76920630323,10.1948124982
6.998866,1.18122076732,1.31602510123,10.9217595095,-0.912515459961,0.76920630323,10.1948124982
7.000532,1.18122076732,1.28066598449,10.8853536583,-0.866370670294,0.814587178465,10.1948124982
7.002198,1.18122076732,1.35138421797,10.9217595095,-0.866370670294,0.76920630323,10.1948124982
7.003864,1.11050253385,1.20994775102,10.8853536583,-0.866370670294,0.814587178465,10.1948124982
7.00553,1.18122076732,1.31602510123,10.9217595095,-0.912515459961,0.76920630323,10.1948124982
7.007196,1.18122076732,1.31602510123,10.9217595095,-0.866370670294,0.76920630323,10.1948124982
7.008862,1.21657988406,1.31602510123,10.9217595095,-0.820225880627,0.814587178465,10.2401933735
7.010528,1.18122076732,1.31602510123,10.9217595095,-0.912515459961,0.76920630323,10.1948124982
7.012194,1.11050253385,1.24530686776,10.8489478072,-0.866370670294,0.723825427995,10.1948124982
7.01386,1.18122076732,1.31602510123,10.8853536583,-0.866370670294,0.76920630323,10.2401933735
7.015526,1.18122076732,1.31602510123,10.9217595095,-0.77408109096,0.814587178465,10.3309551239
7.017192,1.25193900079,1.35138421797,10.9217595095,-0.912515459961,0.678444552759,10.1948124982
7.018858,1.18122076732,1.31602510123,10.9581653606,-0.912515459961,0.723825427995,10.1948124982
7.020524,1.11050253385,1.28066598449,10.8853536583,-0.912515459961,0.723825427995,10.1948124982
7.02219,1.14586165058,1.24530686776,10.9581653606,-0.912515459961,0.678444552759,10.1948124982
7.023856,1.18122076732,1.24530686776,10.9217595095,-0.866370670294,0.678444552759,10.2401933735
7.025522,1.21657988406,1.24530686776,10.9581653606,-0.912515459961,0.678444552759,10.1948124982
7.027188,1.18122076732,1.20994775102,10.9217595095,-0.77408109096,0.76920630323,10.2855742487
7.028854,1.11050253385,1.20994775102,10.8853536583,-0.77408109096,0.814587178465,10.3309551239
7.03052,1.18122076732,1.28066598449,10.9922958461,-0.866370670294,0.723825427995,10.2401933735
7.032186,1.14586165058,1.28066598449,10.9581653606,-0.912515459961,0.723825427995,10.149431623
7.033852,1.25193900079,1.3867433347,11.0287016972,-0.912515459961,0.723825427995,10.1948124982
7.035518,1.18122076732,1.31602510123,10.9922958461,-0.866370670294,0.76920630323,10.1948124982
7.037184,1.14586165058,1.24530686776,10.9581653606,-0.912515459961,0.723825427995,10.149431623
7.03885,1.18122076732,1.24530686776,10.9217595095,-0.912515459961,0.723825427995,10.149431623
7.040516,1.18122076732,1.28066598449,10.9922958461,-0.912515459961,0.723825427995,10.149431623
7.042182,1.07514341711,1.20994775102,10.9217595095,-0.912515459961,0.723825427995,10.149431623
7.043848,1.14586165058,1.28066598449,11.0287016972,-0.820225880627,0.859968053701,10.2401933735
7.045514,1.18122076732,1.28066598449,10.9581653606,-0.912515459961,0.76920630323,10.149431623
7.04718,1.18122076732,1.31602510123,10.9581653606,-0.866370670294,0.76920630323,10.149431623
7.048846,1.18122076732,1.28066598449,10.9922958461,-0.912515459961,0.76920630323,10.149431623
7.050512,1.11050253385,1.28066598449,10.8853536583,-0.866370670294,0.76920630323,10.149431623
7.052178,1.18122076732,1.31602510123,10.9217595095,-0.866370670294,0.76920630323,10.149431623
7.053844,1.18122076732,1.31602510123,10.9217595095,-0.820225880627,0.859968053701,10.1948124982
7.05551,1.25193900079,1.35138421797,10.9922958461,-0.912515459961,0.76920630323,10.1040507478
7.057176,1.18122076732,1.31602510123,10.9581653606,-0.866370670294,0.76920630323,10.1040507478
7.058842,1.14586165058,1.17458863428,10.8853536583,-0.912515459961,0.723825427995,10.1040507478
7.060508,1.11050253385,1.17458863428,10.9217595095,-0.912515459961,0.723825427995,10.1040507478
7.062174,1.18122076732,1.20994775102,10.9217595095,-0.912515459961,0.723825427995,10.1040507478
7.06384,1.11050253385,1.28066598449,11.0287016972,-0.820225880627,0.76920630323,10.149431623
7.065506,1.18122076732,1.31602510123,10.9217595095,-0.866370670294,0.76920630323,10.0586698725
7.067172,1.18122076732,1.24530686776,10.8853536583,-0.866370670294,0.76920630323,10.0586698725
7.068838,1.14586165058,1.31602510123,10.8853536583,-0.866370670294,0.814587178465,10.0586698725
7.070504,1.18122076732,1.31602510123,10.8853536583,-0.866370670294,0.814587178465,10.0586698725
7.07217,1.11050253385,1.24530686776,10.9217595095,-0.866370670294,0.814587178465,10.0586698725
7.073836,1.18122076732,1.28066598449,10.8853536583,-0.866370670294,0.76920630323,10.0586698725
7.075502,1.18122076732,1.28066598449,10.8489478072,-0.866370670294,0.814587178465,10.0586698725
7.077168,1.21657988406,1.28066598449,10.8125419561,-0.77408109096,0.859968053701,10.0586698725
7.078834,1.21657988406,1.31602510123,10.8853536583,-0.866370670294,0.76920630323,10.0132889973
7.0805,1.11050253385,1.24530686776,10.7761361049,-0.820225880627,0.814587178465,10.0586698725
7.082166,1.21657988406,1.31602510123,10.8853536583,-0.820225880627,0.814587178465,10.0586698725
7.083832,1.21657988406,1.28066598449,10.8125419561,-0.820225880627,0.814587178465,10.0132889973
7.085498,1.21657988406,1.31602510123,10.7761361049,-0.820225880627,0.859968053701,10.0586698725
7.087164,1.21657988406,1.35138421797,10.8125419561,-0.820225880627,0.814587178465,10.0132889973
7.08883,1.18122076732,1.28066598449,10.7397302538,-0.77408109096,0.814587178465,10.0586698725
7.090496,1.21657988406,1.31602510123,10.7761361049,-0.77408109096,0.814587178465,10.0586698725
7.092162,1.21657988406,1.28066598449,10.7761361049,-0.77408109096,0.76920630323,10.0586698725
7.093828,1.21657988406,1.24530686776,10.7761361049,-0.77408109096,0.76920630323,10.0586698725
7.095494,1.28729811753,1.31602510123,10.7761361049,-0.77408109096,0.76920630323,10.0132889973
7.09716,1.21657988406,1.28066598449,10.7397302538,-0.77408109096,0.814587178465,10.0586698725
7.098826,1.25193900079,1.31602510123,10.7397302538,-0.727936301293,0.859968053701,10.1040507478
7.100492,1.32265723427,1.35138421797,10.7761361049,-0.727936301293,0.814587178465,10.0586698725
7.102158,1.21657988406,1.3867433347,10.8853536583,-0.727936301293,0.814587178465,10.0586698725
7.103824,1.32265723427,1.35138421797,10.7761361049,-0.77408109096,0.814587178465,10.0586698725
7.10549,1.28729811753,1.31602510123,10.7397302538,-0.727936301293,0.859968053701,10.0586698725
7.107156,1.28729811753,1.31602510123,10.7397302538,-0.727936301293,0.859968053701,10.1040507478
7.108822,1.35801635101,1.31602510123,10.7761361049,-0.727936301293,0.814587178465,10.0586698725
7.110488,1.21657988406,1.28066598449,10.6669185515,-0.727936301293,0.859968053701,10.1040507478
7.112154,1.35801635101,1.28066598449,10.7397302538,-0.635646721959,0.905348928936,10.149431623
7.11382,1.32265723427,1.31602510123,10.7397302538,-0.727936301293,0.814587178465,10.0586698725
7.115486,1.39337546774,1.35138421797,10.7397302538,-0.727936301293,0.859968053701,10.1040507478
7.117152,1.35801635101,1.35138421797,10.7761361049,-0.681791511626,0.905348928936,10.1040507478
7.118818,1.28729811753,1.24530686776,10.6669185515,-0.727936301293,0.814587178465,10.0586698725
7.120484,1.32265723427,1.31602510123,10.7397302538,-0.727936301293,0.814587178465,10.1040507478
7.12215,1.35801635101,1.31602510123,10.7397302538,-0.681791511626,0.859968053701,10.1040507478
7.123816,1.42873458448,1.31602510123,10.7397302538,-0.727936301293,0.814587178465,10.1040507478
7.125482,1.35801635101,1.31602510123,10.7761361049,-0.681791511626,0.814587178465,10.149431623
7.127148,1.32265723427,1.28066598449,10.7397302538,-0.681791511626,0.814587178465,10.149431623
7.128814,1.35801635101,1.28066598449,10.7761361049,-0.727936301293,0.814587178465,10.1040507478
7.13048,1.35801635101,1.31602510123,10.8125419561,-0.727936301293,0.859968053701,10.149431623
7.132146,1.42873458448,1.3867433347,10.8489478072,-0.727936301293,0.814587178465,10.149431623
7.133812,1.35801635101,1.31602510123,10.8125419561,-0.727936301293,0.814587178465,10.149431623
7.135478,1.35801635101,1.28066598449,10.7761361049,-0.681791511626,0.814587178465,10.149431623
7.137144,1.35801635101,1.28066598449,10.7761361049,-0.589501932292,0.950729804172,10.2401933735
7.13881,1.35801635101,1.31602510123,10.8125419561,-0.681791511626,0.859968053701,10.1948124982
7.140476,1.28729811753,1.35138421797,10.9217595095,-0.589501932292,0.950729804172,10.2855742487
7.142142,1.35801635101,1.31602510123,10.8489478072,-0.681791511626,0.814587178465,10.149431623
7.143808,1.35801635101,1.28066598449,10.8489478072,-0.681791511626,0.814587178465,10.1948124982
7.145474,1.35801635101,1.28066598449,10.8489478072,-0.681791511626,0.859968053701,10.1948124982
7.14714,1.35801635101,1.20994775102,10.8853536583,-0.727936301293,0.76920630323,10.149431623
7.148806,1.25193900079,1.20994775102,10.8125419561,-0.727936301293,0.814587178465,10.1948124982
7.150472,1.32265723427,1.20994775102,10.9217595095,-0.727936301293,0.723825427995,10.149431623
7.152138,1.35801635101,1.24530686776,10.9217595095,-0.727936301293,0.859968053701,10.1948124982
7.153804,1.35801635101,1.28066598449,10.8853536583,-0.727936301293,0.814587178465,10.1948124982
7.15547,1.32265723427,1.31602510123,10.9581653606,-0.635646721959,0.905348928936,10.2401933735
7.157136,1.25193900079,1.17458863428,10.8853536583,-0.77408109096,0.76920630323,10.1948124982
7.158802,1.32265723427,1.24530686776,10.9217595095,-0.77408109096,0.723825427995,10.1948124982
7.160468,1.32265723427,1.28066598449,10.9217595095,-0.681791511626,0.859968053701,10.2855742487
7.162134,1.32265723427,1.28066598449,10.9217595095,-0.77408109096,0.814587178465,10.1948124982
7.1638,1.32265723427,1.31602510123,10.9922958461,-0.727936301293,0.814587178465,10.1948124982
7.165466,1.25193900079,1.20994775102,10.8853536583,-0.77408109096,0.76920630323,10.1948124982
7.167132,1.28729811753,1.28066598449,10.9581653606,-0.681791511626,0.905348928936,10.2855742487
7.168798,1.32265723427,1.28066598449,10.9922958461,-0.820225880627,0.76920630323,10.149431623
7.170464,1.35801635101,1.31602510123,10.9922958461,-0.77408109096,0.76920630323,10.1948124982
7.17213,1.28729811753,1.28066598449,11.0287016972,-0.77408109096,0.76920630323,10.1948124982
7.173796,1.25193900079,1.20994775102,10.9581653606,-0.820225880627,0.76920630323,10.149431623
7.175462,1.28729811753,1.28066598449,10.9922958461,-0.820225880627,0.76920630323,10.1948124982
7.177128,1.28729811753,1.31602510123,11.0287016972,-0.77408109096,0.814587178465,10.1948124982
7.178794,1.35801635101,1.35138421797,11.0651075483,-0.77408109096,0.814587178465,10.2401933735
7.18046,1.28729811753,1.28066598449,11.0287016972,-0.77408109096,0.814587178465,10.2401933735
7.182126,1.28729811753,1.20994775102,10.9581653606,-0.820225880627,0.76920630323,10.1948124982
7.183792,1.25193900079,1.24530686776,10.9922958461,-0.820225880627,0.76920630323,10.1948124982
7.185458,1.28729811753,1.28066598449,10.9922958461,-0.820225880627,0.76920630323,10.1948124982
7.187124,1.21657988406,1.28066598449,11.0651075483,-0.820225880627,0.814587178465,10.1948124982
7.18879,1.28729811753,1.24530686776,10.9922958461,-0.820225880627,0.76920630323,10.1948124982
7.190456,1.21657988406,1.28066598449,10.9581653606,-0.820225880627,0.76920630323,10.1948124982
7.192122,1.28729811753,1.24530686776,10.9581653606,-0.820225880627,0.76920630323,10.1948124982
7.193788,1.25193900079,1.28066598449,10.9922958461,-0.820225880627,0.76920630323,10.1948124982
7.195454,1.21657988406,1.20994775102,10.8853536583,-0.727936301293,0.814587178465,10.2401933735
7.19712,1.28729811753,1.31602510123,10.9581653606,-0.77408109096,0.76920630323,10.1948124982
7.198786,1.25193900079,1.28066598449,10.9581653606,-0.77408109096,0.76920630323,10.1948124982
7.200452,1.32265723427,1.31602510123,10.9217595095,-0.681791511626,0.859968053701,10.2855742487
7.202118,1.28729811753,1.31602510123,10.9922958461,-0.820225880627,0.76920630323,10.1948124982
7.203784,1.21657988406,1.28066598449,10.8853536583,-0.820225880627,0.76920630323,10.149431623
7.20545,1.25193900079,1.31602510123,10.9217595095,-0.77408109096,0.76920630323,10.1948124982
7.207116,1.28729811753,1.31602510123,10.9217595095,-0.820225880627,0.723825427995,10.149431623
7.208782,1.32265723427,1.31602510123,10.8853536583,-0.77408109096,0.76920630323,10.1948124982
7.210448,1.25193900079,1.31602510123,10.8853536583,-0.820225880627,0.76920630323,10.149431623
7.212114,1.21657988406,1.28066598449,10.8853536583,-0.820225880627,0.76920630323,10.149431623
7.21378,1.21657988406,1.31602510123,10.8853536583,-0.77408109096,0.76920630323,10.1948124982
7.215446,1.21657988406,1.31602510123,10.8853536583,-0.727936301293,0.814587178465,10.2401933735
7.217112,1.28729811753,1.35138421797,10.8489478072,-0.820225880627,0.76920630323,10.149431623
7.218778,1.25193900079,1.28066598449,10.8853536583,-0.866370670294,0.723825427995,10.1040507478
7.220444,1.21657988406,1.20994775102,10.8489478072,-0.820225880627,0.723825427995,10.149431623
7.22211,1.21657988406,1.28066598449,10.8853536583,-0.820225880627,0.723825427995,10.149431623
7.223776,1.21657988406,1.31602510123,10.8853536583,-0.820225880627,0.723825427995,10.149431623
7.225442,1.28729811753,1.42210245144,10.9217595095,-0.77408109096,0.859968053701,10.1948124982
7.227108,1.21657988406,1.35138421797,10.8853536583,-0.866370670294,0.76920630323,10.0586698725
7.228774,1.18122076732,1.31602510123,10.8125419561,-0.820225880627,0.76920630323,10.1040507478
7.23044,1.21657988406,1.31602510123,10.8125419561,-0.727936301293,0.905348928936,10.1948124982
7.232106,1.21657988406,1.3867433347,10.8489478072,-0.820225880627,0.814587178465,10.0586698725
7.233772,1.18122076732,1.24530686776,10.8853536583,-0.820225880627,0.814587178465,10.0586698725
7.235438,1.21657988406,1.35138421797,10.8125419561,-0.820225880627,0.76920630323,10.0586698725
7.237104,1.18122076732,1.31602510123,10.8125419561,-0.820225880627,0.76920630323,10.0586698725
7.23877,1.21657988406,1.31602510123,10.7761361049,-0.820225880627,0.76920630323,10.0586698725
7.240436,1.21657988406,1.31602510123,10.8125419561,-0.820225880627,0.814587178465,10.0586698725
7.242102,1.11050253385,1.20994775102,10.7397302538,-0.866370670294,0.76920630323,10.0586698725
7.243768,1.18122076732,1.31602510123,10.8125419561,-0.77408109096,0.905348928936,10.149431623
7.245434,1.18122076732,1.35138421797,10.7761361049,-0.820225880627,0.814587178465,10.0586698725
7.2471,1.18122076732,1.31602510123,10.7761361049,-0.866370670294,0.814587178465,10.0586698725
7.248766,1.21657988406,1.35138421797,10.8125419561,-0.866370670294,0.814587178465,10.0132889973
7.250432,1.14586165058,1.28066598449,10.7397302538,-0.866370670294,0.76920630323,10.0132889973
7.252098,1.18122076732,1.28066598449,10.8125419561,-0.866370670294,0.76920630323,10.0132889973
7.253764,1.18122076732,1.28066598449,10.8125419561,-0.866370670294,0.76920630323,10.0132889973
7.25543,1.21657988406,1.28066598449,10.7761361049,-0.866370670294,0.76920630323,10.0132889973
7.257096,1.18122076732,1.31602510123,10.8489478072,-0.866370670294,0.814587178465,10.0132889973
7.258762,1.11050253385,1.31602510123,10.7397302538,-0.866370670294,0.76920630323,9.96790812205
7.260428,1.18122076732,1.35138421797,10.8125419561,-0.866370670294,0.814587178465,10.0132889973
7.262094,1.18122076732,1.28066598449,10.8125419561,-0.866370670294,0.76920630323,9.96790812205
7.26376,1.18122076732,1.3867433347,10.9217595095,-0.77408109096,0.859968053701,10.1040507478
7.265426,1.18122076732,1.35138421797,10.8125419561,-0.866370670294,0.814587178465,9.96790812205
7.267092,1.14586165058,1.28066598449,10.8125419561,-0.866370670294,0.76920630323,9.96790812205
7.268758,1.18122076732,1.28066598449,10.8125419561,-0.77408109096,0.905348928936,10.1040507478
7.270424,1.18122076732,1.31602510123,10.8853536583,-0.866370670294,0.76920630323,9.96790812205
7.27209,1.11050253385,1.20994775102,10.9217595095,-0.866370670294,0.76920630323,10.0132889973
7.273756,1.18122076732,1.31602510123,10.8125419561,-0.866370670294,0.76920630323,10.0132889973
7.275422,1.18122076732,1.31602510123,10.8125419561,-0.866370670294,0.76920630323,9.96790812205
7.277088,1.18122076732,1.31602510123,10.8125419561,-0.820225880627,0.814587178465,10.0132889973
7.278754,1.18122076732,1.31602510123,10.8853536583,-0.912515459961,0.76920630323,9.96790812205
7.28042,1.11050253385,1.24530686776,10.7761361049,-0.866370670294,0.814587178465,10.0132889973
7.282086,1.14586165058,1.28066598449,10.8125419561,-0.866370670294,0.76920630323,10.0132889973
7.283752,1.18122076732,1.31602510123,10.8853536583,-0.820225880627,0.859968053701,10.1040507478
7.285418,1.28729811753,1.42210245144,10.9217595095,-0.866370670294,0.76920630323,10.0132889973
7.287084,1.21657988406,1.28066598449,10.8853536583,-0.866370670294,0.76920630323,10.0132889973
7.28875,1.18122076732,1.28066598449,10.8489478072,-0.866370670294,0.76920630323,10.0586698725
7.290416,1.18122076732,1.31602510123,10.8489478072,-0.820225880627,0.814587178465,10.0586698725
7.292082,1.21657988406,1.31602510123,10.8853536583,-0.77408109096,0.905348928936,10.149431623
7.293748,1.11050253385,1.20994775102,10.8853536583,-0.866370670294,0.76920630323,10.0586698725
7.295414,1.18122076732,1.31602510123,10.8853536583,-0.866370670294,0.814587178465,10.0586698725
7.29708,1.18122076732,1.24530686776,10.8125419561,-0.866370670294,0.814587178465,10.1040507478
7.298746,1.18122076732,1.24530686776,10.8489478072,-0.820225880627,0.814587178465,10.1040507478
7.300412,1.21657988406,1.24530686776,10.8853536583,-0.866370670294,0.76920630323,10.1040507478
7.302078,1.14586165058,1.10387040081,10.9217595095,-0.77408109096,0.76920630323,10.149431623
7.303744,1.21657988406,1.28066598449,10.8853536583,-0.727936301293,0.905348928936,10.2401933735
7.30541,1.21657988406,1.28066598449,10.8489478072,-0.866370670294,0.723825427995,10.1040507478
7.307076,1.25193900079,1.24530686776,10.8489478072,-0.866370670294,0.76920630323,10.1040507478
7.308742,1.21657988406,1.28066598449,10.8853536583,-0.820225880627,0.76920630323,10.149431623
7.310408,1.18122076732,1.20994775102,10.8489478072,-0.820225880627,0.76920630323,10.149431623
7.312074,1.21657988406,1.28066598449,10.8853536583,-0.866370670294,0.76920630323,10.149431623
7.31374,1.21657988406,1.24530686776,10.8853536583,-0.820225880627,0.76920630323,10.1948124982
7.315406,1.21657988406,1.20994775102,10.8489478072,-0.820225880627,0.76920630323,10.1948124982
7.317072,1.28729811753,1.31602510123,10.8853536583,-0.820225880627,0.723825427995,10.1948124982
7.318738,1.18122076732,1.20994775102,10.8125419561,-0.77408109096,0.76920630323,10.2401933735
7.320404,1.21657988406,1.28066598449,10.8853536583,-0.820225880627,0.76920630323,10.1948124982
7.32207,1.28729811753,1.28066598449,10.8853536583,-0.820225880627,0.76920630323,10.2401933735
7.323736,1.35801635101,1.35138421797,10.9217595095,-0.820225880627,0.723825427995,10.2401933735
7.325402,1.28729811753,1.28066598449,10.9217595095,-0.820225880627,0.723825427995,10.2401933735
7.327068,1.21657988406,1.20994775102,10.8125419561,-0.820225880627,0.723825427995,10.2401933735
7.328734,1.21657988406,1.28066598449,10.8853536583,-0.820225880627,0.723825427995,10.2401933735
7.3304,1.28729811753,1.31602510123,10.8853536583,-0.820225880627,0.723825427995,10.2401933735
7.332066,1.28729811753,1.35138421797,10.9922958461,-0.820225880627,0.723825427995,10.2401933735
7.333732,1.25193900079,1.31602510123,10.9217595095,-0.681791511626,0.859968053701,10.3763359992
7.335398,1.21657988406,1.28066598449,10.8853536583,-0.820225880627,0.76920630323,10.2401933735
7.337064,1.25193900079,1.20994775102,10.8853536583,-0.820225880627,0.723825427995,10.2855742487
7.33873,1.21657988406,1.31602510123,10.9217595095,-0.820225880627,0.76920630323,10.2401933735
7.340396,1.28729811753,1.3867433347,11.0651075483,-0.727936301293,0.905348928936,10.3763359992
7.342062,1.21657988406,1.28066598449,10.9217595095,-0.866370670294,0.723825427995,10.2401933735
7.343728,1.21657988406,1.24530686776,10.8853536583,-0.866370670294,0.723825427995,10.2401933735
7.345394,1.21657988406,1.28066598449,10.9217595095,-0.820225880627,0.76920630323,10.2401933735
7.34706,1.25193900079,1.28066598449,10.9217595095,-0.820225880627,0.723825427995,10.2401933735
7.348726,1.14586165058,1.20994775102,10.9217595095,-0.866370670294,0.76920630323,10.2401933735
7.350392,1.21657988406,1.28066598449,10.9217595095,-0.820225880627,0.76920630323,10.2401933735
7.352058,1.18122076732,1.31602510123,10.8853536583,-0.77408109096,0.905348928936,10.3309551239
7.353724,1.21657988406,1.31602510123,10.9217595095,-0.866370670294,0.76920630323,10.2401933735
7.35539,1.21657988406,1.31602510123,10.9581653606,-0.866370670294,0.814587178465,10.2401933735
7.357056,1.11050253385,1.24530686776,10.8853536583,-0.866370670294,0.814587178465,10.2401933735
7.358722,1.18122076732,1.31602510123,10.9217595095,-0.866370670294,0.814587178465,10.1948124982
7.360388,1.18122076732,1.28066598449,10.8853536583,-0.866370670294,0.814587178465,10.1948124982
7.362054,1.18122076732,1.31602510123,10.9217595095,-0.866370670294,0.814587178465,10.2401933735
7.36372,1.21657988406,1.31602510123,10.9581653606,-0.912515459961,0.76920630323,10.1948124982
7.365386,1.11050253385,1.28066598449,10.8489478072,-0.912515459961,0.814587178465,10.1948124982
7.367052,1.18122076732,1.31602510123,10.9581653606,-0.820225880627,0.905348928936,10.2401933735
7.368718,1.14586165058,1.31602510123,10.9217595095,-0.866370670294,0.814587178465,10.1948124982
7.370384,1.18122076732,1.35138421797,10.9217595095,-0.912515459961,0.814587178465,10.1948124982
7.37205,1.18122076732,1.31602510123,10.9922958461,-0.912515459961,0.814587178465,10.149431623
7.373716,1.11050253385,1.28066598449,10.8853536583,-0.820225880627,0.950729804172,10.2401933735
7.375382,1.11050253385,1.31602510123,10.9217595095,-0.912515459961,0.814587178465,10.149431623
7.377048,1.14586165058,1.31602510123,10.9581653606,-0.912515459961,0.814587178465,10.149431623
7.378714,1.21657988406,1.42210245144,10.9922958461,-0.912515459961,0.814587178465,10.149431623
7.38038,1.11050253385,1.31602510123,10.9922958461,-0.866370670294,0.905348928936,10.1948124982
7.382046,1.07514341711,1.28066598449,10.8853536583,-0.912515459961,0.905348928936,10.149431623
7.383712,1.07514341711,1.31602510123,10.8853536583,-0.912515459961,0.814587178465,10.1040507478
7.385378,1.14586165058,1.35138421797,10.9581653606,-0.958660249627,0.859968053701,10.1040507478
7.387044,1.03978430037,1.31602510123,10.9922958461,-0.958660249627,0.859968053701,10.1040507478
7.38871,1.11050253385,1.3867433347,10.9217595095,-0.958660249627,0.814587178465,10.0586698725
7.390376,1.07514341711,1.35138421797,10.8853536583,-0.958660249627,0.814587178465,10.0586698725
7.392042,1.07514341711,1.35138421797,10.8853536583,-0.958660249627,0.859968053701,10.1040507478
7.393708,1.11050253385,1.35138421797,10.9217595095,-0.958660249627,0.814587178465,10.0586698725
7.395374,1.14586165058,1.45746156818,10.9581653606,-0.958660249627,0.859968053701,10.0586698725
7.39704,1.07514341711,1.35138421797,10.8853536583,-0.866370670294,0.950729804172,10.149431623
7.398706,1.07514341711,1.35138421797,10.8489478072,-0.912515459961,0.905348928936,10.1040507478
7.400372,1.07514341711,1.35138421797,10.8489478072,-1.00480503929,0.814587178465,10.0586698725
7.402038,1.11050253385,1.3867433347,10.8853536583,-0.958660249627,0.814587178465,10.0586698725
7.403704,1.03978430037,1.45746156818,10.9922958461,-0.958660249627,0.814587178465,10.0586698725
7.40537,1.07514341711,1.42210245144,10.8853536583,-0.958660249627,0.859968053701,10.0586698725
7.407036,1.03978430037,1.35138421797,10.8125419561,-1.00480503929,0.814587178465,10.0132889973
7.408702,1.03978430037,1.3867433347,10.8125419561,-0.958660249627,0.814587178465,10.0586698725
7.410368,1.11050253385,1.42210245144,10.8489478072,-0.958660249627,0.859968053701,10.0586698725
7.412034,1.03978430037,1.31602510123,10.8125419561,-0.866370670294,0.950729804172,10.149431623
7.4137,1.07514341711,1.42210245144,10.8125419561,-0.958660249627,0.814587178465,10.0586698725
7.415366,1.07514341711,1.35138421797,10.7761361049,-0.958660249627,0.814587178465,10.0586698725
7.417032,1.03978430037,1.3867433347,10.7761361049,-1.00480503929,0.814587178465,10.0586698725
7.418698,1.11050253385,1.42210245144,10.8489478072,-0.958660249627,0.814587178465,10.0586698725
7.420364,1.03978430037,1.31602510123,10.7397302538,-0.958660249627,0.814587178465,10.0586698725
7.42203,1.07514341711,1.35138421797,10.8489478072,-0.958660249627,0.814587178465,10.0586698725
7.423696,1.07514341711,1.35138421797,10.8125419561,-0.912515459961,0.905348928936,10.149431623
7.425362,1.11050253385,1.35138421797,10.7761361049,-1.00480503929,0.76920630323,10.0586698725
7.427028,1.11050253385,1.3867433347,10.8489478072,-0.958660249627,0.814587178465,10.1040507478
7.428694,1.03978430037,1.35138421797,10.7397302538,-0.912515459961,0.905348928936,10.1040507478
7.43036,1.07514341711,1.3867433347,10.7761361049,-0.958660249627,0.814587178465,10.0586698725
7.432026,1.07514341711,1.3867433347,10.8125419561,-0.958660249627,0.814587178465,10.0586698725
7.433692,1.18122076732,1.45746156818,10.8125419561,-1.00480503929,0.814587178465,10.0586698725
7.435358,1.07514341711,1.42210245144,10.8489478072,-1.00480503929,0.814587178465,10.1040507478
7.437024,1.03978430037,1.35138421797,10.7761361049,-0.866370670294,0.905348928936,10.1948124982
7.43869,1.03978430037,1.31602510123,10.7761361049,-1.00480503929,0.76920630323,10.0586698725
7.440356,1.07514341711,1.35138421797,10.8125419561,-1.00480503929,0.76920630323,10.0586698725
7.442022,1.07514341711,1.42210245144,10.9217595095,-1.00480503929,0.723825427995,10.0586698725
7.443688,1.03978430037,1.3867433347,10.8125419561,-1.00480503929,0.76920630323,10.0586698725
7.445354,1.07514341711,1.35138421797,10.8125419561,-1.00480503929,0.76920630323,10.1040507478
7.44702,1.03978430037,1.35138421797,10.8125419561,-0.912515459961,0.905348928936,10.1948124982
7.448686,1.07514341711,1.35138421797,10.8853536583,-1.00480503929,0.76920630323,10.1040507478
7.450352,0.9690660669,1.35138421797,10.9581653606,-0.958660249627,0.76920630323,10.1040507478
7.452018,1.07514341711,1.3867433347,10.8853536583,-1.00480503929,0.76920630323,10.1040507478
7.453684,1.07514341711,1.35138421797,10.8489478072,-1.00480503929,0.76920630323,10.0586698725
7.45535,1.07514341711,1.35138421797,10.8125419561,-1.00480503929,0.76920630323,10.1040507478
7.457016,1.07514341711,1.35138421797,10.8853536583,-1.00480503929,0.76920630323,10.1040507478
7.458682,1.00442518364,1.31602510123,10.8125419561,-1.00480503929,0.76920630323,10.1040507478
7.460348,1.03978430037,1.35138421797,10.8853536583,-1.00480503929,0.76920630323,10.1040507478
7.462014,1.07514341711,1.31602510123,10.9217595095,-1.05094982896,0.723825427995,10.1040507478
7.46368,1.14586165058,1.35138421797,10.9217595095,-1.00480503929,0.76920630323,10.149431623
7.465346,1.07514341711,1.31602510123,10.9217595095,-1.00480503929,0.723825427995,10.1040507478
7.467012,1.00442518364,1.28066598449,10.8853536583,-1.00480503929,0.76920630323,10.1040507478
7.468678,1.03978430037,1.31602510123,10.9217595095,-1.00480503929,0.723825427995,10.1040507478
7.470344,1.07514341711,1.35138421797,10.9217595095,-1.00480503929,0.723825427995,10.1040507478
7.47201,0.9690660669,1.35138421797,11.0651075483,-1.00480503929,0.723825427995,10.1040507478
7.473676,1.07514341711,1.31602510123,10.9581653606,-0.912515459961,0.814587178465,10.1948124982
7.475342,1.07514341711,1.28066598449,10.9217595095,-1.00480503929,0.76920630323,10.149431623
7.477008,1.03978430037,1.28066598449,10.9217595095,-0.958660249627,0.76920630323,10.149431623
7.478674,1.07514341711,1.28066598449,10.9922958461,-1.00480503929,0.723825427995,10.1040507478
7.48034,1.00442518364,1.20994775102,10.9217595095,-1.05094982896,0.723825427995,10.1040507478
7.482006,1.03978430037,1.28066598449,10.9217595095,-1.00480503929,0.723825427995,10.1040507478
7.483672,1.07514341711,1.24530686776,10.9922958461,-1.00480503929,0.723825427995,10.1040507478
7.485338,1.14586165058,1.31602510123,10.9581653606,-1.00480503929,0.723825427995,10.149431623
7.487004,1.07514341711,1.28066598449,10.9922958461,-1.00480503929,0.76920630323,10.149431623
7.48867,1.03978430037,1.20994775102,10.9217595095,-1.00480503929,0.723825427995,10.149431623
7.490336,1.07514341711,1.28066598449,10.9581653606,-0.958660249627,0.814587178465,10.1948124982
7.492002,1.07514341711,1.28066598449,10.9922958461,-1.00480503929,0.723825427995,10.1040507478
7.493668,1.18122076732,1.35138421797,10.9922958461,-1.00480503929,0.76920630323,10.149431623
7.495334,1.11050253385,1.28066598449,10.9922958461,-0.958660249627,0.814587178465,10.1948124982
7.497,1.07514341711,1.24530686776,10.9217595095,-1.00480503929,0.76920630323,10.149431623
7.498666,1.07514341711,1.20994775102,10.9581653606,-0.958660249627,0.723825427995,10.149431623
7.500332,1.07514341711,1.28066598449,10.9581653606,-0.958660249627,0.723825427995,10.149431623
7.501998,1.07514341711,1.20994775102,10.9581653606,-0.958660249627,0.76920630323,10.149431623
7.503664,1.11050253385,1.28066598449,10.9581653606,-0.958660249627,0.76920630323,10.149431623
7.50533,1.11050253385,1.24530686776,10.9581653606,-0.912515459961,0.76920630323,10.1948124982
7.506996,1.18122076732,1.28066598449,10.8853536583,-0.958660249627,0.723825427995,10.149431623
7.508662,1.11050253385,1.28066598449,10.9217595095,-0.958660249627,0.723825427995,10.149431623
7.510328,1.07514341711,1.20994775102,10.8853536583,-0.866370670294,0.76920630323,10.1948124982
7.511994,1.07514341711,1.28066598449,10.8853536583,-0.912515459961,0.723825427995,10.1948124982
7.51366,1.14586165058,1.28066598449,10.9217595095,-0.912515459961,0.723825427995,10.149431623
7.515326,1.25193900079,1.35138421797,10.9922958461,-0.912515459961,0.723825427995,10.1948124982
7.516992,1.14586165058,1.28066598449,10.9217595095,-0.912515459961,0.723825427995,10.1948124982
7.518658,1.14586165058,1.20994775102,10.8853536583,-0.820225880627,0.814587178465,10.2401933735
7.520324,1.11050253385,1.24530686776,10.8489478072,-0.912515459961,0.723825427995,10.149431623
7.52199,1.18122076732,1.28066598449,10.8853536583,-0.912515459961,0.723825427995,10.1948124982
7.523656,1.07514341711,1.31602510123,10.9922958461,-0.912515459961,0.76920630323,10.149431623
7.525322,1.18122076732,1.28066598449,10.8853536583,-0.866370670294,0.76920630323,10.1948124982
7.526988,1.18122076732,1.28066598449,10.8489478072,-0.77408109096,0.859968053701,10.2855742487
7.528654,1.21657988406,1.31602510123,10.8125419561,-0.866370670294,0.76920630323,10.149431623
7.53032,1.18122076732,1.28066598449,10.8489478072,-0.866370670294,0.723825427995,10.1948124982
7.531986,1.11050253385,1.24530686776,10.7397302538,-0.866370670294,0.76920630323,10.149431623
7.533652,1.18122076732,1.28066598449,10.8489478072,-0.866370670294,0.76920630323,10.149431623
7.535318,1.21657988406,1.31602510123,10.8125419561,-0.866370670294,0.76920630323,10.149431623
7.536984,1.28729811753,1.3867433347,10.8489478072,-0.866370670294,0.76920630323,10.149431623
7.53865,1.18122076732,1.31602510123,10.8489478072,-0.866370670294,0.76920630323,10.149431623
7.540316,1.18122076732,1.28066598449,10.7397302538,-0.866370670294,0.76920630323,10.149431623
7.541982,1.18122076732,1.28066598449,10.7761361049,-0.820225880627,0.814587178465,10.149431623
7.543648,1.18122076732,1.31602510123,10.7761361049,-0.77408109096,0.905348928936,10.2401933735
7.545314,1.11050253385,1.20994775102,10.8853536583,-0.866370670294,0.76920630323,10.149431623
7.54698,1.18122076732,1.31602510123,10.7761361049,-0.866370670294,0.814587178465,10.149431623
7.548646,1.18122076732,1.28066598449,10.7761361049,-0.820225880627,0.814587178465,10.149431623
7.550312,1.18122076732,1.31602510123,10.7397302538,-0.866370670294,0.76920630323,10.1040507478
7.551978,1.21657988406,1.31602510123,10.8125419561,-0.866370670294,0.76920630323,10.149431623
7.553644,1.11050253385,1.24530686776,10.8125419561,-0.866370670294,0.76920630323,10.1040507478
7.55531,1.18122076732,1.35138421797,10.7761361049,-0.820225880627,0.814587178465,10.1040507478
7.556976,1.18122076732,1.31602510123,10.7761361049,-0.77408109096,0.905348928936,10.1948124982
7.558642,1.14586165058,1.28066598449,10.7397302538,-0.820225880627,0.859968053701,10.149431623
7.560308,1.21657988406,1.35138421797,10.8125419561,-0.77408109096,0.905348928936,10.149431623
7.561974,1.11050253385,1.20994775102,10.7033244027,-0.820225880627,0.859968053701,10.149431623
7.56364,1.18122076732,1.35138421797,10.8125419561,-0.820225880627,0.905348928936,10.149431623
7.565306,1.21657988406,1.35138421797,10.7761361049,-0.866370670294,0.814587178465,10.1040507478
7.566972,1.28729811753,1.3867433347,10.8125419561,-0.866370670294,0.814587178465,10.1040507478
7.568638,1.18122076732,1.31602510123,10.8125419561,-0.866370670294,0.859968053701,10.0586698725
7.570304,1.11050253385,1.31602510123,10.7397302538,-0.912515459961,0.814587178465,10.0586698725
7.57197,1.18122076732,1.35138421797,10.8125419561,-0.912515459961,0.814587178465,10.0586698725
7.573636,1.14586165058,1.35138421797,10.7761361049,-0.866370670294,0.859968053701,10.0586698725
7.575302,1.21657988406,1.49282068491,10.9217595095,-0.912515459961,0.814587178465,10.0586698725
7.576968,1.18122076732,1.35138421797,10.8125419561,-0.866370670294,0.859968053701,10.0586698725
7.578634,1.11050253385,1.31602510123,10.7761361049,-0.866370670294,0.859968053701,10.1040507478
7.5803,1.14586165058,1.35138421797,10.8125419561,-0.866370670294,0.859968053701,10.1040507478
7.581966,1.18122076732,1.31602510123,10.8489478072,-0.912515459961,0.814587178465,10.0586698725
7.583632,1.07514341711,1.28066598449,10.8853536583,-0.912515459961,0.814587178465,10.0586698725
7.585298,1.18122076732,1.35138421797,10.8853536583,-0.912515459961,0.814587178465,10.0132889973
7.586964,1.14586165058,1.31602510123,10.8489478072,-0.866370670294,0.859968053701,10.1040507478
7.58863,1.21657988406,1.3867433347,10.8489478072,-0.912515459961,0.814587178465,10.0586698725
7.590296,1.14586165058,1.35138421797,10.8853536583,-0.912515459961,0.814587178465,10.0586698725
7.591962,1.11050253385,1.31602510123,10.8125419561,-0.912515459961,0.76920630323,10.0586698725
7.593628,1.11050253385,1.35138421797,10.8853536583,-0.912515459961,0.814587178465,10.0586698725
7.595294,1.18122076732,1.35138421797,10.8853536583,-0.820225880627,0.950729804172,10.149431623
7.59696,1.21657988406,1.45746156818,10.9217595095,-0.958660249627,0.814587178465,10.0586698725
7.598626,1.14586165058,1.35138421797,10.8853536583,-0.912515459961,0.814587178465,10.0586698725
7.600292,1.11050253385,1.35138421797,10.8489478072,-0.912515459961,0.814587178465,10.0586698725
7.601958,1.11050253385,1.31602510123,10.8489478072,-0.912515459961,0.814587178465,10.0586698725
7.603624,1.18122076732,1.35138421797,10.9217595095,-0.912515459961,0.814587178465,10.0586698725
7.60529,1.07514341711,1.28066598449,10.9581653606,-0.912515459961,0.814587178465,10.0586698725
7.606956,1.14586165058,1.35138421797,10.9217595095,-0.912515459961,0.814587178465,10.1040507478
7.608622,1.14586165058,1.31602510123,10.8853536583,-0.912515459961,0.814587178465,10.1040507478
7.610288,1.18122076732,1.35138421797,10.8853536583,-0.912515459961,0.814587178465,10.1040507478
7.611954,1.14586165058,1.35138421797,10.9217595095,-0.912515459961,0.76920630323,10.1040507478
7.61362,1.11050253385,1.28066598449,10.8489478072,-0.912515459961,0.814587178465,10.1040507478
7.615286,1.14586165058,1.35138421797,10.9217595095,-0.820225880627,0.905348928936,10.1948124982
7.616952,1.11050253385,1.31602510123,10.9217595095,-0.958660249627,0.76920630323,10.149431623
7.618618,1.14586165058,1.35138421797,10.9217595095,-0.912515459961,0.814587178465,10.149431623
7.620284,1.18122076732,1.35138421797,10.9581653606,-0.912515459961,0.76920630323,10.149431623
7.62195,1.07514341711,1.24530686776,10.8489478072,-0.820225880627,0.859968053701,10.1948124982
7.623616,1.14586165058,1.35138421797,10.9217595095,-0.912515459961,0.76920630323,10.1040507478
7.625282,1.18122076732,1.31602510123,10.9217595095,-0.912515459961,0.814587178465,10.149431623
7.626948,1.18122076732,1.31602510123,10.9217595095,-0.912515459961,0.814587178465,10.1948124982
7.628614,1.21657988406,1.35138421797,10.9922958461,-0.866370670294,0.814587178465,10.149431623
7.63028,1.11050253385,1.24530686776,10.8853536583,-0.912515459961,0.76920630323,10.1948124982
7.631946,1.14586165058,1.35138421797,10.9581653606,-0.820225880627,0.814587178465,10.2401933735
7.633612,1.18122076732,1.31602510123,10.9217595095,-0.912515459961,0.76920630323,10.149431623
7.635278,1.21657988406,1.35138421797,10.9217595095,-0.912515459961,0.76920630323,10.1948124982
7.636944,1.21657988406,1.35138421797,10.9581653606,-0.912515459961,0.76920630323,10.1948124982
7.63861,1.14586165058,1.17458863428,10.8853536583,-0.912515459961,0.678444552759,10.1948124982
7.640276,1.18122076732,1.28066598449,10.9581653606,-0.866370670294,0.814587178465,10.2401933735
7.641942,1.18122076732,1.28066598449,10.9217595095,-0.866370670294,0.76920630323,10.1948124982
7.643608,1.21657988406,1.31602510123,10.9581653606,-0.866370670294,0.723825427995,10.1948124982
7.645274,1.21657988406,1.35138421797,10.9922958461,-0.866370670294,0.723825427995,10.1948124982
7.64694,1.14586165058,1.31602510123,10.8853536583,-0.866370670294,0.76920630323,10.1948124982
7.648606,1.18122076732,1.31602510123,10.9581653606,-0.866370670294,0.76920630323,10.1948124982
7.650272,1.18122076732,1.31602510123,10.9217595095,-0.866370670294,0.76920630323,10.1948124982
7.651938,1.28729811753,1.42210245144,11.0287016972,-0.866370670294,0.76920630323,10.1948124982
7.653604,1.18122076732,1.31602510123,10.9581653606,-0.866370670294,0.76920630323,10.1948124982
7.65527,1.18122076732,1.28066598449,10.8853536583,-0.866370670294,0.76920630323,10.1948124982
7.656936,1.18122076732,1.31602510123,10.9217595095,-0.820225880627,0.814587178465,10.2401933735
7.658602,1.21657988406,1.31602510123,10.9922958461,-0.77408109096,0.859968053701,10.2855742487
7.660268,1.18122076732,1.3867433347,11.0651075483,-0.820225880627,0.76920630323,10.2401933735
7.661934,1.18122076732,1.35138421797,10.9922958461,-0.866370670294,0.723825427995,10.149431623
7.6636,1.18122076732,1.28066598449,10.9217595095,-0.866370670294,0.76920630323,10.1948124982
7.665266,1.18122076732,1.31602510123,10.9217595095,-0.866370670294,0.76920630323,10.1948124982
7.666932,1.21657988406,1.31602510123,10.9922958461,-0.866370670294,0.76920630323,10.1948124982
7.668598,1.14586165058,1.24530686776,10.9581653606,-0.866370670294,0.723825427995,10.1948124982
7.670264,1.18122076732,1.20994775102,10.9217595095,-0.820225880627,0.723825427995,10.1948124982
7.67193,1.18122076732,1.20994775102,10.9217595095,-0.77408109096,0.814587178465,10.2855742487
7.673596,1.18122076732,1.20994775102,10.9217595095,-0.866370670294,0.678444552759,10.149431623
7.675262,1.21657988406,1.20994775102,10.9922958461,-0.866370670294,0.678444552759,10.149431623
7.676928,1.11050253385,1.17458863428,10.9922958461,-0.866370670294,0.723825427995,10.1040507478
7.678594,1.18122076732,1.20994775102,10.9581653606,-0.866370670294,0.723825427995,10.149431623
7.68026,1.18122076732,1.20994775102,10.9217595095,-0.866370670294,0.76920630323,10.149431623
7.681926,1.21657988406,1.28066598449,10.9217595095,-0.866370670294,0.723825427995,10.149431623
7.683592,1.21657988406,1.31602510123,10.9217595095,-0.866370670294,0.76920630323,10.1040507478
7.685258,1.18122076732,1.20994775102,10.8853536583,-0.866370670294,0.76920630323,10.1040507478
7.686924,1.21657988406,1.31602510123,10.9581653606,-0.820225880627,0.76920630323,10.1040507478
7.68859,1.18122076732,1.28066598449,10.8853536583,-0.820225880627,0.814587178465,10.149431623
7.690256,1.21657988406,1.28066598449,10.8853536583,-0.866370670294,0.76920630323,10.1040507478
7.691922,1.25193900079,1.31602510123,10.9217595095,-0.820225880627,0.76920630323,10.1040507478
7.693588,1.14586165058,1.28066598449,10.9581653606,-0.820225880627,0.814587178465,10.1040507478
7.695254,1.21657988406,1.35138421797,10.8853536583,-0.820225880627,0.814587178465,10.1040507478
7.69692,1.25193900079,1.28066598449,10.8853536583,-0.820225880627,0.814587178465,10.1040507478
7.698586,1.21657988406,1.28066598449,10.8489478072,-0.820225880627,0.814587178465,10.0586698725
7.700252,1.25193900079,1.31602510123,10.8853536583,-0.820225880627,0.814587178465,10.1040507478
7.701918,1.21657988406,1.24530686776,10.7761361049,-0.727936301293,0.905348928936,10.149431623
7.703584,1.21657988406,1.28066598449,10.8853536583,-0.820225880627,0.814587178465,10.0586698725
7.70525,1.25193900079,1.31602510123,10.8489478072,-0.77408109096,0.814587178465,10.1040507478
7.706916,1.28729811753,1.31602510123,10.7761361049,-0.77408109096,0.76920630323,10.0586698725
7.708582,1.28729811753,1.31602510123,10.8489478072,-0.681791511626,0.905348928936,10.149431623
7.710248,1.21657988406,1.24530686776,10.7761361049,-0.820225880627,0.814587178465,10.0586698725
7.711914,1.28729811753,1.20994775102,10.8125419561,-0.77408109096,0.814587178465,10.1040507478
7.71358,1.28729811753,1.20994775102,10.8125419561,-0.77408109096,0.76920630323,10.0586698725
7.715246,1.35801635101,1.28066598449,10.8125419561,-0.77408109096,0.76920630323,10.0586698725
7.716912,1.28729811753,1.24530686776,10.8489478072,-0.727936301293,0.76920630323,10.0586698725
7.718578,1.25193900079,1.17458863428,10.7397302538,-0.77408109096,0.76920630323,10.0586698725
7.720244,1.28729811753,1.31602510123,10.7761361049,-0.727936301293,0.859968053701,10.1040507478
7.72191,1.32265723427,1.31602510123,10.8125419561,-0.635646721959,0.905348928936,10.149431623
7.723576,1.35801635101,1.3867433347,10.8125419561,-0.681791511626,0.905348928936,10.1040507478
7.725242,1.35801635101,1.31602510123,10.8125419561,-0.727936301293,0.814587178465,10.0586698725
7.726908,1.28729811753,1.28066598449,10.7397302538,-0.727936301293,0.814587178465,10.1040507478
7.728574,1.32265723427,1.31602510123,10.7397302538,-0.635646721959,0.950729804172,10.149431623
7.73024,1.35801635101,1.31602510123,10.7761361049,-0.727936301293,0.814587178465,10.0586698725
7.731906,1.28729811753,1.24530686776,10.7761361049,-0.727936301293,0.814587178465,10.0586698725
7.733572,1.32265723427,1.31602510123,10.7761361049,-0.727936301293,0.814587178465,10.0586698725
7.735238,1.32265723427,1.31602510123,10.7397302538,-0.681791511626,0.859968053701,10.1040507478
7.736904,1.28729811753,1.28066598449,10.7397302538,-0.727936301293,0.76920630323,10.1040507478
7.73857,1.32265723427,1.35138421797,10.7761361049,-0.727936301293,0.814587178465,10.1040507478
7.740236,1.25193900079,1.20994775102,10.7761361049,-0.681791511626,0.814587178465,10.0586698725
7.741902,1.32265723427,1.28066598449,10.7761361049,-0.681791511626,0.814587178465,10.1040507478
7.743568,1.35801635101,1.31602510123,10.7397302538,-0.681791511626,0.859968053701,10.149431623
7.745234,1.35801635101,1.31602510123,10.7397302538,-0.681791511626,0.814587178465,10.1040507478
7.7469,1.35801635101,1.31602510123,10.7761361049,-0.635646721959,0.905348928936,10.149431623
7.748566,1.28729811753,1.24530686776,10.7033244027,-0.635646721959,0.905348928936,10.1948124982
7.750232,1.35801635101,1.31602510123,10.7397302538,-0.727936301293,0.814587178465,10.1040507478
7.751898,1.35801635101,1.28066598449,10.7397302538,-0.681791511626,0.859968053701,10.149431623
7.753564,1.35801635101,1.31602510123,10.7761361049,-0.727936301293,0.814587178465,10.1040507478
7.75523,1.32265723427,1.31602510123,10.8125419561,-0.727936301293,0.76920630323,10.1040507478
7.756896,1.32265723427,1.20994775102,10.7397302538,-0.681791511626,0.814587178465,10.149431623
7.758562,1.32265723427,1.28066598449,10.8125419561,-0.589501932292,0.905348928936,10.2401933735
7.760228,1.32265723427,1.28066598449,10.8125419561,-0.727936301293,0.814587178465,10.149431623
7.761894,1.42873458448,1.31602510123,10.8125419561,-0.727936301293,0.814587178465,10.149431623
7.76356,1.35801635101,1.24530686776,10.8125419561,-0.727936301293,0.76920630323,10.149431623
7.765226,1.28729811753,1.24530686776,10.7761361049,-0.727936301293,0.814587178465,10.149431623
7.766892,1.32265723427,1.24530686776,10.8125419561,-0.727936301293,0.814587178465,10.149431623
7.768558,1.32265723427,1.31602510123,10.8125419561,-0.727936301293,0.76920630323,10.149431623
7.770224,1.39337546774,1.35138421797,10.8853536583,-0.727936301293,0.76920630323,10.149431623
7.77189,1.32265723427,1.31602510123,10.8853536583,-0.635646721959,0.859968053701,10.2401933735
7.773556,1.28729811753,1.24530686776,10.8125419561,-0.77408109096,0.76920630323,10.1040507478
7.775222,1.28729811753,1.28066598449,10.8853536583,-0.77408109096,0.76920630323,10.149431623
7.776888,1.32265723427,1.24530686776,10.8853536583,-0.727936301293,0.76920630323,10.149431623
7.778554,1.21657988406,1.20994775102,10.9581653606,-0.77408109096,0.76920630323,10.149431623
7.78022,1.32265723427,1.28066598449,10.8853536583,-0.77408109096,0.814587178465,10.149431623
7.781886,1.28729811753,1.28066598449,10.8853536583,-0.681791511626,0.905348928936,10.2401933735
7.783552,1.28729811753,1.20994775102,10.8853536583,-0.77408109096,0.76920630323,10.149431623
7.785218,1.28729811753,1.28066598449,10.9217595095,-0.727936301293,0.76920630323,10.1948124982
7.786884,1.25193900079,1.20994775102,10.8489478072,-0.727936301293,0.814587178465,10.1948124982
7.78855,1.28729811753,1.28066598449,10.9217595095,-0.77408109096,0.76920630323,10.149431623
7.790216,1.32265723427,1.28066598449,10.9217595095,-0.77408109096,0.814587178465,10.149431623
7.791882,1.35801635101,1.31602510123,10.9922958461,-0.681791511626,0.905348928936,10.2855742487
7.793548,1.28729811753,1.31602510123,10.9581653606,-0.820225880627,0.76920630323,10.149431623
7.795214,1.21657988406,1.20994775102,10.9217595095,-0.77408109096,0.76920630323,10.149431623
7.79688,1.21657988406,1.24530686776,10.9922958461,-0.820225880627,0.76920630323,10.1948124982
7.798546,1.28729811753,1.20994775102,10.9581653606,-0.820225880627,0.76920630323,10.149431623
7.800212,1.35801635101,1.3867433347,11.0287016972,-0.820225880627,0.76920630323,10.1948124982
7.801878,1.28729811753,1.24530686776,10.9922958461,-0.820225880627,0.76920630323,10.149431623
7.803544,1.21657988406,1.24530686776,10.9581653606,-0.820225880627,0.76920630323,10.149431623
7.80521,1.21657988406,1.28066598449,10.9581653606,-0.820225880627,0.723825427995,10.149431623
7.806876,1.21657988406,1.28066598449,10.9922958461,-0.77408109096,0.814587178465,10.1948124982
7.808542,1.14586165058,1.28066598449,11.0651075483,-0.820225880627,0.76920630323,10.149431623
7.810208,1.28729811753,1.28066598449,10.9922958461,-0.820225880627,0.76920630323,10.1948124982
7.811874,1.18122076732,1.28066598449,10.9581653606,-0.820225880627,0.76920630323,10.149431623
7.81354,1.21657988406,1.28066598449,10.9581653606,-0.820225880627,0.814587178465,10.1948124982
7.815206,1.25193900079,1.31602510123,11.0287016972,-0.820225880627,0.76920630323,10.149431623
7.816872,1.18122076732,1.20994775102,11.0287016972,-0.866370670294,0.723825427995,10.1948124982
7.818538,1.21657988406,1.28066598449,10.9922958461,-0.866370670294,0.723825427995,10.149431623
7.820204,1.21657988406,1.20994775102,10.9581653606,-0.866370670294,0.723825427995,10.1948124982
7.82187,1.18122076732,1.28066598449,10.9581653606,-0.820225880627,0.76920630323,10.149431623
7.823536,1.21657988406,1.28066598449,10.9922958461,-0.820225880627,0.723825427995,10.149431623
7.825202,1.14586165058,1.20994775102,10.9922958461,-0.820225880627,0.76920630323,10.149431623
7.826868,1.21657988406,1.31602510123,10.9581653606,-0.866370670294,0.76920630323,10.149431623
7.828534,1.21657988406,1.31602510123,10.9217595095,-0.866370670294,0.76920630323,10.149431623
7.8302,1.21657988406,1.28066598449,10.9217595095,-0.77408109096,0.814587178465,10.1948124982
7.831866,1.21657988406,1.35138421797,10.9217595095,-0.866370670294,0.723825427995,10.149431623
7.833532,1.14586165058,1.24530686776,10.8853536583,-0.866370670294,0.76920630323,10.1040507478
7.835198,1.21657988406,1.31602510123,10.9217595095,-0.866370670294,0.76920630323,10.149431623
7.836864,1.21657988406,1.31602510123,10.9581653606,-0.866370670294,0.723825427995,10.149431623
7.83853,1.28729811753,1.31602510123,10.9217595095,-0.820225880627,0.723825427995,10.149431623
7.840196,1.21657988406,1.35138421797,10.9217595095,-0.866370670294,0.76920630323,10.149431623
7.841862,1.18122076732,1.24530686776,10.8489478072,-0.866370670294,0.76920630323,10.149431623
7.843528,1.18122076732,1.31602510123,10.8853536583,-0.866370670294,0.76920630323,10.1040507478
7.845194,1.18122076732,1.28066598449,10.8853536583,-0.820225880627,0.76920630323,10.149431623
7.84686,1.28729811753,1.45746156818,10.9581653606,-0.820225880627,0.76920630323,10.149431623
7.848526,1.18122076732,1.35138421797,10.9217595095,-0.866370670294,0.76920630323,10.149431623
7.850192,1.18122076732,1.31602510123,10.8489478072,-0.866370670294,0.76920630323,10.1040507478
7.851858,1.18122076732,1.28066598449,10.8489478072,-0.77408109096,0.905348928936,10.1948124982
7.853524,1.21657988406,1.35138421797,10.8853536583,-0.866370670294,0.76920630323,10.1040507478
7.85519,1.18122076732,1.45746156818,10.9922958461,-0.820225880627,0.76920630323,10.1040507478
7.856856,1.21657988406,1.35138421797,10.8489478072,-0.866370670294,0.76920630323,10.1040507478
7.858522,1.18122076732,1.31602510123,10.8125419561,-0.820225880627,0.76920630323,10.149431623
7.860188,1.18122076732,1.31602510123,10.8125419561,-0.727936301293,0.905348928936,10.1948124982
7.861854,1.21657988406,1.35138421797,10.8853536583,-0.820225880627,0.814587178465,10.1040507478
7.86352,1.11050253385,1.28066598449,10.8853536583,-0.866370670294,0.76920630323,10.1040507478
7.865186,1.21657988406,1.35138421797,10.8489478072,-0.866370670294,0.814587178465,10.1040507478
7.866852,1.18122076732,1.28066598449,10.8125419561,-0.866370670294,0.814587178465,10.1040507478
7.868518,1.18122076732,1.31602510123,10.8125419561,-0.866370670294,0.814587178465,10.0586698725
7.870184,1.21657988406,1.31602510123,10.8489478072,-0.866370670294,0.76920630323,10.0586698725
7.87185,1.11050253385,1.28066598449,10.8853536583,-0.866370670294,0.76920630323,10.0586698725
7.873516,1.18122076732,1.35138421797,10.8489478072,-0.866370670294,0.814587178465,10.0586698725
7.875182,1.18122076732,1.31602510123,10.7761361049,-0.77408109096,0.905348928936,10.149431623
7.876848,1.18122076732,1.31602510123,10.8125419561,-0.820225880627,0.859968053701,10.1040507478
7.878514,1.21657988406,1.31602510123,10.8489478072,-0.866370670294,0.814587178465,10.0586698725
7.88018,1.11050253385,1.28066598449,10.7397302538,-0.820225880627,0.859968053701,10.0586698725
7.881846,1.18122076732,1.35138421797,10.8489478072,-0.866370670294,0.814587178465,10.0586698725
7.883512,1.18122076732,1.35138421797,10.8125419561,-0.866370670294,0.814587178465,10.0586698725
7.885178,1.21657988406,1.35138421797,10.7761361049,-0.866370670294,0.814587178465,10.0586698725
7.886844,1.21657988406,1.35138421797,10.8125419561,-0.866370670294,0.814587178465,10.0586698725
7.88851,1.14586165058,1.31602510123,10.7761361049,-0.866370670294,0.814587178465,10.0132889973
7.890176,1.14586165058,1.31602510123,10.7761361049,-0.866370670294,0.76920630323,10.0132889973
7.891842,1.18122076732,1.31602510123,10.8125419561,-0.866370670294,0.814587178465,10.0586698725
7.893508,1.21657988406,1.45746156818,10.9217595095,-0.866370670294,0.814587178465,10.0132889973
7.895174,1.18122076732,1.35138421797,10.8853536583,-0.866370670294,0.814587178465,10.0586698725
7.89684,1.18122076732,1.31602510123,10.8125419561,-0.866370670294,0.814587178465,10.0132889973
7.898506,1.18122076732,1.31602510123,10.7761361049,-0.866370670294,0.814587178465,10.0586698725
7.900172,1.21657988406,1.31602510123,10.8489478072,-0.866370670294,0.814587178465,10.0586698725
7.901838,1.11050253385,1.28066598449,10.7397302538,-0.866370670294,0.814587178465,10.0132889973
7.903504,1.18122076732,1.31602510123,10.8489478072,-0.866370670294,0.814587178465,10.0586698725
7.90517,1.18122076732,1.31602510123,10.8125419561,-0.866370670294,0.814587178465,10.0586698725
7.906836,1.21657988406,1.31602510123,10.8125419561,-0.866370670294,0.814587178465,10.0586698725
7.908502,1.21657988406,1.35138421797,10.8853536583,-0.820225880627,0.859968053701,10.1040507478
7.910168,1.14586165058,1.24530686776,10.7761361049,-0.77408109096,0.905348928936,10.149431623
7.911834,1.18122076732,1.28066598449,10.8853536583,-0.77408109096,0.905348928936,10.149431623
7.9135,1.18122076732,1.31602510123,10.8489478072,-0.820225880627,0.814587178465,10.0586698725
7.915166,1.28729811753,1.31602510123,10.8489478072,-0.866370670294,0.814587178465,10.0586698725
7.916832,1.18122076732,1.31602510123,10.8853536583,-0.866370670294,0.814587178465,10.1040507478
7.918498,1.14586165058,1.20994775102,10.7761361049,-0.866370670294,0.814587178465,10.1040507478
7.920164,1.18122076732,1.31602510123,10.8853536583,-0.866370670294,0.814587178465,10.1040507478
7.92183,1.18122076732,1.28066598449,10.8853536583,-0.866370670294,0.814587178465,10.1040507478
7.923496,1.28729811753,1.42210245144,10.9217595095,-0.866370670294,0.814587178465,10.1040507478
7.925162,1.18122076732,1.31602510123,10.8853536583,-0.866370670294,0.76920630323,10.1040507478
7.926828,1.18122076732,1.20994775102,10.8489478072,-0.820225880627,0.76920630323,10.149431623
7.928494,1.18122076732,1.28066598449,10.8489478072,-0.866370670294,0.76920630323,10.149431623
7.93016,1.21657988406,1.31602510123,10.8853536583,-0.727936301293,0.905348928936,10.2401933735
7.931826,1.14586165058,1.31602510123,10.9922958461,-0.866370670294,0.76920630323,10.149431623
7.933492,1.21657988406,1.31602510123,10.8853536583,-0.866370670294,0.76920630323,10.1040507478
7.935158,1.21657988406,1.28066598449,10.8489478072,-0.820225880627,0.814587178465,10.1948124982
7.936824,1.18122076732,1.31602510123,10.8489478072,-0.820225880627,0.814587178465,10.1948124982
7.93849,1.18122076732,1.28066598449,10.8853536583,-0.820225880627,0.814587178465,10.1948124982
7.940156,1.14586165058,1.20994775102,10.8125419561,-0.820225880627,0.76920630323,10.1948124982
7.941822,1.18122076732,1.24530686776,10.8853536583,-0.820225880627,0.76920630323,10.1948124982
7.943488,1.21657988406,1.28066598449,10.8853536583,-0.77408109096,0.814587178465,10.1948124982
7.945154,1.32265723427,1.35138421797,10.9217595095,-0.727936301293,0.905348928936,10.2855742487
7.94682,1.21657988406,1.28066598449,10.8853536583,-0.866370670294,0.723825427995,10.149431623
7.948486,1.14586165058,1.24530686776,10.8489478072,-0.820225880627,0.76920630323,10.1948124982
7.950152,1.21657988406,1.28066598449,10.8853536583,-0.820225880627,0.76920630323,10.1948124982
7.951818,1.21657988406,1.28066598449,10.9217595095,-0.866370670294,0.723825427995,10.1948124982
7.953484,1.32265723427,1.31602510123,10.8853536583,-0.820225880627,0.76920630323,10.1948124982
7.95515,1.21657988406,1.31602510123,10.9217595095,-0.820225880627,0.76920630323,10.2401933735
7.956816,1.18122076732,1.20994775102,10.8125419561,-0.866370670294,0.76920630323,10.2401933735
7.958482,1.21657988406,1.24530686776,10.8853536583,-0.820225880627,0.76920630323,10.2401933735
7.960148,1.21657988406,1.31602510123,10.8853536583,-0.866370670294,0.723825427995,10.1948124982
7.961814,1.32265723427,1.35138421797,10.8853536583,-0.820225880627,0.76920630323,10.2401933735
7.96348,1.21657988406,1.31602510123,10.9217595095,-0.866370670294,0.723825427995,10.2401933735
7.965146,1.14586165058,1.28066598449,10.8853536583,-0.820225880627,0.76920630323,10.2401933735
7.966812,1.18122076732,1.20994775102,10.8853536583,-0.866370670294,0.723825427995,10.2401933735
7.968478,1.18122076732,1.31602510123,10.9217595095,-0.866370670294,0.76920630323,10.2401933735
7.970144,1.11050253385,1.31602510123,11.0287016972,-0.866370670294,0.76920630323,10.2401933735
7.97181,1.18122076732,1.31602510123,10.9217595095,-0.866370670294,0.76920630323,10.2401933735
7.973476,1.18122076732,1.28066598449,10.8853536583,-0.77408109096,0.814587178465,10.2855742487
7.975142,1.18122076732,1.28066598449,10.8853536583,-0.912515459961,0.723825427995,10.1948124982
7.976808,1.18122076732,1.28066598449,10.9217595095,-0.912515459961,0.76920630323,10.2401933735
7.978474,1.11050253385,1.20994775102,10.8853536583,-0.866370670294,0.76920630323,10.2401933735
7.98014,1.18122076732,1.28066598449,10.9217595095,-0.912515459961,0.76920630323,10.1948124982
7.981806,1.14586165058,1.24530686776,10.8853536583,-0.912515459961,0.76920630323,10.1948124982
7.983472,1.14586165058,1.28066598449,10.9217595095,-0.820225880627,0.859968053701,10.2855742487
7.985138,1.18122076732,1.28066598449,10.9581653606,-0.912515459961,0.76920630323,10.1948124982
7.986804,1.07514341711,1.20994775102,10.8489478072,-0.912515459961,0.76920630323,10.1948124982
7.98847,1.11050253385,1.31602510123,10.9217595095,-0.820225880627,0.905348928936,10.2855742487
7.990136,1.11050253385,1.31602510123,10.9217595095,-0.912515459961,0.76920630323,10.149431623
7.991802,1.18122076732,1.31602510123,10.8853536583,-0.820225880627,0.950729804172,10.2855742487
7.993468,1.14586165058,1.31602510123,10.9581653606,-0.958660249627,0.814587178465,10.149431623
7.995134,1.07514341711,1.28066598449,10.8489478072,-0.958660249627,0.76920630323,10.149431623
7.9968,1.07514341711,1.31602510123,10.9217595095,-0.958660249627,0.76920630323,10.1040507478
7.998466,1.11050253385,1.31602510123,10.9217595095,-0.912515459961,0.814587178465,10.149431623
8.000132,1.11050253385,1.31602510123,10.8853536583,-0.958660249627,0.859968053701,10.149431623
8.001798,1.11050253385,1.35138421797,10.9922958461,-0.958660249627,0.76920630323,10.1040507478
8.003464,1.07514341711,1.31602510123,10.8853536583,-0.958660249627,0.76920630323,10.149431623
8.00513,1.07514341711,1.31602510123,10.8853536583,-0.958660249627,0.76920630323,10.1040507478
8.006796,1.07514341711,1.35138421797,10.9217595095,-0.912515459961,0.859968053701,10.1948124982
8.008462,1.18122076732,1.42210245144,10.9217595095,-1.00480503929,0.76920630323,10.0586698725
8.010128,1.11050253385,1.35138421797,10.9581653606,-1.00480503929,0.76920630323,10.1040507478
8.011794,1.07514341711,1.31602510123,10.8853536583,-1.00480503929,0.814587178465,10.0586698725
8.01346,1.03978430037,1.31602510123,10.8853536583,-1.00480503929,0.76920630323,10.1040507478
8.015126,1.07514341711,1.35138421797,10.9217595095,-1.00480503929,0.76920630323,10.0586698725
8.016792,1.03978430037,1.45746156818,10.9922958461,-1.00480503929,0.814587178465,10.1040507478
8.018458,1.07514341711,1.35138421797,10.9217595095,-0.958660249627,0.814587178465,10.1040507478
8.020124,1.07514341711,1.35138421797,10.8489478072,-1.00480503929,0.814587178465,10.0586698725
8.02179,1.03978430037,1.35138421797,10.8489478072,-1.00480503929,0.814587178465,10.0586698725
8.023456,1.07514341711,1.35138421797,10.8853536583,-1.00480503929,0.814587178465,10.0586698725
8.025122,0.9690660669,1.31602510123,10.8125419561,-1.00480503929,0.814587178465,10.0132889973
8.026788,1.03978430037,1.35138421797,10.8853536583,-1.00480503929,0.814587178465,10.0586698725
8.028454,1.03978430037,1.3867433347,10.8489478072,-1.00480503929,0.814587178465,10.0586698725
8.03012,1.07514341711,1.35138421797,10.8853536583,-0.958660249627,0.859968053701,10.0586698725
8.031786,1.07514341711,1.3867433347,10.8853536583,-1.05094982896,0.814587178465,10.0132889973
8.033452,1.03978430037,1.31602510123,10.8125419561,-1.00480503929,0.814587178465,10.0586698725
8.035118,1.03978430037,1.3867433347,10.8489478072,-0.912515459961,0.905348928936,10.1040507478
8.036784,1.07514341711,1.3867433347,10.8853536583,-1.00480503929,0.76920630323,10.0586698725
8.03845,1.07514341711,1.45746156818,10.9217595095,-1.00480503929,0.76920630323,10.0586698725
8.040116,1.07514341711,1.3867433347,10.8489478072,-1.00480503929,0.814587178465,10.0586698725
8.041782,1.00442518364,1.31602510123,10.8125419561,-1.00480503929,0.814587178465,10.0586698725
8.043448,1.03978430037,1.35138421797,10.8125419561,-1.00480503929,0.814587178465,10.0586698725
8.045114,1.07514341711,1.42210245144,10.8853536583,-1.00480503929,0.814587178465,10.0586698725
8.04678,1.00442518364,1.35138421797,10.9217595095,-1.00480503929,0.76920630323,10.0586698725
8.048446,1.07514341711,1.3867433347,10.8489478072,-1.00480503929,0.814587178465,10.0586698725
8.050112,1.07514341711,1.35138421797,10.8125419561,-1.00480503929,0.76920630323,10.0586698725
8.051778,1.00442518364,1.35138421797,10.7761361049,-1.00480503929,0.814587178465,10.0586698725
8.053444,1.07514341711,1.3867433347,10.8853536583,-1.00480503929,0.814587178465,10.0586698725
8.05511,1.00442518364,1.31602510123,10.7761361049,-0.912515459961,0.905348928936,10.149431623
8.056776,1.07514341711,1.35138421797,10.8125419561,-1.00480503929,0.814587178465,10.0586698725
8.058442,1.07514341711,1.35138421797,10.8489478072,-1.00480503929,0.76920630323,10.0586698725
8.060108,1.07514341711,1.35138421797,10.7761361049,-1.00480503929,0.76920630323,10.0586698725
8.061774,1.07514341711,1.35138421797,10.8489478072,-1.00480503929,0.76920630323,10.0586698725
8.06344,1.03978430037,1.31602510123,10.7761361049,-1.00480503929,0.814587178465,10.0586698725
8.065106,1.07514341711,1.31602510123,10.8125419561,-1.00480503929,0.76920630323,10.0586698725
8.066772,1.07514341711,1.35138421797,10.8489478072,-0.866370670294,0.905348928936,10.1948124982
8.068438,1.11050253385,1.45746156818,10.9581653606,-1.00480503929,0.76920630323,10.1040507478
8.070104,1.07514341711,1.35138421797,10.8853536583,-0.958660249627,0.76920630323,10.1040507478
8.07177,1.07514341711,1.31602510123,10.8125419561,-1.00480503929,0.76920630323,10.1040507478
8.073436,1.07514341711,1.31602510123,10.8489478072,-1.00480503929,0.76920630323,10.1040507478
8.075102,1.07514341711,1.35138421797,10.8853536583,-1.00480503929,0.76920630323,10.1040507478
8.076768,1.14586165058,1.45746156818,10.9217595095,-1.00480503929,0.76920630323,10.1040507478
8.078434,1.07514341711,1.35138421797,10.8853536583,-1.00480503929,0.723825427995,10.1040507478
8.0801,1.07514341711,1.31602510123,10.8853536583,-1.00480503929,0.723825427995,10.1040507478
8.081766,1.07514341711,1.31602510123,10.8489478072,-1.00480503929,0.76920630323,10.1040507478
8.083432,1.07514341711,1.35138421797,10.8853536583,-1.00480503929,0.723825427995,10.1040507478
8.085098,1.00442518364,1.31602510123,10.9922958461,-1.00480503929,0.76920630323,10.1040507478
8.086764,1.07514341711,1.31602510123,10.8853536583,-1.00480503929,0.76920630323,10.1040507478
8.08843,1.07514341711,1.31602510123,10.8853536583,-1.00480503929,0.76920630323,10.1040507478
8.090096,1.07514341711,1.31602510123,10.8853536583,-1.00480503929,0.76920630323,10.1040507478
8.091762,1.07514341711,1.31602510123,10.8853536583,-1.00480503929,0.723825427995,10.1040507478
8.093428,1.03978430037,1.24530686776,10.9217595095,-0.958660249627,0.76920630323,10.1040507478
8.095094,1.07514341711,1.35138421797,10.9217595095,-0.958660249627,0.814587178465,10.149431623
8.09676,1.07514341711,1.28066598449,10.9217595095,-0.958660249627,0.76920630323,10.1040507478
8.098426,1.07514341711,1.28066598449,10.8853536583,-0.958660249627,0.76920630323,10.149431623
8.100092,1.07514341711,1.31602510123,10.9217595095,-1.00480503929,0.723825427995,10.149431623
8.101758,1.03978430037,1.24530686776,10.8853536583,-0.912515459961,0.814587178465,10.2401933735
8.103424,1.07514341711,1.28066598449,10.9581653606,-0.912515459961,0.814587178465,10.1948124982
8.10509,1.11050253385,1.24530686776,10.9217595095,-0.958660249627,0.76920630323,10.149431623
8.106756,1.07514341711,1.24530686776,10.8853536583,-0.912515459961,0.76920630323,10.1948124982
8.108422,1.11050253385,1.31602510123,10.9922958461,-0.866370670294,0.905348928936,10.2401933735
8.110088,1.03978430037,1.20994775102,10.8853536583,-0.958660249627,0.76920630323,10.149431623
8.111754,1.07514341711,1.28066598449,10.9581653606,-0.958660249627,0.76920630323,10.149431623
8.11342,1.07514341711,1.24530686776,10.9217595095,-0.958660249627,0.723825427995,10.149431623
8.115086,1.14586165058,1.28066598449,10.9217595095,-0.958660249627,0.723825427995,10.149431623
8.116752,1.11050253385,1.28066598449,10.9581653606,-0.958660249627,0.723825427995,10.149431623
8.118418,1.03978430037,1.17458863428,10.8853536583,-0.958660249627,0.76920630323,10.149431623
8.120084,1.11050253385,1.24530686776,10.9581653606,-0.912515459961,0.76920630323,10.1948124982
8.12175,1.11050253385,1.28066598449,10.9217595095,-0.958660249627,0.723825427995,10.149431623
8.123416,1.18122076732,1.31602510123,10.9217595095,-0.958660249627,0.76920630323,10.149431623
8.125082,1.14586165058,1.20994775102,10.9217595095,-0.912515459961,0.723825427995,10.149431623
8.126748,1.11050253385,1.20994775102,10.8853536583,-0.912515459961,0.723825427995,10.1948124982
8.128414,1.11050253385,1.28066598449,10.9217595095,-0.912515459961,0.76920630323,10.149431623
8.13008,1.14586165058,1.28066598449,10.9217595095,-0.912515459961,0.723825427995,10.149431623
8.131746,1.21657988406,1.3867433347,11.0287016972,-0.958660249627,0.723825427995,10.149431623
8.133412,1.14586165058,1.28066598449,10.9217595095,-0.912515459961,0.76920630323,10.1948124982
8.135078,1.11050253385,1.24530686776,10.8853536583,-0.912515459961,0.723825427995,10.149431623
8.136744,1.14586165058,1.24530686776,10.8853536583,-0.912515459961,0.76920630323,10.149431623
8.13841,1.14586165058,1.24530686776,10.9217595095,-0.912515459961,0.76920630323,10.1948124982
8.140076,1.18122076732,1.3867433347,10.9922958461,-0.912515459961,0.76920630323,10.1948124982
8.141742,1.18122076732,1.28066598449,10.9217595095,-0.912515459961,0.723825427995,10.149431623
8.143408,1.14586165058,1.20994775102,10.8489478072,-0.866370670294,0.723825427995,10.1948124982
8.145074,1.14586165058,1.28066598449,10.8853536583,-0.866370670294,0.76920630323,10.1948124982
8.14674,1.18122076732,1.28066598449,10.8853536583,-0.866370670294,0.76920630323,10.1948124982
8.148406,1.11050253385,1.31602510123,10.9581653606,-0.866370670294,0.76920630323,10.149431623
8.150072,1.18122076732,1.31602510123,10.8853536583,-0.866370670294,0.76920630323,10.149431623
8.151738,1.14586165058,1.24530686776,10.8125419561,-0.866370670294,0.76920630323,10.149431623
8.153404,1.14586165058,1.28066598449,10.8489478072,-0.866370670294,0.76920630323,10.149431623
8.15507,1.18122076732,1.28066598449,10.8853536583,-0.820225880627,0.76920630323,10.149431623
8.156736,1.25193900079,1.42210245144,10.8853536583,-0.866370670294,0.76920630323,10.149431623
8.158402,1.18122076732,1.28066598449,10.8489478072,-0.820225880627,0.76920630323,10.149431623
8.160068,1.14586165058,1.24530686776,10.8125419561,-0.77408109096,0.814587178465,10.1948124982
8.161734,1.18122076732,1.28066598449,10.8125419561,-0.77408109096,0.905348928936,10.2401933735
8.1634,1.18122076732,1.31602510123,10.8125419561,-0.820225880627,0.814587178465,10.2401933735
8.165066,1.11050253385,1.31602510123,10.9217595095,-0.820225880627,0.814587178465,10.1948124982
8.166732,1.18122076732,1.28066598449,10.8489478072,-0.866370670294,0.76920630323,10.149431623
8.168398,1.18122076732,1.31602510123,10.8125419561,-0.866370670294,0.76920630323,10.1040507478
8.170064,1.21657988406,1.28066598449,10.8125419561,-0.866370670294,0.76920630323,10.1040507478
8.17173,1.18122076732,1.31602510123,10.8125419561,-0.866370670294,0.814587178465,10.1040507478
8.173396,1.11050253385,1.28066598449,10.7397302538,-0.866370670294,0.76920630323,10.1040507478
8.175062,1.18122076732,1.31602510123,10.8125419561,-0.866370670294,0.76920630323,10.1040507478
8.176728,1.18122076732,1.31602510123,10.8125419561,-0.866370670294,0.814587178465,10.1040507478
8.178394,1.25193900079,1.35138421797,10.8125419561,-0.866370670294,0.76920630323,10.1040507478
8.18006,1.18122076732,1.31602510123,10.8125419561,-0.820225880627,0.814587178465,10.1040507478
8.181726,1.11050253385,1.24530686776,10.7397302538,-0.866370670294,0.76920630323,10.1040507478
8.183392,1.14586165058,1.31602510123,10.8125419561,-0.866370670294,0.814587178465,10.0586698725
8.185058,1.18122076732,1.28066598449,10.8125419561,-0.866370670294,0.814587178465,10.0586698725
8.186724,1.28729811753,1.35138421797,10.8125419561,-0.866370670294,0.814587178465,10.0586698725
8.18839,1.18122076732,1.35138421797,10.8125419561,-0.866370670294,0.814587178465,10.0586698725
8.190056,1.14586165058,1.28066598449,10.7761361049,-0.866370670294,0.814587178465,10.0586698725
8.191722,1.18122076732,1.31602510123,10.7761361049,-0.866370670294,0.814587178465,10.0586698725
8.193388,1.18122076732,1.35138421797,10.8489478072,-0.866370670294,0.814587178465,10.0586698725
8.195054,1.18122076732,1.45746156818,10.9217595095,-0.866370670294,0.814587178465,10.0586698725
8.19672,1.18122076732,1.35138421797,10.8125419561,-0.820225880627,0.905348928936,10.149431623
8.198386,1.14586165058,1.31602510123,10.7761361049,-0.912515459961,0.76920630323,10.0586698725
8.200052,1.11050253385,1.31602510123,10.7761361049,-0.912515459961,0.814587178465,10.0586698725
8.201718,1.18122076732,1.35138421797,10.8489478072,-0.866370670294,0.814587178465,10.0586698725
8.203384,1.07514341711,1.28066598449,10.8853536583,-0.866370670294,0.814587178465,10.0586698725
8.20505,1.14586165058,1.3867433347,10.8489478072,-0.77408109096,0.905348928936,10.149431623
8.206716,1.18122076732,1.35138421797,10.8853536583,-0.912515459961,0.76920630323,10.0586698725
8.208382,1.18122076732,1.31602510123,10.8125419561,-0.912515459961,0.814587178465,10.0586698725
8.210048,1.18122076732,1.31602510123,10.8853536583,-0.912515459961,0.814587178465,10.0586698725
8.211714,1.07514341711,1.28066598449,10.7761361049,-0.912515459961,0.814587178465,10.0586698725
8.21338,1.14586165058,1.35138421797,10.8853536583,-0.958660249627,0.814587178465,10.0132889973
8.215046,1.11050253385,1.31602510123,10.8489478072,-0.912515459961,0.814587178465,10.0586698725
8.216712,1.21657988406,1.35138421797,10.8853536583,-0.912515459961,0.814587178465,10.0586698725
8.218378,1.14586165058,1.35138421797,10.8853536583,-0.912515459961,0.76920630323,10.0586698725
8.220044,1.11050253385,1.31602510123,10.8489478072,-0.912515459961,0.814587178465,10.0586698725
8.22171,1.11050253385,1.31602510123,10.8853536583,-0.912515459961,0.814587178465,10.0586698725
8.223376,1.14586165058,1.31602510123,10.8853536583,-0.866370670294,0.814587178465,10.0586698725
8.225042,1.21657988406,1.45746156818,10.9922958461,-0.912515459961,0.76920630323,10.0132889973
8.226708,1.14586165058,1.35138421797,10.8853536583,-0.912515459961,0.814587178465,10.0586698725
8.228374,1.11050253385,1.35138421797,10.8489478072,-0.912515459961,0.814587178465,10.0586698725
8.23004,1.14586165058,1.35138421797,10.8853536583,-0.912515459961,0.814587178465,10.0586698725
8.231706,1.14586165058,1.35138421797,10.8853536583,-0.912515459961,0.814587178465,10.0586698725
8.233372,1.07514341711,1.31602510123,11.0287016972,-0.912515459961,0.814587178465,10.1040507478
8.235038,1.14586165058,1.35138421797,10.8853536583,-0.912515459961,0.814587178465,10.1040507478
8.236704,1.18122076732,1.35138421797,10.8853536583,-0.912515459961,0.814587178465,10.1040507478
8.23837,1.18122076732,1.31602510123,10.8853536583,-0.912515459961,0.814587178465,10.1040507478
8.240036,1.18122076732,1.35138421797,10.9217595095,-0.866370670294,0.814587178465,10.1040507478
8.241702,1.11050253385,1.31602510123,10.8489478072,-0.820225880627,0.859968053701,10.149431623
8.243368,1.14586165058,1.31602510123,10.9217595095,-0.912515459961,0.76920630323,10.1040507478
8.245034,1.18122076732,1.31602510123,10.9217595095,-0.866370670294,0.814587178465,10.149431623
8.2467,1.21657988406,1.3867433347,10.9217595095,-0.866370670294,0.814587178465,10.149431623
8.248366,1.18122076732,1.35138421797,10.9581653606,-0.912515459961,0.76920630323,10.1040507478
8.250032,1.14586165058,1.31602510123,10.8853536583,-0.912515459961,0.76920630323,10.149431623
8.251698,1.14586165058,1.35138421797,10.9581653606,-0.866370670294,0.76920630323,10.149431623
8.253364,1.21657988406,1.31602510123,10.9581653606,-0.77408109096,0.905348928936,10.2401933735
8.25503,1.28729811753,1.3867433347,10.9581653606,-0.866370670294,0.76920630323,10.149431623
8.256696,1.18122076732,1.35138421797,10.9922958461,-0.912515459961,0.76920630323,10.149431623
8.258362,1.14586165058,1.28066598449,10.8853536583,-0.912515459961,0.76920630323,10.149431623
8.260028,1.18122076732,1.31602510123,10.9217595095,-0.866370670294,0.76920630323,10.1948124982
8.261694,1.21657988406,1.35138421797,10.9581653606,-0.866370670294,0.76920630323,10.149431623
8.26336,1.11050253385,1.35138421797,11.0287016972,-0.912515459961,0.76920630323,10.149431623
8.265026,1.21657988406,1.35138421797,10.9922958461,-0.77408109096,0.859968053701,10.2401933735
8.266692,1.18122076732,1.31602510123,10.9217595095,-0.866370670294,0.76920630323,10.1948124982
8.268358,1.25193900079,1.31602510123,10.9217595095,-0.866370670294,0.76920630323,10.1948124982
8.270024,1.21657988406,1.31602510123,10.9581653606,-0.866370670294,0.76920630323,10.1948124982
8.27169,1.18122076732,1.28066598449,10.8853536583,-0.866370670294,0.76920630323,10.1948124982
8.273356,1.21657988406,1.28066598449,10.9217595095,-0.866370670294,0.76920630323,10.1948124982
8.275022,1.21657988406,1.31602510123,10.9581653606,-0.820225880627,0.76920630323,10.1948124982
8.276688,1.28729811753,1.31602510123,10.9217595095,-0.866370670294,0.76920630323,10.1948124982
8.278354,1.21657988406,1.31602510123,10.9922958461,-0.866370670294,0.723825427995,10.1948124982
8.28002,1.18122076732,1.24530686776,10.8853536583,-0.820225880627,0.76920630323,10.1948124982
8.281686,1.18122076732,1.31602510123,10.9581653606,-0.820225880627,0.76920630323,10.1948124982
8.283352,1.21657988406,1.31602510123,10.9922958461,-0.727936301293,0.859968053701,10.2855742487
8.285018,1.32265723427,1.3867433347,10.9581653606,-0.866370670294,0.76920630323,10.1948124982
8.286684,1.21657988406,1.31602510123,10.9581653606,-0.820225880627,0.76920630323,10.1948124982
8.28835,1.18122076732,1.28066598449,10.9217595095,-0.820225880627,0.76920630323,10.1948124982
8.290016,1.21657988406,1.28066598449,10.9217595095,-0.820225880627,0.814587178465,10.1948124982
8.291682,1.25193900079,1.28066598449,10.9581653606,-0.820225880627,0.723825427995,10.149431623
8.293348,1.35801635101,1.3867433347,10.9581653606,-0.820225880627,0.76920630323,10.1948124982
8.295014,1.25193900079,1.31602510123,10.9581653606,-0.820225880627,0.76920630323,10.1948124982
8.29668,1.21657988406,1.24530686776,10.8853536583,-0.727936301293,0.859968053701,10.2855742487
8.298346,1.21657988406,1.31602510123,10.9217595095,-0.820225880627,0.76920630323,10.1948124982
8.300012,1.25193900079,1.31602510123,10.9217595095,-0.820225880627,0.76920630323,10.149431623
8.301678,1.35801635101,1.3867433347,10.9581653606,-0.77408109096,0.859968053701,10.2401933735
8.303344,1.28729811753,1.31602510123,10.9581653606,-0.820225880627,0.814587178465,10.149431623
8.30501,1.25193900079,1.24530686776,10.8853536583,-0.820225880627,0.76920630323,10.149431623
8.306676,1.21657988406,1.24530686776,10.8853536583,-0.727936301293,0.859968053701,10.2401933735
8.308342,1.28729811753,1.31602510123,10.9581653606,-0.820225880627,0.814587178465,10.149431623
8.310008,1.25193900079,1.3867433347,10.9922958461,-0.77408109096,0.814587178465,10.149431623
8.311674,1.28729811753,1.28066598449,10.9217595095,-0.820225880627,0.814587178465,10.149431623
8.31334,1.21657988406,1.28066598449,10.8853536583,-0.820225880627,0.814587178465,10.149431623
8.315006,1.25193900079,1.28066598449,10.8853536583,-0.820225880627,0.76920630323,10.1040507478
8.316672,1.28729811753,1.31602510123,10.9217595095,-0.77408109096,0.76920630323,10.1040507478
8.318338,1.21657988406,1.31602510123,10.9922958461,-0.820225880627,0.76920630323,10.1040507478
8.320004,1.28729811753,1.28066598449,10.8853536583,-0.77408109096,0.76920630323,10.1040507478
8.32167,1.28729811753,1.28066598449,10.8853536583,-0.77408109096,0.76920630323,10.1040507478
8.323336,1.28729811753,1.28066598449,10.8853536583,-0.77408109096,0.76920630323,10.1040507478
8.325002,1.28729811753,1.28066598449,10.8853536583,-0.77408109096,0.76920630323,10.1040507478
8.326668,1.21657988406,1.24530686776,10.8125419561,-0.77408109096,0.814587178465,10.1040507478
8.328334,1.28729811753,1.31602510123,10.8853536583,-0.77408109096,0.814587178465,10.1040507478
8.33,1.28729811753,1.31602510123,10.8489478072,-0.77408109096,0.814587178465,10.0586698725
8.331666,1.39337546774,1.35138421797,10.8853536583,-0.77408109096,0.814587178465,10.1040507478
8.333332,1.32265723427,1.31602510123,10.8853536583,-0.727936301293,0.814587178465,10.1040507478
8.334998,1.28729811753,1.24530686776,10.8125419561,-0.77408109096,0.814587178465,10.1040507478
8.336664,1.28729811753,1.24530686776,10.8125419561,-0.77408109096,0.76920630323,10.0586698725
8.33833,1.28729811753,1.28066598449,10.8489478072,-0.77408109096,0.814587178465,10.1040507478
8.339996,1.21657988406,1.20994775102,10.8489478072,-0.727936301293,0.814587178465,10.1040507478
8.341662,1.28729811753,1.31602510123,10.8489478072,-0.77408109096,0.814587178465,10.0586698725
8.343328,1.28729811753,1.28066598449,10.8125419561,-0.77408109096,0.814587178465,10.0586698725
8.344994,1.32265723427,1.31602510123,10.7761361049,-0.681791511626,0.859968053701,10.1040507478
8.34666,1.32265723427,1.28066598449,10.8125419561,-0.727936301293,0.814587178465,10.0586698725
8.348326,1.21657988406,1.24530686776,10.7397302538,-0.77408109096,0.814587178465,10.0586698725
8.349992,1.28729811753,1.31602510123,10.8125419561,-0.727936301293,0.814587178465,10.1040507478
8.351658,1.32265723427,1.31602510123,10.7761361049,-0.727936301293,0.76920630323,10.1040507478
8.353324,1.35801635101,1.31602510123,10.8125419561,-0.727936301293,0.814587178465,10.1040507478
8.35499,1.35801635101,1.31602510123,10.8125419561,-0.727936301293,0.814587178465,10.0586698725
8.356656,1.28729811753,1.24530686776,10.7397302538,-0.727936301293,0.814587178465,10.0586698725
8.358322,1.32265723427,1.28066598449,10.8125419561,-0.727936301293,0.814587178465,10.1040507478
8.359988,1.35801635101,1.31602510123,10.7761361049,-0.727936301293,0.76920630323,10.0586698725
8.361654,1.39337546774,1.35138421797,10.8125419561,-0.77408109096,0.76920630323,10.0586698725
8.36332,1.32265723427,1.31602510123,10.8125419561,-0.727936301293,0.76920630323,10.1040507478
8.364986,1.28729811753,1.28066598449,10.7397302538,-0.727936301293,0.814587178465,10.1040507478
8.366652,1.32265723427,1.28066598449,10.7761361049,-0.727936301293,0.814587178465,10.1040507478
8.368318,1.32265723427,1.31602510123,10.7761361049,-0.727936301293,0.814587178465,10.1040507478
8.369984,1.28729811753,1.35138421797,10.8853536583,-0.727936301293,0.814587178465,10.0586698725
8.37165,1.32265723427,1.31602510123,10.7761361049,-0.727936301293,0.814587178465,10.1040507478
8.373316,1.28729811753,1.28066598449,10.7397302538,-0.681791511626,0.814587178465,10.149431623
8.374982,1.32265723427,1.28066598449,10.7761361049,-0.727936301293,0.76920630323,10.1040507478
8.376648,1.32265723427,1.31602510123,10.8125419561,-0.727936301293,0.76920630323,10.1040507478
8.378314,1.21657988406,1.20994775102,10.8853536583,-0.727936301293,0.76920630323,10.1040507478
8.37998,1.28729811753,1.31602510123,10.8125419561,-0.635646721959,0.905348928936,10.1948124982
8.381646,1.28729811753,1.28066598449,10.7761361049,-0.727936301293,0.814587178465,10.1040507478
8.383312,1.32265723427,1.28066598449,10.7761361049,-0.727936301293,0.76920630323,10.1040507478
8.384978,1.32265723427,1.28066598449,10.8489478072,-0.727936301293,0.76920630323,10.1040507478
8.386644,1.25193900079,1.20994775102,10.7761361049,-0.77408109096,0.76920630323,10.1040507478
8.38831,1.28729811753,1.31602510123,10.8125419561,-0.727936301293,0.76920630323,10.1040507478
8.389976,1.32265723427,1.31602510123,10.8489478072,-0.77408109096,0.76920630323,10.1040507478
8.391642,1.35801635101,1.42210245144,10.9217595095,-0.77408109096,0.76920630323,10.1040507478
8.393308,1.28729811753,1.31602510123,10.8853536583,-0.77408109096,0.76920630323,10.1040507478
8.394974,1.25193900079,1.31602510123,10.8125419561,-0.77408109096,0.76920630323,10.1040507478
8.39664,1.28729811753,1.28066598449,10.8125419561,-0.727936301293,0.76920630323,10.1040507478
8.398306,1.28729811753,1.28066598449,10.8853536583,-0.727936301293,0.859968053701,10.149431623
8.399972,1.18122076732,1.20994775102,10.8853536583,-0.727936301293,0.76920630323,10.149431623
8.401638,1.28729811753,1.28066598449,10.8853536583,-0.77408109096,0.76920630323,10.1040507478
8.403304,1.28729811753,1.28066598449,10.8489478072,-0.77408109096,0.76920630323,10.1040507478
8.40497,1.25193900079,1.28066598449,10.8853536583,-0.77408109096,0.76920630323,10.1040507478
8.406636,1.25193900079,1.28066598449,10.8853536583,-0.681791511626,0.859968053701,10.1948124982
8.408302,1.18122076732,1.20994775102,10.9581653606,-0.820225880627,0.76920630323,10.1040507478
8.409968,1.28729811753,1.28066598449,10.8853536583,-0.820225880627,0.76920630323,10.149431623
8.411634,1.21657988406,1.28066598449,10.8853536583,-0.820225880627,0.76920630323,10.1040507478
8.4133,1.28729811753,1.28066598449,10.8853536583,-0.820225880627,0.76920630323,10.149431623
8.414966,1.21657988406,1.31602510123,10.9217595095,-0.820225880627,0.76920630323,10.149431623
8.416632,1.18122076732,1.20994775102,10.8853536583,-0.820225880627,0.76920630323,10.149431623
8.418298,1.21657988406,1.24530686776,10.9217595095,-0.820225880627,0.723825427995,10.149431623
8.419964,1.21657988406,1.20994775102,10.9581653606,-0.820225880627,0.76920630323,10.149431623
8.42163,1.28729811753,1.3867433347,11.0287016972,-0.866370670294,0.76920630323,10.149431623
8.423296,1.21657988406,1.28066598449,10.9581653606,-0.866370670294,0.678444552759,10.149431623
8.424962,1.21657988406,1.28066598449,10.9217595095,-0.866370670294,0.723825427995,10.149431623
8.426628,1.18122076732,1.24530686776,10.9217595095,-0.727936301293,0.814587178465,10.2401933735
8.428294,1.21657988406,1.28066598449,10.9922958461,-0.820225880627,0.76920630323,10.149431623
8.42996,1.11050253385,1.20994775102,11.0287016972,-0.866370670294,0.723825427995,10.1040507478
8.431626,1.21657988406,1.31602510123,10.9581653606,-0.866370670294,0.723825427995,10.1040507478
8.433292,1.18122076732,1.24530686776,10.9581653606,-0.866370670294,0.723825427995,10.149431623
8.434958,1.25193900079,1.28066598449,10.9581653606,-0.866370670294,0.76920630323,10.149431623
8.436624,1.21657988406,1.28066598449,10.9922958461,-0.77408109096,0.814587178465,10.2401933735
8.43829,1.18122076732,1.24530686776,10.9217595095,-0.866370670294,0.76920630323,10.149431623
8.439956,1.18122076732,1.28066598449,10.9581653606,-0.866370670294,0.723825427995,10.149431623
8.441622,1.18122076732,1.31602510123,10.9581653606,-0.866370670294,0.723825427995,10.149431623
8.443288,1.32265723427,1.35138421797,11.0287016972,-0.866370670294,0.723825427995,10.149431623
8.444954,1.18122076732,1.28066598449,10.9922958461,-0.866370670294,0.76920630323,10.149431623
8.44662,1.18122076732,1.17458863428,10.9217595095,-0.866370670294,0.76920630323,10.149431623
8.448286,1.18122076732,1.28066598449,10.9217595095,-0.866370670294,0.723825427995,10.1040507478
8.449952,1.21657988406,1.28066598449,10.9581653606,-0.866370670294,0.76920630323,10.149431623
8.451618,1.11050253385,1.28066598449,11.0651075483,-0.866370670294,0.76920630323,10.149431623
8.453284,1.18122076732,1.31602510123,10.9581653606,-0.866370670294,0.76920630323,10.1040507478
8.45495,1.18122076732,1.31602510123,10.9217595095,-0.866370670294,0.76920630323,10.149431623
8.456616,1.18122076732,1.28066598449,10.9217595095,-0.866370670294,0.723825427995,10.149431623
8.458282,1.18122076732,1.31602510123,10.9922958461,-0.866370670294,0.723825427995,10.149431623
8.459948,1.18122076732,1.20994775102,10.8853536583,-0.820225880627,0.814587178465,10.1948124982
8.461614,1.18122076732,1.31602510123,10.9217595095,-0.77408109096,0.859968053701,10.2401933735
8.46328,1.18122076732,1.31602510123,10.9217595095,-0.866370670294,0.76920630323,10.149431623
8.464946,1.25193900079,1.35138421797,10.9217595095,-0.866370670294,0.76920630323,10.1040507478
8.466612,1.21657988406,1.31602510123,10.9581653606,-0.866370670294,0.723825427995,10.1040507478
8.468278,1.18122076732,1.31602510123,10.8489478072,-0.77408109096,0.859968053701,10.2401933735
8.469944,1.18122076732,1.31602510123,10.8853536583,-0.820225880627,0.814587178465,10.1948124982
8.47161,1.18122076732,1.31602510123,10.8853536583,-0.866370670294,0.76920630323,10.1040507478
8.473276,1.25193900079,1.35138421797,10.8853536583,-0.866370670294,0.76920630323,10.149431623
8.474942,1.18122076732,1.35138421797,10.9217595095,-0.866370670294,0.76920630323,10.149431623
8.476608,1.14586165058,1.28066598449,10.8125419561,-0.866370670294,0.76920630323,10.149431623
8.478274,1.18122076732,1.28066598449,10.8853536583,-0.866370670294,0.76920630323,10.1040507478
8.47994,1.21657988406,1.35138421797,10.8853536583,-0.866370670294,0.814587178465,10.149431623
8.481606,1.11050253385,1.35138421797,10.9581653606,-0.866370670294,0.814587178465,10.149431623
8.483272,1.21657988406,1.31602510123,10.8853536583,-0.866370670294,0.76920630323,10.1040507478
8.484938,1.18122076732,1.31602510123,10.8125419561,-0.866370670294,0.76920630323,10.1040507478
8.486604,1.18122076732,1.28066598449,10.8489478072,-0.866370670294,0.76920630323,10.1040507478
8.48827,1.21657988406,1.35138421797,10.8853536583,-0.866370670294,0.814587178465,10.1040507478
8.489936,1.14586165058,1.42210245144,10.9922958461,-0.866370670294,0.76920630323,10.1040507478
8.491602,1.18122076732,1.35138421797,10.8853536583,-0.866370670294,0.814587178465,10.1040507478
8.493268,1.18122076732,1.35138421797,10.8489478072,-0.820225880627,0.859968053701,10.1040507478
8.494934,1.18122076732,1.31602510123,10.8125419561,-0.866370670294,0.76920630323,10.1040507478
8.4966,1.18122076732,1.35138421797,10.8853536583,-0.866370670294,0.76920630323,10.1040507478
8.498266,1.14586165058,1.28066598449,10.7761361049,-0.866370670294,0.814587178465,10.1040507478
8.499932,1.18122076732,1.35138421797,10.8489478072,-0.820225880627,0.814587178465,10.1040507478
8.501598,1.18122076732,1.35138421797,10.8853536583,-0.866370670294,0.814587178465,10.0586698725
8.503264,1.25193900079,1.3867433347,10.8125419561,-0.866370670294,0.814587178465,10.1040507478
8.50493,1.18122076732,1.35138421797,10.8853536583,-0.820225880627,0.814587178465,10.1040507478
8.506596,1.18122076732,1.31602510123,10.7761361049,-0.77408109096,0.905348928936,10.1948124982
8.508262,1.18122076732,1.35138421797,10.8125419561,-0.866370670294,0.814587178465,10.1040507478
8.509928,1.21657988406,1.3867433347,10.8489478072,-0.820225880627,0.814587178465,10.1040507478
8.511594,1.21657988406,1.45746156818,10.9217595095,-0.866370670294,0.76920630323,10.0586698725
8.51326,1.18122076732,1.35138421797,10.8853536583,-0.866370670294,0.814587178465,10.0586698725
8.514926,1.18122076732,1.28066598449,10.8125419561,-0.866370670294,0.814587178465,10.0586698725
8.516592,1.14586165058,1.31602510123,10.8125419561,-0.866370670294,0.814587178465,10.0586698725
8.518258,1.18122076732,1.31602510123,10.8853536583,-0.866370670294,0.814587178465,10.0586698725
8.519924,1.11050253385,1.45746156818,10.9581653606,-0.866370670294,0.814587178465,10.0586698725
8.52159,1.18122076732,1.35138421797,10.8853536583,-0.866370670294,0.814587178465,10.0586698725
8.523256,1.18122076732,1.31602510123,10.8125419561,-0.866370670294,0.814587178465,10.0586698725
8.524922,1.14586165058,1.28066598449,10.8125419561,-0.866370670294,0.814587178465,10.0586698725
8.526588,1.21657988406,1.31602510123,10.8853536583,-0.866370670294,0.814587178465,10.0586698725
8.528254,1.11050253385,1.28066598449,10.8489478072,-0.866370670294,0.814587178465,10.0586698725
8.52992,1.18122076732,1.31602510123,10.8853536583,-0.866370670294,0.814587178465,10.0586698725
8.531586,1.18122076732,1.31602510123,10.8125419561,-0.866370670294,0.814587178465,10.1040507478
8.533252,1.25193900079,1.35138421797,10.8489478072,-0.866370670294,0.859968053701,10.1040507478
8.534918,1.18122076732,1.35138421797,10.8489478072,-0.77408109096,0.905348928936,10.1948124982
8.536584,1.11050253385,1.28066598449,10.7761361049,-0.866370670294,0.814587178465,10.1040507478
8.53825,1.18122076732,1.31602510123,10.8853536583,-0.912515459961,0.814587178465,10.1040507478
8.539916,1.18122076732,1.31602510123,10.8489478072,-0.866370670294,0.814587178465,10.1040507478
8.541582,1.25193900079,1.35138421797,10.8853536583,-0.866370670294,0.814587178465,10.1040507478
8.543248,1.18122076732,1.31602510123,10.8853536583,-0.77408109096,0.905348928936,10.1948124982
8.544914,1.14586165058,1.20994775102,10.8125419561,-0.866370670294,0.814587178465,10.1040507478
8.54658,1.14586165058,1.31602510123,10.8489478072,-0.866370670294,0.814587178465,10.1040507478
8.548246,1.18122076732,1.31602510123,10.8853536583,-0.866370670294,0.76920630323,10.1040507478
8.549912,1.28729811753,1.35138421797,10.8853536583,-0.866370670294,0.814587178465,10.149431623
8.551578,1.18122076732,1.31602510123,10.8853536583,-0.866370670294,0.814587178465,10.149431623
8.553244,1.14586165058,1.24530686776,10.8125419561,-0.866370670294,0.76920630323,10.149431623
8.55491,1.18122076732,1.28066598449,10.8489478072,-0.866370670294,0.814587178465,10.149431623
8.556576,1.18122076732,1.31602510123,10.8853536583,-0.820225880627,0.814587178465,10.1948124982
8.558242,1.18122076732,1.42210245144,10.9581653606,-0.912515459961,0.723825427995,10.1040507478
8.559908,1.18122076732,1.31602510123,10.8853536583,-0.866370670294,0.76920630323,10.149431623
8.561574,1.14586165058,1.28066598449,10.8125419561,-0.866370670294,0.814587178465,10.149431623
8.56324,1.18122076732,1.31602510123,10.8853536583,-0.866370670294,0.76920630323,10.149431623
8.564906,1.18122076732,1.20994775102,10.8853536583,-0.866370670294,0.76920630323,10.1948124982
8.566572,1.14586165058,1.3867433347,10.9581653606,-0.866370670294,0.76920630323,10.149431623
8.568238,1.18122076732,1.31602510123,10.8853536583,-0.912515459961,0.723825427995,10.149431623
8.569904,1.18122076732,1.24530686776,10.8489478072,-0.866370670294,0.76920630323,10.149431623
8.57157,1.18122076732,1.28066598449,10.8489478072,-0.912515459961,0.76920630323,10.149431623
8.573236,1.18122076732,1.31602510123,10.9217595095,-0.866370670294,0.76920630323,10.149431623
8.574902,1.11050253385,1.17458863428,10.8125419561,-0.866370670294,0.76920630323,10.1948124982
8.576568,1.18122076732,1.28066598449,10.8853536583,-0.866370670294,0.723825427995,10.1948124982
8.578234,1.14586165058,1.28066598449,10.8853536583,-0.866370670294,0.723825427995,10.1948124982
8.5799,1.21657988406,1.24530686776,10.8853536583,-0.866370670294,0.76920630323,10.1948124982
8.581566,1.18122076732,1.31602510123,10.9217595095,-0.866370670294,0.76920630323,10.1948124982
8.583232,1.11050253385,1.24530686776,10.8489478072,-0.77408109096,0.814587178465,10.2855742487
8.584898,1.18122076732,1.20994775102,10.8853536583,-0.912515459961,0.723825427995,10.149431623
8.586564,1.18122076732,1.28066598449,10.8853536583,-0.866370670294,0.76920630323,10.1948124982
8.58823,1.18122076732,1.3867433347,10.9922958461,-0.912515459961,0.723825427995,10.1948124982
8.589896,1.14586165058,1.31602510123,10.9217595095,-0.77408109096,0.859968053701,10.2855742487
8.591562,1.14586165058,1.28066598449,10.8853536583,-0.912515459961,0.723825427995,10.1948124982
8.593228,1.14586165058,1.28066598449,10.8853536583,-0.912515459961,0.76920630323,10.1948124982
8.594894,1.18122076732,1.20994775102,10.8853536583,-0.912515459961,0.723825427995,10.1948124982
8.59656,1.21657988406,1.3867433347,10.9581653606,-0.958660249627,0.723825427995,10.149431623
8.598226,1.14586165058,1.24530686776,10.9217595095,-0.912515459961,0.723825427995,10.1948124982
8.599892,1.11050253385,1.20994775102,10.8853536583,-0.912515459961,0.723825427995,10.149431623
8.601558,1.07514341711,1.17458863428,10.8853536583,-0.912515459961,0.723825427995,10.1948124982
8.603224,1.11050253385,1.17458863428,10.9217595095,-0.958660249627,0.723825427995,10.149431623
8.60489,1.07514341711,1.28066598449,11.0287016972,-0.958660249627,0.723825427995,10.149431623
8.606556,1.11050253385,1.31602510123,10.9217595095,-0.866370670294,0.814587178465,10.2401933735
8.608222,1.11050253385,1.28066598449,10.8853536583,-1.00480503929,0.723825427995,10.149431623
8.609888,1.07514341711,1.20994775102,10.8853536583,-1.00480503929,0.723825427995,10.149431623
8.611554,1.11050253385,1.35138421797,10.9217595095,-0.958660249627,0.723825427995,10.149431623
8.61322,1.07514341711,1.13922951755,10.8125419561,-0.958660249627,0.723825427995,10.149431623
8.614886,1.07514341711,1.20994775102,10.9217595095,-0.958660249627,0.723825427995,10.149431623
8.616552,1.07514341711,1.24530686776,10.8853536583,-1.00480503929,0.723825427995,10.1040507478
8.618218,1.14586165058,1.35138421797,10.9217595095,-1.00480503929,0.723825427995,10.1040507478
8.619884,1.07514341711,1.24530686776,10.9217595095,-1.00480503929,0.723825427995,10.1040507478
8.62155,1.07514341711,1.28066598449,10.8853536583,-1.00480503929,0.76920630323,10.1040507478
8.623216,1.07514341711,1.31602510123,10.9217595095,-0.958660249627,0.723825427995,10.1040507478
8.624882,1.07514341711,1.31602510123,10.9217595095,-1.00480503929,0.76920630323,10.1040507478
8.626548,1.03978430037,1.3867433347,11.0287016972,-1.00480503929,0.76920630323,10.0586698725
8.628214,1.07514341711,1.28066598449,10.9217595095,-0.958660249627,0.814587178465,10.149431623
8.62988,1.07514341711,1.20994775102,10.8853536583,-1.00480503929,0.76920630323,10.1040507478
8.631546,1.00442518364,1.17458863428,10.8853536583,-1.00480503929,0.76920630323,10.0586698725
8.633212,1.07514341711,1.31602510123,10.8853536583,-0.958660249627,0.814587178465,10.149431623
8.634878,1.14586165058,1.45746156818,10.9217595095,-1.00480503929,0.723825427995,10.0586698725
8.636544,1.07514341711,1.31602510123,10.9217595095,-1.05094982896,0.723825427995,10.0586698725
8.63821,1.03978430037,1.28066598449,10.8853536583,-0.912515459961,0.859968053701,10.149431623
8.639876,1.03978430037,1.20994775102,10.8489478072,-1.00480503929,0.76920630323,10.0586698725
8.641542,1.07514341711,1.35138421797,10.8853536583,-1.00480503929,0.76920630323,10.0586698725
8.643208,1.11050253385,1.45746156818,10.9217595095,-1.00480503929,0.76920630323,10.0586698725
8.644874,1.07514341711,1.28066598449,10.8853536583,-1.00480503929,0.76920630323,10.0586698725
8.64654,1.07514341711,1.20994775102,10.8489478072,-1.00480503929,0.76920630323,10.0586698725
8.648206,1.03978430037,1.20994775102,10.8853536583,-1.00480503929,0.76920630323,10.0586698725
8.649872,1.07514341711,1.28066598449,10.8853536583,-0.912515459961,0.905348928936,10.149431623
8.651538,1.00442518364,1.31602510123,10.7761361049,-1.05094982896,0.76920630323,10.0132889973
8.653204,1.07514341711,1.35138421797,10.8853536583,-1.00480503929,0.76920630323,10.0586698725
8.65487,1.03978430037,1.28066598449,10.8853536583,-0.958660249627,0.859968053701,10.1040507478
8.656536,1.11050253385,1.35138421797,10.8853536583,-1.00480503929,0.76920630323,10.0586698725
8.658202,1.07514341711,1.3867433347,10.8853536583,-1.00480503929,0.76920630323,10.0132889973
8.659868,1.03978430037,1.20994775102,10.8125419561,-1.00480503929,0.814587178465,10.0586698725
8.661534,1.03978430037,1.35138421797,10.8489478072,-0.912515459961,0.905348928936,10.149431623
8.6632,1.07514341711,1.31602510123,10.8853536583,-1.00480503929,0.76920630323,10.0132889973
8.664866,1.14586165058,1.35138421797,10.9217595095,-1.00480503929,0.814587178465,10.0586698725
8.666532,1.07514341711,1.3867433347,10.8853536583,-1.00480503929,0.76920630323,10.0586698725
8.668198,1.03978430037,1.24530686776,10.8125419561,-1.00480503929,0.76920630323,10.0586698725
8.669864,1.03978430037,1.28066598449,10.8125419561,-1.05094982896,0.76920630323,10.0132889973
8.67153,1.07514341711,1.28066598449,10.8853536583,-1.00480503929,0.76920630323,10.0586698725
8.673196,1.00442518364,1.31602510123,10.9217595095,-1.00480503929,0.76920630323,10.0132889973
8.674862,1.07514341711,1.31602510123,10.8489478072,-1.00480503929,0.76920630323,10.0586698725
8.676528,1.07514341711,1.28066598449,10.8125419561,-1.00480503929,0.76920630323,10.0586698725
8.678194,1.03978430037,1.28066598449,10.8125419561,-1.00480503929,0.76920630323,10.0586698725
8.67986,1.11050253385,1.24530686776,10.8853536583,-0.958660249627,0.76920630323,10.1040507478
8.681526,1.00442518364,1.20994775102,10.8489478072,-1.00480503929,0.76920630323,10.0586698725
8.683192,1.07514341711,1.35138421797,10.8489478072,-0.958660249627,0.76920630323,10.1040507478
8.684858,1.07514341711,1.28066598449,10.8489478072,-0.958660249627,0.814587178465,10.1040507478
8.686524,1.07514341711,1.28066598449,10.8125419561,-1.00480503929,0.76920630323,10.1040507478
8.68819,1.07514341711,1.28066598449,10.8853536583,-0.958660249627,0.76920630323,10.0586698725
8.689856,1.03978430037,1.20994775102,10.7761361049,-0.958660249627,0.814587178465,10.1040507478
8.691522,1.11050253385,1.28066598449,10.8853536583,-0.958660249627,0.76920630323,10.1040507478
8.693188,1.07514341711,1.28066598449,10.8489478072,-1.00480503929,0.76920630323,10.1040507478
8.694854,1.18122076732,1.31602510123,10.8489478072,-0.958660249627,0.76920630323,10.1040507478
8.69652,1.11050253385,1.31602510123,10.8853536583,-0.958660249627,0.76920630323,10.1040507478
8.698186,1.07514341711,1.20994775102,10.8125419561,-0.912515459961,0.814587178465,10.149431623
8.699852,1.07514341711,1.20994775102,10.8853536583,-0.958660249627,0.76920630323,10.149431623
8.701518,1.11050253385,1.24530686776,10.8853536583,-0.958660249627,0.76920630323,10.1040507478
8.703184,1.03978430037,1.28066598449,10.9922958461,-0.958660249627,0.76920630323,10.1040507478
8.70485,1.11050253385,1.28066598449,10.8853536583,-0.958660249627,0.76920630323,10.149431623
8.706516,1.07514341711,1.20994775102,10.8853536583,-1.00480503929,0.76920630323,10.1040507478
8.708182,1.11050253385,1.20994775102,10.8489478072,-0.958660249627,0.76920630323,10.1040507478
8.709848,1.11050253385,1.28066598449,10.8853536583,-0.958660249627,0.76920630323,10.1040507478
8.711514,1.07514341711,1.20994775102,10.8489478072,-0.958660249627,0.76920630323,10.1040507478
8.71318,1.07514341711,1.24530686776,10.8853536583,-0.958660249627,0.76920630323,10.149431623
8.714846,1.11050253385,1.24530686776,10.8853536583,-0.866370670294,0.859968053701,10.1948124982
8.716512,1.14586165058,1.31602510123,10.8853536583,-0.912515459961,0.76920630323,10.149431623
8.718178,1.18122076732,1.24530686776,10.8853536583,-0.912515459961,0.76920630323,10.149431623
8.719844,1.07514341711,1.17458863428,10.8489478072,-0.912515459961,0.76920630323,10.149431623
8.72151,1.11050253385,1.20994775102,10.8853536583,-0.912515459961,0.76920630323,10.149431623
8.723176,1.11050253385,1.20994775102,10.9217595095,-0.958660249627,0.76920630323,10.149431623
8.724842,1.07514341711,1.31602510123,11.0287016972,-0.958660249627,0.76920630323,10.149431623
8.726508,1.14586165058,1.20994775102,10.9217595095,-0.912515459961,0.76920630323,10.149431623
8.728174,1.07514341711,1.20994775102,10.8853536583,-0.912515459961,0.814587178465,10.1948124982
8.72984,1.11050253385,1.20994775102,10.8853536583,-0.912515459961,0.814587178465,10.1948124982
8.731506,1.11050253385,1.20994775102,10.9217595095,-0.958660249627,0.723825427995,10.1040507478
8.733172,1.07514341711,1.13922951755,11.0287016972,-0.958660249627,0.76920630323,10.149431623
8.734838,1.14586165058,1.20994775102,10.9581653606,-0.912515459961,0.76920630323,10.149431623
8.736504,1.14586165058,1.20994775102,10.9217595095,-0.912515459961,0.76920630323,10.149431623
8.73817,1.18122076732,1.17458863428,10.8853536583,-0.912515459961,0.76920630323,10.149431623
8.739836,1.18122076732,1.20994775102,10.9217595095,-0.912515459961,0.76920630323,10.149431623
8.741502,1.11050253385,1.20994775102,10.8853536583,-0.820225880627,0.905348928936,10.2855742487
8.743168,1.11050253385,1.20994775102,10.9581653606,-0.912515459961,0.76920630323,10.1948124982
8.744834,1.18122076732,1.20994775102,10.9217595095,-0.912515459961,0.76920630323,10.149431623
8.7465,1.21657988406,1.28066598449,10.9581653606,-0.912515459961,0.76920630323,10.149431623
8.748166,1.18122076732,1.31602510123,10.9581653606,-0.912515459961,0.76920630323,10.149431623
8.749832,1.14586165058,1.24530686776,10.8853536583,-0.866370670294,0.814587178465,10.1948124982
8.751498,1.11050253385,1.24530686776,10.9217595095,-0.866370670294,0.814587178465,10.1948124982
8.753164,1.18122076732,1.28066598449,10.9922958461,-0.866370670294,0.814587178465,10.1948124982
8.75483,1.11050253385,1.20994775102,10.8853536583,-0.912515459961,0.76920630323,10.1948124982
8.756496,1.18122076732,1.24530686776,10.9581653606,-0.912515459961,0.723825427995,10.1948124982
8.758162,1.14586165058,1.20994775102,10.8853536583,-0.866370670294,0.76920630323,10.1948124982
8.759828,1.14586165058,1.20994775102,10.8853536583,-0.912515459961,0.76920630323,10.149431623
8.761494,1.18122076732,1.24530686776,10.9217595095,-0.912515459961,0.76920630323,10.149431623
8.76316,1.07514341711,1.35138421797,11.0287016972,-0.912515459961,0.76920630323,10.149431623
8.764826,1.18122076732,1.28066598449,10.9217595095,-0.866370670294,0.723825427995,10.149431623
8.766492,1.18122076732,1.28066598449,10.8489478072,-0.77408109096,0.859968053701,10.2401933735
8.768158,1.18122076732,1.28066598449,10.8853536583,-0.866370670294,0.76920630323,10.1948124982
8.769824,1.18122076732,1.28066598449,10.8853536583,-0.912515459961,0.76920630323,10.149431623
8.77149,1.14586165058,1.20994775102,10.8125419561,-0.866370670294,0.76920630323,10.149431623
8.773156,1.18122076732,1.31602510123,10.8853536583,-0.866370670294,0.76920630323,10.149431623
8.774822,1.18122076732,1.20994775102,10.8853536583,-0.866370670294,0.76920630323,10.149431623
8.776488,1.21657988406,1.31602510123,10.8853536583,-0.866370670294,0.723825427995,10.149431623
8.778154,1.18122076732,1.31602510123,10.8853536583,-0.866370670294,0.76920630323,10.149431623
8.77982,1.14586165058,1.20994775102,10.8125419561,-0.77408109096,0.859968053701,10.2401933735
8.781486,1.18122076732,1.31602510123,10.8853536583,-0.866370670294,0.76920630323,10.1040507478
8.783152,1.21657988406,1.28066598449,10.8853536583,-0.866370670294,0.723825427995,10.149431623
8.784818,1.21657988406,1.20994775102,10.8489478072,-0.866370670294,0.723825427995,10.1040507478
8.786484,1.21657988406,1.31602510123,10.8853536583,-0.866370670294,0.76920630323,10.149431623
8.78815,1.14586165058,1.20994775102,10.7761361049,-0.866370670294,0.723825427995,10.1040507478
8.789816,1.18122076732,1.24530686776,10.8125419561,-0.866370670294,0.76920630323,10.1040507478
8.791482,1.18122076732,1.31602510123,10.8489478072,-0.866370670294,0.723825427995,10.1040507478
8.793148,1.28729811753,1.35138421797,10.8853536583,-0.866370670294,0.76920630323,10.149431623
8.794814,1.18122076732,1.28066598449,10.8489478072,-0.866370670294,0.723825427995,10.1040507478
8.79648,1.14586165058,1.28066598449,10.7761361049,-0.820225880627,0.814587178465,10.1948124982
8.798146,1.18122076732,1.28066598449,10.8125419561,-0.866370670294,0.76920630323,10.149431623
8.799812,1.21657988406,1.28066598449,10.8489478072,-0.912515459961,0.76920630323,10.1040507478
8.801478,1.21657988406,1.42210245144,10.9217595095,-0.866370670294,0.76920630323,10.1040507478
8.803144,1.18122076732,1.31602510123,10.8489478072,-0.866370670294,0.76920630323,10.1040507478
8.80481,1.18122076732,1.24530686776,10.8125419561,-0.866370670294,0.76920630323,10.1040507478
8.806476,1.18122076732,1.31602510123,10.8125419561,-0.866370670294,0.76920630323,10.0586698725
8.808142,1.18122076732,1.31602510123,10.8125419561,-0.866370670294,0.76920630323,10.1040507478
8.809808,1.25193900079,1.35138421797,10.8489478072,-0.866370670294,0.76920630323,10.0586698725
8.811474,1.21657988406,1.31602510123,10.8489478072,-0.912515459961,0.76920630323,10.0586698725
8.81314,1.14586165058,1.28066598449,10.7761361049,-0.866370670294,0.76920630323,10.0586698725
8.814806,1.18122076732,1.28066598449,10.7761361049,-0.77408109096,0.859968053701,10.149431623
8.816472,1.18122076732,1.31602510123,10.8489478072,-0.912515459961,0.76920630323,10.0586698725
8.818138,1.18122076732,1.45746156818,10.9217595095,-0.866370670294,0.76920630323,10.0586698725
8.819804,1.18122076732,1.31602510123,10.8489478072,-0.866370670294,0.814587178465,10.0586698725
8.82147,1.14586165058,1.28066598449,10.8125419561,-0.912515459961,0.76920630323,10.0586698725
8.823136,1.11050253385,1.31602510123,10.8125419561,-0.912515459961,0.76920630323,10.0586698725
8.824802,1.18122076732,1.28066598449,10.8489478072,-0.866370670294,0.76920630323,10.0586698725
8.826468,1.07514341711,1.3867433347,10.9581653606,-0.912515459961,0.76920630323,10.0586698725
8.828134,1.14586165058,1.35138421797,10.8853536583,-0.912515459961,0.76920630323,10.0132889973
8.8298,1.14586165058,1.28066598449,10.8125419561,-0.866370670294,0.814587178465,10.0586698725
8.831466,1.11050253385,1.31602510123,10.8489478072,-0.866370670294,0.814587178465,10.0586698725
8.833132,1.18122076732,1.35138421797,10.8853536583,-0.912515459961,0.76920630323,10.0586698725
8.834798,1.11050253385,1.20994775102,10.8125419561,-0.912515459961,0.76920630323,10.0586698725
8.836464,1.18122076732,1.31602510123,10.8853536583,-0.866370670294,0.814587178465,10.0586698725
8.83813,1.11050253385,1.28066598449,10.8125419561,-0.866370670294,0.76920630323,10.0586698725
8.839796,1.18122076732,1.28066598449,10.8489478072,-0.820225880627,0.859968053701,10.1040507478
8.841462,1.14586165058,1.35138421797,10.8853536583,-0.912515459961,0.76920630323,10.0132889973
8.843128,1.07514341711,1.28066598449,10.7761361049,-0.912515459961,0.76920630323,10.0586698725
8.844794,1.18122076732,1.28066598449,10.8853536583,-0.912515459961,0.76920630323,10.0586698725
8.84646,1.14586165058,1.31602510123,10.8853536583,-0.912515459961,0.76920630323,10.0586698725
8.848126,1.18122076732,1.31602510123,10.8489478072,-0.912515459961,0.76920630323,10.0586698725
8.849792,1.18122076732,1.31602510123,10.9217595095,-0.912515459961,0.76920630323,10.0586698725
8.851458,1.11050253385,1.28066598449,10.8125419561,-0.820225880627,0.859968053701,10.1040507478
8.853124,1.14586165058,1.31602510123,10.8489478072,-0.912515459961,0.76920630323,10.0132889973
8.85479,1.18122076732,1.28066598449,10.9217595095,-0.912515459961,0.814587178465,10.0586698725
8.856456,1.28729811753,1.3867433347,10.8853536583,-0.820225880627,0.859968053701,10.1040507478
8.858122,1.18122076732,1.35138421797,10.9217595095,-0.912515459961,0.76920630323,10.0586698725
8.859788,1.18122076732,1.28066598449,10.8489478072,-0.866370670294,0.814587178465,10.0586698725
8.861454,1.18122076732,1.31602510123,10.9217595095,-0.866370670294,0.76920630323,10.1040507478
8.86312,1.18122076732,1.35138421797,10.9217595095,-0.820225880627,0.905348928936,10.149431623
8.864786,1.18122076732,1.42210245144,10.9922958461,-0.866370670294,0.76920630323,10.1040507478
8.866452,1.18122076732,1.35138421797,10.9217595095,-0.866370670294,0.76920630323,10.1040507478
8.868118,1.18122076732,1.31602510123,10.8853536583,-0.866370670294,0.76920630323,10.0586698725
8.869784,1.18122076732,1.28066598449,10.8853536583,-0.866370670294,0.814587178465,10.149431623
8.87145,1.18122076732,1.35138421797,10.9217595095,-0.866370670294,0.76920630323,10.1040507478
8.873116,1.11050253385,1.28066598449,10.9581653606,-0.866370670294,0.76920630323,10.1040507478
8.874782,1.18122076732,1.31602510123,10.9217595095,-0.866370670294,0.76920630323,10.149431623
8.876448,1.18122076732,1.31602510123,10.9217595095,-0.866370670294,0.76920630323,10.149431623
8.878114,1.21657988406,1.28066598449,10.8853536583,-0.820225880627,0.814587178465,10.149431623
8.87978,1.21657988406,1.31602510123,10.9217595095,-0.866370670294,0.76920630323,10.1040507478
8.881446,1.18122076732,1.28066598449,10.8853536583,-0.866370670294,0.76920630323,10.149431623
8.883112,1.18122076732,1.31602510123,10.9217595095,-0.866370670294,0.76920630323,10.149431623
8.884778,1.21657988406,1.31602510123,10.9217595095,-0.866370670294,0.723825427995,10.149431623
8.886444,1.32265723427,1.35138421797,10.9217595095,-0.820225880627,0.76920630323,10.149431623
8.88811,1.25193900079,1.35138421797,10.9581653606,-0.820225880627,0.76920630323,10.149431623
8.889776,1.18122076732,1.28066598449,10.8853536583,-0.820225880627,0.76920630323,10.149431623
8.891442,1.18122076732,1.31602510123,10.8853536583,-0.820225880627,0.76920630323,10.1948124982
8.893108,1.25193900079,1.31602510123,10.9217595095,-0.77408109096,0.76920630323,10.1948124982
8.894774,1.28729811753,1.42210245144,11.0287016972,-0.77408109096,0.814587178465,10.1948124982
8.89644,1.25193900079,1.31602510123,10.9217595095,-0.77408109096,0.814587178465,10.1948124982
8.898106,1.21657988406,1.28066598449,10.8853536583,-0.77408109096,0.76920630323,10.1948124982
8.899772,1.25193900079,1.20994775102,10.9217595095,-0.820225880627,0.76920630323,10.1948124982
8.901438,1.21657988406,1.31602510123,10.9217595095,-0.77408109096,0.723825427995,10.1948124982
8.903104,1.18122076732,1.3867433347,11.0651075483,-0.820225880627,0.76920630323,10.1948124982
8.90477,1.25193900079,1.31602510123,10.9217595095,-0.77408109096,0.814587178465,10.1948124982
8.906436,1.25193900079,1.28066598449,10.8853536583,-0.820225880627,0.76920630323,10.149431623
8.908102,1.21657988406,1.28066598449,10.8853536583,-0.77408109096,0.76920630323,10.1948124982
8.909768,1.28729811753,1.31602510123,10.9217595095,-0.77408109096,0.76920630323,10.1948124982
8.911434,1.21657988406,1.20994775102,10.9922958461,-0.77408109096,0.76920630323,10.1948124982
8.9131,1.28729811753,1.31602510123,10.9581653606,-0.727936301293,0.859968053701,10.2855742487
8.914766,1.28729811753,1.28066598449,10.8853536583,-0.77408109096,0.76920630323,10.1948124982
8.916432,1.28729811753,1.28066598449,10.8853536583,-0.77408109096,0.76920630323,10.1948124982
8.918098,1.32265723427,1.28066598449,10.9217595095,-0.77408109096,0.76920630323,10.1948124982
8.919764,1.21657988406,1.20994775102,10.8489478072,-0.77408109096,0.76920630323,10.1948124982
8.92143,1.28729811753,1.28066598449,10.8853536583,-0.77408109096,0.76920630323,10.1948124982
8.923096,1.32265723427,1.20994775102,10.9217595095,-0.77408109096,0.76920630323,10.1948124982
8.924762,1.35801635101,1.31602510123,10.8853536583,-0.77408109096,0.814587178465,10.149431623
8.926428,1.32265723427,1.31602510123,10.9217595095,-0.681791511626,0.905348928936,10.2401933735
8.928094,1.25193900079,1.28066598449,10.8853536583,-0.77408109096,0.76920630323,10.149431623
8.92976,1.25193900079,1.28066598449,10.8853536583,-0.77408109096,0.76920630323,10.149431623
8.931426,1.32265723427,1.31602510123,10.9217595095,-0.77408109096,0.76920630323,10.149431623
8.933092,1.21657988406,1.35138421797,11.0287016972,-0.77408109096,0.814587178465,10.149431623
8.934758,1.32265723427,1.31602510123,10.9217595095,-0.77408109096,0.814587178465,10.149431623
8.936424,1.28729811753,1.28066598449,10.8489478072,-0.77408109096,0.814587178465,10.149431623
8.93809,1.28729811753,1.28066598449,10.8853536583,-0.77408109096,0.814587178465,10.149431623
8.939756,1.32265723427,1.31602510123,10.8853536583,-0.77408109096,0.814587178465,10.149431623
8.941422,1.21657988406,1.20994775102,10.8125419561,-0.681791511626,0.905348928936,10.2401933735
8.943088,1.28729811753,1.28066598449,10.8853536583,-0.77408109096,0.76920630323,10.149431623
8.944754,1.25193900079,1.31602510123,10.8853536583,-0.77408109096,0.814587178465,10.1040507478
8.94642,1.32265723427,1.31602510123,10.8853536583,-0.727936301293,0.859968053701,10.1948124982
8.948086,1.32265723427,1.31602510123,10.8853536583,-0.77408109096,0.814587178465,10.1040507478
8.949752,1.25193900079,1.24530686776,10.8125419561,-0.77408109096,0.814587178465,10.1040507478
8.951418,1.28729811753,1.28066598449,10.8853536583,-0.727936301293,0.905348928936,10.149431623
8.953084,1.32265723427,1.28066598449,10.8853536583,-0.681791511626,0.905348928936,10.1948124982
8.95475,1.39337546774,1.3867433347,10.9217595095,-0.77408109096,0.76920630323,10.1040507478
8.956416,1.28729811753,1.31602510123,10.8853536583,-0.77408109096,0.814587178465,10.1040507478
8.958082,1.25193900079,1.20994775102,10.7761361049,-0.727936301293,0.814587178465,10.1040507478
8.959748,1.25193900079,1.31602510123,10.8489478072,-0.635646721959,0.950729804172,10.1948124982
8.961414,1.28729811753,1.31602510123,10.8489478072,-0.77408109096,0.814587178465,10.0586698725
8.96308,1.35801635101,1.35138421797,10.8489478072,-0.77408109096,0.76920630323,10.1040507478
8.964746,1.32265723427,1.28066598449,10.8853536583,-0.77408109096,0.814587178465,10.1040507478
8.966412,1.28729811753,1.28066598449,10.7761361049,-0.77408109096,0.814587178465,10.0586698725
8.968078,1.28729811753,1.28066598449,10.8489478072,-0.77408109096,0.814587178465,10.0586698725
8.969744,1.32265723427,1.31602510123,10.8489478072,-0.681791511626,0.905348928936,10.149431623
8.97141,1.39337546774,1.35138421797,10.8125419561,-0.77408109096,0.814587178465,10.0586698725
8.973076,1.32265723427,1.28066598449,10.8853536583,-0.77408109096,0.76920630323,10.0586698725
8.974742,1.25193900079,1.20994775102,10.7397302538,-0.727936301293,0.76920630323,10.0586698725
8.976408,1.28729811753,1.28066598449,10.8125419561,-0.77408109096,0.814587178465,10.0586698725
8.978074,1.28729811753,1.28066598449,10.8125419561,-0.77408109096,0.76920630323,10.1040507478
8.97974,1.21657988406,1.28066598449,10.8853536583,-0.681791511626,0.859968053701,10.149431623
8.981406,1.28729811753,1.28066598449,10.8125419561,-0.820225880627,0.723825427995,10.0586698725
8.983072,1.28729811753,1.20994775102,10.7761361049,-0.77408109096,0.76920630323,10.0586698725
8.984738,1.28729811753,1.24530686776,10.7761361049,-0.77408109096,0.76920630323,10.0586698725
8.986404,1.32265723427,1.28066598449,10.8125419561,-0.727936301293,0.76920630323,10.1040507478
8.98807,1.21657988406,1.20994775102,10.7397302538,-0.77408109096,0.76920630323,10.0586698725
8.989736,1.28729811753,1.31602510123,10.7761361049,-0.77408109096,0.76920630323,10.0586698725
8.991402,1.28729811753,1.28066598449,10.7761361049,-0.77408109096,0.814587178465,10.0586698725
8.993068,1.32265723427,1.28066598449,10.7761361049,-0.77408109096,0.814587178465,10.1040507478
8.994734,1.32265723427,1.31602510123,10.8125419561,-0.681791511626,0.859968053701,10.149431623
8.9964,1.21657988406,1.24530686776,10.7397302538,-0.77408109096,0.76920630323,10.0586698725
8.998066,1.25193900079,1.28066598449,10.7761361049,-0.77408109096,0.76920630323,10.1040507478
8.999732,1.28729811753,1.28066598449,10.7761361049,-0.77408109096,0.76920630323,10.0586698725
9.001398,1.35801635101,1.35138421797,10.8125419561,-0.727936301293,0.814587178465,10.149431623
9.003064,1.28729811753,1.31602510123,10.8489478072,-0.77408109096,0.76920630323,10.0586698725
9.00473,1.21657988406,1.24530686776,10.7397302538,-0.77408109096,0.76920630323,10.0586698725
9.006396,1.25193900079,1.28066598449,10.7761361049,-0.77408109096,0.76920630323,10.0586698725
9.008062,1.28729811753,1.31602510123,10.8125419561,-0.77408109096,0.814587178465,10.1040507478
9.009728,1.25193900079,1.35138421797,10.9217595095,-0.77408109096,0.76920630323,10.1040507478
9.011394,1.28729811753,1.31602510123,10.8125419561,-0.77408109096,0.76920630323,10.1040507478
9.01306,1.21657988406,1.28066598449,10.7761361049,-0.820225880627,0.76920630323,10.0586698725
9.014726,1.21657988406,1.24530686776,10.8125419561,-0.820225880627,0.76920630323,10.0586698725
9.016392,1.25193900079,1.31602510123,10.8489478072,-0.77408109096,0.814587178465,10.149431623
9.018058,1.21657988406,1.20994775102,10.8125419561,-0.820225880627,0.723825427995,10.1040507478
9.019724,1.28729811753,1.28066598449,10.8853536583,-0.77408109096,0.76920630323,10.1040507478
9.02139,1.25193900079,1.28066598449,10.8125419561,-0.820225880627,0.76920630323,10.1040507478
9.023056,1.21657988406,1.24530686776,10.8853536583,-0.820225880627,0.76920630323,10.1040507478
9.024722,1.25193900079,1.28066598449,10.8853536583,-0.820225880627,0.76920630323,10.1040507478
9.026388,1.18122076732,1.17458863428,10.7761361049,-0.820225880627,0.723825427995,10.1040507478
9.028054,1.21657988406,1.24530686776,10.8853536583,-0.820225880627,0.723825427995,10.1040507478
9.02972,1.21657988406,1.24530686776,10.8853536583,-0.820225880627,0.723825427995,10.1040507478
9.031386,1.21657988406,1.28066598449,10.8489478072,-0.820225880627,0.76920630323,10.1040507478
9.033052,1.25193900079,1.28066598449,10.9217595095,-0.820225880627,0.76920630323,10.1040507478
9.034718,1.18122076732,1.20994775102,10.8125419561,-0.866370670294,0.723825427995,10.1040507478
9.036384,1.25193900079,1.28066598449,10.9217595095,-0.820225880627,0.76920630323,10.1040507478
9.03805,1.18122076732,1.24530686776,10.8853536583,-0.77408109096,0.814587178465,10.1948124982
9.039716,1.32265723427,1.31602510123,10.9217595095,-0.77408109096,0.859968053701,10.1948124982
9.041382,1.21657988406,1.28066598449,10.9217595095,-0.820225880627,0.814587178465,10.149431623
9.043048,1.14586165058,1.20994775102,10.8489478072,-0.820225880627,0.76920630323,10.149431623
9.044714,1.18122076732,1.28066598449,10.9217595095,-0.77408109096,0.814587178465,10.1948124982
9.04638,1.21657988406,1.28066598449,10.9217595095,-0.77408109096,0.814587178465,10.1948124982
9.048046,1.28729811753,1.35138421797,10.9217595095,-0.866370670294,0.76920630323,10.1040507478
9.049712,1.18122076732,1.31602510123,10.9581653606,-0.866370670294,0.76920630323,10.149431623
9.051378,1.11050253385,1.28066598449,10.8853536583,-0.866370670294,0.76920630323,10.1040507478
9.053044,1.18122076732,1.31602510123,10.9217595095,-0.866370670294,0.76920630323,10.1040507478
9.05471,1.18122076732,1.28066598449,10.9217595095,-0.77408109096,0.814587178465,10.1948124982
9.056376,1.25193900079,1.35138421797,10.9581653606,-0.866370670294,0.76920630323,10.149431623
9.058042,1.18122076732,1.35138421797,10.9922958461,-0.866370670294,0.678444552759,10.1040507478
9.059708,1.18122076732,1.28066598449,10.9217595095,-0.912515459961,0.723825427995,10.1040507478
9.061374,1.18122076732,1.28066598449,10.9581653606,-0.912515459961,0.723825427995,10.1040507478
9.06304,1.18122076732,1.31602510123,10.9217595095,-0.866370670294,0.76920630323,10.149431623
9.064706,1.28729811753,1.3867433347,11.0287016972,-0.866370670294,0.723825427995,10.1040507478
9.066372,1.18122076732,1.28066598449,10.9581653606,-0.866370670294,0.723825427995,10.149431623
9.068038,1.14586165058,1.24530686776,10.8853536583,-0.866370670294,0.76920630323,10.149431623
9.069704,1.14586165058,1.28066598449,10.9581653606,-0.866370670294,0.76920630323,10.1040507478
9.07137,1.18122076732,1.28066598449,10.9581653606,-0.866370670294,0.723825427995,10.149431623
9.073036,1.25193900079,1.35138421797,10.9922958461,-0.912515459961,0.723825427995,10.1040507478
9.074702,1.18122076732,1.31602510123,10.9581653606,-0.912515459961,0.76920630323,10.1040507478
9.076368,1.18122076732,1.28066598449,10.8853536583,-0.866370670294,0.76920630323,10.149431623
9.078034,1.14586165058,1.28066598449,10.9217595095,-0.866370670294,0.76920630323,10.149431623
9.0797,1.18122076732,1.31602510123,10.9581653606,-0.866370670294,0.76920630323,10.149431623
9.081366,1.07514341711,1.35138421797,11.0287016972,-0.866370670294,0.76920630323,10.149431623
9.083032,1.18122076732,1.28066598449,10.9217595095,-0.866370670294,0.76920630323,10.149431623
9.084698,1.18122076732,1.31602510123,10.8853536583,-0.912515459961,0.723825427995,10.1040507478
9.086364,1.18122076732,1.28066598449,10.8853536583,-0.866370670294,0.76920630323,10.149431623
9.08803,1.21657988406,1.31602510123,10.9217595095,-0.866370670294,0.76920630323,10.149431623
9.089696,1.18122076732,1.24530686776,10.8489478072,-0.866370670294,0.76920630323,10.149431623
9.091362,1.18122076732,1.35138421797,10.9217595095,-0.866370670294,0.76920630323,10.149431623
9.093028,1.18122076732,1.31602510123,10.8853536583,-0.866370670294,0.76920630323,10.149431623
9.094694,1.25193900079,1.31602510123,10.8853536583,-0.866370670294,0.76920630323,10.1040507478
9.09636,1.18122076732,1.31602510123,10.8853536583,-0.866370670294,0.814587178465,10.149431623
9.098026,1.14586165058,1.20994775102,10.8489478072,-0.866370670294,0.76920630323,10.149431623
9.099692,1.18122076732,1.31602510123,10.9217595095,-0.866370670294,0.76920630323,10.149431623
9.101358,1.18122076732,1.35138421797,10.8853536583,-0.912515459961,0.76920630323,10.1040507478
9.103024,1.21657988406,1.35138421797,10.8489478072,-0.866370670294,0.814587178465,10.149431623
9.10469,1.18122076732,1.35138421797,10.9217595095,-0.820225880627,0.814587178465,10.149431623
9.106356,1.18122076732,1.28066598449,10.8489478072,-0.866370670294,0.76920630323,10.149431623
9.108022,1.18122076732,1.35138421797,10.8853536583,-0.866370670294,0.814587178465,10.149431623
9.109688,1.21657988406,1.35138421797,10.8853536583,-0.866370670294,0.76920630323,10.1040507478
9.111354,1.28729811753,1.45746156818,10.8853536583,-0.820225880627,0.814587178465,10.149431623
9.11302,1.21657988406,1.35138421797,10.8853536583,-0.866370670294,0.76920630323,10.1040507478
9.114686,1.14586165058,1.31602510123,10.8125419561,-0.866370670294,0.814587178465,10.149431623
9.116352,1.18122076732,1.35138421797,10.8125419561,-0.866370670294,0.814587178465,10.1040507478
9.118018,1.18122076732,1.35138421797,10.8853536583,-0.866370670294,0.814587178465,10.1040507478
9.119684,1.21657988406,1.45746156818,10.9217595095,-0.820225880627,0.814587178465,10.1040507478
9.12135,1.21657988406,1.35138421797,10.8853536583,-0.820225880627,0.859968053701,10.149431623
9.123016,1.18122076732,1.31602510123,10.8125419561,-0.866370670294,0.814587178465,10.1040507478
9.124682,1.18122076732,1.28066598449,10.8489478072,-0.866370670294,0.814587178465,10.149431623
9.126348,1.21657988406,1.35138421797,10.8853536583,-0.866370670294,0.814587178465,10.1040507478
9.128014,1.11050253385,1.31602510123,10.8853536583,-0.820225880627,0.859968053701,10.149431623
9.12968,1.18122076732,1.35138421797,10.8489478072,-0.912515459961,0.814587178465,10.1040507478
9.131346,1.18122076732,1.35138421797,10.8125419561,-0.866370670294,0.859968053701,10.1040507478
9.133012,1.18122076732,1.31602510123,10.8125419561,-0.866370670294,0.814587178465,10.1040507478
9.134678,1.21657988406,1.35138421797,10.8853536583,-0.866370670294,0.814587178465,10.1040507478
9.136344,1.11050253385,1.28066598449,10.7397302538,-0.820225880627,0.859968053701,10.149431623
9.13801,1.18122076732,1.35138421797,10.8853536583,-0.866370670294,0.814587178465,10.1040507478
9.139676,1.18122076732,1.31602510123,10.8125419561,-0.866370670294,0.814587178465,10.1040507478
9.141342,1.21657988406,1.35138421797,10.8125419561,-0.866370670294,0.859968053701,10.1040507478
9.143008,1.18122076732,1.35138421797,10.8489478072,-0.866370670294,0.814587178465,10.0586698725
9.144674,1.14586165058,1.28066598449,10.7761361049,-0.866370670294,0.814587178465,10.1040507478
9.14634,1.18122076732,1.31602510123,10.8489478072,-0.866370670294,0.814587178465,10.1040507478
9.148006,1.18122076732,1.35138421797,10.8489478072,-0.912515459961,0.814587178465,10.1040507478
9.149672,1.28729811753,1.3867433347,10.8489478072,-0.866370670294,0.814587178465,10.1040507478
9.151338,1.18122076732,1.35138421797,10.8853536583,-0.77408109096,0.905348928936,10.1948124982
9.153004,1.18122076732,1.31602510123,10.8125419561,-0.866370670294,0.814587178465,10.1040507478
9.15467,1.18122076732,1.35138421797,10.8489478072,-0.866370670294,0.859968053701,10.1040507478
9.156336,1.18122076732,1.35138421797,10.8853536583,-0.866370670294,0.814587178465,10.0586698725
9.158002,1.11050253385,1.20994775102,10.9217595095,-0.866370670294,0.76920630323,10.1040507478
9.159668,1.18122076732,1.35138421797,10.8853536583,-0.866370670294,0.859968053701,10.1040507478
9.161334,1.18122076732,1.31602510123,10.8489478072,-0.912515459961,0.814587178465,10.1040507478
9.163,1.11050253385,1.31602510123,10.8125419561,-0.866370670294,0.814587178465,10.1040507478
9.164666,1.18122076732,1.31602510123,10.8853536583,-0.866370670294,0.76920630323,10.1040507478
9.166332,1.11050253385,1.24530686776,10.8853536583,-0.912515459961,0.814587178465,10.1040507478
9.167998,1.18122076732,1.31602510123,10.8853536583,-0.820225880627,0.905348928936,10.1948124982
9.169664,1.18122076732,1.31602510123,10.8853536583,-0.866370670294,0.814587178465,10.1040507478
9.17133,1.18122076732,1.24530686776,10.8853536583,-0.912515459961,0.76920630323,10.1040507478
9.172996,1.14586165058,1.28066598449,10.9217595095,-0.866370670294,0.76920630323,10.1040507478
9.174662,1.11050253385,1.28066598449,10.7761361049,-0.866370670294,0.814587178465,10.1040507478
9.176328,1.18122076732,1.31602510123,10.8853536583,-0.912515459961,0.76920630323,10.1040507478
9.177994,1.14586165058,1.28066598449,10.8489478072,-0.866370670294,0.814587178465,10.1040507478
9.17966,1.11050253385,1.31602510123,10.8489478072,-0.866370670294,0.814587178465,10.149431623
9.181326,1.18122076732,1.31602510123,10.9217595095,-0.866370670294,0.76920630323,10.1040507478
9.182992,1.07514341711,1.24530686776,10.8489478072,-0.866370670294,0.814587178465,10.149431623
9.184658,1.18122076732,1.28066598449,10.8853536583,-0.866370670294,0.76920630323,10.149431623
9.186324,1.18122076732,1.31602510123,10.8853536583,-0.866370670294,0.814587178465,10.1948124982
9.18799,1.21657988406,1.35138421797,10.8853536583,-0.820225880627,0.859968053701,10.2401933735
9.189656,1.18122076732,1.31602510123,10.9217595095,-0.912515459961,0.76920630323,10.149431623
9.191322,1.11050253385,1.20994775102,10.8125419561,-0.958660249627,0.723825427995,10.1040507478
9.192988,1.14586165058,1.31602510123,10.8853536583,-0.820225880627,0.905348928936,10.2401933735
9.194654,1.18122076732,1.31602510123,10.8853536583,-0.820225880627,0.814587178465,10.2401933735
9.19632,1.21657988406,1.3867433347,10.8853536583,-0.958660249627,0.723825427995,10.149431623
9.197986,1.14586165058,1.31602510123,10.8853536583,-0.912515459961,0.76920630323,10.149431623
9.199652,1.07514341711,1.28066598449,10.8489478072,-0.912515459961,0.76920630323,10.149431623
9.201318,1.14586165058,1.28066598449,10.8853536583,-0.820225880627,0.905348928936,10.2401933735
9.202984,1.14586165058,1.31602510123,10.8853536583,-0.912515459961,0.76920630323,10.149431623
9.20465,1.18122076732,1.35138421797,10.8853536583,-0.912515459961,0.723825427995,10.149431623
9.206316,1.11050253385,1.28066598449,10.9217595095,-0.912515459961,0.723825427995,10.149431623
9.207982,1.07514341711,1.28066598449,10.8125419561,-0.912515459961,0.723825427995,10.1948124982
9.209648,1.11050253385,1.31602510123,10.9217595095,-0.912515459961,0.76920630323,10.149431623
9.211314,1.11050253385,1.31602510123,10.8853536583,-0.912515459961,0.723825427995,10.149431623
9.21298,1.21657988406,1.3867433347,10.9217595095,-0.958660249627,0.723825427995,10.149431623
9.214646,1.11050253385,1.31602510123,10.9217595095,-0.958660249627,0.723825427995,10.149431623
9.216312,1.07514341711,1.24530686776,10.8489478072,-0.912515459961,0.76920630323,10.149431623
9.217978,1.07514341711,1.28066598449,10.9217595095,-0.958660249627,0.76920630323,10.149431623
9.219644,1.11050253385,1.31602510123,10.9217595095,-0.866370670294,0.814587178465,10.1948124982
9.22131,1.21657988406,1.3867433347,10.9217595095,-0.958660249627,0.723825427995,10.149431623
9.222976,1.11050253385,1.31602510123,10.9217595095,-0.958660249627,0.723825427995,10.149431623
9.224642,1.07514341711,1.20994775102,10.8853536583,-0.958660249627,0.723825427995,10.149431623
9.226308,1.07514341711,1.24530686776,10.9217595095,-0.958660249627,0.678444552759,10.149431623
9.227974,1.07514341711,1.31602510123,10.8853536583,-0.958660249627,0.723825427995,10.149431623
9.22964,1.18122076732,1.35138421797,10.9217595095,-0.912515459961,0.76920630323,10.149431623
9.231306,1.07514341711,1.31602510123,10.9217595095,-0.866370670294,0.859968053701,10.2401933735
9.232972,1.07514341711,1.24530686776,10.8853536583,-0.958660249627,0.723825427995,10.1040507478
9.234638,1.07514341711,1.28066598449,10.8853536583,-0.958660249627,0.723825427995,10.1040507478
9.236304,1.07514341711,1.31602510123,10.9217595095,-1.00480503929,0.723825427995,10.149431623
9.23797,1.00442518364,1.24530686776,11.0287016972,-1.00480503929,0.723825427995,10.1040507478
9.239636,1.07514341711,1.31602510123,10.9217595095,-1.00480503929,0.723825427995,10.1040507478
9.241302,1.07514341711,1.28066598449,10.8853536583,-0.958660249627,0.723825427995,10.1040507478
9.242968,1.07514341711,1.28066598449,10.8853536583,-0.912515459961,0.76920630323,10.1948124982
9.244634,1.07514341711,1.35138421797,10.9217595095,-1.00480503929,0.723825427995,10.1040507478
9.2463,0.9690660669,1.28066598449,11.0287016972,-1.00480503929,0.723825427995,10.1040507478
9.247966,1.07514341711,1.31602510123,10.9217595095,-1.00480503929,0.723825427995,10.0586698725
9.249632,1.00442518364,1.28066598449,10.8853536583,-1.00480503929,0.723825427995,10.1040507478
9.251298,1.07514341711,1.28066598449,10.8853536583,-1.00480503929,0.76920630323,10.1040507478
9.252964,1.07514341711,1.35138421797,10.9217595095,-1.00480503929,0.723825427995,10.0586698725
9.25463,1.00442518364,1.24530686776,10.8125419561,-1.00480503929,0.76920630323,10.1040507478
9.256296,1.07514341711,1.31602510123,10.8853536583,-1.00480503929,0.76920630323,10.1040507478
9.257962,1.03978430037,1.31602510123,10.8853536583,-1.00480503929,0.76920630323,10.1040507478
9.259628,1.11050253385,1.35138421797,10.8853536583,-0.912515459961,0.859968053701,10.149431623
9.261294,1.07514341711,1.35138421797,10.9217595095,-1.00480503929,0.723825427995,10.0586698725
9.26296,1.00442518364,1.24530686776,10.8489478072,-1.00480503929,0.76920630323,10.0586698725
9.264626,1.03978430037,1.31602510123,10.8853536583,-1.00480503929,0.76920630323,10.0586698725
9.266292,1.07514341711,1.35138421797,10.8853536583,-1.00480503929,0.76920630323,10.0586698725
9.267958,1.14586165058,1.3867433347,10.8853536583,-1.05094982896,0.723825427995,10.0132889973
9.269624,1.07514341711,1.31602510123,10.8853536583,-1.00480503929,0.76920630323,10.0586698725
9.27129,1.00442518364,1.28066598449,10.8125419561,-1.00480503929,0.76920630323,10.0586698725
9.272956,1.03978430037,1.35138421797,10.8853536583,-0.958660249627,0.814587178465,10.0586698725
9.274622,1.07514341711,1.31602510123,10.8853536583,-1.00480503929,0.76920630323,10.0586698725
9.276288,1.14586165058,1.35138421797,10.8853536583,-1.00480503929,0.76920630323,10.0586698725
9.277954,1.07514341711,1.35138421797,10.8853536583,-0.912515459961,0.814587178465,10.1040507478
9.27962,1.03978430037,1.31602510123,10.8125419561,-0.958660249627,0.814587178465,10.0586698725
9.281286,1.03978430037,1.31602510123,10.8853536583,-1.00480503929,0.814587178465,10.0586698725
9.282952,1.07514341711,1.31602510123,10.8853536583,-0.912515459961,0.814587178465,10.149431623
9.284618,1.14586165058,1.42210245144,10.9217595095,-1.00480503929,0.76920630323,10.0586698725
9.286284,1.07514341711,1.35138421797,10.8489478072,-0.958660249627,0.76920630323,10.0586698725
9.28795,1.03978430037,1.31602510123,10.8125419561,-1.00480503929,0.76920630323,10.0586698725
9.289616,1.07514341711,1.31602510123,10.8489478072,-0.958660249627,0.76920630323,10.0586698725
9.291282,1.11050253385,1.35138421797,10.8489478072,-0.958660249627,0.814587178465,10.1040507478
9.292948,1.00442518364,1.35138421797,10.9922958461,-0.958660249627,0.814587178465,10.0586698725
9.294614,1.07514341711,1.35138421797,10.8853536583,-0.958660249627,0.76920630323,10.0586698725
9.29628,1.07514341711,1.31602510123,10.8125419561,-0.958660249627,0.76920630323,10.0586698725
9.297946,1.03978430037,1.31602510123,10.8125419561,-0.958660249627,0.814587178465,10.0586698725
9.299612,1.11050253385,1.35138421797,10.8853536583,-0.958660249627,0.76920630323,10.0586698725
9.301278,1.03978430037,1.31602510123,10.8853536583,-0.912515459961,0.814587178465,10.1040507478
9.302944,1.07514341711,1.35138421797,10.8125419561,-0.958660249627,0.76920630323,10.0586698725
9.30461,1.07514341711,1.35138421797,10.8125419561,-0.958660249627,0.814587178465,10.0586698725
9.306276,1.11050253385,1.28066598449,10.7761361049,-0.958660249627,0.76920630323,10.0586698725
9.307942,1.11050253385,1.35138421797,10.8125419561,-0.820225880627,0.905348928936,10.1948124982
9.309608,1.03978430037,1.31602510123,10.8125419561,-0.958660249627,0.76920630323,10.0586698725
9.311274,1.11050253385,1.28066598449,10.8489478072,-0.958660249627,0.76920630323,10.1040507478
9.31294,1.11050253385,1.31602510123,10.8125419561,-0.912515459961,0.814587178465,10.1040507478
9.314606,1.11050253385,1.35138421797,10.8125419561,-0.958660249627,0.76920630323,10.0586698725
9.316272,1.14586165058,1.35138421797,10.8853536583,-0.958660249627,0.76920630323,10.1040507478
9.317938,1.07514341711,1.28066598449,10.7761361049,-0.820225880627,0.905348928936,10.1948124982
9.319604,1.14586165058,1.35138421797,10.8489478072,-0.912515459961,0.814587178465,10.1040507478
9.32127,1.11050253385,1.31602510123,10.8489478072,-0.866370670294,0.814587178465,10.149431623
9.322936,1.18122076732,1.31602510123,10.8489478072,-0.958660249627,0.76920630323,10.1040507478
9.324602,1.14586165058,1.35138421797,10.8853536583,-0.912515459961,0.76920630323,10.1040507478
9.326268,1.07514341711,1.31602510123,10.7761361049,-0.820225880627,0.859968053701,10.1948124982
9.327934,1.14586165058,1.35138421797,10.8489478072,-0.958660249627,0.76920630323,10.1040507478
9.3296,1.18122076732,1.35138421797,10.8853536583,-0.912515459961,0.76920630323,10.149431623
9.331266,1.11050253385,1.42210245144,10.9581653606,-0.912515459961,0.76920630323,10.149431623
9.332932,1.18122076732,1.35138421797,10.8853536583,-0.820225880627,0.905348928936,10.1948124982
9.334598,1.11050253385,1.31602510123,10.8125419561,-0.912515459961,0.814587178465,10.1040507478
9.336264,1.14586165058,1.31602510123,10.8489478072,-0.912515459961,0.814587178465,10.149431623
9.33793,1.18122076732,1.35138421797,10.8853536583,-0.912515459961,0.76920630323,10.149431623
9.339596,1.07514341711,1.28066598449,10.8853536583,-0.820225880627,0.859968053701,10.1948124982
9.341262,1.14586165058,1.31602510123,10.8853536583,-0.912515459961,0.814587178465,10.149431623
9.342928,1.14586165058,1.31602510123,10.8853536583,-0.912515459961,0.814587178465,10.149431623
9.344594,1.18122076732,1.31602510123,10.8853536583,-0.912515459961,0.76920630323,10.149431623
9.34626,1.18122076732,1.31602510123,10.8853536583,-0.820225880627,0.905348928936,10.2401933735
9.347926,1.11050253385,1.28066598449,10.8489478072,-0.912515459961,0.814587178465,10.149431623
9.349592,1.18122076732,1.31602510123,10.9217595095,-0.866370670294,0.814587178465,10.1948124982
9.351258,1.18122076732,1.31602510123,10.9217595095,-0.912515459961,0.814587178465,10.149431623
9.352924,1.21657988406,1.35138421797,10.9217595095,-0.866370670294,0.76920630323,10.1948124982
9.35459,1.14586165058,1.35138421797,10.9217595095,-0.77408109096,0.905348928936,10.2855742487
9.356256,1.11050253385,1.20994775102,10.8853536583,-0.77408109096,0.905348928936,10.2855742487
9.357922,1.14586165058,1.28066598449,10.9217595095,-0.820225880627,0.859968053701,10.2401933735
9.359588,1.18122076732,1.28066598449,10.9217595095,-0.866370670294,0.76920630323,10.149431623
9.361254,1.28729811753,1.35138421797,10.9581653606,-0.866370670294,0.76920630323,10.149431623
9.36292,1.18122076732,1.28066598449,10.9217595095,-0.866370670294,0.76920630323,10.149431623
9.364586,1.11050253385,1.20994775102,10.8853536583,-0.866370670294,0.76920630323,10.1948124982
9.366252,1.14586165058,1.24530686776,10.9217595095,-0.912515459961,0.76920630323,10.149431623
9.367918,1.18122076732,1.31602510123,10.9217595095,-0.820225880627,0.814587178465,10.2855742487
9.369584,1.21657988406,1.3867433347,10.9922958461,-0.912515459961,0.76920630323,10.149431623
9.37125,1.18122076732,1.35138421797,10.9217595095,-0.866370670294,0.814587178465,10.1948124982
9.372916,1.18122076732,1.17458863428,10.8853536583,-0.912515459961,0.76920630323,10.1948124982
9.374582,1.11050253385,1.31602510123,10.8853536583,-0.866370670294,0.814587178465,10.2401933735
9.376248,1.18122076732,1.31602510123,10.9581653606,-0.912515459961,0.76920630323,10.149431623
9.377914,1.11050253385,1.24530686776,10.8853536583,-0.866370670294,0.76920630323,10.1948124982
9.37958,1.18122076732,1.28066598449,10.9217595095,-0.912515459961,0.723825427995,10.149431623
9.381246,1.18122076732,1.28066598449,10.9217595095,-0.866370670294,0.76920630323,10.1948124982
9.382912,1.18122076732,1.28066598449,10.8853536583,-0.912515459961,0.76920630323,10.149431623
9.384578,1.21657988406,1.31602510123,10.9581653606,-0.77408109096,0.905348928936,10.2401933735
9.386244,1.14586165058,1.24530686776,10.8853536583,-0.866370670294,0.76920630323,10.1948124982
9.38791,1.18122076732,1.35138421797,10.9217595095,-0.866370670294,0.76920630323,10.1948124982
9.389576,1.21657988406,1.31602510123,10.9217595095,-0.866370670294,0.76920630323,10.1948124982
9.391242,1.25193900079,1.35138421797,10.9217595095,-0.820225880627,0.859968053701,10.2401933735
9.392908,1.18122076732,1.31602510123,10.9217595095,-0.866370670294,0.76920630323,10.149431623
9.394574,1.14586165058,1.24530686776,10.8853536583,-0.912515459961,0.76920630323,10.149431623
9.39624,1.18122076732,1.31602510123,10.8853536583,-0.866370670294,0.76920630323,10.149431623
9.397906,1.18122076732,1.28066598449,10.8853536583,-0.912515459961,0.76920630323,10.149431623
9.399572,1.28729811753,1.31602510123,10.8853536583,-0.866370670294,0.76920630323,10.149431623
9.401238,1.21657988406,1.28066598449,10.8853536583,-0.866370670294,0.76920630323,10.149431623
9.402904,1.14586165058,1.28066598449,10.8489478072,-0.866370670294,0.76920630323,10.149431623
9.40457,1.18122076732,1.31602510123,10.8853536583,-0.866370670294,0.76920630323,10.149431623
9.406236,1.21657988406,1.31602510123,10.9217595095,-0.866370670294,0.814587178465,10.149431623
9.407902,1.21657988406,1.3867433347,10.9581653606,-0.77408109096,0.859968053701,10.2401933735
9.409568,1.18122076732,1.31602510123,10.8853536583,-0.866370670294,0.76920630323,10.1040507478
9.411234,1.18122076732,1.31602510123,10.8489478072,-0.912515459961,0.76920630323,10.1040507478
9.4129,1.18122076732,1.31602510123,10.8489478072,-0.866370670294,0.76920630323,10.149431623
9.414566,1.18122076732,1.35138421797,10.8853536583,-0.866370670294,0.76920630323,10.149431623
9.416232,1.11050253385,1.24530686776,10.8125419561,-0.866370670294,0.814587178465,10.149431623
9.417898,1.18122076732,1.31602510123,10.8853536583,-0.866370670294,0.814587178465,10.1040507478
9.419564,1.21657988406,1.31602510123,10.8489478072,-0.866370670294,0.814587178465,10.149431623
9.42123,1.18122076732,1.31602510123,10.8489478072,-0.912515459961,0.76920630323,10.1040507478
9.422896,1.18122076732,1.31602510123,10.8853536583,-0.866370670294,0.76920630323,10.1040507478
9.424562,1.11050253385,1.28066598449,10.7761361049,-0.866370670294,0.76920630323,10.1040507478
9.426228,1.18122076732,1.31602510123,10.8853536583,-0.866370670294,0.76920630323,10.1040507478
9.427894,1.18122076732,1.35138421797,10.8125419561,-0.77408109096,0.905348928936,10.1948124982
9.42956,1.21657988406,1.35138421797,10.8125419561,-0.866370670294,0.76920630323,10.0586698725
9.431226,1.18122076732,1.35138421797,10.8853536583,-0.866370670294,0.76920630323,10.1040507478
9.432892,1.11050253385,1.28066598449,10.7761361049,-0.866370670294,0.76920630323,10.1040507478
9.434558,1.14586165058,1.31602510123,10.8125419561,-0.866370670294,0.76920630323,10.0586698725
9.436224,1.18122076732,1.35138421797,10.8489478072,-0.866370670294,0.76920630323,10.0586698725
9.43789,1.21657988406,1.3867433347,10.9217595095,-0.912515459961,0.76920630323,10.0586698725
9.439556,1.18122076732,1.35138421797,10.8853536583,-0.866370670294,0.76920630323,10.0586698725
9.441222,1.18122076732,1.31602510123,10.7761361049,-0.77408109096,0.859968053701,10.149431623
9.442888,1.18122076732,1.28066598449,10.8125419561,-0.866370670294,0.76920630323,10.0586698725
9.444554,1.18122076732,1.35138421797,10.8853536583,-0.912515459961,0.76920630323,10.0586698725
9.44622,1.11050253385,1.28066598449,10.9217595095,-0.866370670294,0.76920630323,10.0586698725
9.447886,1.18122076732,1.35138421797,10.8489478072,-0.866370670294,0.76920630323,10.0586698725
9.449552,1.18122076732,1.31602510123,10.8125419561,-0.912515459961,0.76920630323,10.0586698725
9.451218,1.18122076732,1.31602510123,10.8125419561,-0.866370670294,0.76920630323,10.0586698725
9.452884,1.18122076732,1.35138421797,10.8853536583,-0.820225880627,0.814587178465,10.1040507478
9.45455,1.11050253385,1.28066598449,10.7761361049,-0.866370670294,0.76920630323,10.0586698725
9.456216,1.14586165058,1.35138421797,10.8489478072,-0.866370670294,0.76920630323,10.0586698725
9.457882,1.18122076732,1.35138421797,10.8489478072,-0.866370670294,0.814587178465,10.0586698725
9.459548,1.21657988406,1.3867433347,10.8489478072,-0.912515459961,0.76920630323,10.0586698725
9.461214,1.18122076732,1.35138421797,10.8853536583,-0.866370670294,0.76920630323,10.0132889973
9.46288,1.14586165058,1.28066598449,10.7761361049,-0.866370670294,0.76920630323,10.0586698725
9.464546,1.14586165058,1.31602510123,10.8489478072,-0.866370670294,0.814587178465,10.0586698725
9.466212,1.18122076732,1.31602510123,10.8489478072,-0.77408109096,0.859968053701,10.149431623
9.467878,1.21657988406,1.45746156818,10.9217595095,-0.77408109096,0.905348928936,10.1040507478
9.469544,1.18122076732,1.35138421797,10.8853536583,-0.866370670294,0.76920630323,10.0132889973
9.47121,1.11050253385,1.31602510123,10.7761361049,-0.866370670294,0.76920630323,10.0586698725
9.472876,1.18122076732,1.31602510123,10.8489478072,-0.866370670294,0.76920630323,10.0132889973
9.474542,1.18122076732,1.31602510123,10.8853536583,-0.912515459961,0.76920630323,10.0132889973
9.476208,1.11050253385,1.24530686776,10.8125419561,-0.820225880627,0.814587178465,10.1040507478
9.477874,1.18122076732,1.28066598449,10.8853536583,-0.866370670294,0.814587178465,10.0586698725
9.47954,1.18122076732,1.28066598449,10.8489478072,-0.866370670294,0.76920630323,10.0586698725
9.481206,1.18122076732,1.31602510123,10.8853536583,-0.866370670294,0.76920630323,10.0586698725
9.482872,1.21657988406,1.35138421797,10.8853536583,-0.866370670294,0.814587178465,10.0586698725
9.484538,1.14586165058,1.20994775102,10.8125419561,-0.866370670294,0.76920630323,10.0586698725
9.486204,1.18122076732,1.31602510123,10.8853536583,-0.866370670294,0.76920630323,10.1040507478
9.48787,1.21657988406,1.31602510123,10.8853536583,-0.866370670294,0.814587178465,10.1040507478
9.489536,1.21657988406,1.28066598449,10.8853536583,-0.820225880627,0.814587178465,10.1040507478
9.491202,1.21657988406,1.31602510123,10.9217595095,-0.727936301293,0.859968053701,10.1948124982
9.492868,1.18122076732,1.28066598449,10.8489478072,-0.727936301293,0.859968053701,10.1948124982
9.494534,1.21657988406,1.31602510123,10.8489478072,-0.77408109096,0.859968053701,10.1948124982
9.4962,1.21657988406,1.31602510123,10.8853536583,-0.727936301293,0.905348928936,10.1948124982
9.497866,1.32265723427,1.35138421797,10.9217595095,-0.77408109096,0.814587178465,10.149431623
9.499532,1.21657988406,1.31602510123,10.8853536583,-0.820225880627,0.814587178465,10.1040507478
9.501198,1.18122076732,1.28066598449,10.8489478072,-0.820225880627,0.76920630323,10.1040507478
9.502864,1.21657988406,1.28066598449,10.8853536583,-0.820225880627,0.76920630323,10.1040507478
9.50453,1.21657988406,1.31602510123,10.8853536583,-0.820225880627,0.76920630323,10.1040507478
9.506196,1.28729811753,1.3867433347,10.9922958461,-0.727936301293,0.859968053701,10.1948124982
9.507862,1.21657988406,1.31602510123,10.9217595095,-0.866370670294,0.723825427995,10.1040507478
9.509528,1.25193900079,1.28066598449,10.8853536583,-0.820225880627,0.76920630323,10.149431623
9.511194,1.21657988406,1.31602510123,10.8853536583,-0.77408109096,0.76920630323,10.149431623
9.51286,1.25193900079,1.31602510123,10.9217595095,-0.727936301293,0.859968053701,10.2401933735
9.514526,1.18122076732,1.24530686776,10.8125419561,-0.820225880627,0.76920630323,10.149431623
9.516192,1.25193900079,1.31602510123,10.8853536583,-0.77408109096,0.76920630323,10.149431623
9.517858,1.25193900079,1.28066598449,10.8853536583,-0.727936301293,0.814587178465,10.2401933735
9.519524,1.28729811753,1.31602510123,10.8853536583,-0.820225880627,0.76920630323,10.149431623
9.52119,1.28729811753,1.35138421797,10.9217595095,-0.77408109096,0.76920630323,10.149431623
9.522856,1.21657988406,1.28066598449,10.8853536583,-0.77408109096,0.76920630323,10.1948124982
9.524522,1.28729811753,1.28066598449,10.9217595095,-0.681791511626,0.814587178465,10.2855742487
9.526188,1.28729811753,1.31602510123,10.9217595095,-0.77408109096,0.76920630323,10.149431623
9.527854,1.35801635101,1.42210245144,10.9922958461,-0.77408109096,0.76920630323,10.1948124982
9.52952,1.28729811753,1.31602510123,10.9217595095,-0.77408109096,0.76920630323,10.1948124982
9.531186,1.25193900079,1.28066598449,10.8853536583,-0.635646721959,0.905348928936,10.2855742487
9.532852,1.28729811753,1.28066598449,10.8853536583,-0.77408109096,0.76920630323,10.149431623
9.534518,1.28729811753,1.31602510123,10.8853536583,-0.77408109096,0.76920630323,10.1948124982
9.536184,1.18122076732,1.35138421797,11.0287016972,-0.77408109096,0.76920630323,10.1948124982
9.53785,1.28729811753,1.31602510123,10.9217595095,-0.77408109096,0.76920630323,10.1948124982
9.539516,1.28729811753,1.28066598449,10.8853536583,-0.77408109096,0.814587178465,10.1948124982
9.541182,1.25193900079,1.24530686776,10.8853536583,-0.77408109096,0.76920630323,10.1948124982
9.542848,1.32265723427,1.31602510123,10.9217595095,-0.77408109096,0.76920630323,10.1948124982
9.544514,1.25193900079,1.20994775102,10.8125419561,-0.77408109096,0.814587178465,10.1948124982
9.54618,1.28729811753,1.28066598449,10.9217595095,-0.681791511626,0.859968053701,10.2401933735
9.547846,1.28729811753,1.28066598449,10.8853536583,-0.77408109096,0.76920630323,10.1948124982
9.549512,1.35801635101,1.31602510123,10.8853536583,-0.77408109096,0.76920630323,10.1948124982
9.551178,1.32265723427,1.28066598449,10.9217595095,-0.77408109096,0.76920630323,10.149431623
9.552844,1.25193900079,1.24530686776,10.8489478072,-0.77408109096,0.76920630323,10.1948124982
9.55451,1.28729811753,1.31602510123,10.8853536583,-0.77408109096,0.814587178465,10.1948124982
9.556176,1.28729811753,1.28066598449,10.8853536583,-0.635646721959,0.905348928936,10.2401933735
9.557842,1.35801635101,1.28066598449,10.8853536583,-0.77408109096,0.76920630323,10.149431623
9.559508,1.32265723427,1.31602510123,10.9217595095,-0.77408109096,0.76920630323,10.149431623
9.561174,1.28729811753,1.28066598449,10.8489478072,-0.727936301293,0.814587178465,10.149431623
9.56284,1.28729811753,1.28066598449,10.8853536583,-0.727936301293,0.814587178465,10.1948124982
9.564506,1.28729811753,1.31602510123,10.9217595095,-0.77408109096,0.76920630323,10.149431623
9.566172,1.21657988406,1.35138421797,10.9922958461,-0.77408109096,0.814587178465,10.149431623
9.567838,1.32265723427,1.31602510123,10.8853536583,-0.77408109096,0.814587178465,10.149431623
9.569504,1.28729811753,1.28066598449,10.8489478072,-0.727936301293,0.814587178465,10.149431623
9.57117,1.28729811753,1.28066598449,10.8853536583,-0.77408109096,0.814587178465,10.149431623
9.572836,1.32265723427,1.28066598449,10.9217595095,-0.77408109096,0.814587178465,10.1040507478
9.574502,1.21657988406,1.28066598449,10.8125419561,-0.77408109096,0.814587178465,10.1040507478
9.576168,1.32265723427,1.31602510123,10.8853536583,-0.727936301293,0.814587178465,10.1040507478
9.577834,1.28729811753,1.28066598449,10.8489478072,-0.727936301293,0.814587178465,10.149431623
9.5795,1.35801635101,1.31602510123,10.8853536583,-0.635646721959,0.905348928936,10.2401933735
9.581166,1.32265723427,1.31602510123,10.8853536583,-0.77408109096,0.814587178465,10.1040507478
9.582832,1.21657988406,1.28066598449,10.8125419561,-0.77408109096,0.814587178465,10.1040507478
9.584498,1.28729811753,1.31602510123,10.8853536583,-0.77408109096,0.814587178465,10.1040507478
9.586164,1.28729811753,1.28066598449,10.8853536583,-0.681791511626,0.905348928936,10.1948124982
9.58783,1.35801635101,1.42210245144,10.8853536583,-0.77408109096,0.814587178465,10.1040507478
9.589496,1.32265723427,1.31602510123,10.8853536583,-0.77408109096,0.814587178465,10.1040507478
9.591162,1.25193900079,1.28066598449,10.8489478072,-0.77408109096,0.814587178465,10.1040507478
9.592828,1.21657988406,1.31602510123,10.8489478072,-0.77408109096,0.814587178465,10.0586698725
9.594494,1.32265723427,1.31602510123,10.8489478072,-0.77408109096,0.814587178465,10.0586698725
9.59616,1.21657988406,1.3867433347,10.9922958461,-0.77408109096,0.814587178465,10.1040507478
9.597826,1.28729811753,1.31602510123,10.8853536583,-0.77408109096,0.814587178465,10.1040507478
9.599492,1.28729811753,1.31602510123,10.8125419561,-0.681791511626,0.905348928936,10.1948124982
9.601158,1.28729811753,1.31602510123,10.8125419561,-0.77408109096,0.814587178465,10.1040507478
9.602824,1.28729811753,1.35138421797,10.8125419561,-0.77408109096,0.814587178465,10.1040507478
9.60449,1.21657988406,1.28066598449,10.7397302538,-0.77408109096,0.76920630323,10.0586698725
9.606156,1.28729811753,1.31602510123,10.8125419561,-0.77408109096,0.814587178465,10.1040507478
9.607822,1.25193900079,1.28066598449,10.8125419561,-0.681791511626,0.905348928936,10.149431623
9.609488,1.32265723427,1.35138421797,10.7761361049,-0.820225880627,0.76920630323,10.1040507478
9.611154,1.28729811753,1.31602510123,10.8125419561,-0.77408109096,0.814587178465,10.1040507478
9.61282,1.18122076732,1.24530686776,10.7397302538,-0.77408109096,0.814587178465,10.1040507478
9.614486,1.21657988406,1.35138421797,10.8125419561,-0.820225880627,0.76920630323,10.1040507478
9.616152,1.28729811753,1.31602510123,10.8489478072,-0.77408109096,0.814587178465,10.1040507478
9.617818,1.32265723427,1.35138421797,10.8489478072,-0.820225880627,0.814587178465,10.0586698725
9.619484,1.25193900079,1.35138421797,10.8489478072,-0.727936301293,0.859968053701,10.149431623
9.62115,1.21657988406,1.31602510123,10.7761361049,-0.820225880627,0.814587178465,10.1040507478
9.622816,1.21657988406,1.31602510123,10.8125419561,-0.77408109096,0.814587178465,10.1040507478
9.624482,1.25193900079,1.31602510123,10.8489478072,-0.820225880627,0.76920630323,10.0586698725
9.626148,1.32265723427,1.35138421797,10.8489478072,-0.820225880627,0.76920630323,10.0586698725
9.627814,1.25193900079,1.31602510123,10.8489478072,-0.820225880627,0.76920630323,10.0586698725
9.62948,1.21657988406,1.28066598449,10.7761361049,-0.820225880627,0.76920630323,10.1040507478
9.631146,1.21657988406,1.31602510123,10.8125419561,-0.820225880627,0.76920630323,10.1040507478
9.632812,1.25193900079,1.31602510123,10.8489478072,-0.77408109096,0.859968053701,10.149431623
9.634478,1.28729811753,1.42210245144,10.9217595095,-0.77408109096,0.814587178465,10.149431623
9.636144,1.21657988406,1.31602510123,10.8489478072,-0.77408109096,0.814587178465,10.149431623
9.63781,1.18122076732,1.24530686776,10.8125419561,-0.866370670294,0.723825427995,10.0586698725
9.639476,1.18122076732,1.31602510123,10.8125419561,-0.820225880627,0.76920630323,10.0586698725
9.641142,1.25193900079,1.35138421797,10.8853536583,-0.727936301293,0.859968053701,10.1948124982
9.642808,1.11050253385,1.28066598449,10.9217595095,-0.866370670294,0.723825427995,10.1040507478
9.644474,1.21657988406,1.31602510123,10.8853536583,-0.866370670294,0.76920630323,10.1040507478
9.64614,1.21657988406,1.28066598449,10.8489478072,-0.866370670294,0.723825427995,10.0586698725
9.647806,1.21657988406,1.28066598449,10.8489478072,-0.866370670294,0.76920630323,10.0586698725
9.649472,1.25193900079,1.31602510123,10.8853536583,-0.866370670294,0.76920630323,10.1040507478
9.651138,1.11050253385,1.31602510123,10.9581653606,-0.866370670294,0.76920630323,10.0586698725
9.652804,1.21657988406,1.31602510123,10.8853536583,-0.866370670294,0.76920630323,10.1040507478
9.65447,1.18122076732,1.31602510123,10.8853536583,-0.866370670294,0.76920630323,10.1040507478
9.656136,1.18122076732,1.31602510123,10.8489478072,-0.820225880627,0.76920630323,10.1040507478
9.657802,1.21657988406,1.31602510123,10.9217595095,-0.866370670294,0.76920630323,10.1040507478
9.659468,1.14586165058,1.24530686776,10.8125419561,-0.866370670294,0.76920630323,10.1040507478
9.661134,1.18122076732,1.31602510123,10.8853536583,-0.820225880627,0.814587178465,10.1948124982
9.6628,1.18122076732,1.28066598449,10.8853536583,-0.866370670294,0.76920630323,10.1040507478
9.664466,1.21657988406,1.31602510123,10.8853536583,-0.866370670294,0.76920630323,10.1040507478
9.666132,1.18122076732,1.28066598449,10.9217595095,-0.866370670294,0.723825427995,10.1040507478
9.667798,1.14586165058,1.24530686776,10.8489478072,-0.820225880627,0.814587178465,10.149431623
9.669464,1.14586165058,1.28066598449,10.8853536583,-0.866370670294,0.76920630323,10.1040507478
9.67113,1.18122076732,1.28066598449,10.9217595095,-0.866370670294,0.723825427995,10.1040507478
9.672796,1.28729811753,1.35138421797,10.9217595095,-0.866370670294,0.76920630323,10.1040507478
9.674462,1.18122076732,1.31602510123,10.9217595095,-0.866370670294,0.76920630323,10.1040507478
9.676128,1.18122076732,1.24530686776,10.8853536583,-0.866370670294,0.723825427995,10.1040507478
9.677794,1.14586165058,1.24530686776,10.9217595095,-0.866370670294,0.76920630323,10.1040507478
9.67946,1.18122076732,1.28066598449,10.9581653606,-0.866370670294,0.76920630323,10.1040507478
9.681126,1.11050253385,1.35138421797,11.0287016972,-0.866370670294,0.76920630323,10.1040507478
9.682792,1.21657988406,1.31602510123,10.9922958461,-0.866370670294,0.76920630323,10.149431623
9.684458,1.18122076732,1.28066598449,10.9217595095,-0.912515459961,0.723825427995,10.1040507478
9.686124,1.18122076732,1.20994775102,10.9217595095,-0.866370670294,0.723825427995,10.1040507478
9.68779,1.18122076732,1.31602510123,10.9581653606,-0.912515459961,0.723825427995,10.1040507478
9.689456,1.11050253385,1.24530686776,10.8853536583,-0.912515459961,0.723825427995,10.1040507478
9.691122,1.18122076732,1.28066598449,10.9581653606,-0.866370670294,0.723825427995,10.1040507478
9.692788,1.18122076732,1.31602510123,10.9217595095,-0.866370670294,0.76920630323,10.1040507478
9.694454,1.28729811753,1.3867433347,10.9581653606,-0.866370670294,0.76920630323,10.149431623
9.69612,1.21657988406,1.31602510123,10.9581653606,-0.866370670294,0.76920630323,10.149431623
9.697786,1.18122076732,1.28066598449,10.8853536583,-0.820225880627,0.814587178465,10.1948124982
9.699452,1.18122076732,1.31602510123,10.9217595095,-0.912515459961,0.723825427995,10.149431623
9.701118,1.18122076732,1.31602510123,10.9217595095,-0.866370670294,0.723825427995,10.149431623
9.702784,1.11050253385,1.24530686776,10.9922958461,-0.866370670294,0.76920630323,10.149431623
9.70445,1.18122076732,1.31602510123,10.9217595095,-0.866370670294,0.76920630323,10.149431623
9.706116,1.18122076732,1.28066598449,10.8853536583,-0.820225880627,0.814587178465,10.149431623
9.707782,1.18122076732,1.24530686776,10.8853536583,-0.866370670294,0.723825427995,10.149431623
9.709448,1.18122076732,1.31602510123,10.9217595095,-0.866370670294,0.76920630323,10.149431623
9.711114,1.11050253385,1.35138421797,11.0287016972,-0.866370670294,0.76920630323,10.149431623
9.71278,1.21657988406,1.31602510123,10.9217595095,-0.866370670294,0.76920630323,10.149431623
9.714446,1.18122076732,1.24530686776,10.8853536583,-0.866370670294,0.723825427995,10.149431623
9.716112,1.14586165058,1.28066598449,10.8853536583,-0.866370670294,0.76920630323,10.149431623
9.717778,1.18122076732,1.31602510123,10.9217595095,-0.866370670294,0.76920630323,10.149431623
9.719444,1.11050253385,1.3867433347,10.9922958461,-0.866370670294,0.814587178465,10.149431623
9.72111,1.18122076732,1.31602510123,10.8853536583,-0.866370670294,0.76920630323,10.149431623
9.722776,1.18122076732,1.31602510123,10.8853536583,-0.820225880627,0.814587178465,10.149431623
9.724442,1.18122076732,1.28066598449,10.8489478072,-0.866370670294,0.76920630323,10.149431623
9.726108,1.18122076732,1.31602510123,10.8853536583,-0.866370670294,0.76920630323,10.149431623
9.727774,1.14586165058,1.28066598449,10.8125419561,-0.820225880627,0.859968053701,10.1948124982
9.72944,1.18122076732,1.35138421797,10.8853536583,-0.866370670294,0.814587178465,10.149431623
9.731106,1.18122076732,1.35138421797,10.8853536583,-0.866370670294,0.814587178465,10.149431623
9.732772,1.25193900079,1.35138421797,10.8853536583,-0.866370670294,0.76920630323,10.1040507478
9.734438,1.18122076732,1.35138421797,10.8853536583,-0.866370670294,0.814587178465,10.149431623
9.736104,1.18122076732,1.31602510123,10.7761361049,-0.866370670294,0.76920630323,10.149431623
9.73777,1.18122076732,1.31602510123,10.8853536583,-0.866370670294,0.76920630323,10.149431623
9.739436,1.18122076732,1.35138421797,10.8489478072,-0.866370670294,0.76920630323,10.1040507478
9.741102,1.32265723427,1.42210245144,10.8853536583,-0.866370670294,0.76920630323,10.149431623
9.742768,1.18122076732,1.35138421797,10.8853536583,-0.866370670294,0.814587178465,10.149431623
9.744434,1.18122076732,1.31602510123,10.8125419561,-0.866370670294,0.814587178465,10.149431623
9.7461,1.18122076732,1.31602510123,10.8125419561,-0.866370670294,0.814587178465,10.1040507478
9.747766,1.18122076732,1.31602510123,10.8853536583,-0.77408109096,0.905348928936,10.1948124982
9.749432,1.11050253385,1.20994775102,10.9217595095,-0.866370670294,0.76920630323,10.149431623
9.751098,1.18122076732,1.35138421797,10.8489478072,-0.866370670294,0.814587178465,10.1040507478
9.752764,1.18122076732,1.35138421797,10.8125419561,-0.866370670294,0.76920630323,10.1040507478
9.75443,1.18122076732,1.31602510123,10.8125419561,-0.77408109096,0.905348928936,10.1948124982
9.756096,1.18122076732,1.35138421797,10.8853536583,-0.866370670294,0.814587178465,10.1040507478
9.757762,1.14586165058,1.28066598449,10.7761361049,-0.866370670294,0.814587178465,10.149431623
9.759428,1.21657988406,1.35138421797,10.8489478072,-0.866370670294,0.814587178465,10.1040507478
9.761094,1.18122076732,1.31602510123,10.8489478072,-0.866370670294,0.859968053701,10.149431623
9.76276,1.28729811753,1.3867433347,10.8853536583,-0.866370670294,0.814587178465,10.1040507478
9.764426,1.18122076732,1.35138421797,10.8853536583,-0.866370670294,0.814587178465,10.1040507478
9.766092,1.14586165058,1.31602510123,10.7761361049,-0.866370670294,0.814587178465,10.1040507478
9.767758,1.14586165058,1.35138421797,10.8125419561,-0.866370670294,0.814587178465,10.1040507478
9.769424,1.18122076732,1.35138421797,10.8489478072,-0.866370670294,0.814587178465,10.1040507478
9.77109,1.21657988406,1.45746156818,10.9217595095,-0.866370670294,0.814587178465,10.1040507478
9.772756,1.18122076732,1.35138421797,10.8489478072,-0.866370670294,0.814587178465,10.1040507478
9.774422,1.18122076732,1.31602510123,10.8125419561,-0.912515459961,0.814587178465,10.1040507478
9.776088,1.14586165058,1.31602510123,10.8125419561,-0.866370670294,0.814587178465,10.1040507478
9.777754,1.18122076732,1.35138421797,10.8853536583,-0.912515459961,0.76920630323,10.0586698725
9.77942,1.07514341711,1.28066598449,10.8853536583,-0.866370670294,0.814587178465,10.1040507478
9.781086,1.14586165058,1.3867433347,10.8853536583,-0.912515459961,0.814587178465,10.1040507478
9.782752,1.18122076732,1.35138421797,10.8489478072,-0.912515459961,0.814587178465,10.1040507478
9.784418,1.14586165058,1.35138421797,10.8489478072,-0.912515459961,0.814587178465,10.1040507478
9.786084,1.18122076732,1.31602510123,10.8853536583,-0.912515459961,0.814587178465,10.1040507478
9.78775,1.07514341711,1.31602510123,10.8853536583,-0.912515459961,0.814587178465,10.1040507478
9.789416,1.18122076732,1.35138421797,10.8853536583,-0.912515459961,0.814587178465,10.1040507478
9.791082,1.14586165058,1.31602510123,10.8853536583,-0.912515459961,0.814587178465,10.1040507478
9.792748,1.18122076732,1.35138421797,10.8489478072,-0.912515459961,0.814587178465,10.1040507478
9.794414,1.14586165058,1.35138421797,10.8853536583,-0.866370670294,0.859968053701,10.1948124982
9.79608,1.07514341711,1.31602510123,10.7761361049,-0.912515459961,0.814587178465,10.1040507478
9.797746,1.11050253385,1.31602510123,10.8853536583,-0.912515459961,0.814587178465,10.1040507478
9.799412,1.14586165058,1.35138421797,10.8489478072,-0.912515459961,0.76920630323,10.149431623
9.801078,1.21657988406,1.3867433347,10.8853536583,-0.912515459961,0.76920630323,10.1040507478
9.802744,1.14586165058,1.31602510123,10.8853536583,-0.912515459961,0.814587178465,10.1040507478
9.80441,1.07514341711,1.28066598449,10.8125419561,-0.912515459961,0.814587178465,10.149431623
9.806076,1.14586165058,1.31602510123,10.8853536583,-0.912515459961,0.814587178465,10.1040507478
9.807742,1.14586165058,1.31602510123,10.8853536583,-0.912515459961,0.814587178465,10.1040507478
9.809408,1.11050253385,1.45746156818,10.9922958461,-0.912515459961,0.76920630323,10.149431623
9.811074,1.14586165058,1.28066598449,10.8853536583,-0.958660249627,0.76920630323,10.1040507478
9.81274,1.07514341711,1.28066598449,10.8489478072,-0.958660249627,0.76920630323,10.1040507478
9.814406,1.07514341711,1.31602510123,10.8853536583,-0.912515459961,0.76920630323,10.149431623
9.816072,1.14586165058,1.31602510123,10.9217595095,-0.866370670294,0.859968053701,10.1948124982
9.817738,1.11050253385,1.42210245144,10.9922958461,-0.912515459961,0.76920630323,10.1040507478
9.819404,1.11050253385,1.20994775102,10.9217595095,-0.958660249627,0.723825427995,10.149431623
9.82107,1.07514341711,1.20994775102,10.8489478072,-0.958660249627,0.723825427995,10.149431623
9.822736,1.11050253385,1.20994775102,10.8853536583,-0.958660249627,0.723825427995,10.149431623
9.824402,1.14586165058,1.28066598449,10.9217595095,-0.958660249627,0.723825427995,10.1040507478
9.826068,1.03978430037,1.17458863428,10.8125419561,-0.958660249627,0.678444552759,10.149431623
9.827734,1.07514341711,1.20994775102,10.9217595095,-0.866370670294,0.76920630323,10.2401933735
9.8294,1.07514341711,1.20994775102,10.8853536583,-0.958660249627,0.678444552759,10.149431623
9.831066,1.14586165058,1.20994775102,10.8853536583,-0.958660249627,0.678444552759,10.1040507478
9.832732,1.11050253385,1.20994775102,10.9217595095,-0.866370670294,0.814587178465,10.2401933735
9.834398,1.07514341711,1.20994775102,10.8489478072,-0.958660249627,0.678444552759,10.1040507478
9.836064,1.07514341711,1.35138421797,10.8853536583,-0.958660249627,0.76920630323,10.1040507478
9.83773,1.07514341711,1.24530686776,10.9217595095,-0.958660249627,0.678444552759,10.149431623
9.839396,1.14586165058,1.35138421797,10.9922958461,-0.958660249627,0.723825427995,10.149431623
9.841062,1.11050253385,1.28066598449,10.9217595095,-0.958660249627,0.723825427995,10.149431623
9.842728,1.07514341711,1.28066598449,10.8853536583,-0.958660249627,0.76920630323,10.149431623
9.844394,1.07514341711,1.28066598449,10.8853536583,-0.958660249627,0.723825427995,10.149431623
9.84606,1.07514341711,1.31602510123,10.9217595095,-0.958660249627,0.723825427995,10.149431623
9.847726,1.00442518364,1.28066598449,10.9922958461,-0.958660249627,0.723825427995,10.149431623
9.849392,1.07514341711,1.31602510123,10.9217595095,-1.00480503929,0.678444552759,10.1040507478
9.851058,1.07514341711,1.31602510123,10.8853536583,-1.00480503929,0.723825427995,10.1040507478
9.852724,1.07514341711,1.31602510123,10.8853536583,-1.00480503929,0.723825427995,10.1040507478
9.85439,1.07514341711,1.31602510123,10.9217595095,-0.958660249627,0.76920630323,10.149431623
9.856056,1.07514341711,1.20994775102,10.8489478072,-0.866370670294,0.814587178465,10.2401933735
9.857722,1.07514341711,1.28066598449,10.8853536583,-1.00480503929,0.678444552759,10.1040507478
9.859388,1.07514341711,1.28066598449,10.8853536583,-1.00480503929,0.723825427995,10.1040507478
9.861054,1.07514341711,1.31602510123,10.8853536583,-1.00480503929,0.723825427995,10.1040507478
9.86272,1.07514341711,1.31602510123,10.9217595095,-1.00480503929,0.723825427995,10.1040507478
9.864386,1.03978430037,1.24530686776,10.8489478072,-0.958660249627,0.723825427995,10.149431623
9.866052,1.07514341711,1.28066598449,10.9217595095,-0.958660249627,0.723825427995,10.1040507478
9.867718,1.07514341711,1.28066598449,10.8853536583,-1.00480503929,0.723825427995,10.1040507478
9.869384,1.14586165058,1.35138421797,10.8853536583,-1.00480503929,0.723825427995,10.1040507478
9.87105,1.07514341711,1.20994775102,10.9217595095,-0.958660249627,0.76920630323,10.149431623
9.872716,1.07514341711,1.17458863428,10.8489478072,-1.00480503929,0.678444552759,10.1040507478
9.874382,1.03978430037,1.24530686776,10.8853536583,-1.00480503929,0.723825427995,10.1040507478
9.876048,1.07514341711,1.31602510123,10.9217595095,-1.00480503929,0.723825427995,10.1040507478
9.877714,1.07514341711,1.28066598449,10.9922958461,-1.00480503929,0.678444552759,10.1040507478
9.87938,1.07514341711,1.31602510123,10.9217595095,-1.00480503929,0.678444552759,10.1040507478
9.881046,1.03978430037,1.31602510123,10.8853536583,-1.00480503929,0.723825427995,10.0586698725
9.882712,1.03978430037,1.31602510123,10.8853536583,-1.00480503929,0.723825427995,10.0586698725
9.884378,1.07514341711,1.31602510123,10.9217595095,-1.00480503929,0.723825427995,10.0586698725
9.886044,1.00442518364,1.20994775102,10.9217595095,-1.00480503929,0.723825427995,10.1040507478
9.88771,1.07514341711,1.31602510123,10.8853536583,-0.912515459961,0.814587178465,10.1040507478
9.889376,1.07514341711,1.31602510123,10.8853536583,-1.00480503929,0.76920630323,10.1040507478
9.891042,1.07514341711,1.31602510123,10.8853536583,-1.00480503929,0.76920630323,10.0586698725
9.892708,1.07514341711,1.35138421797,10.8853536583,-0.958660249627,0.76920630323,10.1040507478
9.894374,1.00442518364,1.24530686776,10.8125419561,-0.958660249627,0.723825427995,10.0586698725
9.89604,1.07514341711,1.31602510123,10.8489478072,-1.00480503929,0.76920630323,10.0586698725
9.897706,1.07514341711,1.24530686776,10.8853536583,-1.00480503929,0.723825427995,10.0586698725
9.899372,1.11050253385,1.35138421797,10.8853536583,-0.958660249627,0.814587178465,10.1040507478
9.901038,1.11050253385,1.35138421797,10.8853536583,-0.866370670294,0.859968053701,10.149431623
9.902704,1.03978430037,1.28066598449,10.8125419561,-0.866370670294,0.859968053701,10.149431623
9.90437,1.07514341711,1.35138421797,10.8853536583,-0.912515459961,0.859968053701,10.149431623
9.906036,1.07514341711,1.35138421797,10.8853536583,-0.958660249627,0.76920630323,10.0586698725
9.907702,1.18122076732,1.42210245144,10.8853536583,-1.00480503929,0.76920630323,10.0586698725
9.909368,1.11050253385,1.35138421797,10.8853536583,-0.958660249627,0.814587178465,10.0586698725
9.911034,1.07514341711,1.31602510123,10.7761361049,-0.958660249627,0.76920630323,10.0586698725
9.9127,1.07514341711,1.31602510123,10.8125419561,-0.958660249627,0.76920630323,10.0586698725
9.914366,1.11050253385,1.35138421797,10.8853536583,-0.958660249627,0.76920630323,10.0586698725
9.916032,1.07514341711,1.42210245144,10.9217595095,-0.912515459961,0.814587178465,10.149431623
9.917698,1.11050253385,1.35138421797,10.8853536583,-0.912515459961,0.814587178465,10.1040507478
9.919364,1.07514341711,1.31602510123,10.8125419561,-0.866370670294,0.859968053701,10.149431623
9.92103,1.07514341711,1.31602510123,10.8125419561,-0.958660249627,0.814587178465,10.0586698725
9.922696,1.14586165058,1.31602510123,10.8125419561,-0.958660249627,0.814587178465,10.1040507478
9.924362,1.07514341711,1.28066598449,10.9217595095,-0.912515459961,0.76920630323,10.1040507478
9.926028,1.11050253385,1.35138421797,10.8489478072,-0.912515459961,0.814587178465,10.1040507478
9.927694,1.11050253385,1.31602510123,10.8125419561,-0.912515459961,0.76920630323,10.1040507478
9.92936,1.11050253385,1.31602510123,10.8125419561,,,
9.931026,1.14586165058,1.28066598449,10.8489478072,,,
