"Latest: Time (s)","Latest: Y Acceleration 1 (m/s²)","Latest: Z Acceleration 1 (m/s²)","Latest: X Acceleration 1 (m/s²)","Latest: Y Acceleration 2 (m/s²)","Latest: Z Acceleration 2 (m/s²)","Latest: X Acceleration 2 (m/s²)"
0,-0.77408109096,0.859968053701,10.1948124982,1.32265723427,1.06851128407,10.8125419561
0.001666,-0.866370670294,0.76920630323,10.1040507478,1.35801635101,1.13922951755,10.8853536583
0.003332,-0.820225880627,0.723825427995,10.1040507478,1.35801635101,1.13922951755,10.8853536583
0.004998,-0.866370670294,0.723825427995,10.1040507478,1.49945281795,1.24530686776,10.9217595095
0.006664,-0.820225880627,0.76920630323,10.1040507478,1.39337546774,1.17458863428,10.8853536583
0.00833,-0.77408109096,0.859968053701,10.1948124982,1.35801635101,1.10387040081,10.8489478072
0.009996,-0.77408109096,0.76920630323,10.149431623,1.35801635101,1.13922951755,10.8853536583
0.011662,-0.866370670294,0.723825427995,10.1040507478,1.42873458448,1.13922951755,10.8853536583
0.013328,-0.866370670294,0.723825427995,10.1040507478,1.32265723427,1.13922951755,10.9581653606
0.014994,-0.820225880627,0.76920630323,10.1040507478,1.39337546774,1.10387040081,10.8853536583
0.01666,-0.866370670294,0.76920630323,10.1040507478,1.35801635101,1.10387040081,10.8489478072
0.018326,-0.866370670294,0.76920630323,10.1040507478,1.39337546774,1.10387040081,10.8853536583
0.019992,-0.820225880627,0.76920630323,10.1040507478,1.39337546774,1.13922951755,10.8853536583
0.021658,-0.727936301293,0.905348928936,10.2401933735,1.32265723427,1.06851128407,10.8125419561
0.023324,-0.866370670294,0.76920630323,10.1040507478,1.35801635101,1.10387040081,10.8853536583
0.02499,-0.820225880627,0.76920630323,10.1040507478,1.35801635101,1.10387040081,10.8853536583
0.026656,-0.866370670294,0.76920630323,10.1040507478,1.35801635101,1.10387040081,10.8489478072
0.028322,-0.866370670294,0.723825427995,10.1040507478,1.35801635101,1.13922951755,10.8853536583
0.029988,-0.866370670294,0.723825427995,10.1040507478,1.35801635101,1.10387040081,10.7761361049
0.031654,-0.866370670294,0.76920630323,10.1040507478,1.35801635101,1.13922951755,10.8853536583
0.03332,-0.866370670294,0.723825427995,10.1040507478,1.35801635101,1.10387040081,10.8853536583
0.034986,-0.866370670294,0.723825427995,10.1040507478,1.46409370122,1.13922951755,10.8853536583
0.036652,-0.866370670294,0.723825427995,10.1040507478,1.35801635101,1.13922951755,10.8853536583
0.038318,-0.77408109096,0.814587178465,10.149431623,1.32265723427,1.06851128407,10.7761361049
0.039984,-0.866370670294,0.76920630323,10.1040507478,1.35801635101,1.10387040081,10.9217595095
0.04165,-0.866370670294,0.76920630323,10.1040507478,1.39337546774,1.10387040081,10.8853536583
0.043316,-0.866370670294,0.76920630323,10.1040507478,1.46409370122,1.13922951755,10.8125419561
0.044982,-0.866370670294,0.723825427995,10.1040507478,1.39337546774,1.13922951755,10.8853536583
0.046648,-0.866370670294,0.76920630323,10.1040507478,1.32265723427,1.06851128407,10.8125419561
0.048314,-0.820225880627,0.76920630323,10.1040507478,1.35801635101,1.10387040081,10.8489478072
0.04998,-0.77408109096,0.814587178465,10.1948124982,1.35801635101,1.13922951755,10.8489478072
0.051646,-0.866370670294,0.76920630323,10.0586698725,1.42873458448,1.20994775102,10.9922958461
0.053312,-0.866370670294,0.76920630323,10.1040507478,1.35801635101,1.13922951755,10.8853536583
0.054978,-0.866370670294,0.76920630323,10.1040507478,1.35801635101,1.06851128407,10.8853536583
0.056644,-0.866370670294,0.76920630323,10.1040507478,1.35801635101,1.13922951755,10.8125419561
0.05831,-0.820225880627,0.76920630323,10.149431623,1.39337546774,1.13922951755,10.8853536583
0.059976,-0.77408109096,0.814587178465,10.1948124982,1.35801635101,1.10387040081,10.8125419561
0.061642,-0.866370670294,0.723825427995,10.1040507478,1.35801635101,1.10387040081,10.8489478072
0.063308,-0.866370670294,0.723825427995,10.1040507478,1.39337546774,1.10387040081,10.8853536583
0.064974,-0.866370670294,0.723825427995,10.1040507478,1.28729811753,1.10387040081,10.9581653606
0.06664,-0.820225880627,0.76920630323,10.149431623,1.39337546774,1.10387040081,10.8853536583
0.068306,-0.77408109096,0.814587178465,10.1948124982,1.35801635101,1.17458863428,10.8853536583
0.069972,-0.820225880627,0.814587178465,10.149431623,1.39337546774,1.13922951755,10.8853536583
0.071638,-0.866370670294,0.76920630323,10.1040507478,1.39337546774,1.13922951755,10.9217595095
0.073304,-0.866370670294,0.723825427995,10.1040507478,1.32265723427,1.06851128407,10.8489478072
0.07497,-0.866370670294,0.723825427995,10.1040507478,1.35801635101,1.13922951755,10.8853536583
0.076636,-0.866370670294,0.723825427995,10.1040507478,1.39337546774,1.13922951755,10.8853536583
0.078302,-0.866370670294,0.678444552759,10.1040507478,1.49945281795,1.17458863428,10.8853536583
0.079968,-0.866370670294,0.723825427995,10.149431623,1.35801635101,1.13922951755,10.8853536583
0.081634,-0.866370670294,0.76920630323,10.1040507478,1.35801635101,1.06851128407,10.8125419561
0.0833,-0.77408109096,0.814587178465,10.149431623,1.35801635101,1.10387040081,10.8853536583
0.084966,-0.866370670294,0.76920630323,10.1040507478,1.39337546774,1.10387040081,10.8853536583
0.086632,-0.866370670294,0.723825427995,10.1040507478,1.32265723427,1.03315216734,10.8125419561
0.088298,-0.820225880627,0.76920630323,10.149431623,1.35801635101,1.10387040081,10.8853536583
0.089964,-0.77408109096,0.859968053701,10.149431623,1.39337546774,1.06851128407,10.8853536583
0.09163,-0.77408109096,0.814587178465,10.149431623,1.46409370122,1.20994775102,10.9217595095
0.093296,-0.820225880627,0.76920630323,10.1040507478,1.35801635101,1.10387040081,10.8853536583
0.094962,-0.820225880627,0.76920630323,10.149431623,1.35801635101,1.06851128407,10.8489478072
0.096628,-0.866370670294,0.76920630323,10.1040507478,1.35801635101,1.10387040081,10.8489478072
0.098294,-0.866370670294,0.76920630323,10.1040507478,1.35801635101,1.13922951755,10.8489478072
0.09996,-0.77408109096,0.859968053701,10.149431623,1.35801635101,1.20994775102,11.0287016972
0.101626,-0.866370670294,0.76920630323,10.1040507478,1.35801635101,1.13922951755,10.8853536583
0.103292,-0.866370670294,0.723825427995,10.1040507478,1.35801635101,1.06851128407,10.8125419561
0.104958,-0.820225880627,0.723825427995,10.1040507478,1.35801635101,1.13922951755,10.8489478072
0.106624,-0.866370670294,0.76920630323,10.1040507478,1.39337546774,1.10387040081,10.8853536583
0.10829,-0.866370670294,0.76920630323,10.1040507478,1.32265723427,1.06851128407,10.9217595095
0.109956,-0.866370670294,0.723825427995,10.1040507478,1.39337546774,1.10387040081,10.8853536583
0.111622,-0.866370670294,0.76920630323,10.1040507478,1.35801635101,1.06851128407,10.8853536583
0.113288,-0.820225880627,0.76920630323,10.1040507478,1.35801635101,1.06851128407,10.8853536583
0.114954,-0.866370670294,0.76920630323,10.1040507478,1.35801635101,1.13922951755,10.8853536583
0.11662,-0.866370670294,0.723825427995,10.1040507478,1.32265723427,1.06851128407,10.7761361049
0.118286,-0.866370670294,0.723825427995,10.1040507478,1.35801635101,1.13922951755,10.8853536583
0.119952,-0.866370670294,0.76920630323,10.1040507478,1.35801635101,1.10387040081,10.8853536583
0.121618,-0.866370670294,0.76920630323,10.1040507478,1.46409370122,1.17458863428,10.8489478072
0.123284,-0.866370670294,0.76920630323,10.1040507478,1.39337546774,1.10387040081,10.8853536583
0.12495,-0.866370670294,0.723825427995,10.0586698725,1.35801635101,1.10387040081,10.8125419561
0.126616,-0.866370670294,0.76920630323,10.1040507478,1.35801635101,1.10387040081,10.8853536583
0.128282,-0.820225880627,0.76920630323,10.149431623,1.35801635101,1.13922951755,10.8853536583
0.129948,-0.820225880627,0.723825427995,10.1040507478,1.32265723427,1.03315216734,10.9217595095
0.131614,-0.866370670294,0.723825427995,10.1040507478,1.39337546774,1.06851128407,10.8853536583
0.13328,-0.866370670294,0.723825427995,10.1040507478,1.35801635101,1.10387040081,10.8489478072
0.134946,-0.820225880627,0.814587178465,10.149431623,1.39337546774,1.17458863428,10.8125419561
0.136612,-0.866370670294,0.76920630323,10.1040507478,1.39337546774,1.10387040081,10.8853536583
0.138278,-0.866370670294,0.723825427995,10.1040507478,1.35801635101,1.06851128407,10.7761361049
0.139944,-0.866370670294,0.76920630323,10.1040507478,1.35801635101,1.06851128407,10.8853536583
0.14161,-0.866370670294,0.723825427995,10.1040507478,1.39337546774,1.13922951755,10.8853536583
0.143276,-0.866370670294,0.76920630323,10.1040507478,1.49945281795,1.20994775102,10.9217595095
0.144942,-0.866370670294,0.723825427995,10.1040507478,1.35801635101,1.10387040081,10.8853536583
0.146608,-0.866370670294,0.723825427995,10.1040507478,1.35801635101,1.06851128407,10.8125419561
0.148274,-0.866370670294,0.723825427995,10.1040507478,1.35801635101,1.17458863428,10.8853536583
0.14994,-0.866370670294,0.76920630323,10.0586698725,1.39337546774,1.13922951755,10.8853536583
0.151606,-0.866370670294,0.723825427995,10.1040507478,1.39337546774,1.24530686776,10.9922958461
0.153272,-0.866370670294,0.723825427995,10.1040507478,1.35801635101,1.10387040081,10.8853536583
0.154938,-0.866370670294,0.723825427995,10.1040507478,1.35801635101,1.10387040081,10.8125419561
0.156604,-0.866370670294,0.723825427995,10.1040507478,1.35801635101,1.10387040081,10.8489478072
0.15827,-0.866370670294,0.76920630323,10.1040507478,1.35801635101,1.13922951755,10.8853536583
0.159936,-0.866370670294,0.76920630323,10.1040507478,1.32265723427,1.06851128407,10.8125419561
0.161602,-0.866370670294,0.76920630323,10.1040507478,1.35801635101,1.13922951755,10.8489478072
0.163268,-0.866370670294,0.723825427995,10.1040507478,1.39337546774,1.10387040081,10.8853536583
0.164934,-0.866370670294,0.76920630323,10.1040507478,1.46409370122,1.20994775102,10.8853536583
0.1666,-0.866370670294,0.76920630323,10.1040507478,1.35801635101,1.13922951755,10.8853536583
0.168266,-0.866370670294,0.723825427995,10.1040507478,1.32265723427,1.06851128407,10.7761361049
0.169932,-0.866370670294,0.723825427995,10.0586698725,1.35801635101,1.10387040081,10.8853536583
0.171598,-0.77408109096,0.859968053701,10.1948124982,1.35801635101,1.13922951755,10.8853536583
0.173264,-0.77408109096,0.859968053701,10.1948124982,1.46409370122,1.20994775102,10.9217595095
0.17493,-0.77408109096,0.859968053701,10.1948124982,1.35801635101,1.13922951755,10.9217595095
0.176596,-0.866370670294,0.723825427995,10.1040507478,1.35801635101,1.06851128407,10.8489478072
0.178262,-0.866370670294,0.76920630323,10.1040507478,1.35801635101,1.10387040081,10.8125419561
0.179928,-0.866370670294,0.76920630323,10.1040507478,1.39337546774,1.13922951755,10.8853536583
0.181594,-0.866370670294,0.76920630323,10.1040507478,1.28729811753,1.06851128407,10.9217595095
0.18326,-0.866370670294,0.76920630323,10.1040507478,1.35801635101,1.10387040081,10.8853536583
0.184926,-0.866370670294,0.723825427995,10.1040507478,1.35801635101,1.10387040081,10.8853536583
0.186592,-0.866370670294,0.76920630323,10.1040507478,1.35801635101,1.10387040081,10.8125419561
0.188258,-0.866370670294,0.723825427995,10.1040507478,1.35801635101,1.13922951755,10.8853536583
0.189924,-0.77408109096,0.814587178465,10.1948124982,1.32265723427,1.06851128407,10.7761361049
0.19159,-0.866370670294,0.76920630323,10.1040507478,1.35801635101,1.10387040081,10.8489478072
0.193256,-0.866370670294,0.76920630323,10.1040507478,1.39337546774,1.10387040081,10.8853536583
0.194922,-0.866370670294,0.76920630323,10.1040507478,1.42873458448,1.17458863428,10.8489478072
0.196588,-0.866370670294,0.76920630323,10.1040507478,1.39337546774,1.13922951755,10.8853536583
0.198254,-0.820225880627,0.76920630323,10.149431623,1.32265723427,1.10387040081,10.8125419561
0.19992,-0.820225880627,0.814587178465,10.1948124982,1.35801635101,1.10387040081,10.8853536583
0.201586,-0.866370670294,0.723825427995,10.1040507478,1.39337546774,1.13922951755,10.8853536583
0.203252,-0.866370670294,0.76920630323,10.1040507478,1.46409370122,1.20994775102,10.9217595095
0.204918,-0.866370670294,0.723825427995,10.1040507478,1.35801635101,1.17458863428,10.8853536583
0.206584,-0.820225880627,0.76920630323,10.1040507478,1.39337546774,1.10387040081,10.8125419561
0.20825,-0.866370670294,0.723825427995,10.1040507478,1.35801635101,1.10387040081,10.8489478072
0.209916,-0.866370670294,0.76920630323,10.1040507478,1.35801635101,1.13922951755,10.8853536583
0.211582,-0.866370670294,0.76920630323,10.1040507478,1.32265723427,1.06851128407,10.9217595095
0.213248,-0.866370670294,0.723825427995,10.1040507478,1.35801635101,1.13922951755,10.8853536583
0.214914,-0.866370670294,0.76920630323,10.1040507478,1.35801635101,1.10387040081,10.8853536583
0.21658,-0.866370670294,0.723825427995,10.1040507478,1.35801635101,1.10387040081,10.8853536583
0.218246,-0.866370670294,0.723825427995,10.1040507478,1.39337546774,1.10387040081,10.8853536583
0.219912,-0.866370670294,0.76920630323,10.149431623,1.32265723427,1.06851128407,10.7761361049
0.221578,-0.820225880627,0.814587178465,10.1948124982,1.35801635101,1.10387040081,10.8853536583
0.223244,-0.866370670294,0.76920630323,10.1040507478,1.35801635101,1.10387040081,10.8853536583
0.22491,-0.866370670294,0.723825427995,10.0586698725,1.46409370122,1.17458863428,10.8853536583
0.226576,-0.866370670294,0.723825427995,10.1040507478,1.35801635101,1.13922951755,10.8853536583
0.228242,-0.866370670294,0.76920630323,10.149431623,1.32265723427,1.06851128407,10.8489478072
0.229908,-0.866370670294,0.723825427995,10.1040507478,1.35801635101,1.10387040081,10.8853536583
0.231574,-0.866370670294,0.76920630323,10.149431623,1.39337546774,1.13922951755,10.8853536583
0.23324,-0.866370670294,0.76920630323,10.1040507478,1.28729811753,1.06851128407,10.8125419561
0.234906,-0.866370670294,0.76920630323,10.1040507478,1.35801635101,1.13922951755,10.8853536583
0.236572,-0.866370670294,0.76920630323,10.1040507478,1.35801635101,1.06851128407,10.8853536583
0.238238,-0.866370670294,0.76920630323,10.1040507478,1.46409370122,1.17458863428,10.8853536583
0.239904,-0.866370670294,0.723825427995,10.1040507478,1.35801635101,1.13922951755,10.8853536583
0.24157,-0.866370670294,0.76920630323,10.1040507478,1.35801635101,1.06851128407,10.8489478072
0.243236,-0.866370670294,0.76920630323,10.1040507478,1.35801635101,1.10387040081,10.8853536583
0.244902,-0.866370670294,0.76920630323,10.1040507478,1.39337546774,1.10387040081,10.8853536583
0.246568,-0.912515459961,0.76920630323,10.1040507478,1.28729811753,1.06851128407,10.9217595095
0.248234,-0.866370670294,0.76920630323,10.1040507478,1.35801635101,1.13922951755,10.8853536583
0.2499,-0.866370670294,0.76920630323,10.1040507478,1.35801635101,1.13922951755,10.8489478072
0.251566,-0.866370670294,0.76920630323,10.1040507478,1.35801635101,1.10387040081,10.8853536583
0.253232,-0.866370670294,0.76920630323,10.1040507478,1.35801635101,1.13922951755,10.8853536583
0.254898,-0.866370670294,0.723825427995,10.1040507478,1.32265723427,1.06851128407,10.8125419561
0.256564,-0.866370670294,0.76920630323,10.149431623,1.35801635101,1.10387040081,10.8853536583
0.25823,-0.866370670294,0.76920630323,10.1040507478,1.35801635101,1.13922951755,10.8853536583
0.259896,-0.77408109096,0.859968053701,10.1948124982,1.28729811753,1.20994775102,10.9922958461
0.261562,-0.866370670294,0.76920630323,10.1040507478,1.35801635101,1.10387040081,10.8853536583
0.263228,-0.866370670294,0.76920630323,10.1040507478,1.35801635101,1.10387040081,10.8125419561
0.264894,-0.866370670294,0.76920630323,10.1040507478,1.35801635101,1.10387040081,10.8489478072
0.26656,-0.866370670294,0.76920630323,10.149431623,1.35801635101,1.10387040081,10.8853536583
0.268226,-0.866370670294,0.76920630323,10.1040507478,1.35801635101,1.20994775102,10.9922958461
0.269892,-0.866370670294,0.76920630323,10.1040507478,1.35801635101,1.13922951755,10.8853536583
0.271558,-0.77408109096,0.859968053701,10.1948124982,1.35801635101,1.10387040081,10.8125419561
0.273224,-0.866370670294,0.723825427995,10.1040507478,1.35801635101,1.10387040081,10.8489478072
0.27489,-0.866370670294,0.76920630323,10.1040507478,1.35801635101,1.13922951755,10.8853536583
0.276556,-0.866370670294,0.723825427995,10.1040507478,1.28729811753,1.06851128407,10.7761361049
0.278222,-0.866370670294,0.723825427995,10.1040507478,1.35801635101,1.13922951755,10.8853536583
0.279888,-0.866370670294,0.76920630323,10.1040507478,1.35801635101,1.10387040081,10.8489478072
0.281554,-0.866370670294,0.76920630323,10.1040507478,1.39337546774,1.13922951755,10.8853536583
0.28322,-0.820225880627,0.814587178465,10.149431623,1.35801635101,1.13922951755,10.9217595095
0.284886,-0.866370670294,0.723825427995,10.1040507478,1.32265723427,1.06851128407,10.8125419561
0.286552,-0.866370670294,0.723825427995,10.1040507478,1.35801635101,1.13922951755,10.8853536583
0.288218,-0.866370670294,0.723825427995,10.1040507478,1.35801635101,1.10387040081,10.8853536583
0.289884,-0.866370670294,0.76920630323,10.1040507478,1.46409370122,1.20994775102,10.9217595095
0.29155,-0.866370670294,0.723825427995,10.1040507478,1.35801635101,1.13922951755,10.8853536583
0.293216,-0.866370670294,0.723825427995,10.1040507478,1.35801635101,1.06851128407,10.8125419561
0.294882,-0.912515459961,0.723825427995,10.0586698725,1.32265723427,1.10387040081,10.8489478072
0.296548,-0.77408109096,0.859968053701,10.1948124982,1.39337546774,1.13922951755,10.8853536583
0.298214,-0.77408109096,0.859968053701,10.1948124982,1.32265723427,1.06851128407,10.9217595095
0.29988,-0.912515459961,0.723825427995,10.1040507478,1.35801635101,1.10387040081,10.8853536583
0.301546,-0.912515459961,0.723825427995,10.1040507478,1.35801635101,1.10387040081,10.8853536583
0.303212,-0.820225880627,0.814587178465,10.1948124982,1.39337546774,1.10387040081,10.8489478072
0.304878,-0.866370670294,0.76920630323,10.1040507478,1.35801635101,1.13922951755,10.8853536583
0.306544,-0.866370670294,0.76920630323,10.1040507478,1.32265723427,1.06851128407,10.8125419561
0.30821,-0.866370670294,0.76920630323,10.1040507478,1.32265723427,1.10387040081,10.8853536583
0.309876,-0.912515459961,0.723825427995,10.1040507478,1.35801635101,1.13922951755,10.8853536583
0.311542,-0.866370670294,0.723825427995,10.1040507478,1.35801635101,1.17458863428,10.8853536583
0.313208,-0.866370670294,0.76920630323,10.1040507478,1.35801635101,1.13922951755,10.8853536583
0.314874,-0.866370670294,0.723825427995,10.1040507478,1.32265723427,1.10387040081,10.8125419561
0.31654,-0.912515459961,0.723825427995,10.1040507478,1.35801635101,1.10387040081,10.8853536583
0.318206,-0.866370670294,0.76920630323,10.1040507478,1.35801635101,1.13922951755,10.8853536583
0.319872,-0.866370670294,0.76920630323,10.1040507478,1.28729811753,1.06851128407,10.9581653606
0.321538,-0.866370670294,0.723825427995,10.1040507478,1.35801635101,1.10387040081,10.8853536583
0.323204,-0.77408109096,0.859968053701,10.1948124982,1.35801635101,1.10387040081,10.8125419561
0.32487,-0.866370670294,0.723825427995,10.1040507478,1.35801635101,1.13922951755,10.8489478072
0.326536,-0.866370670294,0.723825427995,10.1040507478,1.35801635101,1.13922951755,10.8853536583
0.328202,-0.866370670294,0.76920630323,10.1040507478,1.32265723427,1.06851128407,10.8125419561
0.329868,-0.866370670294,0.76920630323,10.1040507478,1.35801635101,1.10387040081,10.8853536583
0.331534,-0.866370670294,0.723825427995,10.1040507478,1.35801635101,1.13922951755,10.8853536583
0.3332,-0.866370670294,0.76920630323,10.1040507478,1.39337546774,1.24530686776,10.9922958461
0.334866,-0.866370670294,0.76920630323,10.1040507478,1.35801635101,1.13922951755,10.8853536583
0.336532,-0.866370670294,0.723825427995,10.149431623,1.35801635101,1.10387040081,10.8853536583
0.338198,-0.866370670294,0.76920630323,10.149431623,1.35801635101,1.13922951755,10.8853536583
0.339864,-0.912515459961,0.723825427995,10.1040507478,1.35801635101,1.10387040081,10.9217595095
0.34153,-0.866370670294,0.76920630323,10.1040507478,1.32265723427,1.06851128407,10.8125419561
0.343196,-0.866370670294,0.723825427995,10.1040507478,1.35801635101,1.10387040081,10.8489478072
0.344862,-0.820225880627,0.76920630323,10.149431623,1.35801635101,1.10387040081,10.8853536583
0.346528,-0.866370670294,0.723825427995,10.1040507478,1.39337546774,1.20994775102,10.9581653606
0.348194,-0.820225880627,0.76920630323,10.1040507478,1.39337546774,1.10387040081,10.8853536583
0.34986,-0.866370670294,0.76920630323,10.1040507478,1.35801635101,1.10387040081,10.8489478072
0.351526,-0.866370670294,0.76920630323,10.1040507478,1.35801635101,1.13922951755,10.8853536583
0.353192,-0.866370670294,0.723825427995,10.1040507478,1.39337546774,1.13922951755,10.8853536583
0.354858,-0.866370670294,0.723825427995,10.1040507478,1.32265723427,1.03315216734,10.8125419561
0.356524,-0.866370670294,0.723825427995,10.1040507478,1.35801635101,1.13922951755,10.9217595095
0.35819,-0.820225880627,0.814587178465,10.149431623,1.39337546774,1.10387040081,10.8853536583
0.359856,-0.820225880627,0.76920630323,10.149431623,1.42873458448,1.13922951755,10.8489478072
0.361522,-0.866370670294,0.723825427995,10.1040507478,1.35801635101,1.13922951755,10.8853536583
0.363188,-0.820225880627,0.814587178465,10.2401933735,1.35801635101,1.10387040081,10.8125419561
0.364854,-0.77408109096,0.859968053701,10.1948124982,1.35801635101,1.13922951755,10.8853536583
0.36652,-0.866370670294,0.76920630323,10.149431623,1.39337546774,1.10387040081,10.8853536583
0.368186,-0.866370670294,0.723825427995,10.1040507478,1.46409370122,1.24530686776,10.9581653606
0.369852,-0.866370670294,0.723825427995,10.1040507478,1.35801635101,1.13922951755,10.8853536583
0.371518,-0.866370670294,0.76920630323,10.1040507478,1.35801635101,1.10387040081,10.8853536583
0.373184,-0.866370670294,0.76920630323,10.1040507478,1.35801635101,1.10387040081,10.8853536583
0.37485,-0.866370670294,0.76920630323,10.1040507478,1.39337546774,1.13922951755,10.8853536583
0.376516,-0.912515459961,0.723825427995,10.1040507478,1.32265723427,1.06851128407,10.8125419561
0.378182,-0.820225880627,0.723825427995,10.1040507478,1.39337546774,1.10387040081,10.8853536583
0.379848,-0.866370670294,0.76920630323,10.1040507478,1.35801635101,1.10387040081,10.8489478072
0.381514,-0.866370670294,0.76920630323,10.149431623,1.39337546774,1.13922951755,10.8853536583
0.38318,-0.866370670294,0.76920630323,10.1040507478,1.35801635101,1.10387040081,10.8853536583
0.384846,-0.866370670294,0.76920630323,10.1040507478,1.32265723427,1.06851128407,10.7761361049
0.386512,-0.866370670294,0.76920630323,10.1040507478,1.35801635101,1.10387040081,10.8853536583
0.388178,-0.866370670294,0.76920630323,10.1040507478,1.39337546774,1.13922951755,10.8853536583
0.389844,-0.866370670294,0.723825427995,10.1040507478,1.46409370122,1.20994775102,10.9217595095
0.39151,-0.77408109096,0.814587178465,10.1948124982,1.39337546774,1.10387040081,10.9217595095
0.393176,-0.77408109096,0.814587178465,10.1948124982,1.32265723427,1.06851128407,10.8125419561
0.394842,-0.820225880627,0.814587178465,10.1948124982,1.35801635101,1.10387040081,10.8489478072
0.396508,-0.820225880627,0.814587178465,10.149431623,1.39337546774,1.13922951755,10.8853536583
0.398174,-0.820225880627,0.814587178465,10.149431623,1.32265723427,1.20994775102,10.9922958461
0.39984,-0.866370670294,0.76920630323,10.1040507478,1.39337546774,1.17458863428,10.8853536583
0.401506,-0.866370670294,0.76920630323,10.1040507478,1.35801635101,1.10387040081,10.8489478072
0.403172,-0.866370670294,0.723825427995,10.1040507478,1.35801635101,1.13922951755,10.8489478072
0.404838,-0.866370670294,0.723825427995,10.149431623,1.39337546774,1.10387040081,10.8853536583
0.406504,-0.866370670294,0.76920630323,10.1040507478,1.28729811753,1.06851128407,10.8853536583
0.40817,-0.866370670294,0.723825427995,10.1040507478,1.35801635101,1.10387040081,10.8853536583
0.409836,-0.866370670294,0.723825427995,10.1040507478,1.35801635101,1.10387040081,10.8853536583
0.411502,-0.866370670294,0.76920630323,10.1040507478,1.39337546774,1.13922951755,10.8853536583
0.413168,-0.866370670294,0.76920630323,10.1040507478,1.35801635101,1.13922951755,10.8853536583
0.414834,-0.866370670294,0.76920630323,10.1040507478,1.32265723427,1.06851128407,10.8125419561
0.4165,-0.77408109096,0.859968053701,10.1948124982,1.35801635101,1.10387040081,10.8853536583
0.418166,-0.77408109096,0.814587178465,10.1948124982,1.35801635101,1.10387040081,10.8853536583
0.419832,-0.866370670294,0.723825427995,10.1040507478,1.39337546774,1.20994775102,10.9581653606
0.421498,-0.866370670294,0.76920630323,10.1040507478,1.35801635101,1.13922951755,10.8853536583
0.423164,-0.866370670294,0.76920630323,10.149431623,1.35801635101,1.10387040081,10.8489478072
0.42483,-0.866370670294,0.76920630323,10.1040507478,1.35801635101,1.06851128407,10.8489478072
0.426496,-0.866370670294,0.723825427995,10.1040507478,1.35801635101,1.13922951755,10.9217595095
0.428162,-0.866370670294,0.76920630323,10.1040507478,1.32265723427,1.06851128407,10.9217595095
0.429828,-0.866370670294,0.76920630323,10.1040507478,1.35801635101,1.10387040081,10.8853536583
0.431494,-0.866370670294,0.76920630323,10.1040507478,1.35801635101,1.06851128407,10.8489478072
0.43316,-0.866370670294,0.76920630323,10.1040507478,1.35801635101,1.10387040081,10.8489478072
0.434826,-0.866370670294,0.76920630323,10.1040507478,1.39337546774,1.13922951755,10.8853536583
0.436492,-0.866370670294,0.723825427995,10.1040507478,1.32265723427,1.06851128407,10.8125419561
0.438158,-0.866370670294,0.723825427995,10.1040507478,1.35801635101,1.10387040081,10.8853536583
0.439824,-0.866370670294,0.723825427995,10.1040507478,1.39337546774,1.17458863428,10.8853536583
0.44149,-0.866370670294,0.723825427995,10.1040507478,1.32265723427,1.17458863428,10.9922958461
0.443156,-0.866370670294,0.76920630323,10.1040507478,1.35801635101,1.10387040081,10.8853536583
0.444822,-0.866370670294,0.76920630323,10.1040507478,1.35801635101,1.10387040081,10.8853536583
0.446488,-0.866370670294,0.76920630323,10.1040507478,1.39337546774,1.13922951755,10.8489478072
0.448154,-0.866370670294,0.723825427995,10.1040507478,1.35801635101,1.13922951755,10.8853536583
0.44982,-0.866370670294,0.723825427995,10.1040507478,1.32265723427,1.06851128407,10.8125419561
0.451486,-0.866370670294,0.76920630323,10.1040507478,1.35801635101,1.13922951755,10.8853536583
0.453152,-0.866370670294,0.723825427995,10.1040507478,1.39337546774,1.10387040081,10.8853536583
0.454818,-0.820225880627,0.723825427995,10.1040507478,1.46409370122,1.24530686776,10.9217595095
0.456484,-0.866370670294,0.76920630323,10.1040507478,1.39337546774,1.13922951755,10.8853536583
0.45815,-0.866370670294,0.76920630323,10.1040507478,1.35801635101,1.10387040081,10.8489478072
0.459816,-0.866370670294,0.723825427995,10.1040507478,1.35801635101,1.10387040081,10.8853536583
0.461482,-0.866370670294,0.723825427995,10.1040507478,1.35801635101,1.13922951755,10.8853536583
0.463148,-0.866370670294,0.723825427995,10.1040507478,1.32265723427,1.06851128407,10.8125419561
0.464814,-0.866370670294,0.723825427995,10.1040507478,1.35801635101,1.10387040081,10.8489478072
0.46648,-0.866370670294,0.723825427995,10.1040507478,1.35801635101,1.10387040081,10.8853536583
0.468146,-0.77408109096,0.814587178465,10.1948124982,1.46409370122,1.20994775102,10.8853536583
0.469812,-0.820225880627,0.76920630323,10.1040507478,1.39337546774,1.13922951755,10.8853536583
0.471478,-0.866370670294,0.76920630323,10.1040507478,1.35801635101,1.10387040081,10.8125419561
0.473144,-0.820225880627,0.814587178465,10.149431623,1.35801635101,1.06851128407,10.8853536583
0.47481,-0.866370670294,0.723825427995,10.1040507478,1.39337546774,1.13922951755,10.8853536583
0.476476,-0.866370670294,0.76920630323,10.1040507478,1.32265723427,1.06851128407,10.9217595095
0.478142,-0.866370670294,0.76920630323,10.1040507478,1.35801635101,1.17458863428,10.8853536583
0.479808,-0.866370670294,0.723825427995,10.1040507478,1.35801635101,1.10387040081,10.8853536583
0.481474,-0.866370670294,0.723825427995,10.1040507478,1.35801635101,1.10387040081,10.8853536583
0.48314,-0.866370670294,0.76920630323,10.1040507478,1.42873458448,1.13922951755,10.8853536583
0.484806,-0.866370670294,0.76920630323,10.1040507478,1.35801635101,1.06851128407,10.8125419561
0.486472,-0.866370670294,0.76920630323,10.1040507478,1.39337546774,1.13922951755,10.8853536583
0.488138,-0.77408109096,0.859968053701,10.1948124982,1.35801635101,1.10387040081,10.8853536583
0.489804,-0.912515459961,0.723825427995,10.0586698725,1.49945281795,1.20994775102,10.9217595095
0.49147,-0.866370670294,0.76920630323,10.1040507478,1.39337546774,1.13922951755,10.8853536583
0.493136,-0.866370670294,0.76920630323,10.1040507478,1.35801635101,1.10387040081,10.8489478072
0.494802,-0.866370670294,0.76920630323,10.1040507478,1.35801635101,1.10387040081,10.8489478072
0.496468,-0.866370670294,0.723825427995,10.1040507478,1.39337546774,1.13922951755,10.8853536583
0.498134,-0.866370670294,0.76920630323,10.1040507478,1.35801635101,1.06851128407,10.7761361049
0.4998,-0.77408109096,0.814587178465,10.1948124982,1.35801635101,1.10387040081,10.8853536583
0.501466,-0.820225880627,0.814587178465,10.1948124982,1.39337546774,1.10387040081,10.8853536583
0.503132,-0.866370670294,0.723825427995,10.1040507478,1.49945281795,1.20994775102,10.9217595095
0.504798,-0.866370670294,0.76920630323,10.1040507478,1.39337546774,1.13922951755,10.8853536583
0.506464,-0.820225880627,0.76920630323,10.1040507478,1.35801635101,1.06851128407,10.8125419561
0.50813,-0.820225880627,0.76920630323,10.149431623,1.35801635101,1.10387040081,10.8853536583
0.509796,-0.77408109096,0.814587178465,10.149431623,1.35801635101,1.13922951755,10.8853536583
0.511462,-0.77408109096,0.859968053701,10.1948124982,1.35801635101,1.20994775102,10.9922958461
0.513128,-0.820225880627,0.814587178465,10.149431623,1.39337546774,1.17458863428,10.8853536583
0.514794,-0.820225880627,0.76920630323,10.149431623,1.35801635101,1.10387040081,10.8489478072
0.51646,-0.820225880627,0.76920630323,10.149431623,1.35801635101,1.10387040081,10.8489478072
0.518126,-0.820225880627,0.76920630323,10.149431623,1.39337546774,1.13922951755,10.8853536583
0.519792,-0.77408109096,0.814587178465,10.1948124982,1.32265723427,1.17458863428,10.9581653606
0.521458,-0.77408109096,0.859968053701,10.1948124982,1.39337546774,1.13922951755,10.8853536583
0.523124,-0.77408109096,0.859968053701,10.1948124982,1.39337546774,1.10387040081,10.8853536583
0.52479,-0.77408109096,0.76920630323,10.149431623,1.39337546774,1.10387040081,10.8125419561
0.526456,-0.820225880627,0.76920630323,10.1040507478,1.39337546774,1.10387040081,10.9217595095
0.528122,-0.820225880627,0.723825427995,10.1040507478,1.35801635101,1.06851128407,10.7761361049
0.529788,-0.866370670294,0.76920630323,10.1040507478,1.35801635101,1.10387040081,10.8853536583
0.531454,-0.77408109096,0.814587178465,10.149431623,1.35801635101,1.10387040081,10.8853536583
0.53312,-0.866370670294,0.723825427995,10.1040507478,1.49945281795,1.20994775102,10.8853536583
0.534786,-0.866370670294,0.723825427995,10.1040507478,1.39337546774,1.13922951755,10.9217595095
0.536452,-0.866370670294,0.723825427995,10.1040507478,1.32265723427,1.06851128407,10.8125419561
0.538118,-0.820225880627,0.76920630323,10.1040507478,1.35801635101,1.10387040081,10.8853536583
0.539784,-0.820225880627,0.76920630323,10.1040507478,1.39337546774,1.17458863428,10.8853536583
0.54145,-0.866370670294,0.723825427995,10.1040507478,1.32265723427,1.06851128407,10.8125419561
0.543116,-0.866370670294,0.76920630323,10.1040507478,1.35801635101,1.10387040081,10.8853536583
0.544782,-0.866370670294,0.723825427995,10.1040507478,1.39337546774,1.13922951755,10.8853536583
0.546448,-0.866370670294,0.76920630323,10.1040507478,1.42873458448,1.20994775102,10.9217595095
0.548114,-0.820225880627,0.76920630323,10.1040507478,1.39337546774,1.13922951755,10.8853536583
0.54978,-0.866370670294,0.723825427995,10.1040507478,1.35801635101,1.10387040081,10.8489478072
0.551446,-0.820225880627,0.76920630323,10.149431623,1.35801635101,1.10387040081,10.8489478072
0.553112,-0.866370670294,0.723825427995,10.1040507478,1.39337546774,1.10387040081,10.8853536583
0.554778,-0.866370670294,0.723825427995,10.1040507478,1.28729811753,1.06851128407,10.9217595095
0.556444,-0.820225880627,0.76920630323,10.1040507478,1.39337546774,1.10387040081,10.8853536583
0.55811,-0.866370670294,0.723825427995,10.1040507478,1.35801635101,1.10387040081,10.8489478072
0.559776,-0.820225880627,0.76920630323,10.1040507478,1.39337546774,1.10387040081,10.8853536583
0.561442,-0.820225880627,0.723825427995,10.1040507478,1.39337546774,1.13922951755,10.8853536583
0.563108,-0.820225880627,0.76920630323,10.1040507478,1.32265723427,1.06851128407,10.7761361049
0.564774,-0.727936301293,0.859968053701,10.1948124982,1.35801635101,1.10387040081,10.8489478072
0.56644,-0.77408109096,0.814587178465,10.1948124982,1.39337546774,1.13922951755,10.8853536583
0.568106,-0.866370670294,0.723825427995,10.149431623,1.46409370122,1.20994775102,10.8853536583
0.569772,-0.866370670294,0.723825427995,10.0586698725,1.39337546774,1.10387040081,10.8853536583
0.571438,-0.820225880627,0.76920630323,10.1040507478,1.35801635101,1.10387040081,10.8125419561
0.573104,-0.820225880627,0.76920630323,10.1040507478,1.35801635101,1.10387040081,10.8489478072
0.57477,-0.820225880627,0.76920630323,10.1040507478,1.39337546774,1.13922951755,10.8853536583
0.576436,-0.866370670294,0.723825427995,10.1040507478,1.32265723427,1.06851128407,10.8853536583
0.578102,-0.820225880627,0.76920630323,10.1040507478,1.39337546774,1.17458863428,10.8853536583
0.579768,-0.866370670294,0.76920630323,10.1040507478,1.39337546774,1.10387040081,10.8489478072
0.581434,-0.820225880627,0.723825427995,10.1040507478,1.49945281795,1.17458863428,10.8853536583
0.5831,-0.866370670294,0.723825427995,10.1040507478,1.42873458448,1.10387040081,10.8853536583
0.584766,-0.820225880627,0.76920630323,10.1040507478,1.35801635101,1.10387040081,10.8125419561
0.586432,-0.866370670294,0.723825427995,10.1040507478,1.39337546774,1.10387040081,10.8489478072
0.588098,-0.820225880627,0.76920630323,10.149431623,1.39337546774,1.10387040081,10.8853536583
0.589764,-0.77408109096,0.814587178465,10.1948124982,1.32265723427,1.20994775102,10.9922958461
0.59143,-0.866370670294,0.723825427995,10.1040507478,1.39337546774,1.10387040081,10.8853536583
0.593096,-0.866370670294,0.723825427995,10.1040507478,1.35801635101,1.10387040081,10.8125419561
0.594762,-0.866370670294,0.723825427995,10.0586698725,1.35801635101,1.10387040081,10.8853536583
0.596428,-0.866370670294,0.723825427995,10.1040507478,1.39337546774,1.13922951755,10.8853536583
0.598094,-0.866370670294,0.723825427995,10.1040507478,1.28729811753,1.06851128407,10.9217595095
0.59976,-0.77408109096,0.814587178465,10.1948124982,1.39337546774,1.17458863428,10.8853536583
0.601426,-0.77408109096,0.859968053701,10.1948124982,1.35801635101,1.10387040081,10.8489478072
0.603092,-0.727936301293,0.859968053701,10.1948124982,1.35801635101,1.10387040081,10.8125419561
0.604758,-0.727936301293,0.859968053701,10.1948124982,1.39337546774,1.13922951755,10.8853536583
0.606424,-0.820225880627,0.76920630323,10.149431623,1.32265723427,1.06851128407,10.8489478072
0.60809,-0.866370670294,0.76920630323,10.1040507478,1.35801635101,1.10387040081,10.8489478072
0.609756,-0.866370670294,0.723825427995,10.1040507478,1.39337546774,1.13922951755,10.8489478072
0.611422,-0.820225880627,0.76920630323,10.1040507478,1.42873458448,1.10387040081,10.8125419561
0.613088,-0.866370670294,0.76920630323,10.1040507478,1.39337546774,1.17458863428,10.8853536583
0.614754,-0.866370670294,0.76920630323,10.1040507478,1.35801635101,1.06851128407,10.8125419561
0.61642,-0.866370670294,0.76920630323,10.1040507478,1.35801635101,1.10387040081,10.8489478072
0.618086,-0.820225880627,0.76920630323,10.1040507478,1.39337546774,1.13922951755,10.8853536583
0.619752,-0.820225880627,0.723825427995,10.1040507478,1.28729811753,1.06851128407,10.8853536583
0.621418,-0.866370670294,0.723825427995,10.1040507478,1.39337546774,1.10387040081,10.8853536583
0.623084,-0.866370670294,0.723825427995,10.1040507478,1.35801635101,1.10387040081,10.8489478072
0.62475,-0.77408109096,0.859968053701,10.1948124982,1.35801635101,1.10387040081,10.8853536583
0.626416,-0.866370670294,0.723825427995,10.1040507478,1.39337546774,1.13922951755,10.8853536583
0.628082,-0.820225880627,0.723825427995,10.1040507478,1.32265723427,1.06851128407,10.8125419561
0.629748,-0.866370670294,0.723825427995,10.1040507478,1.35801635101,1.10387040081,10.8489478072
0.631414,-0.820225880627,0.723825427995,10.1040507478,1.39337546774,1.13922951755,10.8853536583
0.63308,-0.866370670294,0.678444552759,10.1040507478,1.35801635101,1.20994775102,10.9581653606
0.634746,-0.820225880627,0.76920630323,10.1040507478,1.35801635101,1.13922951755,10.8853536583
0.636412,-0.77408109096,0.814587178465,10.149431623,1.35801635101,1.10387040081,10.8489478072
0.638078,-0.77408109096,0.814587178465,10.1948124982,1.35801635101,1.10387040081,10.8489478072
0.639744,-0.820225880627,0.76920630323,10.149431623,1.39337546774,1.13922951755,10.8853536583
0.64141,-0.866370670294,0.76920630323,10.1040507478,1.28729811753,1.13922951755,10.9217595095
0.643076,-0.77408109096,0.859968053701,10.1948124982,1.39337546774,1.13922951755,10.8853536583
0.644742,-0.866370670294,0.76920630323,10.1040507478,1.35801635101,1.13922951755,10.8489478072
0.646408,-0.866370670294,0.723825427995,10.1040507478,1.39337546774,1.10387040081,10.8125419561
0.648074,-0.866370670294,0.76920630323,10.1040507478,1.39337546774,1.13922951755,10.8853536583
0.64974,-0.866370670294,0.723825427995,10.1040507478,1.32265723427,1.06851128407,10.7761361049
0.651406,-0.866370670294,0.723825427995,10.1040507478,1.35801635101,1.13922951755,10.8853536583
0.653072,-0.866370670294,0.723825427995,10.1040507478,1.35801635101,1.13922951755,10.8853536583
0.654738,-0.866370670294,0.723825427995,10.1040507478,1.46409370122,1.20994775102,10.9217595095
0.656404,-0.866370670294,0.76920630323,10.1040507478,1.39337546774,1.13922951755,10.8853536583
0.65807,-0.866370670294,0.76920630323,10.1040507478,1.32265723427,1.10387040081,10.8489478072
0.659736,-0.866370670294,0.723825427995,10.1040507478,1.35801635101,1.10387040081,10.8853536583
0.661402,-0.77408109096,0.814587178465,10.1948124982,1.39337546774,1.17458863428,10.8853536583
0.663068,-0.866370670294,0.723825427995,10.1040507478,1.32265723427,1.06851128407,10.8853536583
0.664734,-0.866370670294,0.723825427995,10.1040507478,1.35801635101,1.13922951755,10.8853536583
0.6664,-0.866370670294,0.723825427995,10.1040507478,1.35801635101,1.10387040081,10.8489478072
0.668066,-0.866370670294,0.76920630323,10.1040507478,1.39337546774,1.10387040081,10.8125419561
0.669732,-0.820225880627,0.723825427995,10.1040507478,1.39337546774,1.10387040081,10.8853536583
0.671398,-0.77408109096,0.859968053701,10.1948124982,1.32265723427,1.03315216734,10.7761361049
0.673064,-0.866370670294,0.723825427995,10.1040507478,1.39337546774,1.10387040081,10.8853536583
0.67473,-0.866370670294,0.76920630323,10.1040507478,1.35801635101,1.13922951755,10.8489478072
0.676396,-0.866370670294,0.76920630323,10.1040507478,1.35801635101,1.13922951755,10.8489478072
0.678062,-0.866370670294,0.76920630323,10.1040507478,1.35801635101,1.17458863428,10.8853536583
0.679728,-0.866370670294,0.723825427995,10.1040507478,1.32265723427,1.06851128407,10.7761361049
0.681394,-0.866370670294,0.76920630323,10.1040507478,1.35801635101,1.10387040081,10.8853536583
0.68306,-0.820225880627,0.723825427995,10.1040507478,1.35801635101,1.13922951755,10.8853536583
0.684726,-0.866370670294,0.723825427995,10.1040507478,1.46409370122,1.13922951755,10.8853536583
0.686392,-0.866370670294,0.723825427995,10.1040507478,1.39337546774,1.13922951755,10.8853536583
0.688058,-0.866370670294,0.723825427995,10.1040507478,1.35801635101,1.10387040081,10.8125419561
0.689724,-0.77408109096,0.814587178465,10.1948124982,1.35801635101,1.10387040081,10.8489478072
0.69139,-0.866370670294,0.723825427995,10.1040507478,1.35801635101,1.13922951755,10.8853536583
0.693056,-0.866370670294,0.723825427995,10.1040507478,1.32265723427,1.06851128407,10.8853536583
0.694722,-0.820225880627,0.76920630323,10.1040507478,1.39337546774,1.13922951755,10.8853536583
0.696388,-0.866370670294,0.723825427995,10.1040507478,1.35801635101,1.10387040081,10.8853536583
0.698054,-0.866370670294,0.76920630323,10.1040507478,1.46409370122,1.13922951755,10.8853536583
0.69972,-0.866370670294,0.723825427995,10.1040507478,1.35801635101,1.13922951755,10.8853536583
0.701386,-0.866370670294,0.723825427995,10.1040507478,1.35801635101,1.06851128407,10.8125419561
0.703052,-0.866370670294,0.723825427995,10.1040507478,1.35801635101,1.13922951755,10.8125419561
0.704718,-0.820225880627,0.76920630323,10.1040507478,1.35801635101,1.10387040081,10.8853536583
0.706384,-0.866370670294,0.76920630323,10.1040507478,1.39337546774,1.20994775102,10.9922958461
0.70805,-0.820225880627,0.814587178465,10.149431623,1.35801635101,1.17458863428,10.8853536583
0.709716,-0.866370670294,0.723825427995,10.1040507478,1.35801635101,1.10387040081,10.8125419561
0.711382,-0.820225880627,0.76920630323,10.149431623,1.35801635101,1.10387040081,10.8853536583
0.713048,-0.820225880627,0.76920630323,10.149431623,1.39337546774,1.13922951755,10.8853536583
0.714714,-0.866370670294,0.723825427995,10.1040507478,1.32265723427,1.06851128407,10.8853536583
0.71638,-0.866370670294,0.723825427995,10.1040507478,1.35801635101,1.13922951755,10.8853536583
0.718046,-0.866370670294,0.76920630323,10.1040507478,1.35801635101,1.10387040081,10.8489478072
0.719712,-0.866370670294,0.76920630323,10.1040507478,1.39337546774,1.10387040081,10.8489478072
0.721378,-0.866370670294,0.76920630323,10.1040507478,1.39337546774,1.17458863428,10.8853536583
0.723044,-0.866370670294,0.723825427995,10.0586698725,1.35801635101,1.06851128407,10.8125419561
0.72471,-0.820225880627,0.814587178465,10.149431623,1.35801635101,1.13922951755,10.8489478072
0.726376,-0.866370670294,0.723825427995,10.1040507478,1.35801635101,1.10387040081,10.8853536583
0.728042,-0.820225880627,0.723825427995,10.149431623,1.46409370122,1.17458863428,10.8853536583
0.729708,-0.77408109096,0.814587178465,10.1948124982,1.39337546774,1.13922951755,10.9217595095
0.731374,-0.866370670294,0.723825427995,10.1040507478,1.35801635101,1.10387040081,10.8489478072
0.73304,-0.866370670294,0.723825427995,10.1040507478,1.35801635101,1.10387040081,10.8853536583
0.734706,-0.866370670294,0.723825427995,10.1040507478,1.39337546774,1.17458863428,10.8853536583
0.736372,-0.866370670294,0.76920630323,10.1040507478,1.28729811753,1.10387040081,10.9581653606
0.738038,-0.77408109096,0.814587178465,10.149431623,1.35801635101,1.10387040081,10.8853536583
0.739704,-0.77408109096,0.814587178465,10.149431623,1.39337546774,1.10387040081,10.8853536583
0.74137,-0.77408109096,0.859968053701,10.1948124982,1.39337546774,1.10387040081,10.8489478072
0.743036,-0.866370670294,0.76920630323,10.1040507478,1.39337546774,1.13922951755,10.8853536583
0.744702,-0.866370670294,0.723825427995,10.149431623,1.32265723427,1.06851128407,10.8125419561
0.746368,-0.866370670294,0.723825427995,10.1040507478,1.35801635101,1.10387040081,10.8853536583
0.748034,-0.77408109096,0.859968053701,10.1948124982,1.39337546774,1.13922951755,10.8853536583
0.7497,-0.912515459961,0.723825427995,10.1040507478,1.46409370122,1.24530686776,10.9217595095
0.751366,-0.866370670294,0.723825427995,10.1040507478,1.35801635101,1.17458863428,10.8853536583
0.753032,-0.866370670294,0.76920630323,10.1040507478,1.35801635101,1.10387040081,10.8125419561
0.754698,-0.866370670294,0.723825427995,10.1040507478,1.35801635101,1.13922951755,10.8489478072
0.756364,-0.866370670294,0.723825427995,10.1040507478,1.39337546774,1.13922951755,10.8853536583
0.75803,-0.820225880627,0.76920630323,10.149431623,1.35801635101,1.06851128407,10.7761361049
0.759696,-0.820225880627,0.76920630323,10.149431623,1.39337546774,1.13922951755,10.8853536583
0.761362,-0.866370670294,0.76920630323,10.1040507478,1.35801635101,1.13922951755,10.8853536583
0.763028,-0.820225880627,0.76920630323,10.1040507478,1.49945281795,1.20994775102,10.9217595095
0.764694,-0.820225880627,0.814587178465,10.149431623,1.35801635101,1.13922951755,10.8853536583
0.76636,-0.820225880627,0.814587178465,10.1948124982,1.35801635101,1.10387040081,10.8125419561
0.768026,-0.866370670294,0.76920630323,10.1040507478,1.35801635101,1.10387040081,10.8853536583
0.769692,-0.866370670294,0.723825427995,10.0586698725,1.39337546774,1.13922951755,10.8853536583
0.771358,-0.866370670294,0.723825427995,10.1040507478,1.28729811753,1.06851128407,10.9217595095
0.773024,-0.866370670294,0.76920630323,10.1040507478,1.35801635101,1.13922951755,10.8853536583
0.77469,-0.866370670294,0.723825427995,10.1040507478,1.35801635101,1.10387040081,10.8489478072
0.776356,-0.866370670294,0.76920630323,10.149431623,1.35801635101,1.10387040081,10.8125419561
0.778022,-0.866370670294,0.723825427995,10.1040507478,1.39337546774,1.13922951755,10.8853536583
0.779688,-0.866370670294,0.76920630323,10.1040507478,1.32265723427,1.06851128407,10.7761361049
0.781354,-0.77408109096,0.814587178465,10.1948124982,1.35801635101,1.10387040081,10.8853536583
0.78302,-0.866370670294,0.723825427995,10.1040507478,1.35801635101,1.13922951755,10.8853536583
0.784686,-0.866370670294,0.76920630323,10.149431623,1.46409370122,1.17458863428,10.8853536583
0.786352,-0.866370670294,0.76920630323,10.1040507478,1.35801635101,1.13922951755,10.8853536583
0.788018,-0.866370670294,0.76920630323,10.1040507478,1.35801635101,1.06851128407,10.8125419561
0.789684,-0.866370670294,0.76920630323,10.1040507478,1.35801635101,1.10387040081,10.8489478072
0.79135,-0.866370670294,0.723825427995,10.1040507478,1.35801635101,1.13922951755,10.8853536583
0.793016,-0.820225880627,0.723825427995,10.1040507478,1.46409370122,1.20994775102,10.8853536583
0.794682,-0.820225880627,0.76920630323,10.149431623,1.39337546774,1.13922951755,10.8853536583
0.796348,-0.77408109096,0.814587178465,10.1948124982,1.35801635101,1.06851128407,10.8125419561
0.798014,-0.866370670294,0.723825427995,10.1040507478,1.35801635101,1.10387040081,10.8853536583
0.79968,-0.866370670294,0.723825427995,10.1040507478,1.35801635101,1.10387040081,10.8489478072
0.801346,-0.866370670294,0.723825427995,10.1040507478,1.46409370122,1.17458863428,10.8853536583
0.803012,-0.820225880627,0.76920630323,10.1040507478,1.35801635101,1.10387040081,10.9217595095
0.804678,-0.866370670294,0.723825427995,10.149431623,1.35801635101,1.06851128407,10.8125419561
0.806344,-0.866370670294,0.76920630323,10.1040507478,1.35801635101,1.10387040081,10.8853536583
0.80801,-0.820225880627,0.76920630323,10.149431623,1.35801635101,1.13922951755,10.8489478072
0.809676,-0.866370670294,0.76920630323,10.1040507478,1.35801635101,1.06851128407,10.9217595095
0.811342,-0.866370670294,0.76920630323,10.1040507478,1.35801635101,1.13922951755,10.8853536583
0.813008,-0.820225880627,0.76920630323,10.1040507478,1.39337546774,1.10387040081,10.8125419561
0.814674,-0.866370670294,0.723825427995,10.1040507478,1.35801635101,1.13922951755,10.8853536583
0.81634,-0.77408109096,0.859968053701,10.1948124982,1.39337546774,1.13922951755,10.8853536583
0.818006,-0.866370670294,0.723825427995,10.1040507478,1.32265723427,1.06851128407,10.8489478072
0.819672,-0.866370670294,0.76920630323,10.1040507478,1.35801635101,1.13922951755,10.8853536583
0.821338,-0.866370670294,0.76920630323,10.149431623,1.35801635101,1.10387040081,10.8853536583
0.823004,-0.866370670294,0.723825427995,10.1040507478,1.35801635101,1.17458863428,10.8853536583
0.82467,-0.866370670294,0.76920630323,10.1040507478,1.39337546774,1.13922951755,10.8853536583
0.826336,-0.866370670294,0.723825427995,10.1040507478,1.32265723427,1.06851128407,10.7761361049
0.828002,-0.866370670294,0.76920630323,10.149431623,1.35801635101,1.10387040081,10.8853536583
0.829668,-0.866370670294,0.723825427995,10.149431623,1.35801635101,1.17458863428,10.8853536583
0.831334,-0.866370670294,0.723825427995,10.1040507478,1.46409370122,1.20994775102,10.9217595095
0.833,-0.866370670294,0.76920630323,10.1040507478,1.35801635101,1.17458863428,10.9217595095
0.834666,-0.820225880627,0.76920630323,10.149431623,1.32265723427,1.06851128407,10.8125419561
0.836332,-0.866370670294,0.76920630323,10.1040507478,1.35801635101,1.10387040081,10.8853536583
0.837998,-0.866370670294,0.723825427995,10.1040507478,1.35801635101,1.10387040081,10.8853536583
0.839664,-0.866370670294,0.76920630323,10.1040507478,1.46409370122,1.20994775102,10.8853536583
0.84133,-0.866370670294,0.76920630323,10.1040507478,1.35801635101,1.13922951755,10.8853536583
0.842996,-0.866370670294,0.76920630323,10.1040507478,1.32265723427,1.06851128407,10.8125419561
0.844662,-0.866370670294,0.723825427995,10.1040507478,1.32265723427,1.13922951755,10.8489478072
0.846328,-0.820225880627,0.814587178465,10.1948124982,1.35801635101,1.13922951755,10.8853536583
0.847994,-0.912515459961,0.723825427995,10.1040507478,1.28729811753,1.17458863428,10.9922958461
0.84966,-0.866370670294,0.76920630323,10.149431623,1.39337546774,1.10387040081,10.8853536583
0.851326,-0.866370670294,0.723825427995,10.1040507478,1.35801635101,1.13922951755,10.8489478072
0.852992,-0.866370670294,0.76920630323,10.1040507478,1.39337546774,1.13922951755,10.8853536583
0.854658,-0.866370670294,0.723825427995,10.1040507478,1.35801635101,1.13922951755,10.8853536583
0.856324,-0.866370670294,0.76920630323,10.1040507478,1.32265723427,1.06851128407,10.8125419561
0.85799,-0.77408109096,0.859968053701,10.1948124982,1.35801635101,1.10387040081,10.8853536583
0.859656,-0.866370670294,0.76920630323,10.1040507478,1.35801635101,1.13922951755,10.8853536583
0.861322,-0.866370670294,0.723825427995,10.1040507478,1.32265723427,1.20994775102,10.9922958461
0.862988,-0.866370670294,0.723825427995,10.1040507478,1.35801635101,1.13922951755,10.9217595095
0.864654,-0.866370670294,0.723825427995,10.1040507478,1.35801635101,1.10387040081,10.8853536583
0.86632,-0.820225880627,0.76920630323,10.149431623,1.39337546774,1.13922951755,10.8489478072
0.867986,-0.912515459961,0.723825427995,10.1040507478,1.35801635101,1.13922951755,10.8853536583
0.869652,-0.866370670294,0.723825427995,10.1040507478,1.32265723427,1.10387040081,10.8125419561
0.871318,-0.866370670294,0.76920630323,10.149431623,1.35801635101,1.10387040081,10.8853536583
0.872984,-0.866370670294,0.723825427995,10.149431623,1.35801635101,1.13922951755,10.8853536583
0.87465,-0.866370670294,0.723825427995,10.1040507478,1.46409370122,1.20994775102,10.9922958461
0.876316,-0.866370670294,0.76920630323,10.1040507478,1.39337546774,1.17458863428,10.8853536583
0.877982,-0.866370670294,0.723825427995,10.1040507478,1.32265723427,1.10387040081,10.8489478072
0.879648,-0.866370670294,0.76920630323,10.1040507478,1.35801635101,1.10387040081,10.8125419561
0.881314,-0.866370670294,0.723825427995,10.1040507478,1.35801635101,1.13922951755,10.8853536583
0.88298,-0.866370670294,0.76920630323,10.1040507478,1.28729811753,1.10387040081,10.9581653606
0.884646,-0.820225880627,0.814587178465,10.149431623,1.35801635101,1.13922951755,10.9217595095
0.886312,-0.866370670294,0.76920630323,10.1040507478,1.35801635101,1.10387040081,10.8853536583
0.887978,-0.866370670294,0.723825427995,10.1040507478,1.35801635101,1.10387040081,10.8489478072
0.889644,-0.866370670294,0.76920630323,10.1040507478,1.39337546774,1.10387040081,10.8853536583
0.89131,-0.912515459961,0.723825427995,10.1040507478,1.32265723427,1.06851128407,10.8125419561
0.892976,-0.866370670294,0.76920630323,10.1040507478,1.35801635101,1.10387040081,10.8853536583
0.894642,-0.866370670294,0.76920630323,10.1040507478,1.35801635101,1.10387040081,10.8853536583
0.896308,-0.866370670294,0.76920630323,10.1040507478,1.46409370122,1.20994775102,10.9217595095
0.897974,-0.77408109096,0.814587178465,10.1948124982,1.35801635101,1.13922951755,10.8853536583
0.89964,-0.866370670294,0.723825427995,10.1040507478,1.35801635101,1.06851128407,10.8853536583
0.901306,-0.866370670294,0.76920630323,10.1040507478,1.32265723427,1.10387040081,10.8489478072
0.902972,-0.866370670294,0.76920630323,10.1040507478,1.35801635101,1.13922951755,10.8853536583
0.904638,-0.866370670294,0.723825427995,10.1040507478,1.28729811753,1.20994775102,10.9922958461
0.906304,-0.866370670294,0.723825427995,10.1040507478,1.35801635101,1.13922951755,10.8853536583
0.90797,-0.820225880627,0.814587178465,10.149431623,1.35801635101,1.10387040081,10.8125419561
0.909636,-0.866370670294,0.723825427995,10.1040507478,1.35801635101,1.10387040081,10.8853536583
0.911302,-0.866370670294,0.723825427995,10.1040507478,1.35801635101,1.13922951755,10.8853536583
0.912968,-0.866370670294,0.76920630323,10.149431623,1.28729811753,1.06851128407,10.9217595095
0.914634,-0.866370670294,0.76920630323,10.1040507478,1.35801635101,1.10387040081,10.8853536583
0.9163,-0.866370670294,0.76920630323,10.149431623,1.35801635101,1.10387040081,10.8853536583
0.917966,-0.866370670294,0.723825427995,10.1040507478,1.35801635101,1.13922951755,10.8489478072
0.919632,-0.866370670294,0.723825427995,10.1040507478,1.35801635101,1.06851128407,10.8853536583
0.921298,-0.820225880627,0.814587178465,10.149431623,1.32265723427,1.06851128407,10.7761361049
0.922964,-0.866370670294,0.723825427995,10.1040507478,1.35801635101,1.10387040081,10.8853536583
0.92463,-0.866370670294,0.723825427995,10.1040507478,1.35801635101,1.10387040081,10.8853536583
0.926296,-0.866370670294,0.76920630323,10.1040507478,1.46409370122,1.20994775102,10.8853536583
0.927962,-0.866370670294,0.76920630323,10.1040507478,1.35801635101,1.13922951755,10.8853536583
0.929628,-0.866370670294,0.76920630323,10.1040507478,1.35801635101,1.10387040081,10.8489478072
0.931294,-0.866370670294,0.76920630323,10.1040507478,1.35801635101,1.10387040081,10.8489478072
0.93296,-0.912515459961,0.76920630323,10.1040507478,1.39337546774,1.17458863428,10.8853536583
0.934626,-0.866370670294,0.723825427995,10.1040507478,1.32265723427,1.06851128407,10.7761361049
0.936292,-0.77408109096,0.859968053701,10.1948124982,1.35801635101,1.10387040081,10.8853536583
0.937958,-0.77408109096,0.859968053701,10.1948124982,1.35801635101,1.10387040081,10.8853536583
0.939624,-0.866370670294,0.723825427995,10.1040507478,1.42873458448,1.13922951755,10.8489478072
0.94129,-0.866370670294,0.723825427995,10.1040507478,1.35801635101,1.13922951755,10.8853536583
0.942956,-0.866370670294,0.723825427995,10.1040507478,1.35801635101,1.10387040081,10.8125419561
0.944622,-0.866370670294,0.723825427995,10.1040507478,1.32265723427,1.13922951755,10.8853536583
0.946288,-0.866370670294,0.723825427995,10.1040507478,1.35801635101,1.10387040081,10.8853536583
0.947954,-0.866370670294,0.76920630323,10.1040507478,1.35801635101,1.20994775102,10.9581653606
0.94962,-0.820225880627,0.76920630323,10.149431623,1.39337546774,1.13922951755,10.8853536583
0.951286,-0.77408109096,0.859968053701,10.1948124982,1.35801635101,1.10387040081,10.8853536583
0.952952,-0.866370670294,0.76920630323,10.149431623,1.35801635101,1.10387040081,10.8489478072
0.954618,-0.866370670294,0.723825427995,10.1040507478,1.35801635101,1.13922951755,10.8853536583
0.956284,-0.866370670294,0.723825427995,10.1040507478,1.28729811753,1.06851128407,10.7761361049
0.95795,-0.820225880627,0.814587178465,10.1948124982,1.35801635101,1.10387040081,10.8853536583
0.959616,-0.820225880627,0.814587178465,10.149431623,1.35801635101,1.10387040081,10.8853536583
0.961282,-0.77408109096,0.859968053701,10.1948124982,1.42873458448,1.13922951755,10.8853536583
0.962948,-0.77408109096,0.859968053701,10.1948124982,1.39337546774,1.13922951755,10.8853536583
0.964614,-0.866370670294,0.76920630323,10.149431623,1.35801635101,1.06851128407,10.8125419561
0.96628,-0.77408109096,0.814587178465,10.149431623,1.35801635101,1.13922951755,10.8489478072
0.967946,-0.820225880627,0.76920630323,10.149431623,1.35801635101,1.13922951755,10.8853536583
0.969612,-0.866370670294,0.76920630323,10.1040507478,1.46409370122,1.20994775102,10.9217595095
0.971278,-0.866370670294,0.76920630323,10.1040507478,1.39337546774,1.13922951755,10.8853536583
0.972944,-0.866370670294,0.76920630323,10.1040507478,1.32265723427,1.10387040081,10.8125419561
0.97461,-0.866370670294,0.76920630323,10.1040507478,1.35801635101,1.10387040081,10.8853536583
0.976276,-0.77408109096,0.859968053701,10.1948124982,1.35801635101,1.13922951755,10.8853536583
0.977942,-0.820225880627,0.76920630323,10.149431623,1.32265723427,1.06851128407,10.7761361049
0.979608,-0.866370670294,0.76920630323,10.1040507478,1.35801635101,1.13922951755,10.8853536583
0.981274,-0.866370670294,0.76920630323,10.1040507478,1.35801635101,1.13922951755,10.8489478072
0.98294,-0.866370670294,0.723825427995,10.1040507478,1.46409370122,1.17458863428,10.8853536583
0.984606,-0.866370670294,0.723825427995,10.1040507478,1.39337546774,1.10387040081,10.8853536583
0.986272,-0.866370670294,0.76920630323,10.1040507478,1.32265723427,1.10387040081,10.8125419561
0.987938,-0.866370670294,0.76920630323,10.1040507478,1.35801635101,1.10387040081,10.8853536583
0.989604,-0.866370670294,0.76920630323,10.1040507478,1.35801635101,1.10387040081,10.8853536583
0.99127,-0.866370670294,0.723825427995,10.1040507478,1.46409370122,1.20994775102,10.9217595095
0.992936,-0.866370670294,0.723825427995,10.1040507478,1.35801635101,1.13922951755,10.8853536583
0.994602,-0.866370670294,0.76920630323,10.1040507478,1.32265723427,1.06851128407,10.8125419561
0.996268,-0.820225880627,0.814587178465,10.1948124982,1.35801635101,1.13922951755,10.8853536583
0.997934,-0.866370670294,0.76920630323,10.1040507478,1.35801635101,1.13922951755,10.8853536583
0.9996,-0.866370670294,0.76920630323,10.1040507478,1.42873458448,1.20994775102,10.9581653606
1.001266,-0.866370670294,0.723825427995,10.1040507478,1.35801635101,1.13922951755,10.8853536583
1.002932,-0.866370670294,0.723825427995,10.1040507478,1.35801635101,1.10387040081,10.8125419561
1.004598,-0.820225880627,0.814587178465,10.149431623,1.35801635101,1.10387040081,10.8489478072
1.006264,-0.866370670294,0.723825427995,10.1040507478,1.39337546774,1.13922951755,10.8853536583
1.00793,-0.866370670294,0.723825427995,10.1040507478,1.32265723427,1.06851128407,10.8125419561
1.009596,-0.866370670294,0.723825427995,10.1040507478,1.39337546774,1.10387040081,10.8853536583
1.011262,-0.866370670294,0.723825427995,10.1040507478,1.35801635101,1.10387040081,10.8853536583
1.012928,-0.866370670294,0.76920630323,10.1040507478,1.39337546774,1.13922951755,10.8853536583
1.014594,-0.866370670294,0.723825427995,10.1040507478,1.39337546774,1.10387040081,10.8853536583
1.01626,-0.820225880627,0.814587178465,10.1948124982,1.32265723427,1.06851128407,10.8125419561
1.017926,-0.820225880627,0.76920630323,10.149431623,1.32265723427,1.10387040081,10.8853536583
1.019592,-0.77408109096,0.814587178465,10.1948124982,1.35801635101,1.10387040081,10.8853536583
1.021258,-0.820225880627,0.76920630323,10.149431623,1.32265723427,1.20994775102,10.9922958461
1.022924,-0.866370670294,0.723825427995,10.1040507478,1.35801635101,1.13922951755,10.8853536583
1.02459,-0.866370670294,0.723825427995,10.1040507478,1.35801635101,1.06851128407,10.8489478072
1.026256,-0.866370670294,0.723825427995,10.1040507478,1.35801635101,1.10387040081,10.8489478072
1.027922,-0.866370670294,0.76920630323,10.1040507478,1.39337546774,1.13922951755,10.8853536583
1.029588,-0.866370670294,0.723825427995,10.1040507478,1.28729811753,1.06851128407,10.7761361049
1.031254,-0.866370670294,0.723825427995,10.1040507478,1.39337546774,1.10387040081,10.8853536583
1.03292,-0.866370670294,0.723825427995,10.1040507478,1.35801635101,1.13922951755,10.8489478072
1.034586,-0.866370670294,0.723825427995,10.1040507478,1.46409370122,1.13922951755,10.8853536583
1.036252,-0.866370670294,0.723825427995,10.1040507478,1.35801635101,1.13922951755,10.8853536583
1.037918,-0.866370670294,0.76920630323,10.1040507478,1.35801635101,1.06851128407,10.8125419561
1.039584,-0.866370670294,0.76920630323,10.1040507478,1.35801635101,1.10387040081,10.8489478072
1.04125,-0.866370670294,0.76920630323,10.1040507478,1.35801635101,1.13922951755,10.8489478072
1.042916,-0.866370670294,0.723825427995,10.1040507478,1.35801635101,1.20994775102,10.9922958461
1.044582,-0.866370670294,0.723825427995,10.1040507478,1.39337546774,1.10387040081,10.8853536583
1.046248,-0.866370670294,0.76920630323,10.149431623,1.35801635101,1.13922951755,10.8489478072
1.047914,-0.866370670294,0.76920630323,10.1040507478,1.39337546774,1.13922951755,10.8489478072
1.04958,-0.866370670294,0.76920630323,10.1040507478,1.39337546774,1.10387040081,10.8853536583
1.051246,-0.866370670294,0.76920630323,10.1040507478,1.32265723427,1.06851128407,10.8125419561
1.052912,-0.866370670294,0.76920630323,10.1040507478,1.35801635101,1.10387040081,10.8489478072
1.054578,-0.866370670294,0.723825427995,10.1040507478,1.35801635101,1.13922951755,10.8853536583
1.056244,-0.820225880627,0.76920630323,10.1040507478,1.32265723427,1.20994775102,10.9922958461
1.05791,-0.866370670294,0.723825427995,10.1040507478,1.35801635101,1.10387040081,10.8853536583
1.059576,-0.866370670294,0.723825427995,10.1040507478,1.35801635101,1.10387040081,10.8489478072
1.061242,-0.77408109096,0.814587178465,10.1948124982,1.39337546774,1.10387040081,10.8853536583
1.062908,-0.866370670294,0.76920630323,10.1040507478,1.39337546774,1.13922951755,10.8853536583
1.064574,-0.866370670294,0.723825427995,10.1040507478,1.32265723427,1.06851128407,10.8125419561
1.06624,-0.866370670294,0.76920630323,10.1040507478,1.35801635101,1.13922951755,10.8853536583
1.067906,-0.820225880627,0.76920630323,10.149431623,1.39337546774,1.10387040081,10.8853536583
1.069572,-0.866370670294,0.76920630323,10.1040507478,1.35801635101,1.20994775102,10.9922958461
1.071238,-0.866370670294,0.76920630323,10.1040507478,1.35801635101,1.13922951755,10.8853536583
1.072904,-0.866370670294,0.723825427995,10.1040507478,1.35801635101,1.10387040081,10.8853536583
1.07457,-0.866370670294,0.723825427995,10.1040507478,1.35801635101,1.10387040081,10.8489478072
1.076236,-0.866370670294,0.723825427995,10.1040507478,1.39337546774,1.13922951755,10.8853536583
1.077902,-0.866370670294,0.76920630323,10.1040507478,1.28729811753,1.06851128407,10.8489478072
1.079568,-0.77408109096,0.859968053701,10.1948124982,1.39337546774,1.10387040081,10.8853536583
1.081234,-0.866370670294,0.76920630323,10.1040507478,1.35801635101,1.13922951755,10.8489478072
1.0829,-0.866370670294,0.723825427995,10.1040507478,1.39337546774,1.13922951755,10.8853536583
1.084566,-0.866370670294,0.723825427995,10.1040507478,1.39337546774,1.13922951755,10.8853536583
1.086232,-0.866370670294,0.76920630323,10.1040507478,1.32265723427,1.06851128407,10.8125419561
1.087898,-0.866370670294,0.723825427995,10.1040507478,1.35801635101,1.10387040081,10.8489478072
1.089564,-0.866370670294,0.723825427995,10.1040507478,1.35801635101,1.13922951755,10.8853536583
1.09123,-0.866370670294,0.76920630323,10.1040507478,1.42873458448,1.17458863428,10.8853536583
1.092896,-0.866370670294,0.723825427995,10.1040507478,1.39337546774,1.13922951755,10.8853536583
1.094562,-0.866370670294,0.723825427995,10.1040507478,1.35801635101,1.10387040081,10.8489478072
1.096228,-0.866370670294,0.723825427995,10.1040507478,1.35801635101,1.13922951755,10.8125419561
1.097894,-0.820225880627,0.76920630323,10.1040507478,1.35801635101,1.13922951755,10.8853536583
1.09956,-0.866370670294,0.76920630323,10.1040507478,1.32265723427,1.17458863428,10.9922958461
1.101226,-0.866370670294,0.76920630323,10.1040507478,1.35801635101,1.13922951755,10.8853536583
1.102892,-0.866370670294,0.723825427995,10.1040507478,1.35801635101,1.10387040081,10.8489478072
1.104558,-0.866370670294,0.723825427995,10.1040507478,1.35801635101,1.10387040081,10.8489478072
1.106224,-0.77408109096,0.814587178465,10.1948124982,1.39337546774,1.13922951755,10.8853536583
1.10789,-0.727936301293,0.859968053701,10.1948124982,1.32265723427,1.06851128407,10.7761361049
1.109556,-0.77408109096,0.859968053701,10.1948124982,1.35801635101,1.13922951755,10.8853536583
1.111222,-0.866370670294,0.76920630323,10.1040507478,1.35801635101,1.13922951755,10.8489478072
1.112888,-0.866370670294,0.76920630323,10.1040507478,1.46409370122,1.20994775102,10.8853536583
1.114554,-0.866370670294,0.76920630323,10.1040507478,1.35801635101,1.13922951755,10.8853536583
1.11622,-0.866370670294,0.723825427995,10.1040507478,1.32265723427,1.13922951755,10.8125419561
1.117886,-0.866370670294,0.76920630323,10.1040507478,1.35801635101,1.13922951755,10.8489478072
1.119552,-0.77408109096,0.814587178465,10.149431623,1.39337546774,1.10387040081,10.8853536583
1.121218,-0.866370670294,0.723825427995,10.1040507478,1.32265723427,1.06851128407,10.8489478072
1.122884,-0.727936301293,0.859968053701,10.1948124982,1.39337546774,1.13922951755,10.8853536583
1.12455,-0.820225880627,0.723825427995,10.149431623,1.35801635101,1.13922951755,10.8489478072
1.126216,-0.866370670294,0.723825427995,10.1040507478,1.46409370122,1.13922951755,10.8853536583
1.127882,-0.866370670294,0.723825427995,10.1040507478,1.35801635101,1.13922951755,10.8853536583
1.129548,-0.820225880627,0.76920630323,10.149431623,1.35801635101,1.06851128407,10.8125419561
1.131214,-0.866370670294,0.76920630323,10.1040507478,1.35801635101,1.10387040081,10.8489478072
1.13288,-0.866370670294,0.723825427995,10.1040507478,1.39337546774,1.13922951755,10.8853536583
1.134546,-0.820225880627,0.76920630323,10.1040507478,1.35801635101,1.20994775102,10.9581653606
1.136212,-0.866370670294,0.76920630323,10.1040507478,1.39337546774,1.10387040081,10.8853536583
1.137878,-0.820225880627,0.76920630323,10.1040507478,1.35801635101,1.10387040081,10.8125419561
1.139544,-0.866370670294,0.76920630323,10.1040507478,1.32265723427,1.10387040081,10.8853536583
1.14121,-0.866370670294,0.76920630323,10.1040507478,1.39337546774,1.13922951755,10.8853536583
1.142876,-0.866370670294,0.76920630323,10.1040507478,1.35801635101,1.03315216734,10.8125419561
1.144542,-0.866370670294,0.723825427995,10.1040507478,1.35801635101,1.10387040081,10.8853536583
1.146208,-0.866370670294,0.723825427995,10.1040507478,1.39337546774,1.10387040081,10.8853536583
1.147874,-0.866370670294,0.76920630323,10.1040507478,1.39337546774,1.13922951755,10.8489478072
1.14954,-0.866370670294,0.76920630323,10.1040507478,1.39337546774,1.10387040081,10.8853536583
1.151206,-0.866370670294,0.723825427995,10.1040507478,1.35801635101,1.10387040081,10.8125419561
1.152872,-0.866370670294,0.76920630323,10.1040507478,1.35801635101,1.10387040081,10.8853536583
1.154538,-0.820225880627,0.76920630323,10.149431623,1.39337546774,1.13922951755,10.8853536583
1.156204,-0.866370670294,0.76920630323,10.1040507478,1.46409370122,1.20994775102,10.9922958461
1.15787,-0.820225880627,0.76920630323,10.1040507478,1.35801635101,1.10387040081,10.8853536583
1.159536,-0.820225880627,0.76920630323,10.149431623,1.35801635101,1.10387040081,10.8489478072
1.161202,-0.77408109096,0.814587178465,10.1948124982,1.35801635101,1.10387040081,10.8853536583
1.162868,-0.866370670294,0.723825427995,10.1040507478,1.39337546774,1.10387040081,10.8489478072
1.164534,-0.866370670294,0.76920630323,10.149431623,1.39337546774,1.20994775102,10.9922958461
1.1662,-0.77408109096,0.859968053701,10.1948124982,1.35801635101,1.10387040081,10.8853536583
1.167866,-0.866370670294,0.723825427995,10.1040507478,1.39337546774,1.10387040081,10.8489478072
1.169532,-0.866370670294,0.76920630323,10.1040507478,1.35801635101,1.10387040081,10.8489478072
1.171198,-0.820225880627,0.76920630323,10.149431623,1.39337546774,1.13922951755,10.8853536583
1.172864,-0.866370670294,0.723825427995,10.1040507478,1.35801635101,1.06851128407,10.7761361049
1.17453,-0.820225880627,0.76920630323,10.149431623,1.35801635101,1.13922951755,10.8853536583
1.176196,-0.820225880627,0.76920630323,10.1040507478,1.35801635101,1.10387040081,10.8853536583
1.177862,-0.866370670294,0.723825427995,10.1040507478,1.46409370122,1.17458863428,10.8853536583
1.179528,-0.866370670294,0.76920630323,10.1040507478,1.39337546774,1.13922951755,10.8853536583
1.181194,-0.866370670294,0.76920630323,10.1040507478,1.35801635101,1.06851128407,10.8125419561
1.18286,-0.866370670294,0.723825427995,10.1040507478,1.35801635101,1.10387040081,10.8489478072
1.184526,-0.866370670294,0.723825427995,10.1040507478,1.39337546774,1.10387040081,10.8853536583
1.186192,-0.820225880627,0.76920630323,10.149431623,1.35801635101,1.24530686776,10.9922958461
1.187858,-0.77408109096,0.814587178465,10.149431623,1.35801635101,1.17458863428,10.8853536583
1.189524,-0.820225880627,0.76920630323,10.1040507478,1.35801635101,1.10387040081,10.8489478072
1.19119,-0.866370670294,0.723825427995,10.1040507478,1.35801635101,1.10387040081,10.8489478072
1.192856,-0.866370670294,0.723825427995,10.1040507478,1.39337546774,1.13922951755,10.8853536583
1.194522,-0.866370670294,0.76920630323,10.1040507478,1.35801635101,1.06851128407,10.7761361049
1.196188,-0.820225880627,0.723825427995,10.149431623,1.39337546774,1.10387040081,10.8853536583
1.197854,-0.866370670294,0.76920630323,10.1040507478,1.39337546774,1.10387040081,10.8853536583
1.19952,-0.820225880627,0.76920630323,10.149431623,1.49945281795,1.17458863428,10.8853536583
1.201186,-0.866370670294,0.723825427995,10.1040507478,1.39337546774,1.13922951755,10.8853536583
1.202852,-0.866370670294,0.723825427995,10.1040507478,1.35801635101,1.06851128407,10.8853536583
1.204518,-0.866370670294,0.723825427995,10.149431623,1.35801635101,1.06851128407,10.8853536583
1.206184,-0.820225880627,0.76920630323,10.149431623,1.35801635101,1.13922951755,10.8853536583
1.20785,-0.820225880627,0.76920630323,10.149431623,1.46409370122,1.20994775102,10.9581653606
1.209516,-0.820225880627,0.76920630323,10.1040507478,1.39337546774,1.13922951755,10.8853536583
1.211182,-0.820225880627,0.76920630323,10.1040507478,1.39337546774,1.10387040081,10.8489478072
1.212848,-0.820225880627,0.76920630323,10.1040507478,1.35801635101,1.10387040081,10.8489478072
1.214514,-0.866370670294,0.76920630323,10.1040507478,1.39337546774,1.10387040081,10.8853536583
1.21618,-0.820225880627,0.814587178465,10.149431623,1.32265723427,1.10387040081,10.7761361049
1.217846,-0.866370670294,0.723825427995,10.1040507478,1.35801635101,1.13922951755,10.8853536583
1.219512,-0.820225880627,0.76920630323,10.1040507478,1.35801635101,1.10387040081,10.8853536583
1.221178,-0.866370670294,0.723825427995,10.1040507478,1.46409370122,1.13922951755,10.8853536583
1.222844,-0.727936301293,0.859968053701,10.1948124982,1.35801635101,1.13922951755,10.8853536583
1.22451,-0.866370670294,0.723825427995,10.1040507478,1.35801635101,1.10387040081,10.8125419561
1.226176,-0.820225880627,0.76920630323,10.149431623,1.35801635101,1.10387040081,10.8489478072
1.227842,-0.866370670294,0.723825427995,10.1040507478,1.39337546774,1.10387040081,10.8853536583
1.229508,-0.866370670294,0.76920630323,10.1040507478,1.32265723427,1.03315216734,10.8853536583
1.231174,-0.866370670294,0.76920630323,10.1040507478,1.35801635101,1.10387040081,10.8853536583
1.23284,-0.866370670294,0.723825427995,10.1040507478,1.35801635101,1.10387040081,10.8489478072
1.234506,-0.820225880627,0.76920630323,10.1040507478,1.35801635101,1.10387040081,10.8489478072
1.236172,-0.866370670294,0.76920630323,10.1040507478,1.35801635101,1.13922951755,10.8853536583
1.237838,-0.866370670294,0.723825427995,10.1040507478,1.32265723427,1.06851128407,10.7761361049
1.239504,-0.866370670294,0.76920630323,10.1040507478,1.35801635101,1.13922951755,10.8853536583
1.24117,-0.866370670294,0.76920630323,10.1040507478,1.39337546774,1.10387040081,10.8489478072
1.242836,-0.866370670294,0.723825427995,10.1040507478,1.46409370122,1.17458863428,10.8489478072
1.244502,-0.820225880627,0.76920630323,10.1040507478,1.39337546774,1.13922951755,10.8853536583
1.246168,-0.727936301293,0.859968053701,10.1948124982,1.35801635101,1.06851128407,10.8125419561
1.247834,-0.866370670294,0.76920630323,10.1040507478,1.35801635101,1.10387040081,10.8489478072
1.2495,-0.866370670294,0.723825427995,10.1040507478,1.39337546774,1.13922951755,10.8853536583
1.251166,-0.820225880627,0.76920630323,10.1040507478,1.32265723427,1.20994775102,10.9922958461
1.252832,-0.866370670294,0.723825427995,10.1040507478,1.39337546774,1.13922951755,10.8853536583
1.254498,-0.820225880627,0.76920630323,10.1040507478,1.35801635101,1.10387040081,10.8489478072
1.256164,-0.866370670294,0.76920630323,10.1040507478,1.35801635101,1.10387040081,10.8853536583
1.25783,-0.866370670294,0.723825427995,10.1040507478,1.39337546774,1.13922951755,10.8853536583
1.259496,-0.820225880627,0.76920630323,10.149431623,1.32265723427,1.06851128407,10.8125419561
1.261162,-0.866370670294,0.76920630323,10.1040507478,1.35801635101,1.13922951755,10.8489478072
1.262828,-0.866370670294,0.723825427995,10.1040507478,1.39337546774,1.10387040081,10.8853536583
1.264494,-0.866370670294,0.76920630323,10.1040507478,1.46409370122,1.20994775102,10.8853536583
1.26616,-0.866370670294,0.723825427995,10.1040507478,1.42873458448,1.13922951755,10.8853536583
1.267826,-0.820225880627,0.723825427995,10.1040507478,1.35801635101,1.10387040081,10.8125419561
1.269492,-0.866370670294,0.76920630323,10.1040507478,1.35801635101,1.10387040081,10.8853536583
1.271158,-0.866370670294,0.76920630323,10.1040507478,1.35801635101,1.10387040081,10.8853536583
1.272824,-0.866370670294,0.723825427995,10.1040507478,1.32265723427,1.20994775102,10.9581653606
1.27449,-0.866370670294,0.76920630323,10.1040507478,1.39337546774,1.10387040081,10.8853536583
1.276156,-0.77408109096,0.859968053701,10.1948124982,1.35801635101,1.10387040081,10.8489478072
1.277822,-0.820225880627,0.76920630323,10.149431623,1.39337546774,1.10387040081,10.8853536583
1.279488,-0.866370670294,0.723825427995,10.1040507478,1.39337546774,1.13922951755,10.8853536583
1.281154,-0.866370670294,0.723825427995,10.1040507478,1.35801635101,1.06851128407,10.7761361049
1.28282,-0.820225880627,0.76920630323,10.149431623,1.35801635101,1.10387040081,10.8853536583
1.284486,-0.866370670294,0.76920630323,10.1040507478,1.39337546774,1.10387040081,10.8853536583
1.286152,-0.866370670294,0.76920630323,10.1040507478,1.46409370122,1.20994775102,10.8853536583
1.287818,-0.866370670294,0.723825427995,10.1040507478,1.39337546774,1.13922951755,10.8853536583
1.289484,-0.866370670294,0.76920630323,10.1040507478,1.32265723427,1.06851128407,10.8125419561
1.29115,-0.866370670294,0.723825427995,10.0586698725,1.35801635101,1.13922951755,10.8853536583
1.292816,-0.866370670294,0.723825427995,10.1040507478,1.35801635101,1.13922951755,10.8853536583
1.294482,-0.77408109096,0.814587178465,10.1948124982,1.46409370122,1.17458863428,10.8853536583
1.296148,-0.820225880627,0.76920630323,10.149431623,1.39337546774,1.13922951755,10.9217595095
1.297814,-0.77408109096,0.814587178465,10.149431623,1.35801635101,1.06851128407,10.8125419561
1.29948,-0.77408109096,0.814587178465,10.1948124982,1.32265723427,1.10387040081,10.8853536583
1.301146,-0.820225880627,0.814587178465,10.149431623,1.39337546774,1.13922951755,10.8853536583
1.302812,-0.866370670294,0.723825427995,10.1040507478,1.28729811753,1.20994775102,10.9581653606
1.304478,-0.866370670294,0.723825427995,10.1040507478,1.39337546774,1.13922951755,10.8853536583
1.306144,-0.866370670294,0.76920630323,10.1040507478,1.35801635101,1.10387040081,10.8853536583
1.30781,-0.866370670294,0.723825427995,10.1040507478,1.35801635101,1.06851128407,10.8489478072
1.309476,-0.866370670294,0.723825427995,10.1040507478,1.39337546774,1.13922951755,10.8853536583
1.311142,-0.866370670294,0.723825427995,10.1040507478,1.28729811753,1.06851128407,10.8853536583
1.312808,-0.866370670294,0.723825427995,10.1040507478,1.42873458448,1.10387040081,10.8853536583
1.314474,-0.866370670294,0.76920630323,10.1040507478,1.39337546774,1.10387040081,10.8489478072
1.31614,-0.866370670294,0.723825427995,10.1040507478,1.35801635101,1.10387040081,10.8489478072
1.317806,-0.866370670294,0.76920630323,10.149431623,1.35801635101,1.13922951755,10.8853536583
1.319472,-0.866370670294,0.76920630323,10.1040507478,1.28729811753,1.06851128407,10.8853536583
1.321138,-0.866370670294,0.76920630323,10.1040507478,1.35801635101,1.10387040081,10.8853536583
1.322804,-0.820225880627,0.76920630323,10.1040507478,1.39337546774,1.10387040081,10.8489478072
1.32447,-0.866370670294,0.723825427995,10.1040507478,1.39337546774,1.13922951755,10.8853536583
1.326136,-0.866370670294,0.76920630323,10.1040507478,1.39337546774,1.13922951755,10.8853536583
1.327802,-0.866370670294,0.76920630323,10.1040507478,1.32265723427,1.06851128407,10.8125419561
1.329468,-0.866370670294,0.76920630323,10.1040507478,1.35801635101,1.10387040081,10.8853536583
1.331134,-0.866370670294,0.76920630323,10.1040507478,1.35801635101,1.10387040081,10.8853536583
1.3328,-0.820225880627,0.723825427995,10.1040507478,1.32265723427,1.06851128407,10.9217595095
1.334466,-0.866370670294,0.723825427995,10.1040507478,1.35801635101,1.13922951755,10.8853536583
1.336132,-0.866370670294,0.76920630323,10.149431623,1.35801635101,1.10387040081,10.8853536583
1.337798,-0.820225880627,0.76920630323,10.149431623,1.35801635101,1.10387040081,10.8489478072
1.339464,-0.866370670294,0.76920630323,10.1040507478,1.39337546774,1.13922951755,10.8853536583
1.34113,-0.866370670294,0.723825427995,10.1040507478,1.32265723427,1.06851128407,10.7761361049
1.342796,-0.866370670294,0.723825427995,10.1040507478,1.35801635101,1.10387040081,10.8853536583
1.344462,-0.866370670294,0.76920630323,10.1040507478,1.35801635101,1.10387040081,10.8853536583
1.346128,-0.866370670294,0.76920630323,10.1040507478,1.46409370122,1.17458863428,10.8853536583
1.347794,-0.866370670294,0.723825427995,10.1040507478,1.35801635101,1.13922951755,10.8853536583
1.34946,-0.820225880627,0.76920630323,10.149431623,1.35801635101,1.06851128407,10.8125419561
1.351126,-0.77408109096,0.814587178465,10.1948124982,1.35801635101,1.10387040081,10.8853536583
1.352792,-0.77408109096,0.859968053701,10.1948124982,1.39337546774,1.10387040081,10.8853536583
1.354458,-0.77408109096,0.859968053701,10.1948124982,1.39337546774,1.24530686776,10.9217595095
1.356124,-0.866370670294,0.76920630323,10.149431623,1.39337546774,1.13922951755,10.8853536583
1.35779,-0.866370670294,0.723825427995,10.1040507478,1.35801635101,1.10387040081,10.8125419561
1.359456,-0.866370670294,0.76920630323,10.1040507478,1.35801635101,1.10387040081,10.8853536583
1.361122,-0.866370670294,0.76920630323,10.1040507478,1.39337546774,1.13922951755,10.8853536583
1.362788,-0.820225880627,0.76920630323,10.1040507478,1.32265723427,1.06851128407,10.8853536583
1.364454,-0.866370670294,0.76920630323,10.1040507478,1.39337546774,1.10387040081,10.8489478072
1.36612,-0.866370670294,0.723825427995,10.1040507478,1.35801635101,1.10387040081,10.8489478072
1.367786,-0.866370670294,0.76920630323,10.1040507478,1.35801635101,1.10387040081,10.8125419561
1.369452,-0.866370670294,0.76920630323,10.1040507478,1.39337546774,1.10387040081,10.8853536583
1.371118,-0.866370670294,0.723825427995,10.1040507478,1.32265723427,1.06851128407,10.7397302538
1.372784,-0.866370670294,0.723825427995,10.1040507478,1.35801635101,1.10387040081,10.8853536583
1.37445,-0.866370670294,0.76920630323,10.1040507478,1.35801635101,1.13922951755,10.8853536583
1.376116,-0.77408109096,0.859968053701,10.1948124982,1.46409370122,1.17458863428,10.8853536583
1.377782,-0.77408109096,0.814587178465,10.149431623,1.39337546774,1.13922951755,10.8853536583
1.379448,-0.820225880627,0.76920630323,10.149431623,1.35801635101,1.10387040081,10.8125419561
1.381114,-0.866370670294,0.723825427995,10.1040507478,1.35801635101,1.13922951755,10.8853536583
1.38278,-0.820225880627,0.76920630323,10.1040507478,1.39337546774,1.10387040081,10.8853536583
1.384446,-0.866370670294,0.76920630323,10.1040507478,1.39337546774,1.24530686776,10.9581653606
1.386112,-0.77408109096,0.814587178465,10.1948124982,1.35801635101,1.17458863428,10.8853536583
1.387778,-0.866370670294,0.723825427995,10.0586698725,1.35801635101,1.10387040081,10.8125419561
1.389444,-0.866370670294,0.723825427995,10.1040507478,1.35801635101,1.10387040081,10.8489478072
1.39111,-0.866370670294,0.76920630323,10.1040507478,1.35801635101,1.17458863428,10.8853536583
1.392776,-0.866370670294,0.723825427995,10.1040507478,1.32265723427,1.06851128407,10.9217595095
1.394442,-0.866370670294,0.723825427995,10.1040507478,1.35801635101,1.10387040081,10.8853536583
1.396108,-0.866370670294,0.76920630323,10.1040507478,1.35801635101,1.10387040081,10.8489478072
1.397774,-0.866370670294,0.76920630323,10.1040507478,1.35801635101,1.10387040081,10.8489478072
1.39944,-0.820225880627,0.76920630323,10.149431623,1.35801635101,1.17458863428,10.8853536583
1.401106,-0.866370670294,0.723825427995,10.1040507478,1.32265723427,1.06851128407,10.8125419561
1.402772,-0.866370670294,0.76920630323,10.1040507478,1.35801635101,1.10387040081,10.8853536583
1.404438,-0.866370670294,0.76920630323,10.1040507478,1.35801635101,1.13922951755,10.8853536583
1.406104,-0.866370670294,0.723825427995,10.1040507478,1.49945281795,1.20994775102,10.8853536583
1.40777,-0.866370670294,0.76920630323,10.1040507478,1.35801635101,1.13922951755,10.8853536583
1.409436,-0.866370670294,0.723825427995,10.1040507478,1.35801635101,1.10387040081,10.8489478072
1.411102,-0.866370670294,0.76920630323,10.149431623,1.35801635101,1.06851128407,10.8489478072
1.412768,-0.866370670294,0.76920630323,10.1040507478,1.35801635101,1.13922951755,10.8853536583
1.414434,-0.866370670294,0.723825427995,10.1040507478,1.28729811753,1.06851128407,10.9217595095
1.4161,-0.866370670294,0.76920630323,10.1040507478,1.35801635101,1.10387040081,10.8853536583
1.417766,-0.866370670294,0.76920630323,10.1040507478,1.35801635101,1.06851128407,10.8489478072
1.419432,-0.866370670294,0.723825427995,10.1040507478,1.35801635101,1.06851128407,10.8489478072
1.421098,-0.866370670294,0.76920630323,10.1040507478,1.35801635101,1.13922951755,10.8853536583
1.422764,-0.77408109096,0.859968053701,10.1948124982,1.28729811753,1.06851128407,10.8125419561
1.42443,-0.820225880627,0.814587178465,10.1948124982,1.35801635101,1.13922951755,10.8489478072
1.426096,-0.820225880627,0.76920630323,10.149431623,1.35801635101,1.10387040081,10.8853536583
1.427762,-0.77408109096,0.814587178465,10.1948124982,1.46409370122,1.20994775102,10.9217595095
1.429428,-0.820225880627,0.814587178465,10.1948124982,1.39337546774,1.13922951755,10.8853536583
1.431094,-0.866370670294,0.723825427995,10.1040507478,1.35801635101,1.06851128407,10.8125419561
1.43276,-0.866370670294,0.723825427995,10.1040507478,1.35801635101,1.10387040081,10.8853536583
1.434426,-0.866370670294,0.723825427995,10.1040507478,1.35801635101,1.10387040081,10.8853536583
1.436092,-0.866370670294,0.76920630323,10.1040507478,1.32265723427,1.06851128407,10.9581653606
1.437758,-0.77408109096,0.814587178465,10.1948124982,1.35801635101,1.13922951755,10.8853536583
1.439424,-0.866370670294,0.723825427995,10.1040507478,1.35801635101,1.10387040081,10.8853536583
1.44109,-0.866370670294,0.76920630323,10.149431623,1.39337546774,1.17458863428,10.8489478072
1.442756,-0.866370670294,0.723825427995,10.1040507478,1.39337546774,1.13922951755,10.8853536583
1.444422,-0.820225880627,0.76920630323,10.149431623,1.32265723427,1.06851128407,10.8125419561
1.446088,-0.866370670294,0.723825427995,10.1040507478,1.35801635101,1.10387040081,10.8853536583
1.447754,-0.866370670294,0.76920630323,10.149431623,1.35801635101,1.13922951755,10.8853536583
1.44942,-0.866370670294,0.76920630323,10.149431623,1.42873458448,1.20994775102,10.9581653606
1.451086,-0.866370670294,0.76920630323,10.1040507478,1.35801635101,1.17458863428,10.8853536583
1.452752,-0.866370670294,0.76920630323,10.1040507478,1.32265723427,1.10387040081,10.8489478072
1.454418,-0.866370670294,0.723825427995,10.1040507478,1.32265723427,1.10387040081,10.8489478072
1.456084,-0.77408109096,0.859968053701,10.2401933735,1.35801635101,1.10387040081,10.9217595095
1.45775,-0.820225880627,0.76920630323,10.149431623,1.28729811753,1.06851128407,10.8853536583
1.459416,-0.866370670294,0.723825427995,10.1040507478,1.35801635101,1.10387040081,10.8853536583
1.461082,-0.866370670294,0.723825427995,10.1040507478,1.35801635101,1.10387040081,10.8853536583
1.462748,-0.866370670294,0.76920630323,10.1040507478,1.42873458448,1.17458863428,10.8853536583
1.464414,-0.866370670294,0.723825427995,10.149431623,1.35801635101,1.13922951755,10.8853536583
1.46608,-0.866370670294,0.723825427995,10.1040507478,1.32265723427,1.06851128407,10.8489478072
1.467746,-0.727936301293,0.859968053701,10.1948124982,1.35801635101,1.13922951755,10.8853536583
1.469412,-0.866370670294,0.723825427995,10.1040507478,1.35801635101,1.13922951755,10.8853536583
1.471078,-0.866370670294,0.76920630323,10.1040507478,1.42873458448,1.20994775102,10.8853536583
1.472744,-0.77408109096,0.814587178465,10.1948124982,1.35801635101,1.10387040081,10.8853536583
1.47441,-0.866370670294,0.723825427995,10.1040507478,1.35801635101,1.10387040081,10.8125419561
1.476076,-0.912515459961,0.723825427995,10.1040507478,1.35801635101,1.10387040081,10.8853536583
1.477742,-0.77408109096,0.814587178465,10.1948124982,1.35801635101,1.13922951755,10.8853536583
1.479408,-0.866370670294,0.723825427995,10.1040507478,1.28729811753,1.06851128407,10.9581653606
1.481074,-0.866370670294,0.723825427995,10.1040507478,1.35801635101,1.13922951755,10.8853536583
1.48274,-0.77408109096,0.814587178465,10.1948124982,1.35801635101,1.10387040081,10.8853536583
1.484406,-0.866370670294,0.723825427995,10.1040507478,1.32265723427,1.10387040081,10.8853536583
1.486072,-0.866370670294,0.76920630323,10.149431623,1.35801635101,1.13922951755,10.8853536583
1.487738,-0.820225880627,0.76920630323,10.149431623,1.28729811753,1.06851128407,10.8125419561
1.489404,-0.866370670294,0.723825427995,10.1040507478,1.35801635101,1.10387040081,10.8853536583
1.49107,-0.866370670294,0.723825427995,10.1040507478,1.35801635101,1.10387040081,10.8853536583
1.492736,-0.866370670294,0.723825427995,10.1040507478,1.42873458448,1.17458863428,10.8853536583
1.494402,-0.820225880627,0.814587178465,10.149431623,1.35801635101,1.10387040081,10.8853536583
1.496068,-0.866370670294,0.76920630323,10.149431623,1.32265723427,1.06851128407,10.8489478072
1.497734,-0.866370670294,0.723825427995,10.1040507478,1.35801635101,1.10387040081,10.8853536583
1.4994,-0.912515459961,0.723825427995,10.1040507478,1.35801635101,1.10387040081,10.8853536583
1.501066,-0.866370670294,0.723825427995,10.1040507478,1.39337546774,1.24530686776,10.9922958461
1.502732,-0.866370670294,0.723825427995,10.1040507478,1.35801635101,1.13922951755,10.8853536583
1.504398,-0.866370670294,0.723825427995,10.1040507478,1.35801635101,1.10387040081,10.8125419561
1.506064,-0.866370670294,0.723825427995,10.1040507478,1.35801635101,1.10387040081,10.8489478072
1.50773,-0.866370670294,0.76920630323,10.1040507478,1.39337546774,1.13922951755,10.8853536583
1.509396,-0.866370670294,0.76920630323,10.149431623,1.32265723427,1.06851128407,10.7761361049
1.511062,-0.77408109096,0.859968053701,10.1948124982,1.35801635101,1.10387040081,10.8853536583
1.512728,-0.912515459961,0.723825427995,10.1040507478,1.35801635101,1.06851128407,10.8853536583
1.514394,-0.866370670294,0.723825427995,10.1040507478,1.39337546774,1.13922951755,10.8489478072
1.51606,-0.866370670294,0.723825427995,10.1040507478,1.39337546774,1.10387040081,10.8853536583
1.517726,-0.866370670294,0.723825427995,10.1040507478,1.32265723427,1.06851128407,10.8125419561
1.519392,-0.866370670294,0.723825427995,10.1040507478,1.35801635101,1.10387040081,10.8853536583
1.521058,-0.866370670294,0.723825427995,10.1040507478,1.35801635101,1.13922951755,10.8853536583
1.522724,-0.866370670294,0.76920630323,10.149431623,1.28729811753,1.20994775102,10.9922958461
1.52439,-0.866370670294,0.723825427995,10.1040507478,1.35801635101,1.10387040081,10.8853536583
1.526056,-0.866370670294,0.723825427995,10.1040507478,1.35801635101,1.10387040081,10.8489478072
1.527722,-0.866370670294,0.76920630323,10.1040507478,1.32265723427,1.10387040081,10.8489478072
1.529388,-0.866370670294,0.723825427995,10.1040507478,1.35801635101,1.13922951755,10.8853536583
1.531054,-0.866370670294,0.723825427995,10.1040507478,1.32265723427,1.06851128407,10.7761361049
1.53272,-0.866370670294,0.723825427995,10.1040507478,1.35801635101,1.10387040081,10.8853536583
1.534386,-0.866370670294,0.723825427995,10.1040507478,1.35801635101,1.13922951755,10.8853536583
1.536052,-0.866370670294,0.76920630323,10.1040507478,1.46409370122,1.20994775102,10.9217595095
1.537718,-0.866370670294,0.76920630323,10.1040507478,1.35801635101,1.13922951755,10.8853536583
1.539384,-0.912515459961,0.723825427995,10.1040507478,1.35801635101,1.10387040081,10.8489478072
1.54105,-0.866370670294,0.76920630323,10.1040507478,1.35801635101,1.06851128407,10.8125419561
1.542716,-0.866370670294,0.76920630323,10.1040507478,1.35801635101,1.10387040081,10.8853536583
1.544382,-0.866370670294,0.723825427995,10.1040507478,1.28729811753,1.06851128407,10.8125419561
1.546048,-0.866370670294,0.76920630323,10.149431623,1.35801635101,1.13922951755,10.8853536583
1.547714,-0.866370670294,0.723825427995,10.1040507478,1.35801635101,1.10387040081,10.8853536583
1.54938,-0.820225880627,0.76920630323,10.149431623,1.42873458448,1.17458863428,10.8853536583
1.551046,-0.77408109096,0.859968053701,10.1948124982,1.39337546774,1.17458863428,10.8853536583
1.552712,-0.866370670294,0.76920630323,10.1040507478,1.35801635101,1.06851128407,10.8125419561
1.554378,-0.866370670294,0.723825427995,10.1040507478,1.32265723427,1.10387040081,10.8853536583
1.556044,-0.866370670294,0.76920630323,10.1040507478,1.35801635101,1.10387040081,10.8853536583
1.55771,-0.866370670294,0.723825427995,10.1040507478,1.28729811753,1.17458863428,10.9922958461
1.559376,-0.866370670294,0.723825427995,10.1040507478,1.35801635101,1.10387040081,10.8853536583
1.561042,-0.866370670294,0.76920630323,10.1040507478,1.35801635101,1.10387040081,10.8489478072
1.562708,-0.866370670294,0.723825427995,10.1040507478,1.32265723427,1.13922951755,10.8489478072
1.564374,-0.866370670294,0.723825427995,10.1040507478,1.35801635101,1.10387040081,10.8853536583
1.56604,-0.77408109096,0.859968053701,10.1948124982,1.32265723427,1.06851128407,10.8125419561
1.567706,-0.866370670294,0.76920630323,10.1040507478,1.35801635101,1.13922951755,10.8853536583
1.569372,-0.866370670294,0.723825427995,10.1040507478,1.35801635101,1.10387040081,10.8489478072
1.571038,-0.866370670294,0.723825427995,10.1040507478,1.42873458448,1.13922951755,10.8489478072
1.572704,-0.866370670294,0.76920630323,10.1040507478,1.35801635101,1.13922951755,10.8853536583
1.57437,-0.866370670294,0.723825427995,10.1040507478,1.32265723427,1.06851128407,10.8489478072
1.576036,-0.912515459961,0.723825427995,10.1040507478,1.35801635101,1.10387040081,10.8853536583
1.577702,-0.866370670294,0.723825427995,10.1040507478,1.39337546774,1.13922951755,10.8853536583
1.579368,-0.866370670294,0.76920630323,10.1040507478,1.28729811753,1.10387040081,10.9217595095
1.581034,-0.866370670294,0.723825427995,10.1040507478,1.35801635101,1.10387040081,10.8853536583
1.5827,-0.866370670294,0.76920630323,10.1040507478,1.35801635101,1.10387040081,10.8125419561
1.584366,-0.866370670294,0.723825427995,10.1040507478,1.35801635101,1.06851128407,10.8489478072
1.586032,-0.866370670294,0.723825427995,10.0586698725,1.35801635101,1.10387040081,10.8853536583
1.587698,-0.866370670294,0.723825427995,10.1040507478,1.28729811753,1.06851128407,10.8125419561
1.589364,-0.866370670294,0.723825427995,10.1040507478,1.35801635101,1.10387040081,10.8853536583
1.59103,-0.866370670294,0.723825427995,10.1040507478,1.35801635101,1.10387040081,10.8853536583
1.592696,-0.866370670294,0.723825427995,10.1040507478,1.39337546774,1.13922951755,10.8853536583
1.594362,-0.866370670294,0.723825427995,10.1040507478,1.39337546774,1.13922951755,10.8853536583
1.596028,-0.866370670294,0.76920630323,10.1040507478,1.32265723427,1.06851128407,10.8489478072
1.597694,-0.866370670294,0.76920630323,10.1040507478,1.35801635101,1.10387040081,10.8489478072
1.59936,-0.866370670294,0.76920630323,10.1040507478,1.39337546774,1.10387040081,10.8853536583
1.601026,-0.866370670294,0.723825427995,10.1040507478,1.35801635101,1.20994775102,10.9922958461
1.602692,-0.866370670294,0.76920630323,10.1040507478,1.35801635101,1.13922951755,10.8853536583
1.604358,-0.866370670294,0.723825427995,10.1040507478,1.35801635101,1.06851128407,10.8125419561
1.606024,-0.866370670294,0.76920630323,10.1040507478,1.35801635101,1.06851128407,10.8489478072
1.60769,-0.77408109096,0.859968053701,10.1948124982,1.35801635101,1.13922951755,10.8853536583
1.609356,-0.77408109096,0.859968053701,10.1948124982,1.32265723427,1.13922951755,10.9922958461
1.611022,-0.727936301293,0.859968053701,10.2401933735,1.35801635101,1.13922951755,10.8853536583
1.612688,-0.77408109096,0.814587178465,10.1948124982,1.35801635101,1.10387040081,10.8853536583
1.614354,-0.866370670294,0.723825427995,10.1040507478,1.35801635101,1.06851128407,10.8489478072
1.61602,-0.820225880627,0.723825427995,10.1040507478,1.35801635101,1.13922951755,10.8853536583
1.617686,-0.866370670294,0.76920630323,10.1040507478,1.28729811753,1.06851128407,10.8125419561
1.619352,-0.866370670294,0.76920630323,10.1040507478,1.35801635101,1.10387040081,10.8853536583
1.621018,-0.866370670294,0.76920630323,10.1040507478,1.35801635101,1.13922951755,10.8853536583
1.622684,-0.866370670294,0.76920630323,10.149431623,1.46409370122,1.17458863428,10.8853536583
1.62435,-0.866370670294,0.723825427995,10.1040507478,1.35801635101,1.10387040081,10.9217595095
1.626016,-0.77408109096,0.814587178465,10.1948124982,1.35801635101,1.06851128407,10.8489478072
1.627682,-0.866370670294,0.723825427995,10.1040507478,1.35801635101,1.10387040081,10.8489478072
1.629348,-0.866370670294,0.723825427995,10.1040507478,1.35801635101,1.10387040081,10.8853536583
1.631014,-0.866370670294,0.76920630323,10.1040507478,1.39337546774,1.20994775102,10.9581653606
1.63268,-0.866370670294,0.723825427995,10.1040507478,1.35801635101,1.13922951755,10.8853536583
1.634346,-0.866370670294,0.76920630323,10.1040507478,1.35801635101,1.10387040081,10.8125419561
1.636012,-0.866370670294,0.76920630323,10.1040507478,1.35801635101,1.10387040081,10.8489478072
1.637678,-0.77408109096,0.814587178465,10.149431623,1.35801635101,1.13922951755,10.8853536583
1.639344,-0.866370670294,0.723825427995,10.1040507478,1.28729811753,1.06851128407,10.8125419561
1.64101,-0.866370670294,0.76920630323,10.1040507478,1.35801635101,1.13922951755,10.8489478072
1.642676,-0.866370670294,0.76920630323,10.1040507478,1.35801635101,1.10387040081,10.8853536583
1.644342,-0.866370670294,0.723825427995,10.1040507478,1.35801635101,1.13922951755,10.8489478072
1.646008,-0.866370670294,0.76920630323,10.1040507478,1.39337546774,1.13922951755,10.8853536583
1.647674,-0.866370670294,0.723825427995,10.1040507478,1.32265723427,1.06851128407,10.8125419561
1.64934,-0.820225880627,0.76920630323,10.1040507478,1.35801635101,1.10387040081,10.8853536583
1.651006,-0.866370670294,0.76920630323,10.149431623,1.35801635101,1.17458863428,10.8853536583
1.652672,-0.727936301293,0.859968053701,10.2401933735,1.39337546774,1.20994775102,10.9217595095
1.654338,-0.912515459961,0.723825427995,10.1040507478,1.35801635101,1.13922951755,10.8853536583
1.656004,-0.866370670294,0.723825427995,10.1040507478,1.32265723427,1.06851128407,10.8125419561
1.65767,-0.866370670294,0.723825427995,10.1040507478,1.32265723427,1.10387040081,10.8125419561
1.659336,-0.866370670294,0.723825427995,10.1040507478,1.35801635101,1.10387040081,10.8853536583
1.661002,-0.820225880627,0.76920630323,10.149431623,1.32265723427,1.20994775102,10.9922958461
1.662668,-0.77408109096,0.859968053701,10.1948124982,1.35801635101,1.10387040081,10.8853536583
1.664334,-0.866370670294,0.76920630323,10.1040507478,1.35801635101,1.10387040081,10.8853536583
1.666,-0.820225880627,0.76920630323,10.1040507478,1.42873458448,1.17458863428,10.8489478072
1.667666,-0.77408109096,0.859968053701,10.1948124982,1.35801635101,1.13922951755,10.8853536583
1.669332,-0.866370670294,0.76920630323,10.1040507478,1.35801635101,1.06851128407,10.8489478072
1.670998,-0.866370670294,0.76920630323,10.1040507478,1.35801635101,1.10387040081,10.8125419561
1.672664,-0.77408109096,0.859968053701,10.1948124982,1.35801635101,1.13922951755,10.8853536583
1.67433,-0.820225880627,0.814587178465,10.149431623,1.39337546774,1.28066598449,10.9922958461
1.675996,-0.866370670294,0.723825427995,10.1040507478,1.35801635101,1.13922951755,10.8853536583
1.677662,-0.866370670294,0.76920630323,10.1040507478,1.35801635101,1.13922951755,10.8125419561
1.679328,-0.866370670294,0.76920630323,10.1040507478,1.35801635101,1.10387040081,10.8489478072
1.680994,-0.866370670294,0.723825427995,10.1040507478,1.35801635101,1.13922951755,10.8853536583
1.68266,-0.866370670294,0.76920630323,10.1040507478,1.35801635101,1.06851128407,10.8125419561
1.684326,-0.866370670294,0.723825427995,10.1040507478,1.35801635101,1.10387040081,10.8853536583
1.685992,-0.866370670294,0.76920630323,10.1040507478,1.39337546774,1.13922951755,10.8853536583
1.687658,-0.866370670294,0.76920630323,10.1040507478,1.46409370122,1.20994775102,10.9581653606
1.689324,-0.820225880627,0.723825427995,10.1040507478,1.39337546774,1.10387040081,10.8853536583
1.69099,-0.866370670294,0.723825427995,10.1040507478,1.35801635101,1.10387040081,10.8125419561
1.692656,-0.866370670294,0.76920630323,10.1040507478,1.32265723427,1.10387040081,10.8853536583
1.694322,-0.866370670294,0.76920630323,10.1040507478,1.35801635101,1.10387040081,10.8853536583
1.695988,-0.866370670294,0.723825427995,10.1040507478,1.32265723427,1.06851128407,10.8489478072
1.697654,-0.866370670294,0.723825427995,10.1040507478,1.35801635101,1.13922951755,10.8853536583
1.69932,-0.866370670294,0.723825427995,10.1040507478,1.35801635101,1.10387040081,10.8853536583
1.700986,-0.77408109096,0.814587178465,10.149431623,1.39337546774,1.13922951755,10.8853536583
1.702652,-0.866370670294,0.76920630323,10.1040507478,1.35801635101,1.10387040081,10.8853536583
1.704318,-0.866370670294,0.723825427995,10.1040507478,1.32265723427,1.06851128407,10.7761361049
1.705984,-0.866370670294,0.723825427995,10.1040507478,1.35801635101,1.10387040081,10.8489478072
1.70765,-0.77408109096,0.814587178465,10.1948124982,1.39337546774,1.10387040081,10.8489478072
1.709316,-0.866370670294,0.76920630323,10.1040507478,1.42873458448,1.13922951755,10.8489478072
1.710982,-0.866370670294,0.723825427995,10.1040507478,1.39337546774,1.13922951755,10.8853536583
1.712648,-0.866370670294,0.723825427995,10.1040507478,1.35801635101,1.06851128407,10.8489478072
1.714314,-0.866370670294,0.723825427995,10.1040507478,1.35801635101,1.10387040081,10.8489478072
1.71598,-0.866370670294,0.723825427995,10.1040507478,1.35801635101,1.13922951755,10.8853536583
1.717646,-0.866370670294,0.723825427995,10.1040507478,1.28729811753,1.06851128407,10.9581653606
1.719312,-0.820225880627,0.76920630323,10.149431623,1.35801635101,1.13922951755,10.8853536583
1.720978,-0.77408109096,0.859968053701,10.1948124982,1.39337546774,1.10387040081,10.8853536583
1.722644,-0.77408109096,0.859968053701,10.149431623,1.39337546774,1.06851128407,10.8489478072
1.72431,-0.77408109096,0.814587178465,10.1948124982,1.39337546774,1.13922951755,10.8853536583
1.725976,-0.820225880627,0.76920630323,10.149431623,1.35801635101,1.10387040081,10.8489478072
1.727642,-0.866370670294,0.723825427995,10.1040507478,1.35801635101,1.13922951755,10.8853536583
1.729308,-0.866370670294,0.76920630323,10.1040507478,1.39337546774,1.10387040081,10.8853536583
1.730974,-0.866370670294,0.76920630323,10.1040507478,1.28729811753,1.17458863428,10.9581653606
1.73264,-0.866370670294,0.723825427995,10.1040507478,1.39337546774,1.10387040081,10.8853536583
1.734306,-0.866370670294,0.723825427995,10.1040507478,1.35801635101,1.06851128407,10.8489478072
1.735972,-0.820225880627,0.76920630323,10.1040507478,1.35801635101,1.10387040081,10.8489478072
1.737638,-0.820225880627,0.76920630323,10.1040507478,1.39337546774,1.13922951755,10.8853536583
1.739304,-0.820225880627,0.76920630323,10.1040507478,1.32265723427,1.06851128407,10.8125419561
1.74097,-0.866370670294,0.76920630323,10.1040507478,1.35801635101,1.10387040081,10.8853536583
1.742636,-0.866370670294,0.723825427995,10.1040507478,1.35801635101,1.10387040081,10.8489478072
1.744302,-0.866370670294,0.723825427995,10.1040507478,1.39337546774,1.06851128407,10.8489478072
1.745968,-0.77408109096,0.814587178465,10.149431623,1.39337546774,1.10387040081,10.8853536583
1.747634,-0.820225880627,0.723825427995,10.149431623,1.35801635101,1.10387040081,10.8125419561
1.7493,-0.866370670294,0.76920630323,10.1040507478,1.35801635101,1.10387040081,10.8853536583
1.750966,-0.866370670294,0.76920630323,10.1040507478,1.35801635101,1.13922951755,10.8489478072
1.752632,-0.866370670294,0.723825427995,10.1040507478,1.49945281795,1.20994775102,10.8853536583
1.754298,-0.866370670294,0.723825427995,10.1040507478,1.39337546774,1.13922951755,10.8853536583
1.755964,-0.820225880627,0.723825427995,10.149431623,1.35801635101,1.06851128407,10.8125419561
1.75763,-0.866370670294,0.76920630323,10.149431623,1.35801635101,1.10387040081,10.8853536583
1.759296,-0.77408109096,0.814587178465,10.1948124982,1.35801635101,1.13922951755,10.8853536583
1.760962,-0.727936301293,0.859968053701,10.2401933735,1.46409370122,1.20994775102,10.9217595095
1.762628,-0.727936301293,0.859968053701,10.2401933735,1.39337546774,1.10387040081,10.8853536583
1.764294,-0.77408109096,0.814587178465,10.1948124982,1.35801635101,1.06851128407,10.8125419561
1.76596,-0.820225880627,0.76920630323,10.149431623,1.35801635101,1.06851128407,10.8853536583
1.767626,-0.820225880627,0.76920630323,10.1040507478,1.39337546774,1.13922951755,10.8853536583
1.769292,-0.820225880627,0.76920630323,10.1040507478,1.32265723427,1.06851128407,10.9217595095
1.770958,-0.820225880627,0.76920630323,10.1040507478,1.39337546774,1.13922951755,10.8853536583
1.772624,-0.866370670294,0.76920630323,10.1040507478,1.35801635101,1.06851128407,10.8489478072
1.77429,-0.820225880627,0.76920630323,10.1040507478,1.35801635101,1.06851128407,10.8489478072
1.775956,-0.820225880627,0.723825427995,10.1040507478,1.39337546774,1.10387040081,10.8853536583
1.777622,-0.77408109096,0.859968053701,10.1948124982,1.32265723427,1.06851128407,10.7761361049
1.779288,-0.866370670294,0.723825427995,10.1040507478,1.39337546774,1.10387040081,10.8853536583
1.780954,-0.866370670294,0.723825427995,10.1040507478,1.39337546774,1.13922951755,10.8853536583
1.78262,-0.820225880627,0.723825427995,10.1040507478,1.49945281795,1.20994775102,10.8853536583
1.784286,-0.820225880627,0.723825427995,10.1040507478,1.39337546774,1.17458863428,10.8853536583
1.785952,-0.820225880627,0.723825427995,10.1040507478,1.35801635101,1.06851128407,10.8489478072
1.787618,-0.820225880627,0.76920630323,10.149431623,1.35801635101,1.10387040081,10.8853536583
1.789284,-0.866370670294,0.723825427995,10.1040507478,1.39337546774,1.10387040081,10.8853536583
1.79095,-0.820225880627,0.76920630323,10.1040507478,1.32265723427,1.03315216734,10.8853536583
1.792616,-0.820225880627,0.76920630323,10.1040507478,1.39337546774,1.10387040081,10.8853536583
1.794282,-0.77408109096,0.814587178465,10.1948124982,1.35801635101,1.06851128407,10.8489478072
1.795948,-0.866370670294,0.723825427995,10.1040507478,1.39337546774,1.10387040081,10.8853536583
1.797614,-0.820225880627,0.76920630323,10.149431623,1.35801635101,1.13922951755,10.8853536583
1.79928,-0.820225880627,0.723825427995,10.1040507478,1.35801635101,1.06851128407,10.8125419561
1.800946,-0.820225880627,0.723825427995,10.1040507478,1.39337546774,1.10387040081,10.8853536583
1.802612,-0.866370670294,0.76920630323,10.1040507478,1.39337546774,1.10387040081,10.8853536583
1.804278,-0.866370670294,0.76920630323,10.1040507478,1.39337546774,1.13922951755,10.8853536583
1.805944,-0.77408109096,0.814587178465,10.149431623,1.39337546774,1.10387040081,10.8853536583
1.80761,-0.820225880627,0.76920630323,10.149431623,1.35801635101,1.06851128407,10.7761361049
1.809276,-0.866370670294,0.76920630323,10.1040507478,1.35801635101,1.10387040081,10.8853536583
1.810942,-0.820225880627,0.76920630323,10.149431623,1.35801635101,1.13922951755,10.8853536583
1.812608,-0.77408109096,0.814587178465,10.1948124982,1.42873458448,1.20994775102,10.9581653606
1.814274,-0.866370670294,0.723825427995,10.1040507478,1.35801635101,1.17458863428,10.8853536583
1.81594,-0.866370670294,0.723825427995,10.1040507478,1.35801635101,1.10387040081,10.8489478072
1.817606,-0.866370670294,0.723825427995,10.1040507478,1.35801635101,1.13922951755,10.8489478072
1.819272,-0.866370670294,0.723825427995,10.1040507478,1.42873458448,1.17458863428,10.8853536583
1.820938,-0.77408109096,0.814587178465,10.149431623,1.32265723427,1.03315216734,10.7761361049
1.822604,-0.77408109096,0.814587178465,10.1948124982,1.39337546774,1.10387040081,10.8853536583
1.82427,-0.77408109096,0.814587178465,10.1948124982,1.35801635101,1.10387040081,10.8853536583
1.825936,-0.820225880627,0.76920630323,10.149431623,1.35801635101,1.10387040081,10.8489478072
1.827602,-0.77408109096,0.814587178465,10.1948124982,1.39337546774,1.10387040081,10.8853536583
1.829268,-0.866370670294,0.723825427995,10.1040507478,1.35801635101,1.06851128407,10.8125419561
1.830934,-0.866370670294,0.723825427995,10.1040507478,1.35801635101,1.13922951755,10.8853536583
1.8326,-0.866370670294,0.723825427995,10.1040507478,1.39337546774,1.13922951755,10.8853536583
1.834266,-0.77408109096,0.814587178465,10.149431623,1.49945281795,1.20994775102,10.8853536583
1.835932,-0.820225880627,0.723825427995,10.1040507478,1.42873458448,1.10387040081,10.8853536583
1.837598,-0.866370670294,0.76920630323,10.1040507478,1.35801635101,1.10387040081,10.8125419561
1.839264,-0.820225880627,0.723825427995,10.1040507478,1.35801635101,1.06851128407,10.8489478072
1.84093,-0.866370670294,0.76920630323,10.1040507478,1.35801635101,1.17458863428,10.8853536583
1.842596,-0.820225880627,0.76920630323,10.1040507478,1.32265723427,1.03315216734,10.8125419561
1.844262,-0.866370670294,0.723825427995,10.1040507478,1.35801635101,1.13922951755,10.8489478072
1.845928,-0.866370670294,0.723825427995,10.1040507478,1.35801635101,1.06851128407,10.8489478072
1.847594,-0.866370670294,0.723825427995,10.1040507478,1.42873458448,1.17458863428,10.8489478072
1.84926,-0.866370670294,0.723825427995,10.1040507478,1.39337546774,1.10387040081,10.8853536583
1.850926,-0.866370670294,0.76920630323,10.1040507478,1.35801635101,1.06851128407,10.7761361049
1.852592,-0.866370670294,0.76920630323,10.1040507478,1.39337546774,1.10387040081,10.8489478072
1.854258,-0.866370670294,0.723825427995,10.1040507478,1.39337546774,1.13922951755,10.8853536583
1.855924,-0.866370670294,0.76920630323,10.1040507478,1.46409370122,1.20994775102,10.9581653606
1.85759,-0.820225880627,0.76920630323,10.1040507478,1.35801635101,1.13922951755,10.8853536583
1.859256,-0.820225880627,0.76920630323,10.1040507478,1.35801635101,1.06851128407,10.8125419561
1.860922,-0.727936301293,0.814587178465,10.1948124982,1.32265723427,1.10387040081,10.8489478072
1.862588,-0.820225880627,0.723825427995,10.1040507478,1.35801635101,1.13922951755,10.8853536583
1.864254,-0.820225880627,0.723825427995,10.1040507478,1.32265723427,1.20994775102,10.9581653606
1.86592,-0.866370670294,0.76920630323,10.1040507478,1.39337546774,1.10387040081,10.8853536583
1.867586,-0.866370670294,0.723825427995,10.0586698725,1.32265723427,1.10387040081,10.8489478072
1.869252,-0.866370670294,0.723825427995,10.1040507478,1.35801635101,1.06851128407,10.8125419561
1.870918,-0.820225880627,0.723825427995,10.1040507478,1.39337546774,1.17458863428,10.8853536583
1.872584,-0.866370670294,0.723825427995,10.1040507478,1.32265723427,1.03315216734,10.9217595095
1.87425,-0.866370670294,0.723825427995,10.1040507478,1.35801635101,1.10387040081,10.8489478072
1.875916,-0.866370670294,0.723825427995,10.1040507478,1.35801635101,1.10387040081,10.8853536583
1.877582,-0.866370670294,0.723825427995,10.1040507478,1.35801635101,1.10387040081,10.8489478072
1.879248,-0.866370670294,0.723825427995,10.1040507478,1.39337546774,1.17458863428,10.8853536583
1.880914,-0.866370670294,0.723825427995,10.1040507478,1.32265723427,1.06851128407,10.8125419561
1.88258,-0.866370670294,0.723825427995,10.1040507478,1.39337546774,1.10387040081,10.8853536583
1.884246,-0.866370670294,0.723825427995,10.1040507478,1.39337546774,1.10387040081,10.8489478072
1.885912,-0.866370670294,0.723825427995,10.1040507478,1.39337546774,1.13922951755,10.8853536583
1.887578,-0.866370670294,0.723825427995,10.1040507478,1.39337546774,1.13922951755,10.8853536583
1.889244,-0.866370670294,0.723825427995,10.1040507478,1.35801635101,1.10387040081,10.8125419561
1.89091,-0.866370670294,0.723825427995,10.1040507478,1.35801635101,1.10387040081,10.8489478072
1.892576,-0.820225880627,0.76920630323,10.149431623,1.39337546774,1.13922951755,10.8853536583
1.894242,-0.77408109096,0.814587178465,10.1948124982,1.32265723427,1.10387040081,10.9581653606
1.895908,-0.820225880627,0.76920630323,10.149431623,1.35801635101,1.10387040081,10.8853536583
1.897574,-0.866370670294,0.723825427995,10.1040507478,1.35801635101,1.10387040081,10.8489478072
1.89924,-0.820225880627,0.76920630323,10.149431623,1.35801635101,1.10387040081,10.8489478072
1.900906,-0.820225880627,0.76920630323,10.1040507478,1.35801635101,1.13922951755,10.8853536583
1.902572,-0.820225880627,0.76920630323,10.1040507478,1.35801635101,1.06851128407,10.8125419561
1.904238,-0.77408109096,0.814587178465,10.1948124982,1.35801635101,1.10387040081,10.8853536583
1.905904,-0.866370670294,0.723825427995,10.1040507478,1.39337546774,1.10387040081,10.8853536583
1.90757,-0.866370670294,0.723825427995,10.1040507478,1.35801635101,1.20994775102,10.9922958461
1.909236,-0.866370670294,0.723825427995,10.1040507478,1.35801635101,1.13922951755,10.8853536583
1.910902,-0.866370670294,0.76920630323,10.1040507478,1.35801635101,1.10387040081,10.8489478072
1.912568,-0.866370670294,0.723825427995,10.1040507478,1.35801635101,1.10387040081,10.8853536583
1.914234,-0.866370670294,0.723825427995,10.1040507478,1.35801635101,1.13922951755,10.8853536583
1.9159,-0.866370670294,0.723825427995,10.1040507478,1.32265723427,1.06851128407,10.9217595095
1.917566,-0.866370670294,0.723825427995,10.1040507478,1.35801635101,1.13922951755,10.8853536583
1.919232,-0.820225880627,0.723825427995,10.1040507478,1.35801635101,1.10387040081,10.8853536583
1.920898,-0.866370670294,0.723825427995,10.1040507478,1.39337546774,1.10387040081,10.8125419561
1.922564,-0.866370670294,0.723825427995,10.1040507478,1.39337546774,1.10387040081,10.8853536583
1.92423,-0.866370670294,0.76920630323,10.1040507478,1.28729811753,1.03315216734,10.9217595095
1.925896,-0.866370670294,0.76920630323,10.1040507478,1.35801635101,1.10387040081,10.8853536583
1.927562,-0.866370670294,0.723825427995,10.1040507478,1.35801635101,1.10387040081,10.8125419561
1.929228,-0.866370670294,0.76920630323,10.149431623,1.35801635101,1.06851128407,10.8489478072
1.930894,-0.820225880627,0.76920630323,10.1040507478,1.35801635101,1.13922951755,10.8853536583
1.93256,-0.866370670294,0.76920630323,10.1040507478,1.32265723427,1.06851128407,10.8125419561
1.934226,-0.866370670294,0.76920630323,10.1040507478,1.35801635101,1.10387040081,10.8489478072
1.935892,-0.866370670294,0.76920630323,10.1040507478,1.39337546774,1.10387040081,10.8853536583
1.937558,-0.866370670294,0.723825427995,10.1040507478,1.46409370122,1.20994775102,10.8853536583
1.939224,-0.866370670294,0.723825427995,10.1040507478,1.42873458448,1.10387040081,10.8853536583
1.94089,-0.77408109096,0.814587178465,10.1948124982,1.35801635101,1.06851128407,10.8125419561
1.942556,-0.77408109096,0.859968053701,10.1948124982,1.35801635101,1.06851128407,10.8489478072
1.944222,-0.820225880627,0.814587178465,10.149431623,1.35801635101,1.17458863428,10.8853536583
1.945888,-0.820225880627,0.76920630323,10.149431623,1.32265723427,1.06851128407,10.9217595095
1.947554,-0.820225880627,0.76920630323,10.149431623,1.35801635101,1.13922951755,10.8853536583
1.94922,-0.866370670294,0.723825427995,10.1040507478,1.35801635101,1.10387040081,10.8853536583
1.950886,-0.866370670294,0.723825427995,10.1040507478,1.39337546774,1.13922951755,10.8489478072
1.952552,-0.866370670294,0.723825427995,10.149431623,1.35801635101,1.10387040081,10.8853536583
1.954218,-0.866370670294,0.723825427995,10.1040507478,1.35801635101,1.06851128407,10.8125419561
1.955884,-0.866370670294,0.723825427995,10.1040507478,1.35801635101,1.10387040081,10.8489478072
1.95755,-0.820225880627,0.76920630323,10.149431623,1.35801635101,1.17458863428,10.8853536583
1.959216,-0.866370670294,0.76920630323,10.1040507478,1.46409370122,1.17458863428,10.8853536583
1.960882,-0.866370670294,0.723825427995,10.1040507478,1.39337546774,1.17458863428,10.8853536583
1.962548,-0.866370670294,0.723825427995,10.1040507478,1.35801635101,1.06851128407,10.8125419561
1.964214,-0.727936301293,0.859968053701,10.2401933735,1.35801635101,1.10387040081,10.8853536583
1.96588,-0.866370670294,0.723825427995,10.1040507478,1.35801635101,1.17458863428,10.8489478072
1.967546,-0.866370670294,0.723825427995,10.1040507478,1.28729811753,1.10387040081,10.9581653606
1.969212,-0.820225880627,0.723825427995,10.1040507478,1.35801635101,1.13922951755,10.8853536583
1.970878,-0.77408109096,0.814587178465,10.1948124982,1.35801635101,1.10387040081,10.8125419561
1.972544,-0.866370670294,0.723825427995,10.1040507478,1.35801635101,1.10387040081,10.8489478072
1.97421,-0.866370670294,0.723825427995,10.1040507478,1.39337546774,1.13922951755,10.8853536583
1.975876,-0.866370670294,0.723825427995,10.1040507478,1.32265723427,1.06851128407,10.8125419561
1.977542,-0.866370670294,0.723825427995,10.1040507478,1.35801635101,1.10387040081,10.8853536583
1.979208,-0.866370670294,0.723825427995,10.149431623,1.35801635101,1.10387040081,10.8489478072
1.980874,-0.820225880627,0.723825427995,10.1040507478,1.39337546774,1.13922951755,10.8125419561
1.98254,-0.77408109096,0.814587178465,10.1948124982,1.39337546774,1.13922951755,10.8853536583
1.984206,-0.77408109096,0.814587178465,10.1948124982,1.32265723427,1.06851128407,10.8125419561
1.985872,-0.866370670294,0.723825427995,10.1040507478,1.35801635101,1.13922951755,10.8489478072
1.987538,-0.866370670294,0.76920630323,10.149431623,1.39337546774,1.13922951755,10.8853536583
1.989204,-0.866370670294,0.723825427995,10.1040507478,1.46409370122,1.20994775102,10.9217595095
1.99087,-0.866370670294,0.723825427995,10.1040507478,1.35801635101,1.10387040081,10.8853536583
1.992536,-0.866370670294,0.723825427995,10.1040507478,1.35801635101,1.10387040081,10.8125419561
1.994202,-0.866370670294,0.723825427995,10.1040507478,1.35801635101,1.10387040081,10.8853536583
1.995868,-0.866370670294,0.76920630323,10.1040507478,1.35801635101,1.13922951755,10.8853536583
1.997534,-0.866370670294,0.76920630323,10.1040507478,1.42873458448,1.20994775102,10.9581653606
1.9992,-0.866370670294,0.723825427995,10.1040507478,1.35801635101,1.13922951755,10.8853536583
2.000866,-0.866370670294,0.723825427995,10.1040507478,1.35801635101,1.10387040081,10.8489478072
2.002532,-0.866370670294,0.76920630323,10.149431623,1.35801635101,1.10387040081,10.8853536583
2.004198,-0.866370670294,0.76920630323,10.1040507478,1.39337546774,1.13922951755,10.8853536583
2.005864,-0.866370670294,0.76920630323,10.1040507478,1.32265723427,1.06851128407,10.7761361049
2.00753,-0.866370670294,0.723825427995,10.1040507478,1.35801635101,1.10387040081,10.8853536583
2.009196,-0.866370670294,0.723825427995,10.1040507478,1.35801635101,1.17458863428,10.8853536583
2.010862,-0.866370670294,0.76920630323,10.1040507478,1.42873458448,1.13922951755,10.8489478072
2.012528,-0.866370670294,0.723825427995,10.1040507478,1.35801635101,1.10387040081,10.8853536583
2.014194,-0.77408109096,0.814587178465,10.149431623,1.32265723427,1.06851128407,10.8489478072
2.01586,-0.866370670294,0.723825427995,10.1040507478,1.35801635101,1.10387040081,10.8853536583
2.017526,-0.820225880627,0.76920630323,10.1040507478,1.39337546774,1.13922951755,10.8853536583
2.019192,-0.866370670294,0.723825427995,10.1040507478,1.28729811753,1.06851128407,10.9217595095
2.020858,-0.866370670294,0.76920630323,10.1040507478,1.35801635101,1.10387040081,10.8853536583
2.022524,-0.866370670294,0.76920630323,10.149431623,1.35801635101,1.10387040081,10.8489478072
2.02419,-0.866370670294,0.723825427995,10.1040507478,1.35801635101,1.10387040081,10.8125419561
2.025856,-0.866370670294,0.76920630323,10.1040507478,1.35801635101,1.13922951755,10.8853536583
2.027522,-0.866370670294,0.76920630323,10.1040507478,1.32265723427,1.06851128407,10.8125419561
2.029188,-0.866370670294,0.723825427995,10.1040507478,1.35801635101,1.13922951755,10.8853536583
2.030854,-0.820225880627,0.723825427995,10.1040507478,1.35801635101,1.10387040081,10.8853536583
2.03252,-0.866370670294,0.723825427995,10.1040507478,1.42873458448,1.20994775102,10.8853536583
2.034186,-0.866370670294,0.723825427995,10.1040507478,1.39337546774,1.13922951755,10.8853536583
2.035852,-0.866370670294,0.723825427995,10.149431623,1.32265723427,1.10387040081,10.8125419561
2.037518,-0.866370670294,0.76920630323,10.149431623,1.35801635101,1.10387040081,10.8853536583
2.039184,-0.866370670294,0.76920630323,10.1040507478,1.35801635101,1.17458863428,10.8853536583
2.04085,-0.866370670294,0.723825427995,10.1040507478,1.28729811753,1.13922951755,10.9581653606
2.042516,-0.866370670294,0.723825427995,10.1040507478,1.35801635101,1.13922951755,10.8853536583
2.044182,-0.820225880627,0.76920630323,10.149431623,1.35801635101,1.10387040081,10.8489478072
2.045848,-0.77408109096,0.859968053701,10.1948124982,1.35801635101,1.10387040081,10.8489478072
2.047514,-0.866370670294,0.723825427995,10.1040507478,1.39337546774,1.13922951755,10.8853536583
2.04918,-0.866370670294,0.723825427995,10.1040507478,1.35801635101,1.06851128407,10.8125419561
2.050846,-0.866370670294,0.723825427995,10.1040507478,1.35801635101,1.10387040081,10.8853536583
2.052512,-0.866370670294,0.723825427995,10.1040507478,1.39337546774,1.13922951755,10.8853536583
2.054178,-0.820225880627,0.76920630323,10.1040507478,1.32265723427,1.20994775102,10.9922958461
2.055844,-0.866370670294,0.723825427995,10.1040507478,1.35801635101,1.13922951755,10.8853536583
2.05751,-0.866370670294,0.76920630323,10.1040507478,1.35801635101,1.10387040081,10.8489478072
2.059176,-0.866370670294,0.723825427995,10.1040507478,1.32265723427,1.10387040081,10.8853536583
2.060842,-0.77408109096,0.859968053701,10.1948124982,1.35801635101,1.13922951755,10.8853536583
2.062508,-0.912515459961,0.723825427995,10.1040507478,1.28729811753,1.06851128407,10.9217595095
2.064174,-0.866370670294,0.723825427995,10.1040507478,1.35801635101,1.13922951755,10.8853536583
2.06584,-0.866370670294,0.723825427995,10.1040507478,1.35801635101,1.10387040081,10.8853536583
2.067506,-0.866370670294,0.723825427995,10.1040507478,1.35801635101,1.10387040081,10.8853536583
2.069172,-0.77408109096,0.814587178465,10.1948124982,1.35801635101,1.10387040081,10.8853536583
2.070838,-0.866370670294,0.678444552759,10.1040507478,1.28729811753,1.06851128407,10.8125419561
2.072504,-0.866370670294,0.723825427995,10.1040507478,1.35801635101,1.10387040081,10.8853536583
2.07417,-0.912515459961,0.678444552759,10.1040507478,1.35801635101,1.13922951755,10.8853536583
2.075836,-0.912515459961,0.723825427995,10.0586698725,1.46409370122,1.20994775102,10.8853536583
2.077502,-0.866370670294,0.723825427995,10.0586698725,1.35801635101,1.13922951755,10.8853536583
2.079168,-0.866370670294,0.723825427995,10.1040507478,1.35801635101,1.13922951755,10.8489478072
2.080834,-0.912515459961,0.723825427995,10.0586698725,1.32265723427,1.10387040081,10.8125419561
2.0825,-0.912515459961,0.723825427995,10.1040507478,1.39337546774,1.13922951755,10.8853536583
2.084166,-0.820225880627,0.76920630323,10.149431623,1.32265723427,1.06851128407,10.8125419561
2.085832,-0.866370670294,0.76920630323,10.149431623,1.35801635101,1.10387040081,10.8853536583
2.087498,-0.866370670294,0.723825427995,10.1040507478,1.35801635101,1.10387040081,10.8853536583
2.089164,-0.866370670294,0.723825427995,10.1040507478,1.46409370122,1.20994775102,10.9217595095
2.09083,-0.866370670294,0.723825427995,10.1040507478,1.35801635101,1.10387040081,10.8853536583
2.092496,-0.912515459961,0.723825427995,10.1040507478,1.35801635101,1.06851128407,10.8125419561
2.094162,-0.77408109096,0.814587178465,10.149431623,1.35801635101,1.10387040081,10.8853536583
2.095828,-0.866370670294,0.723825427995,10.1040507478,1.35801635101,1.13922951755,10.8853536583
2.097494,-0.866370670294,0.723825427995,10.1040507478,1.28729811753,1.17458863428,10.9922958461
2.09916,-0.77408109096,0.859968053701,10.1948124982,1.35801635101,1.13922951755,10.8853536583
2.100826,-0.866370670294,0.723825427995,10.1040507478,1.35801635101,1.10387040081,10.8853536583
2.102492,-0.866370670294,0.76920630323,10.1040507478,1.39337546774,1.10387040081,10.8489478072
2.104158,-0.866370670294,0.723825427995,10.1040507478,1.39337546774,1.10387040081,10.8853536583
2.105824,-0.866370670294,0.723825427995,10.1040507478,1.32265723427,1.06851128407,10.8125419561
2.10749,-0.866370670294,0.76920630323,10.1040507478,1.35801635101,1.10387040081,10.8853536583
2.109156,-0.866370670294,0.76920630323,10.149431623,1.35801635101,1.13922951755,10.8853536583
2.110822,-0.866370670294,0.723825427995,10.1040507478,1.46409370122,1.20994775102,10.9217595095
2.112488,-0.866370670294,0.723825427995,10.1040507478,1.35801635101,1.13922951755,10.8853536583
2.114154,-0.866370670294,0.723825427995,10.149431623,1.32265723427,1.06851128407,10.8489478072
2.11582,-0.866370670294,0.723825427995,10.1040507478,1.35801635101,1.10387040081,10.8125419561
2.117486,-0.866370670294,0.76920630323,10.1040507478,1.39337546774,1.13922951755,10.8853536583
2.119152,-0.866370670294,0.76920630323,10.1040507478,1.28729811753,1.06851128407,10.8125419561
2.120818,-0.866370670294,0.76920630323,10.149431623,1.35801635101,1.10387040081,10.8853536583
2.122484,-0.866370670294,0.76920630323,10.1040507478,1.35801635101,1.13922951755,10.8489478072
2.12415,-0.866370670294,0.723825427995,10.1040507478,1.42873458448,1.10387040081,10.8489478072
2.125816,-0.866370670294,0.76920630323,10.1040507478,1.35801635101,1.13922951755,10.8853536583
2.127482,-0.866370670294,0.723825427995,10.149431623,1.32265723427,1.06851128407,10.8125419561
2.129148,-0.866370670294,0.723825427995,10.1040507478,1.35801635101,1.10387040081,10.8853536583
2.130814,-0.866370670294,0.76920630323,10.149431623,1.39337546774,1.10387040081,10.8853536583
2.13248,-0.866370670294,0.723825427995,10.1040507478,1.39337546774,1.13922951755,10.8489478072
2.134146,-0.866370670294,0.76920630323,10.1040507478,1.35801635101,1.10387040081,10.8853536583
2.135812,-0.866370670294,0.76920630323,10.1040507478,1.35801635101,1.06851128407,10.8125419561
2.137478,-0.866370670294,0.723825427995,10.1040507478,1.32265723427,1.10387040081,10.8489478072
2.139144,-0.820225880627,0.76920630323,10.149431623,1.35801635101,1.13922951755,10.8853536583
2.14081,-0.866370670294,0.76920630323,10.1040507478,1.42873458448,1.24530686776,10.9217595095
2.142476,-0.866370670294,0.723825427995,10.1040507478,1.35801635101,1.13922951755,10.8853536583
2.144142,-0.820225880627,0.723825427995,10.149431623,1.35801635101,1.10387040081,10.8125419561
2.145808,-0.866370670294,0.723825427995,10.1040507478,1.35801635101,1.06851128407,10.8489478072
2.147474,-0.866370670294,0.723825427995,10.1040507478,1.35801635101,1.10387040081,10.8853536583
2.14914,-0.820225880627,0.723825427995,10.1040507478,1.32265723427,1.03315216734,10.7761361049
2.150806,-0.866370670294,0.723825427995,10.1040507478,1.35801635101,1.10387040081,10.8853536583
2.152472,-0.866370670294,0.76920630323,10.1040507478,1.35801635101,1.10387040081,10.8489478072
2.154138,-0.866370670294,0.76920630323,10.149431623,1.46409370122,1.17458863428,10.8489478072
2.155804,-0.77408109096,0.859968053701,10.1948124982,1.35801635101,1.13922951755,10.8853536583
2.15747,-0.866370670294,0.723825427995,10.1040507478,1.32265723427,1.06851128407,10.7761361049
2.159136,-0.866370670294,0.723825427995,10.1040507478,1.32265723427,1.13922951755,10.8489478072
2.160802,-0.866370670294,0.723825427995,10.0586698725,1.35801635101,1.13922951755,10.8853536583
2.162468,-0.866370670294,0.723825427995,10.0586698725,1.32265723427,1.10387040081,10.9581653606
2.164134,-0.866370670294,0.723825427995,10.1040507478,1.35801635101,1.10387040081,10.8853536583
2.1658,-0.866370670294,0.723825427995,10.1040507478,1.35801635101,1.10387040081,10.8853536583
2.167466,-0.820225880627,0.76920630323,10.149431623,1.42873458448,1.10387040081,10.8489478072
2.169132,-0.77408109096,0.859968053701,10.1948124982,1.39337546774,1.10387040081,10.8853536583
2.170798,-0.820225880627,0.814587178465,10.149431623,1.32265723427,1.06851128407,10.7761361049
2.172464,-0.77408109096,0.859968053701,10.1948124982,1.35801635101,1.13922951755,10.8853536583
2.17413,-0.820225880627,0.76920630323,10.149431623,1.35801635101,1.13922951755,10.8853536583
2.175796,-0.866370670294,0.723825427995,10.1040507478,1.46409370122,1.20994775102,10.8853536583
2.177462,-0.866370670294,0.76920630323,10.1040507478,1.39337546774,1.13922951755,10.8853536583
2.179128,-0.866370670294,0.723825427995,10.1040507478,1.35801635101,1.06851128407,10.8125419561
2.180794,-0.866370670294,0.723825427995,10.149431623,1.32265723427,1.10387040081,10.8489478072
2.18246,-0.820225880627,0.76920630323,10.149431623,1.35801635101,1.10387040081,10.8853536583
2.184126,-0.866370670294,0.723825427995,10.1040507478,1.35801635101,1.20994775102,10.9922958461
2.185792,-0.866370670294,0.723825427995,10.1040507478,1.39337546774,1.10387040081,10.8853536583
2.187458,-0.820225880627,0.76920630323,10.1040507478,1.35801635101,1.06851128407,10.8125419561
2.189124,-0.866370670294,0.76920630323,10.1040507478,1.35801635101,1.10387040081,10.8125419561
2.19079,-0.820225880627,0.814587178465,10.149431623,1.39337546774,1.17458863428,10.8489478072
2.192456,-0.866370670294,0.723825427995,10.1040507478,1.32265723427,1.06851128407,10.8125419561
2.194122,-0.866370670294,0.76920630323,10.1040507478,1.35801635101,1.10387040081,10.8853536583
2.195788,-0.866370670294,0.76920630323,10.1040507478,1.39337546774,1.13922951755,10.8853536583
2.197454,-0.866370670294,0.76920630323,10.149431623,1.35801635101,1.20994775102,10.9922958461
2.19912,-0.77408109096,0.814587178465,10.1948124982,1.35801635101,1.17458863428,10.8853536583
2.200786,-0.866370670294,0.723825427995,10.1040507478,1.35801635101,1.10387040081,10.8489478072
2.202452,-0.912515459961,0.723825427995,10.1040507478,1.35801635101,1.10387040081,10.8489478072
2.204118,-0.912515459961,0.723825427995,10.1040507478,1.35801635101,1.10387040081,10.8853536583
2.205784,-0.866370670294,0.723825427995,10.1040507478,1.32265723427,1.03315216734,10.8489478072
2.20745,-0.866370670294,0.723825427995,10.1040507478,1.35801635101,1.13922951755,10.8853536583
2.209116,-0.866370670294,0.76920630323,10.1040507478,1.39337546774,1.10387040081,10.8853536583
2.210782,-0.77408109096,0.859968053701,10.1948124982,1.39337546774,1.13922951755,10.8853536583
2.212448,-0.866370670294,0.76920630323,10.1040507478,1.35801635101,1.13922951755,10.8853536583
2.214114,-0.866370670294,0.76920630323,10.149431623,1.35801635101,1.06851128407,10.8125419561
2.21578,-0.866370670294,0.76920630323,10.1040507478,1.35801635101,1.10387040081,10.8853536583
2.217446,-0.866370670294,0.723825427995,10.1040507478,1.39337546774,1.13922951755,10.8853536583
2.219112,-0.866370670294,0.76920630323,10.1040507478,1.32265723427,1.17458863428,10.9581653606
2.220778,-0.866370670294,0.723825427995,10.1040507478,1.39337546774,1.10387040081,10.8853536583
2.222444,-0.866370670294,0.76920630323,10.1040507478,1.35801635101,1.06851128407,10.8853536583
2.22411,-0.866370670294,0.76920630323,10.149431623,1.39337546774,1.13922951755,10.8853536583
2.225776,-0.866370670294,0.76920630323,10.1040507478,1.39337546774,1.13922951755,10.9217595095
2.227442,-0.866370670294,0.76920630323,10.1040507478,1.32265723427,1.06851128407,10.7761361049
2.229108,-0.866370670294,0.723825427995,10.1040507478,1.35801635101,1.10387040081,10.8489478072
2.230774,-0.866370670294,0.723825427995,10.1040507478,1.35801635101,1.10387040081,10.8489478072
2.23244,-0.866370670294,0.723825427995,10.1040507478,1.46409370122,1.20994775102,10.9217595095
2.234106,-0.866370670294,0.723825427995,10.1040507478,1.35801635101,1.13922951755,10.8853536583
2.235772,-0.866370670294,0.723825427995,10.1040507478,1.35801635101,1.06851128407,10.8125419561
2.237438,-0.866370670294,0.76920630323,10.1040507478,1.35801635101,1.10387040081,10.8853536583
2.239104,-0.866370670294,0.723825427995,10.1040507478,1.35801635101,1.13922951755,10.8853536583
2.24077,-0.866370670294,0.723825427995,10.1040507478,1.32265723427,1.03315216734,10.9217595095
2.242436,-0.866370670294,0.76920630323,10.1040507478,1.35801635101,1.13922951755,10.8853536583
2.244102,-0.866370670294,0.76920630323,10.1040507478,1.35801635101,1.10387040081,10.8853536583
2.245768,-0.77408109096,0.814587178465,10.149431623,1.39337546774,1.13922951755,10.8853536583
2.247434,-0.866370670294,0.723825427995,10.1040507478,1.35801635101,1.13922951755,10.8853536583
2.2491,-0.866370670294,0.76920630323,10.149431623,1.32265723427,1.06851128407,10.8125419561
2.250766,-0.866370670294,0.723825427995,10.149431623,1.32265723427,1.06851128407,10.8853536583
2.252432,-0.866370670294,0.76920630323,10.1040507478,1.39337546774,1.13922951755,10.8853536583
2.254098,-0.866370670294,0.723825427995,10.1040507478,1.32265723427,1.06851128407,10.9581653606
2.255764,-0.866370670294,0.76920630323,10.1040507478,1.35801635101,1.13922951755,10.8853536583
2.25743,-0.820225880627,0.76920630323,10.1040507478,1.35801635101,1.10387040081,10.8853536583
2.259096,-0.866370670294,0.723825427995,10.1040507478,1.39337546774,1.13922951755,10.8853536583
2.260762,-0.820225880627,0.76920630323,10.1040507478,1.39337546774,1.13922951755,10.8853536583
2.262428,-0.77408109096,0.859968053701,10.2401933735,1.32265723427,1.06851128407,10.7761361049
2.264094,-0.866370670294,0.723825427995,10.1040507478,1.35801635101,1.10387040081,10.8853536583
2.26576,-0.820225880627,0.76920630323,10.1040507478,1.35801635101,1.10387040081,10.8489478072
2.267426,-0.820225880627,0.76920630323,10.1040507478,1.46409370122,1.24530686776,10.9581653606
2.269092,-0.866370670294,0.76920630323,10.1040507478,1.35801635101,1.17458863428,10.8853536583
2.270758,-0.866370670294,0.723825427995,10.149431623,1.35801635101,1.06851128407,10.8125419561
2.272424,-0.866370670294,0.76920630323,10.1040507478,1.35801635101,1.10387040081,10.8489478072
2.27409,-0.820225880627,0.76920630323,10.149431623,1.39337546774,1.10387040081,10.8853536583
2.275756,-0.77408109096,0.814587178465,10.149431623,1.32265723427,1.17458863428,10.9217595095
2.277422,-0.77408109096,0.859968053701,10.1948124982,1.39337546774,1.10387040081,10.8853536583
2.279088,-0.866370670294,0.723825427995,10.1040507478,1.35801635101,1.10387040081,10.8125419561
2.280754,-0.866370670294,0.723825427995,10.1040507478,1.35801635101,1.10387040081,10.8853536583
2.28242,-0.866370670294,0.723825427995,10.1040507478,1.39337546774,1.13922951755,10.9217595095
2.284086,-0.866370670294,0.723825427995,10.149431623,1.32265723427,1.06851128407,10.7761361049
2.285752,-0.866370670294,0.723825427995,10.1040507478,1.39337546774,1.13922951755,10.8853536583
2.287418,-0.820225880627,0.76920630323,10.149431623,1.35801635101,1.10387040081,10.8853536583
2.289084,-0.866370670294,0.723825427995,10.1040507478,1.46409370122,1.17458863428,10.8853536583
2.29075,-0.866370670294,0.723825427995,10.1040507478,1.35801635101,1.13922951755,10.8853536583
2.292416,-0.866370670294,0.76920630323,10.1040507478,1.35801635101,1.10387040081,10.8125419561
2.294082,-0.866370670294,0.76920630323,10.1040507478,1.35801635101,1.10387040081,10.8853536583
2.295748,-0.820225880627,0.723825427995,10.1040507478,1.39337546774,1.10387040081,10.8853536583
2.297414,-0.77408109096,0.814587178465,10.1948124982,1.28729811753,1.13922951755,10.9581653606
2.29908,-0.866370670294,0.723825427995,10.1040507478,1.35801635101,1.13922951755,10.8853536583
2.300746,-0.866370670294,0.76920630323,10.1040507478,1.35801635101,1.10387040081,10.8125419561
2.302412,-0.820225880627,0.814587178465,10.149431623,1.35801635101,1.10387040081,10.8489478072
2.304078,-0.866370670294,0.723825427995,10.1040507478,1.35801635101,1.13922951755,10.8853536583
2.305744,-0.866370670294,0.76920630323,10.1040507478,1.32265723427,1.03315216734,10.7761361049
2.30741,-0.820225880627,0.76920630323,10.1040507478,1.35801635101,1.13922951755,10.8853536583
2.309076,-0.866370670294,0.723825427995,10.1040507478,1.39337546774,1.10387040081,10.8853536583
2.310742,-0.866370670294,0.76920630323,10.1040507478,1.42873458448,1.17458863428,10.8489478072
2.312408,-0.866370670294,0.76920630323,10.1040507478,1.39337546774,1.17458863428,10.8853536583
2.314074,-0.866370670294,0.76920630323,10.1040507478,1.35801635101,1.06851128407,10.8489478072
2.31574,-0.866370670294,0.723825427995,10.0586698725,1.35801635101,1.13922951755,10.8853536583
2.317406,-0.866370670294,0.76920630323,10.1040507478,1.35801635101,1.10387040081,10.8853536583
2.319072,-0.866370670294,0.723825427995,10.1040507478,1.49945281795,1.20994775102,10.8853536583
2.320738,-0.866370670294,0.76920630323,10.1040507478,1.39337546774,1.10387040081,10.8853536583
2.322404,-0.820225880627,0.76920630323,10.1040507478,1.39337546774,1.10387040081,10.8489478072
2.32407,-0.866370670294,0.723825427995,10.0586698725,1.35801635101,1.10387040081,10.8489478072
2.325736,-0.866370670294,0.723825427995,10.1040507478,1.39337546774,1.10387040081,10.8853536583
2.327402,-0.866370670294,0.723825427995,10.1040507478,1.32265723427,1.06851128407,10.8853536583
2.329068,-0.866370670294,0.76920630323,10.1040507478,1.39337546774,1.10387040081,10.8853536583
2.330734,-0.820225880627,0.723825427995,10.1040507478,1.39337546774,1.10387040081,10.8489478072
2.3324,-0.820225880627,0.814587178465,10.149431623,1.42873458448,1.10387040081,10.8853536583
2.334066,-0.866370670294,0.723825427995,10.1040507478,1.35801635101,1.10387040081,10.8853536583
2.335732,-0.866370670294,0.76920630323,10.1040507478,1.32265723427,1.06851128407,10.7761361049
2.337398,-0.77408109096,0.814587178465,10.149431623,1.35801635101,1.10387040081,10.8853536583
2.339064,-0.820225880627,0.76920630323,10.1040507478,1.39337546774,1.10387040081,10.8853536583
2.34073,-0.866370670294,0.723825427995,10.0586698725,1.42873458448,1.13922951755,10.8489478072
2.342396,-0.866370670294,0.76920630323,10.1040507478,1.39337546774,1.13922951755,10.8853536583
2.344062,-0.820225880627,0.723825427995,10.1040507478,1.35801635101,1.06851128407,10.7761361049
2.345728,-0.727936301293,0.859968053701,10.2401933735,1.35801635101,1.13922951755,10.8853536583
2.347394,-0.866370670294,0.723825427995,10.1040507478,1.39337546774,1.10387040081,10.8853536583
2.34906,-0.866370670294,0.723825427995,10.1040507478,1.42873458448,1.20994775102,10.9581653606
2.350726,-0.820225880627,0.76920630323,10.149431623,1.39337546774,1.13922951755,10.8853536583
2.352392,-0.866370670294,0.723825427995,10.0586698725,1.35801635101,1.06851128407,10.8489478072
2.354058,-0.866370670294,0.723825427995,10.1040507478,1.39337546774,1.10387040081,10.8125419561
2.355724,-0.820225880627,0.723825427995,10.1040507478,1.39337546774,1.13922951755,10.8489478072
2.35739,-0.820225880627,0.76920630323,10.1040507478,1.28729811753,1.06851128407,10.9217595095
2.359056,-0.866370670294,0.723825427995,10.1040507478,1.39337546774,1.13922951755,10.8853536583
2.360722,-0.820225880627,0.76920630323,10.1040507478,1.35801635101,1.10387040081,10.8489478072
2.362388,-0.866370670294,0.76920630323,10.1040507478,1.35801635101,1.06851128407,10.8489478072
2.364054,-0.820225880627,0.723825427995,10.1040507478,1.39337546774,1.10387040081,10.8853536583
2.36572,-0.866370670294,0.76920630323,10.1040507478,1.32265723427,1.06851128407,10.8125419561
2.367386,-0.820225880627,0.76920630323,10.1040507478,1.35801635101,1.10387040081,10.8853536583
2.369052,-0.866370670294,0.678444552759,10.1040507478,1.35801635101,1.10387040081,10.8489478072
2.370718,-0.77408109096,0.76920630323,10.1948124982,1.39337546774,1.06851128407,10.8489478072
2.372384,-0.77408109096,0.814587178465,10.1948124982,1.39337546774,1.13922951755,10.8853536583
2.37405,-0.866370670294,0.723825427995,10.0586698725,1.35801635101,1.06851128407,10.8125419561
2.375716,-0.820225880627,0.76920630323,10.1040507478,1.35801635101,1.13922951755,10.8489478072
2.377382,-0.820225880627,0.723825427995,10.1040507478,1.39337546774,1.10387040081,10.8853536583
2.379048,-0.866370670294,0.76920630323,10.1040507478,1.42873458448,1.20994775102,10.9217595095
2.380714,-0.820225880627,0.76920630323,10.1040507478,1.39337546774,1.10387040081,10.8853536583
2.38238,-0.820225880627,0.76920630323,10.1040507478,1.35801635101,1.06851128407,10.8125419561
2.384046,-0.866370670294,0.678444552759,10.1040507478,1.35801635101,1.06851128407,10.8489478072
2.385712,-0.866370670294,0.723825427995,10.1040507478,1.39337546774,1.10387040081,10.8853536583
2.387378,-0.866370670294,0.723825427995,10.1040507478,1.32265723427,1.13922951755,10.9922958461
2.389044,-0.866370670294,0.723825427995,10.1040507478,1.39337546774,1.10387040081,10.8853536583
2.39071,-0.866370670294,0.76920630323,10.1040507478,1.35801635101,1.10387040081,10.8489478072
2.392376,-0.820225880627,0.723825427995,10.1040507478,1.35801635101,1.13922951755,10.8489478072
2.394042,-0.866370670294,0.723825427995,10.1040507478,1.39337546774,1.13922951755,10.9217595095
2.395708,-0.866370670294,0.76920630323,10.1040507478,1.32265723427,1.03315216734,10.7761361049
2.397374,-0.866370670294,0.723825427995,10.1040507478,1.39337546774,1.10387040081,10.8853536583
2.39904,-0.866370670294,0.723825427995,10.1040507478,1.39337546774,1.10387040081,10.8853536583
2.400706,-0.77408109096,0.814587178465,10.1948124982,1.42873458448,1.13922951755,10.8853536583
2.402372,-0.77408109096,0.814587178465,10.1948124982,1.39337546774,1.10387040081,10.8853536583
2.404038,-0.866370670294,0.723825427995,10.1040507478,1.35801635101,1.06851128407,10.8125419561
2.405704,-0.866370670294,0.723825427995,10.1040507478,1.35801635101,1.06851128407,10.8489478072
2.40737,-0.866370670294,0.723825427995,10.1040507478,1.39337546774,1.13922951755,10.8853536583
2.409036,-0.866370670294,0.723825427995,10.1040507478,1.32265723427,1.17458863428,10.9922958461
2.410702,-0.866370670294,0.723825427995,10.1040507478,1.39337546774,1.10387040081,10.8853536583
2.412368,-0.866370670294,0.723825427995,10.1040507478,1.35801635101,1.10387040081,10.8489478072
2.414034,-0.866370670294,0.723825427995,10.1040507478,1.35801635101,1.06851128407,10.8489478072
2.4157,-0.866370670294,0.723825427995,10.1040507478,1.39337546774,1.10387040081,10.8853536583
2.417366,-0.866370670294,0.723825427995,10.1040507478,1.32265723427,1.06851128407,10.7761361049
2.419032,-0.820225880627,0.723825427995,10.1040507478,1.35801635101,1.10387040081,10.8853536583
2.420698,-0.866370670294,0.723825427995,10.1040507478,1.35801635101,1.13922951755,10.8853536583
2.422364,-0.866370670294,0.723825427995,10.149431623,1.35801635101,1.10387040081,10.8489478072
2.42403,-0.820225880627,0.723825427995,10.1040507478,1.39337546774,1.10387040081,10.8853536583
2.425696,-0.820225880627,0.76920630323,10.1040507478,1.35801635101,1.06851128407,10.8125419561
2.427362,-0.77408109096,0.814587178465,10.1948124982,1.39337546774,1.10387040081,10.8489478072
2.429028,-0.866370670294,0.723825427995,10.1040507478,1.39337546774,1.13922951755,10.8853536583
2.430694,-0.820225880627,0.76920630323,10.1040507478,1.49945281795,1.20994775102,10.9217595095
2.43236,-0.866370670294,0.76920630323,10.1040507478,1.39337546774,1.13922951755,10.8853536583
2.434026,-0.820225880627,0.76920630323,10.1040507478,1.35801635101,1.06851128407,10.8125419561
2.435692,-0.727936301293,0.859968053701,10.1948124982,1.35801635101,1.10387040081,10.8853536583
2.437358,-0.77408109096,0.814587178465,10.149431623,1.39337546774,1.10387040081,10.8853536583
2.439024,-0.820225880627,0.76920630323,10.149431623,1.32265723427,1.10387040081,10.9581653606
2.44069,-0.866370670294,0.76920630323,10.1040507478,1.35801635101,1.13922951755,10.8489478072
2.442356,-0.820225880627,0.76920630323,10.1040507478,1.39337546774,1.10387040081,10.8489478072
2.444022,-0.820225880627,0.76920630323,10.1040507478,1.39337546774,1.13922951755,10.8489478072
2.445688,-0.77408109096,0.859968053701,10.1948124982,1.39337546774,1.13922951755,10.8853536583
2.447354,-0.866370670294,0.76920630323,10.1040507478,1.32265723427,1.06851128407,10.7761361049
2.44902,-0.866370670294,0.723825427995,10.1040507478,1.35801635101,1.10387040081,10.8489478072
2.450686,-0.866370670294,0.723825427995,10.1040507478,1.35801635101,1.10387040081,10.8853536583
2.452352,-0.866370670294,0.723825427995,10.1040507478,1.42873458448,1.20994775102,10.9217595095
2.454018,-0.866370670294,0.723825427995,10.1040507478,1.35801635101,1.10387040081,10.8853536583
2.455684,-0.866370670294,0.723825427995,10.1040507478,1.35801635101,1.06851128407,10.8489478072
2.45735,-0.866370670294,0.723825427995,10.1040507478,1.39337546774,1.06851128407,10.8489478072
2.459016,-0.820225880627,0.723825427995,10.1040507478,1.35801635101,1.10387040081,10.8853536583
2.460682,-0.820225880627,0.723825427995,10.149431623,1.32265723427,1.06851128407,10.8125419561
2.462348,-0.866370670294,0.723825427995,10.1040507478,1.35801635101,1.10387040081,10.8125419561
2.464014,-0.866370670294,0.723825427995,10.1040507478,1.39337546774,1.10387040081,10.8489478072
2.46568,-0.820225880627,0.723825427995,10.1040507478,1.46409370122,1.13922951755,10.8853536583
2.467346,-0.866370670294,0.723825427995,10.0586698725,1.39337546774,1.13922951755,10.8853536583
2.469012,-0.866370670294,0.723825427995,10.1040507478,1.35801635101,1.06851128407,10.8125419561
2.470678,-0.866370670294,0.723825427995,10.1040507478,1.32265723427,1.06851128407,10.8489478072
2.472344,-0.77408109096,0.814587178465,10.1948124982,1.39337546774,1.13922951755,10.8853536583
2.47401,-0.866370670294,0.678444552759,10.1040507478,1.42873458448,1.20994775102,10.9581653606
2.475676,-0.820225880627,0.723825427995,10.1040507478,1.35801635101,1.13922951755,10.8489478072
2.477342,-0.866370670294,0.723825427995,10.1040507478,1.39337546774,1.10387040081,10.8125419561
2.479008,-0.866370670294,0.723825427995,10.1040507478,1.35801635101,1.06851128407,10.8125419561
2.480674,-0.820225880627,0.723825427995,10.1040507478,1.39337546774,1.13922951755,10.8853536583
2.48234,-0.727936301293,0.814587178465,10.1948124982,1.32265723427,1.06851128407,10.8125419561
2.484006,-0.820225880627,0.723825427995,10.1040507478,1.35801635101,1.17458863428,10.8853536583
2.485672,-0.866370670294,0.723825427995,10.0586698725,1.35801635101,1.06851128407,10.8853536583
2.487338,-0.866370670294,0.723825427995,10.1040507478,1.39337546774,1.10387040081,10.8489478072
2.489004,-0.77408109096,0.814587178465,10.1948124982,1.39337546774,1.17458863428,10.8489478072
2.49067,-0.820225880627,0.723825427995,10.149431623,1.35801635101,1.06851128407,10.8125419561
2.492336,-0.866370670294,0.723825427995,10.1040507478,1.35801635101,1.10387040081,10.8125419561
2.494002,-0.866370670294,0.723825427995,10.1040507478,1.35801635101,1.10387040081,10.8853536583
2.495668,-0.866370670294,0.723825427995,10.1040507478,1.39337546774,1.20994775102,10.9581653606
2.497334,-0.820225880627,0.723825427995,10.149431623,1.35801635101,1.10387040081,10.8853536583
2.499,-0.866370670294,0.76920630323,10.1040507478,1.35801635101,1.10387040081,10.8125419561
2.500666,-0.820225880627,0.76920630323,10.1040507478,1.39337546774,1.06851128407,10.8489478072
2.502332,-0.727936301293,0.859968053701,10.1948124982,1.39337546774,1.13922951755,10.8853536583
2.503998,-0.77408109096,0.814587178465,10.1948124982,1.32265723427,1.06851128407,10.7761361049
2.505664,-0.866370670294,0.723825427995,10.1040507478,1.35801635101,1.13922951755,10.8853536583
2.50733,-0.866370670294,0.723825427995,10.1040507478,1.35801635101,1.10387040081,10.8853536583
2.508996,-0.866370670294,0.76920630323,10.1040507478,1.42873458448,1.17458863428,10.8489478072
2.510662,-0.866370670294,0.723825427995,10.1040507478,1.39337546774,1.13922951755,10.8853536583
2.512328,-0.866370670294,0.76920630323,10.1040507478,1.35801635101,1.10387040081,10.8125419561
2.513994,-0.820225880627,0.76920630323,10.1040507478,1.35801635101,1.10387040081,10.8853536583
2.51566,-0.820225880627,0.76920630323,10.1040507478,1.39337546774,1.13922951755,10.8853536583
2.517326,-0.866370670294,0.76920630323,10.1040507478,1.32265723427,1.17458863428,10.9922958461
2.518992,-0.820225880627,0.76920630323,10.1040507478,1.35801635101,1.17458863428,10.8853536583
2.520658,-0.820225880627,0.814587178465,10.149431623,1.35801635101,1.10387040081,10.8853536583
2.522324,-0.77408109096,0.859968053701,10.1948124982,1.35801635101,1.13922951755,10.8489478072
2.52399,-0.866370670294,0.723825427995,10.1040507478,1.39337546774,1.13922951755,10.8853536583
2.525656,-0.866370670294,0.723825427995,10.1040507478,1.32265723427,1.06851128407,10.8125419561
2.527322,-0.866370670294,0.723825427995,10.1040507478,1.35801635101,1.10387040081,10.8853536583
2.528988,-0.820225880627,0.76920630323,10.1040507478,1.39337546774,1.10387040081,10.8853536583
2.530654,-0.866370670294,0.76920630323,10.1040507478,1.42873458448,1.10387040081,10.8489478072
2.53232,-0.866370670294,0.76920630323,10.1040507478,1.39337546774,1.13922951755,10.8853536583
2.533986,-0.866370670294,0.76920630323,10.1040507478,1.32265723427,1.06851128407,10.7761361049
2.535652,-0.820225880627,0.76920630323,10.149431623,1.39337546774,1.10387040081,10.8853536583
2.537318,-0.77408109096,0.814587178465,10.1948124982,1.35801635101,1.10387040081,10.8489478072
2.538984,-0.820225880627,0.76920630323,10.1948124982,1.46409370122,1.17458863428,10.8853536583
2.54065,-0.77408109096,0.814587178465,10.1948124982,1.35801635101,1.13922951755,10.8853536583
2.542316,-0.820225880627,0.814587178465,10.149431623,1.35801635101,1.06851128407,10.8125419561
2.543982,-0.77408109096,0.814587178465,10.149431623,1.35801635101,1.10387040081,10.8489478072
2.545648,-0.77408109096,0.859968053701,10.1948124982,1.39337546774,1.10387040081,10.8853536583
2.547314,-0.77408109096,0.814587178465,10.1948124982,1.28729811753,1.06851128407,10.9217595095
2.54898,-0.77408109096,0.814587178465,10.1948124982,1.35801635101,1.13922951755,10.8853536583
2.550646,-0.77408109096,0.814587178465,10.149431623,1.35801635101,1.10387040081,10.8853536583
2.552312,-0.820225880627,0.76920630323,10.149431623,1.39337546774,1.13922951755,10.8853536583
2.553978,-0.866370670294,0.723825427995,10.1040507478,1.35801635101,1.10387040081,10.9217595095
2.555644,-0.820225880627,0.76920630323,10.149431623,1.32265723427,1.06851128407,10.8125419561
2.55731,-0.820225880627,0.76920630323,10.149431623,1.35801635101,1.17458863428,10.8853536583
2.558976,-0.866370670294,0.76920630323,10.1040507478,1.35801635101,1.13922951755,10.8853536583
2.560642,-0.866370670294,0.723825427995,10.1040507478,1.42873458448,1.10387040081,10.8853536583
2.562308,-0.866370670294,0.76920630323,10.1040507478,1.39337546774,1.13922951755,10.8853536583
2.563974,-0.866370670294,0.723825427995,10.1040507478,1.35801635101,1.06851128407,10.8125419561
2.56564,-0.866370670294,0.76920630323,10.1040507478,1.35801635101,1.10387040081,10.8125419561
2.567306,-0.866370670294,0.76920630323,10.1040507478,1.35801635101,1.13922951755,10.8853536583
2.568972,-0.866370670294,0.76920630323,10.1040507478,1.49945281795,1.20994775102,10.9217595095
2.570638,-0.866370670294,0.723825427995,10.1040507478,1.39337546774,1.13922951755,10.8853536583
2.572304,-0.866370670294,0.723825427995,10.1040507478,1.35801635101,1.06851128407,10.8125419561
2.57397,-0.866370670294,0.76920630323,10.1040507478,1.35801635101,1.10387040081,10.8853536583
2.575636,-0.866370670294,0.76920630323,10.149431623,1.35801635101,1.13922951755,10.8853536583
2.577302,-0.77408109096,0.814587178465,10.1948124982,1.28729811753,1.17458863428,10.9922958461
2.578968,-0.820225880627,0.814587178465,10.149431623,1.35801635101,1.13922951755,10.8853536583
2.580634,-0.866370670294,0.76920630323,10.1040507478,1.35801635101,1.06851128407,10.8489478072
2.5823,-0.866370670294,0.76920630323,10.1040507478,1.35801635101,1.10387040081,10.8489478072
2.583966,-0.820225880627,0.76920630323,10.149431623,1.39337546774,1.13922951755,10.8853536583
2.585632,-0.820225880627,0.76920630323,10.1040507478,1.32265723427,1.06851128407,10.7761361049
2.587298,-0.866370670294,0.76920630323,10.149431623,1.35801635101,1.13922951755,10.8853536583
2.588964,-0.866370670294,0.723825427995,10.1040507478,1.35801635101,1.10387040081,10.8489478072
2.59063,-0.866370670294,0.723825427995,10.1040507478,1.39337546774,1.10387040081,10.8853536583
2.592296,-0.820225880627,0.76920630323,10.149431623,1.39337546774,1.17458863428,10.8853536583
2.593962,-0.866370670294,0.723825427995,10.1040507478,1.35801635101,1.06851128407,10.8125419561
2.595628,-0.866370670294,0.76920630323,10.1040507478,1.35801635101,1.10387040081,10.8489478072
2.597294,-0.820225880627,0.76920630323,10.1040507478,1.35801635101,1.10387040081,10.8853536583
2.59896,-0.727936301293,0.905348928936,10.2401933735,1.46409370122,1.20994775102,10.8853536583
2.600626,-0.866370670294,0.723825427995,10.1040507478,1.39337546774,1.13922951755,10.8853536583
2.602292,-0.866370670294,0.723825427995,10.1040507478,1.35801635101,1.10387040081,10.8125419561
2.603958,-0.866370670294,0.76920630323,10.1040507478,1.35801635101,1.10387040081,10.8489478072
2.605624,-0.866370670294,0.723825427995,10.1040507478,1.35801635101,1.10387040081,10.8853536583
2.60729,-0.866370670294,0.723825427995,10.1040507478,1.32265723427,1.06851128407,10.8125419561
2.608956,-0.866370670294,0.723825427995,10.1040507478,1.35801635101,1.13922951755,10.8853536583
2.610622,-0.820225880627,0.76920630323,10.149431623,1.35801635101,1.10387040081,10.8489478072
2.612288,-0.820225880627,0.814587178465,10.149431623,1.39337546774,1.13922951755,10.8489478072
2.613954,-0.820225880627,0.76920630323,10.149431623,1.39337546774,1.13922951755,10.8853536583
2.61562,-0.866370670294,0.723825427995,10.1040507478,1.28729811753,1.06851128407,10.7761361049
2.617286,-0.866370670294,0.76920630323,10.1040507478,1.35801635101,1.13922951755,10.8853536583
2.618952,-0.866370670294,0.76920630323,10.1040507478,1.35801635101,1.10387040081,10.8489478072
2.620618,-0.820225880627,0.76920630323,10.1040507478,1.42873458448,1.20994775102,10.8853536583
2.622284,-0.77408109096,0.859968053701,10.1948124982,1.39337546774,1.17458863428,10.8853536583
2.62395,-0.77408109096,0.859968053701,10.1948124982,1.32265723427,1.10387040081,10.8125419561
2.625616,-0.77408109096,0.814587178465,10.149431623,1.35801635101,1.10387040081,10.8853536583
2.627282,-0.820225880627,0.76920630323,10.149431623,1.39337546774,1.13922951755,10.8853536583
2.628948,-0.727936301293,0.859968053701,10.2401933735,1.35801635101,1.24530686776,10.9217595095
2.630614,-0.866370670294,0.723825427995,10.1040507478,1.35801635101,1.13922951755,10.8489478072
2.63228,-0.912515459961,0.723825427995,10.1040507478,1.35801635101,1.10387040081,10.8489478072
2.633946,-0.866370670294,0.723825427995,10.1040507478,1.32265723427,1.10387040081,10.8489478072
2.635612,-0.866370670294,0.76920630323,10.1040507478,1.35801635101,1.13922951755,10.8853536583
2.637278,-0.866370670294,0.723825427995,10.1040507478,1.28729811753,1.06851128407,10.8489478072
2.638944,-0.866370670294,0.723825427995,10.1040507478,1.39337546774,1.10387040081,10.8853536583
2.64061,-0.866370670294,0.76920630323,10.1040507478,1.35801635101,1.10387040081,10.8489478072
2.642276,-0.77408109096,0.859968053701,10.1948124982,1.39337546774,1.10387040081,10.8853536583
2.643942,-0.866370670294,0.723825427995,10.1040507478,1.35801635101,1.13922951755,10.8853536583
2.645608,-0.912515459961,0.723825427995,10.1040507478,1.35801635101,1.06851128407,10.8125419561
2.647274,-0.866370670294,0.723825427995,10.0586698725,1.32265723427,1.13922951755,10.8853536583
2.64894,-0.820225880627,0.814587178465,10.1948124982,1.35801635101,1.10387040081,10.8853536583
2.650606,-0.866370670294,0.76920630323,10.1040507478,1.35801635101,1.17458863428,10.8489478072
2.652272,-0.866370670294,0.76920630323,10.1040507478,1.35801635101,1.13922951755,10.8853536583
2.653938,-0.866370670294,0.723825427995,10.1040507478,1.28729811753,1.10387040081,10.8125419561
2.655604,-0.866370670294,0.76920630323,10.1040507478,1.35801635101,1.10387040081,10.8853536583
2.65727,-0.820225880627,0.76920630323,10.1040507478,1.35801635101,1.17458863428,10.8489478072
2.658936,-0.912515459961,0.723825427995,10.1040507478,1.32265723427,1.20994775102,10.9922958461
2.660602,-0.912515459961,0.723825427995,10.0586698725,1.35801635101,1.13922951755,10.8853536583
2.662268,-0.866370670294,0.723825427995,10.1040507478,1.35801635101,1.10387040081,10.8489478072
2.663934,-0.912515459961,0.723825427995,10.1040507478,1.35801635101,1.10387040081,10.8125419561
2.6656,-0.77408109096,0.859968053701,10.1948124982,1.39337546774,1.10387040081,10.8853536583
2.667266,-0.866370670294,0.723825427995,10.1040507478,1.28729811753,1.06851128407,10.7761361049
2.668932,-0.866370670294,0.76920630323,10.1040507478,1.35801635101,1.13922951755,10.8853536583
2.670598,-0.866370670294,0.76920630323,10.1040507478,1.35801635101,1.13922951755,10.8853536583
2.672264,-0.912515459961,0.723825427995,10.1040507478,1.39337546774,1.20994775102,10.9581653606
2.67393,-0.866370670294,0.723825427995,10.1040507478,1.35801635101,1.13922951755,10.8853536583
2.675596,-0.820225880627,0.814587178465,10.149431623,1.35801635101,1.06851128407,10.8125419561
2.677262,-0.820225880627,0.76920630323,10.149431623,1.35801635101,1.13922951755,10.8489478072
2.678928,-0.866370670294,0.723825427995,10.1040507478,1.39337546774,1.13922951755,10.8853536583
2.680594,-0.866370670294,0.723825427995,10.1040507478,1.28729811753,1.06851128407,10.8125419561
2.68226,-0.866370670294,0.76920630323,10.1040507478,1.35801635101,1.10387040081,10.8853536583
2.683926,-0.866370670294,0.76920630323,10.1040507478,1.35801635101,1.10387040081,10.8853536583
2.685592,-0.820225880627,0.814587178465,10.149431623,1.39337546774,1.17458863428,10.8489478072
2.687258,-0.866370670294,0.76920630323,10.1040507478,1.35801635101,1.13922951755,10.8853536583
2.688924,-0.866370670294,0.723825427995,10.1040507478,1.35801635101,1.06851128407,10.8125419561
2.69059,-0.866370670294,0.76920630323,10.149431623,1.35801635101,1.10387040081,10.8853536583
2.692256,-0.866370670294,0.76920630323,10.1040507478,1.35801635101,1.13922951755,10.8853536583
2.693922,-0.866370670294,0.723825427995,10.149431623,1.35801635101,1.20994775102,10.9581653606
2.695588,-0.820225880627,0.814587178465,10.149431623,1.35801635101,1.13922951755,10.8853536583
2.697254,-0.866370670294,0.723825427995,10.1040507478,1.35801635101,1.10387040081,10.8489478072
2.69892,-0.866370670294,0.723825427995,10.1040507478,1.35801635101,1.06851128407,10.8853536583
2.700586,-0.866370670294,0.723825427995,10.1040507478,1.35801635101,1.13922951755,10.8853536583
2.702252,-0.866370670294,0.76920630323,10.1040507478,1.35801635101,1.20994775102,10.9922958461
2.703918,-0.866370670294,0.723825427995,10.1040507478,1.35801635101,1.10387040081,10.8853536583
2.705584,-0.866370670294,0.76920630323,10.1040507478,1.35801635101,1.10387040081,10.8853536583
2.70725,-0.866370670294,0.723825427995,10.1040507478,1.35801635101,1.13922951755,10.8489478072
2.708916,-0.866370670294,0.723825427995,10.1040507478,1.35801635101,1.13922951755,10.8853536583
2.710582,-0.866370670294,0.723825427995,10.1040507478,1.32265723427,1.06851128407,10.8125419561
2.712248,-0.820225880627,0.814587178465,10.149431623,1.35801635101,1.13922951755,10.8853536583
2.713914,-0.866370670294,0.723825427995,10.1040507478,1.35801635101,1.10387040081,10.8489478072
2.71558,-0.866370670294,0.76920630323,10.1040507478,1.35801635101,1.13922951755,10.8489478072
2.717246,-0.866370670294,0.723825427995,10.1040507478,1.35801635101,1.10387040081,10.8853536583
2.718912,-0.912515459961,0.723825427995,10.1040507478,1.32265723427,1.06851128407,10.7761361049
2.720578,-0.866370670294,0.723825427995,10.1040507478,1.35801635101,1.10387040081,10.8853536583
2.722244,-0.866370670294,0.76920630323,10.1040507478,1.35801635101,1.10387040081,10.8853536583
2.72391,-0.866370670294,0.76920630323,10.1040507478,1.39337546774,1.10387040081,10.8853536583
2.725576,-0.820225880627,0.76920630323,10.1040507478,1.35801635101,1.13922951755,10.8853536583
2.727242,-0.77408109096,0.814587178465,10.1948124982,1.32265723427,1.06851128407,10.8125419561
2.728908,-0.77408109096,0.814587178465,10.1948124982,1.35801635101,1.10387040081,10.8489478072
2.730574,-0.820225880627,0.76920630323,10.149431623,1.35801635101,1.10387040081,10.8853536583
2.73224,-0.866370670294,0.76920630323,10.1040507478,1.32265723427,1.20994775102,10.9922958461
2.733906,-0.866370670294,0.723825427995,10.1040507478,1.35801635101,1.13922951755,10.8853536583
2.735572,-0.866370670294,0.723825427995,10.1040507478,1.35801635101,1.10387040081,10.8853536583
2.737238,-0.912515459961,0.76920630323,10.1040507478,1.39337546774,1.10387040081,10.8489478072
2.738904,-0.866370670294,0.76920630323,10.1040507478,1.35801635101,1.17458863428,10.8853536583
2.74057,-0.866370670294,0.76920630323,10.1040507478,1.32265723427,1.06851128407,10.7761361049
2.742236,-0.866370670294,0.723825427995,10.1040507478,1.35801635101,1.10387040081,10.8853536583
2.743902,-0.866370670294,0.76920630323,10.1040507478,1.35801635101,1.13922951755,10.8853536583
2.745568,-0.866370670294,0.76920630323,10.1040507478,1.46409370122,1.20994775102,10.9217595095
2.747234,-0.820225880627,0.814587178465,10.1948124982,1.35801635101,1.13922951755,10.8853536583
2.7489,-0.866370670294,0.723825427995,10.1040507478,1.35801635101,1.10387040081,10.8489478072
2.750566,-0.866370670294,0.723825427995,10.1040507478,1.35801635101,1.10387040081,10.8853536583
2.752232,-0.866370670294,0.723825427995,10.0586698725,1.39337546774,1.13922951755,10.9217595095
2.753898,-0.866370670294,0.723825427995,10.1040507478,1.32265723427,1.17458863428,10.9922958461
2.755564,-0.866370670294,0.76920630323,10.1040507478,1.35801635101,1.10387040081,10.8853536583
2.75723,-0.866370670294,0.76920630323,10.1040507478,1.35801635101,1.10387040081,10.8489478072
2.758896,-0.866370670294,0.723825427995,10.1040507478,1.35801635101,1.10387040081,10.8853536583
2.760562,-0.866370670294,0.76920630323,10.1040507478,1.39337546774,1.13922951755,10.8853536583
2.762228,-0.866370670294,0.76920630323,10.1040507478,1.32265723427,1.10387040081,10.8125419561
2.763894,-0.866370670294,0.723825427995,10.1040507478,1.35801635101,1.10387040081,10.8489478072
2.76556,-0.866370670294,0.76920630323,10.1040507478,1.35801635101,1.10387040081,10.8853536583
2.767226,-0.77408109096,0.814587178465,10.1948124982,1.35801635101,1.20994775102,10.9922958461
2.768892,-0.866370670294,0.723825427995,10.1040507478,1.39337546774,1.13922951755,10.8853536583
2.770558,-0.866370670294,0.76920630323,10.1040507478,1.35801635101,1.10387040081,10.8489478072
2.772224,-0.866370670294,0.76920630323,10.1040507478,1.35801635101,1.10387040081,10.8489478072
2.77389,-0.820225880627,0.76920630323,10.1040507478,1.35801635101,1.13922951755,10.8853536583
2.775556,-0.77408109096,0.859968053701,10.1948124982,1.32265723427,1.06851128407,10.7761361049
2.777222,-0.866370670294,0.723825427995,10.1040507478,1.35801635101,1.13922951755,10.8853536583
2.778888,-0.866370670294,0.723825427995,10.1040507478,1.35801635101,1.10387040081,10.8489478072
2.780554,-0.866370670294,0.723825427995,10.1040507478,1.35801635101,1.10387040081,10.8489478072
2.78222,-0.866370670294,0.723825427995,10.1040507478,1.39337546774,1.13922951755,10.8853536583
2.783886,-0.866370670294,0.723825427995,10.0586698725,1.32265723427,1.06851128407,10.7761361049
2.785552,-0.866370670294,0.723825427995,10.1040507478,1.35801635101,1.13922951755,10.8853536583
2.787218,-0.866370670294,0.76920630323,10.1040507478,1.35801635101,1.10387040081,10.8853536583
2.788884,-0.866370670294,0.723825427995,10.1040507478,1.46409370122,1.24530686776,10.9217595095
2.79055,-0.866370670294,0.76920630323,10.1040507478,1.35801635101,1.13922951755,10.8853536583
2.792216,-0.866370670294,0.76920630323,10.1040507478,1.35801635101,1.06851128407,10.8125419561
2.793882,-0.77408109096,0.859968053701,10.1948124982,1.35801635101,1.10387040081,10.8489478072
2.795548,-0.77408109096,0.859968053701,10.1948124982,1.35801635101,1.17458863428,10.8853536583
2.797214,-0.77408109096,0.814587178465,10.149431623,1.32265723427,1.06851128407,10.7761361049
2.79888,-0.727936301293,0.859968053701,10.1948124982,1.35801635101,1.10387040081,10.8853536583
2.800546,-0.727936301293,0.859968053701,10.1948124982,1.35801635101,1.06851128407,10.8489478072
2.802212,-0.866370670294,0.723825427995,10.1040507478,1.35801635101,1.10387040081,10.8489478072
2.803878,-0.866370670294,0.76920630323,10.1040507478,1.39337546774,1.10387040081,10.8853536583
2.805544,-0.866370670294,0.76920630323,10.1040507478,1.32265723427,1.06851128407,10.7761361049
2.80721,-0.866370670294,0.76920630323,10.1040507478,1.35801635101,1.06851128407,10.8489478072
2.808876,-0.820225880627,0.76920630323,10.149431623,1.39337546774,1.13922951755,10.8853536583
2.810542,-0.866370670294,0.76920630323,10.1040507478,1.46409370122,1.20994775102,10.9217595095
2.812208,-0.866370670294,0.723825427995,10.1040507478,1.39337546774,1.10387040081,10.8853536583
2.813874,-0.866370670294,0.723825427995,10.1040507478,1.35801635101,1.06851128407,10.8489478072
2.81554,-0.820225880627,0.76920630323,10.1040507478,1.32265723427,1.13922951755,10.8489478072
2.817206,-0.866370670294,0.76920630323,10.1040507478,1.35801635101,1.13922951755,10.8853536583
2.818872,-0.866370670294,0.76920630323,10.1040507478,1.28729811753,1.10387040081,10.7761361049
2.820538,-0.727936301293,0.859968053701,10.1948124982,1.35801635101,1.10387040081,10.8853536583
2.822204,-0.77408109096,0.859968053701,10.1948124982,1.35801635101,1.13922951755,10.8853536583
2.82387,-0.866370670294,0.723825427995,10.149431623,1.35801635101,1.13922951755,10.8853536583
2.825536,-0.866370670294,0.76920630323,10.1040507478,1.35801635101,1.10387040081,10.9217595095
2.827202,-0.866370670294,0.723825427995,10.1040507478,1.32265723427,1.06851128407,10.8125419561
2.828868,-0.866370670294,0.723825427995,10.1040507478,1.35801635101,1.10387040081,10.8853536583
2.830534,-0.866370670294,0.76920630323,10.1040507478,1.35801635101,1.13922951755,10.8853536583
2.8322,-0.820225880627,0.76920630323,10.1040507478,1.49945281795,1.20994775102,10.9217595095
2.833866,-0.820225880627,0.76920630323,10.149431623,1.39337546774,1.13922951755,10.8853536583
2.835532,-0.866370670294,0.723825427995,10.1040507478,1.32265723427,1.06851128407,10.8125419561
2.837198,-0.866370670294,0.723825427995,10.1040507478,1.35801635101,1.10387040081,10.8853536583
2.838864,-0.866370670294,0.76920630323,10.1040507478,1.39337546774,1.13922951755,10.8853536583
2.84053,-0.77408109096,0.859968053701,10.1948124982,1.46409370122,1.20994775102,10.9217595095
2.842196,-0.866370670294,0.723825427995,10.1040507478,1.35801635101,1.10387040081,10.8853536583
2.843862,-0.866370670294,0.76920630323,10.1040507478,1.32265723427,1.06851128407,10.8125419561
2.845528,-0.866370670294,0.76920630323,10.1040507478,1.35801635101,1.10387040081,10.8853536583
2.847194,-0.866370670294,0.76920630323,10.1040507478,1.39337546774,1.13922951755,10.8853536583
2.84886,-0.866370670294,0.76920630323,10.1040507478,1.39337546774,1.20994775102,10.9922958461
2.850526,-0.820225880627,0.76920630323,10.149431623,1.35801635101,1.13922951755,10.8853536583
2.852192,-0.77408109096,0.859968053701,10.1948124982,1.35801635101,1.06851128407,10.8125419561
2.853858,-0.77408109096,0.859968053701,10.1948124982,1.35801635101,1.10387040081,10.8489478072
2.855524,-0.77408109096,0.814587178465,10.1948124982,1.39337546774,1.17458863428,10.8853536583
2.85719,-0.820225880627,0.814587178465,10.1948124982,1.28729811753,1.06851128407,10.8125419561
2.858856,-0.820225880627,0.76920630323,10.149431623,1.35801635101,1.13922951755,10.8489478072
2.860522,-0.866370670294,0.76920630323,10.1040507478,1.35801635101,1.13922951755,10.8489478072
2.862188,-0.866370670294,0.723825427995,10.1040507478,1.46409370122,1.17458863428,10.8853536583
2.863854,-0.866370670294,0.76920630323,10.1040507478,1.35801635101,1.17458863428,10.8853536583
2.86552,-0.866370670294,0.76920630323,10.1040507478,1.35801635101,1.10387040081,10.8125419561
2.867186,-0.866370670294,0.76920630323,10.1040507478,1.35801635101,1.10387040081,10.8489478072
2.868852,-0.820225880627,0.723825427995,10.149431623,1.35801635101,1.13922951755,10.8853536583
2.870518,-0.820225880627,0.723825427995,10.1040507478,1.32265723427,1.17458863428,10.9922958461
2.872184,-0.866370670294,0.76920630323,10.1040507478,1.39337546774,1.10387040081,10.8853536583
2.87385,-0.866370670294,0.723825427995,10.1040507478,1.35801635101,1.10387040081,10.8489478072
2.875516,-0.866370670294,0.723825427995,10.1040507478,1.35801635101,1.10387040081,10.8489478072
2.877182,-0.866370670294,0.76920630323,10.1040507478,1.39337546774,1.13922951755,10.8853536583
2.878848,-0.866370670294,0.723825427995,10.1040507478,1.32265723427,1.06851128407,10.8125419561
2.880514,-0.820225880627,0.723825427995,10.149431623,1.35801635101,1.10387040081,10.8853536583
2.88218,-0.727936301293,0.859968053701,10.2401933735,1.35801635101,1.10387040081,10.8853536583
2.883846,-0.727936301293,0.859968053701,10.1948124982,1.46409370122,1.20994775102,10.8853536583
2.885512,-0.77408109096,0.859968053701,10.1948124982,1.35801635101,1.13922951755,10.8853536583
2.887178,-0.820225880627,0.814587178465,10.1948124982,1.35801635101,1.10387040081,10.8489478072
2.888844,-0.866370670294,0.723825427995,10.1040507478,1.35801635101,1.13922951755,10.8489478072
2.89051,-0.866370670294,0.76920630323,10.1040507478,1.39337546774,1.13922951755,10.8853536583
2.892176,-0.820225880627,0.76920630323,10.1040507478,1.39337546774,1.20994775102,10.9217595095
2.893842,-0.866370670294,0.76920630323,10.1040507478,1.35801635101,1.10387040081,10.8853536583
2.895508,-0.866370670294,0.76920630323,10.149431623,1.35801635101,1.13922951755,10.8125419561
2.897174,-0.820225880627,0.723825427995,10.149431623,1.35801635101,1.10387040081,10.8853536583
2.89884,-0.866370670294,0.723825427995,10.1040507478,1.35801635101,1.17458863428,10.8853536583
2.900506,-0.820225880627,0.76920630323,10.1040507478,1.32265723427,1.20994775102,10.9922958461
2.902172,-0.820225880627,0.814587178465,10.149431623,1.39337546774,1.13922951755,10.8853536583
2.903838,-0.866370670294,0.76920630323,10.1040507478,1.35801635101,1.10387040081,10.8853536583
2.905504,-0.820225880627,0.76920630323,10.1040507478,1.35801635101,1.13922951755,10.8489478072
2.90717,-0.820225880627,0.723825427995,10.1040507478,1.39337546774,1.10387040081,10.8853536583
2.908836,-0.912515459961,0.723825427995,10.0586698725,1.32265723427,1.06851128407,10.7761361049
2.910502,-0.866370670294,0.76920630323,10.1040507478,1.35801635101,1.13922951755,10.8853536583
2.912168,-0.866370670294,0.76920630323,10.149431623,1.39337546774,1.10387040081,10.8853536583
2.913834,-0.866370670294,0.76920630323,10.149431623,1.46409370122,1.17458863428,10.8853536583
2.9155,-0.866370670294,0.76920630323,10.1040507478,1.39337546774,1.13922951755,10.8853536583
2.917166,-0.866370670294,0.76920630323,10.1040507478,1.35801635101,1.10387040081,10.8489478072
2.918832,-0.866370670294,0.76920630323,10.1040507478,1.35801635101,1.13922951755,10.8853536583
2.920498,-0.866370670294,0.76920630323,10.149431623,1.39337546774,1.13922951755,10.8853536583
2.922164,-0.866370670294,0.723825427995,10.1040507478,1.32265723427,1.06851128407,10.7761361049
2.92383,-0.866370670294,0.723825427995,10.1040507478,1.39337546774,1.10387040081,10.8853536583
2.925496,-0.820225880627,0.76920630323,10.1040507478,1.39337546774,1.13922951755,10.8853536583
2.927162,-0.866370670294,0.76920630323,10.1040507478,1.46409370122,1.20994775102,10.9217595095
2.928828,-0.866370670294,0.76920630323,10.1040507478,1.39337546774,1.10387040081,10.8853536583
2.930494,-0.866370670294,0.723825427995,10.0586698725,1.35801635101,1.13922951755,10.8125419561
2.93216,-0.866370670294,0.723825427995,10.1040507478,1.35801635101,1.13922951755,10.8125419561
2.933826,-0.820225880627,0.76920630323,10.1040507478,1.39337546774,1.17458863428,10.8853536583
2.935492,-0.820225880627,0.76920630323,10.1040507478,1.28729811753,1.17458863428,10.9581653606
2.937158,-0.820225880627,0.76920630323,10.1040507478,1.35801635101,1.10387040081,10.8853536583
2.938824,-0.866370670294,0.723825427995,10.1040507478,1.35801635101,1.06851128407,10.8489478072
2.94049,-0.866370670294,0.723825427995,10.1040507478,1.35801635101,1.13922951755,10.8853536583
2.942156,-0.866370670294,0.723825427995,10.1040507478,1.39337546774,1.17458863428,10.9217595095
2.943822,-0.866370670294,0.723825427995,10.1040507478,1.35801635101,1.03315216734,10.9217595095
2.945488,-0.866370670294,0.723825427995,10.1040507478,1.35801635101,1.10387040081,10.8853536583
2.947154,-0.866370670294,0.723825427995,10.0586698725,1.35801635101,1.06851128407,10.8125419561
2.94882,-0.866370670294,0.76920630323,10.1040507478,1.35801635101,1.13922951755,10.8489478072
2.950486,-0.866370670294,0.76920630323,10.1040507478,1.35801635101,1.17458863428,10.8853536583
2.952152,-0.727936301293,0.905348928936,10.1948124982,1.32265723427,1.06851128407,10.8125419561
2.953818,-0.820225880627,0.76920630323,10.149431623,1.35801635101,1.06851128407,10.8489478072
2.955484,-0.866370670294,0.723825427995,10.1040507478,1.39337546774,1.10387040081,10.8853536583
2.95715,-0.820225880627,0.76920630323,10.1040507478,1.49945281795,1.17458863428,10.8853536583
2.958816,-0.820225880627,0.76920630323,10.149431623,1.39337546774,1.10387040081,10.9217595095
2.960482,-0.866370670294,0.723825427995,10.1040507478,1.35801635101,1.06851128407,10.8125419561
2.962148,-0.866370670294,0.723825427995,10.1040507478,1.35801635101,1.06851128407,10.8853536583
2.963814,-0.77408109096,0.814587178465,10.149431623,1.39337546774,1.13922951755,10.8853536583
2.96548,-0.866370670294,0.76920630323,10.1040507478,1.35801635101,1.06851128407,10.8125419561
2.967146,-0.866370670294,0.76920630323,10.1040507478,1.35801635101,1.13922951755,10.8853536583
2.968812,-0.77408109096,0.814587178465,10.1948124982,1.35801635101,1.10387040081,10.8489478072
2.970478,-0.866370670294,0.723825427995,10.1040507478,1.35801635101,1.10387040081,10.8489478072
2.972144,-0.820225880627,0.723825427995,10.1040507478,1.39337546774,1.13922951755,10.8853536583
2.97381,-0.866370670294,0.723825427995,10.1040507478,1.32265723427,1.06851128407,10.7761361049
2.975476,-0.77408109096,0.814587178465,10.1948124982,1.39337546774,1.06851128407,10.8853536583
2.977142,-0.820225880627,0.76920630323,10.1040507478,1.35801635101,1.10387040081,10.8489478072
2.978808,-0.820225880627,0.723825427995,10.1040507478,1.49945281795,1.20994775102,10.8853536583
2.980474,-0.866370670294,0.76920630323,10.1040507478,1.35801635101,1.17458863428,10.8853536583
2.98214,-0.820225880627,0.76920630323,10.1040507478,1.35801635101,1.06851128407,10.8853536583
2.983806,-0.820225880627,0.76920630323,10.1040507478,1.35801635101,1.06851128407,10.8489478072
2.985472,-0.820225880627,0.76920630323,10.1040507478,1.39337546774,1.10387040081,10.8853536583
2.987138,-0.866370670294,0.76920630323,10.1040507478,1.35801635101,1.03315216734,10.8125419561
2.988804,-0.820225880627,0.76920630323,10.1040507478,1.35801635101,1.10387040081,10.8853536583
2.99047,-0.820225880627,0.76920630323,10.1040507478,1.39337546774,1.10387040081,10.8489478072
2.992136,-0.866370670294,0.723825427995,10.1040507478,1.39337546774,1.06851128407,10.8489478072
2.993802,-0.820225880627,0.723825427995,10.1040507478,1.39337546774,1.10387040081,10.8853536583
2.995468,-0.820225880627,0.76920630323,10.1040507478,1.32265723427,1.06851128407,10.7761361049
2.997134,-0.77408109096,0.814587178465,10.1948124982,1.35801635101,1.13922951755,10.8853536583
2.9988,-0.820225880627,0.723825427995,10.1040507478,1.35801635101,1.06851128407,10.8853536583
3.000466,-0.820225880627,0.723825427995,10.1040507478,1.42873458448,1.10387040081,10.8489478072
3.002132,-0.820225880627,0.76920630323,10.1040507478,1.35801635101,1.13922951755,10.8853536583
3.003798,-0.820225880627,0.76920630323,10.1040507478,1.35801635101,1.10387040081,10.8489478072
3.005464,-0.820225880627,0.76920630323,10.149431623,1.35801635101,1.10387040081,10.8853536583
3.00713,-0.820225880627,0.76920630323,10.1040507478,1.39337546774,1.06851128407,10.8853536583
3.008796,-0.866370670294,0.723825427995,10.1040507478,1.46409370122,1.20994775102,10.9217595095
3.010462,-0.866370670294,0.76920630323,10.1040507478,1.39337546774,1.13922951755,10.9217595095
3.012128,-0.820225880627,0.723825427995,10.149431623,1.35801635101,1.06851128407,10.8489478072
3.013794,-0.727936301293,0.814587178465,10.2401933735,1.35801635101,1.10387040081,10.8853536583
3.01546,-0.820225880627,0.76920630323,10.1040507478,1.39337546774,1.13922951755,10.8853536583
3.017126,-0.866370670294,0.723825427995,10.1040507478,1.32265723427,1.06851128407,10.9217595095
3.018792,-0.866370670294,0.76920630323,10.1040507478,1.39337546774,1.13922951755,10.8853536583
3.020458,-0.866370670294,0.76920630323,10.1040507478,1.35801635101,1.10387040081,10.8853536583
3.022124,-0.820225880627,0.723825427995,10.1040507478,1.42873458448,1.10387040081,10.8489478072
3.02379,-0.820225880627,0.76920630323,10.1040507478,1.35801635101,1.13922951755,10.8853536583
3.025456,-0.77408109096,0.814587178465,10.149431623,1.32265723427,1.06851128407,10.8125419561
3.027122,-0.820225880627,0.76920630323,10.149431623,1.35801635101,1.13922951755,10.8853536583
3.028788,-0.866370670294,0.723825427995,10.149431623,1.39337546774,1.10387040081,10.8853536583
3.030454,-0.866370670294,0.723825427995,10.1040507478,1.42873458448,1.13922951755,10.8853536583
3.03212,-0.820225880627,0.814587178465,10.149431623,1.39337546774,1.10387040081,10.8853536583
3.033786,-0.866370670294,0.76920630323,10.149431623,1.35801635101,1.06851128407,10.8125419561
3.035452,-0.866370670294,0.76920630323,10.149431623,1.35801635101,1.06851128407,10.8853536583
3.037118,-0.866370670294,0.723825427995,10.1040507478,1.39337546774,1.10387040081,10.8853536583
3.038784,-0.820225880627,0.723825427995,10.1040507478,1.32265723427,1.06851128407,10.7761361049
3.04045,-0.820225880627,0.76920630323,10.1040507478,1.39337546774,1.17458863428,10.8489478072
3.042116,-0.77408109096,0.859968053701,10.1948124982,1.39337546774,1.10387040081,10.8853536583
3.043782,-0.866370670294,0.723825427995,10.149431623,1.49945281795,1.20994775102,10.9217595095
3.045448,-0.820225880627,0.723825427995,10.1040507478,1.39337546774,1.13922951755,10.8853536583
3.047114,-0.866370670294,0.76920630323,10.1040507478,1.35801635101,1.10387040081,10.8489478072
3.04878,-0.820225880627,0.76920630323,10.149431623,1.35801635101,1.10387040081,10.8853536583
3.050446,-0.866370670294,0.723825427995,10.1040507478,1.39337546774,1.10387040081,10.8853536583
3.052112,-0.866370670294,0.678444552759,10.1040507478,1.32265723427,1.06851128407,10.8125419561
3.053778,-0.820225880627,0.723825427995,10.1040507478,1.35801635101,1.10387040081,10.8853536583
3.055444,-0.820225880627,0.76920630323,10.1040507478,1.39337546774,1.13922951755,10.8853536583
3.05711,-0.820225880627,0.76920630323,10.149431623,1.46409370122,1.17458863428,10.8853536583
3.058776,-0.727936301293,0.859968053701,10.2401933735,1.35801635101,1.13922951755,10.8853536583
3.060442,-0.866370670294,0.723825427995,10.1040507478,1.32265723427,1.06851128407,10.8125419561
3.062108,-0.866370670294,0.76920630323,10.1040507478,1.35801635101,1.13922951755,10.8853536583
3.063774,-0.866370670294,0.76920630323,10.149431623,1.39337546774,1.10387040081,10.8853536583
3.06544,-0.866370670294,0.723825427995,10.1040507478,1.49945281795,1.20994775102,10.9217595095
3.067106,-0.866370670294,0.723825427995,10.1040507478,1.42873458448,1.10387040081,10.8853536583
3.068772,-0.820225880627,0.723825427995,10.1040507478,1.35801635101,1.06851128407,10.8125419561
3.070438,-0.820225880627,0.814587178465,10.149431623,1.35801635101,1.06851128407,10.8489478072
3.072104,-0.866370670294,0.76920630323,10.1040507478,1.35801635101,1.17458863428,10.8853536583
3.07377,-0.820225880627,0.76920630323,10.149431623,1.32265723427,1.17458863428,10.9922958461
3.075436,-0.866370670294,0.723825427995,10.1040507478,1.35801635101,1.10387040081,10.8853536583
3.077102,-0.866370670294,0.723825427995,10.0586698725,1.35801635101,1.10387040081,10.8489478072
3.078768,-0.866370670294,0.723825427995,10.1040507478,1.39337546774,1.10387040081,10.8489478072
3.080434,-0.866370670294,0.76920630323,10.149431623,1.42873458448,1.13922951755,10.8853536583
3.0821,-0.866370670294,0.723825427995,10.1040507478,1.28729811753,1.03315216734,10.8853536583
3.083766,-0.866370670294,0.76920630323,10.1040507478,1.39337546774,1.13922951755,10.8853536583
3.085432,-0.77408109096,0.814587178465,10.1948124982,1.35801635101,1.13922951755,10.8853536583
3.087098,-0.866370670294,0.723825427995,10.1040507478,1.49945281795,1.13922951755,10.8853536583
3.088764,-0.866370670294,0.723825427995,10.1040507478,1.42873458448,1.10387040081,10.8853536583
3.09043,-0.866370670294,0.76920630323,10.1040507478,1.35801635101,1.06851128407,10.8125419561
3.092096,-0.866370670294,0.76920630323,10.1040507478,1.35801635101,1.10387040081,10.8853536583
3.093762,-0.820225880627,0.76920630323,10.1040507478,1.39337546774,1.10387040081,10.8853536583
3.095428,-0.866370670294,0.76920630323,10.1040507478,1.32265723427,1.06851128407,10.9217595095
3.097094,-0.77408109096,0.814587178465,10.149431623,1.35801635101,1.10387040081,10.8489478072
3.09876,-0.866370670294,0.76920630323,10.1040507478,1.39337546774,1.13922951755,10.8853536583
3.100426,-0.866370670294,0.76920630323,10.1040507478,1.42873458448,1.17458863428,10.8853536583
3.102092,-0.866370670294,0.76920630323,10.1040507478,1.39337546774,1.13922951755,10.9217595095
3.103758,-0.866370670294,0.723825427995,10.1040507478,1.35801635101,1.06851128407,10.8125419561
3.105424,-0.820225880627,0.723825427995,10.1040507478,1.35801635101,1.10387040081,10.8853536583
3.10709,-0.866370670294,0.723825427995,10.1040507478,1.39337546774,1.10387040081,10.8853536583
3.108756,-0.866370670294,0.76920630323,10.1040507478,1.42873458448,1.20994775102,10.9581653606
3.110422,-0.866370670294,0.723825427995,10.1040507478,1.39337546774,1.06851128407,10.8853536583
3.112088,-0.866370670294,0.723825427995,10.1040507478,1.35801635101,1.10387040081,10.8125419561
3.113754,-0.866370670294,0.76920630323,10.0586698725,1.35801635101,1.06851128407,10.8853536583
3.11542,-0.820225880627,0.814587178465,10.149431623,1.39337546774,1.13922951755,10.8853536583
3.117086,-0.866370670294,0.76920630323,10.149431623,1.32265723427,1.06851128407,10.8853536583
3.118752,-0.866370670294,0.76920630323,10.1040507478,1.35801635101,1.10387040081,10.8853536583
3.120418,-0.866370670294,0.723825427995,10.1040507478,1.35801635101,1.10387040081,10.8489478072
3.122084,-0.866370670294,0.76920630323,10.1040507478,1.42873458448,1.17458863428,10.8853536583
3.12375,-0.77408109096,0.859968053701,10.1948124982,1.39337546774,1.17458863428,10.8853536583
3.125416,-0.866370670294,0.76920630323,10.1040507478,1.35801635101,1.06851128407,10.8125419561
3.127082,-0.866370670294,0.723825427995,10.1040507478,1.35801635101,1.10387040081,10.8489478072
3.128748,-0.866370670294,0.76920630323,10.1040507478,1.35801635101,1.13922951755,10.8853536583
3.130414,-0.820225880627,0.76920630323,10.1040507478,1.35801635101,1.06851128407,10.7761361049
3.13208,-0.820225880627,0.76920630323,10.149431623,1.35801635101,1.13922951755,10.8853536583
3.133746,-0.866370670294,0.76920630323,10.1040507478,1.35801635101,1.10387040081,10.8489478072
3.135412,-0.866370670294,0.723825427995,10.1040507478,1.46409370122,1.17458863428,10.8489478072
3.137078,-0.866370670294,0.76920630323,10.1040507478,1.35801635101,1.17458863428,10.8853536583
3.138744,-0.866370670294,0.76920630323,10.1040507478,1.35801635101,1.10387040081,10.8125419561
3.14041,-0.820225880627,0.76920630323,10.149431623,1.35801635101,1.13922951755,10.8853536583
3.142076,-0.77408109096,0.859968053701,10.1948124982,1.39337546774,1.10387040081,10.8853536583
3.143742,-0.77408109096,0.859968053701,10.1948124982,1.49945281795,1.20994775102,10.9217595095
3.145408,-0.77408109096,0.859968053701,10.149431623,1.39337546774,1.13922951755,10.9217595095
3.147074,-0.727936301293,0.859968053701,10.1948124982,1.35801635101,1.10387040081,10.8489478072
3.14874,-0.866370670294,0.723825427995,10.1040507478,1.35801635101,1.06851128407,10.8853536583
3.150406,-0.866370670294,0.723825427995,10.1040507478,1.39337546774,1.13922951755,10.8853536583
3.152072,-0.866370670294,0.723825427995,10.1040507478,1.32265723427,1.17458863428,10.9922958461
3.153738,-0.866370670294,0.76920630323,10.1040507478,1.35801635101,1.17458863428,10.8853536583
3.155404,-0.866370670294,0.76920630323,10.149431623,1.35801635101,1.10387040081,10.8853536583
3.15707,-0.77408109096,0.859968053701,10.1948124982,1.35801635101,1.10387040081,10.8489478072
3.158736,-0.866370670294,0.723825427995,10.0586698725,1.35801635101,1.13922951755,10.8853536583
3.160402,-0.866370670294,0.723825427995,10.1040507478,1.32265723427,1.06851128407,10.7761361049
3.162068,-0.866370670294,0.76920630323,10.1040507478,1.35801635101,1.10387040081,10.8853536583
3.163734,-0.866370670294,0.76920630323,10.1040507478,1.35801635101,1.10387040081,10.8853536583
3.1654,-0.866370670294,0.76920630323,10.149431623,1.46409370122,1.20994775102,10.8853536583
3.167066,-0.727936301293,0.814587178465,10.1948124982,1.39337546774,1.06851128407,10.8853536583
3.168732,-0.820225880627,0.814587178465,10.149431623,1.32265723427,1.06851128407,10.8125419561
3.170398,-0.866370670294,0.76920630323,10.1040507478,1.35801635101,1.10387040081,10.8853536583
3.172064,-0.866370670294,0.76920630323,10.1040507478,1.35801635101,1.13922951755,10.8853536583
3.17373,-0.866370670294,0.76920630323,10.1040507478,1.32265723427,1.03315216734,10.9217595095
3.175396,-0.866370670294,0.76920630323,10.1040507478,1.35801635101,1.17458863428,10.8853536583
3.177062,-0.866370670294,0.76920630323,10.1040507478,1.35801635101,1.10387040081,10.8489478072
3.178728,-0.866370670294,0.723825427995,10.1040507478,1.35801635101,1.10387040081,10.8125419561
3.180394,-0.866370670294,0.76920630323,10.1040507478,1.35801635101,1.13922951755,10.8853536583
3.18206,-0.820225880627,0.76920630323,10.149431623,1.32265723427,1.06851128407,10.7761361049
3.183726,-0.866370670294,0.723825427995,10.1040507478,1.35801635101,1.06851128407,10.8853536583
3.185392,-0.866370670294,0.76920630323,10.1040507478,1.35801635101,1.10387040081,10.8853536583
3.187058,-0.866370670294,0.76920630323,10.149431623,1.42873458448,1.20994775102,10.9217595095
3.188724,-0.866370670294,0.76920630323,10.1040507478,1.35801635101,1.13922951755,10.8853536583
3.19039,-0.866370670294,0.723825427995,10.1040507478,1.32265723427,1.10387040081,10.8125419561
3.192056,-0.866370670294,0.76920630323,10.1040507478,1.35801635101,1.10387040081,10.8853536583
3.193722,-0.866370670294,0.723825427995,10.1040507478,1.35801635101,1.13922951755,10.9217595095
3.195388,-0.866370670294,0.76920630323,10.1040507478,1.32265723427,1.03315216734,10.8125419561
3.197054,-0.866370670294,0.76920630323,10.1040507478,1.35801635101,1.13922951755,10.8853536583
3.19872,-0.866370670294,0.76920630323,10.1040507478,1.35801635101,1.10387040081,10.8489478072
3.200386,-0.866370670294,0.76920630323,10.1040507478,1.42873458448,1.17458863428,10.8853536583
3.202052,-0.866370670294,0.723825427995,10.1040507478,1.39337546774,1.10387040081,10.9217595095
3.203718,-0.727936301293,0.859968053701,10.1948124982,1.35801635101,1.10387040081,10.8125419561
3.205384,-0.820225880627,0.814587178465,10.149431623,1.35801635101,1.10387040081,10.8853536583
3.20705,-0.866370670294,0.76920630323,10.1040507478,1.35801635101,1.13922951755,10.8853536583
3.208716,-0.866370670294,0.723825427995,10.1040507478,1.42873458448,1.20994775102,10.9922958461
3.210382,-0.866370670294,0.723825427995,10.1040507478,1.39337546774,1.13922951755,10.8853536583
3.212048,-0.866370670294,0.76920630323,10.1040507478,1.35801635101,1.10387040081,10.8489478072
3.213714,-0.820225880627,0.76920630323,10.1040507478,1.35801635101,1.10387040081,10.8489478072
3.21538,-0.866370670294,0.76920630323,10.1040507478,1.39337546774,1.13922951755,10.8853536583
3.217046,-0.820225880627,0.76920630323,10.1040507478,1.32265723427,1.17458863428,10.9922958461
3.218712,-0.77408109096,0.859968053701,10.1948124982,1.35801635101,1.10387040081,10.8853536583
3.220378,-0.866370670294,0.76920630323,10.149431623,1.35801635101,1.10387040081,10.8853536583
3.222044,-0.820225880627,0.814587178465,10.1948124982,1.35801635101,1.10387040081,10.8489478072
3.22371,-0.820225880627,0.76920630323,10.1040507478,1.39337546774,1.10387040081,10.8853536583
3.225376,-0.77408109096,0.859968053701,10.2401933735,1.32265723427,1.03315216734,10.9217595095
3.227042,-0.866370670294,0.723825427995,10.1040507478,1.35801635101,1.10387040081,10.8853536583
3.228708,-0.820225880627,0.723825427995,10.1040507478,1.35801635101,1.10387040081,10.8853536583
3.230374,-0.866370670294,0.723825427995,10.1040507478,1.39337546774,1.13922951755,10.8489478072
3.23204,-0.866370670294,0.76920630323,10.1040507478,1.35801635101,1.10387040081,10.8853536583
3.233706,-0.866370670294,0.723825427995,10.0586698725,1.35801635101,1.06851128407,10.8125419561
3.235372,-0.77408109096,0.859968053701,10.1948124982,1.35801635101,1.06851128407,10.8853536583
3.237038,-0.820225880627,0.76920630323,10.1040507478,1.39337546774,1.13922951755,10.8853536583
3.238704,-0.866370670294,0.76920630323,10.1040507478,1.32265723427,1.06851128407,10.8125419561
3.24037,-0.866370670294,0.76920630323,10.1040507478,1.35801635101,1.13922951755,10.9217595095
3.242036,-0.866370670294,0.76920630323,10.1040507478,1.35801635101,1.10387040081,10.8489478072
3.243702,-0.866370670294,0.76920630323,10.1040507478,1.39337546774,1.10387040081,10.8125419561
3.245368,-0.866370670294,0.76920630323,10.1040507478,1.35801635101,1.10387040081,10.8489478072
3.247034,-0.866370670294,0.76920630323,10.1040507478,1.32265723427,1.10387040081,10.8125419561
3.2487,-0.866370670294,0.76920630323,10.1040507478,1.32265723427,1.17458863428,10.8853536583
3.250366,-0.866370670294,0.76920630323,10.1040507478,1.35801635101,1.13922951755,10.8853536583
3.252032,-0.866370670294,0.723825427995,10.0586698725,1.32265723427,1.20994775102,10.9922958461
3.253698,-0.866370670294,0.723825427995,10.1040507478,1.35801635101,1.13922951755,10.8853536583
3.255364,-0.866370670294,0.723825427995,10.1040507478,1.35801635101,1.06851128407,10.8489478072
3.25703,-0.866370670294,0.76920630323,10.1040507478,1.35801635101,1.10387040081,10.8489478072
3.258696,-0.77408109096,0.814587178465,10.1948124982,1.35801635101,1.13922951755,10.8853536583
3.260362,-0.820225880627,0.814587178465,10.149431623,1.32265723427,1.06851128407,10.8125419561
3.262028,-0.77408109096,0.859968053701,10.1948124982,1.35801635101,1.10387040081,10.8853536583
3.263694,-0.820225880627,0.76920630323,10.1040507478,1.35801635101,1.13922951755,10.8489478072
3.26536,-0.77408109096,0.859968053701,10.149431623,1.46409370122,1.20994775102,10.9217595095
3.267026,-0.77408109096,0.814587178465,10.149431623,1.35801635101,1.13922951755,10.8853536583
3.268692,-0.866370670294,0.723825427995,10.0586698725,1.35801635101,1.10387040081,10.8125419561
3.270358,-0.866370670294,0.76920630323,10.1040507478,1.32265723427,1.10387040081,10.8853536583
3.272024,-0.866370670294,0.723825427995,10.1040507478,1.39337546774,1.13922951755,10.8853536583
3.27369,-0.866370670294,0.76920630323,10.1040507478,1.28729811753,1.20994775102,10.9922958461
3.275356,-0.866370670294,0.723825427995,10.1040507478,1.35801635101,1.10387040081,10.8853536583
3.277022,-0.77408109096,0.859968053701,10.1948124982,1.35801635101,1.10387040081,10.8489478072
3.278688,-0.866370670294,0.723825427995,10.1040507478,1.32265723427,1.10387040081,10.8853536583
3.280354,-0.866370670294,0.76920630323,10.1040507478,1.35801635101,1.13922951755,10.8853536583
3.28202,-0.866370670294,0.723825427995,10.1040507478,1.28729811753,1.06851128407,10.8853536583
3.283686,-0.866370670294,0.76920630323,10.0586698725,1.35801635101,1.13922951755,10.8853536583
3.285352,-0.866370670294,0.76920630323,10.1040507478,1.35801635101,1.10387040081,10.8489478072
3.287018,-0.77408109096,0.859968053701,10.149431623,1.35801635101,1.10387040081,10.8489478072
3.288684,-0.866370670294,0.76920630323,10.1040507478,1.35801635101,1.10387040081,10.8853536583
3.29035,-0.866370670294,0.76920630323,10.1040507478,1.28729811753,1.06851128407,10.8125419561
3.292016,-0.866370670294,0.76920630323,10.1040507478,1.35801635101,1.13922951755,10.8853536583
3.293682,-0.866370670294,0.76920630323,10.1040507478,1.35801635101,1.10387040081,10.8489478072
3.295348,-0.866370670294,0.76920630323,10.1040507478,1.35801635101,1.10387040081,10.8125419561
3.297014,-0.912515459961,0.723825427995,10.1040507478,1.39337546774,1.13922951755,10.8853536583
3.29868,-0.820225880627,0.814587178465,10.1948124982,1.32265723427,1.06851128407,10.8125419561
3.300346,-0.866370670294,0.76920630323,10.1040507478,1.35801635101,1.10387040081,10.8853536583
3.302012,-0.866370670294,0.723825427995,10.1040507478,1.35801635101,1.17458863428,10.8853536583
3.303678,-0.866370670294,0.76920630323,10.1040507478,1.35801635101,1.20994775102,10.9922958461
3.305344,-0.866370670294,0.723825427995,10.1040507478,1.35801635101,1.10387040081,10.8853536583
3.30701,-0.866370670294,0.76920630323,10.1040507478,1.35801635101,1.06851128407,10.8853536583
3.308676,-0.820225880627,0.814587178465,10.149431623,1.35801635101,1.10387040081,10.8489478072
3.310342,-0.77408109096,0.814587178465,10.1948124982,1.39337546774,1.10387040081,10.8853536583
3.312008,-0.77408109096,0.859968053701,10.1948124982,1.28729811753,1.03315216734,10.8125419561
3.313674,-0.866370670294,0.76920630323,10.1040507478,1.35801635101,1.10387040081,10.8853536583
3.31534,-0.866370670294,0.76920630323,10.1040507478,1.35801635101,1.10387040081,10.8489478072
3.317006,-0.866370670294,0.76920630323,10.149431623,1.35801635101,1.10387040081,10.8489478072
3.318672,-0.866370670294,0.76920630323,10.1040507478,1.35801635101,1.13922951755,10.8853536583
3.320338,-0.866370670294,0.723825427995,10.1040507478,1.32265723427,1.03315216734,10.8853536583
3.322004,-0.866370670294,0.76920630323,10.149431623,1.35801635101,1.13922951755,10.8853536583
3.32367,-0.866370670294,0.76920630323,10.149431623,1.35801635101,1.10387040081,10.8853536583
3.325336,-0.866370670294,0.76920630323,10.1040507478,1.46409370122,1.20994775102,10.8853536583
3.327002,-0.866370670294,0.76920630323,10.1040507478,1.35801635101,1.13922951755,10.8853536583
3.328668,-0.866370670294,0.76920630323,10.1040507478,1.35801635101,1.06851128407,10.8489478072
3.330334,-0.866370670294,0.76920630323,10.1040507478,1.35801635101,1.06851128407,10.8853536583
3.332,-0.866370670294,0.76920630323,10.1040507478,1.35801635101,1.13922951755,10.8489478072
3.333666,-0.866370670294,0.723825427995,10.1040507478,1.32265723427,1.06851128407,10.9581653606
3.335332,-0.866370670294,0.723825427995,10.1040507478,1.35801635101,1.10387040081,10.8853536583
3.336998,-0.866370670294,0.678444552759,10.1040507478,1.35801635101,1.06851128407,10.8489478072
3.338664,-0.77408109096,0.814587178465,10.1948124982,1.35801635101,1.10387040081,10.8853536583
3.34033,-0.820225880627,0.814587178465,10.149431623,1.35801635101,1.13922951755,10.8853536583
3.341996,-0.77408109096,0.859968053701,10.2401933735,1.32265723427,1.06851128407,10.9581653606
3.343662,-0.77408109096,0.814587178465,10.1948124982,1.35801635101,1.13922951755,10.8853536583
3.345328,-0.820225880627,0.814587178465,10.149431623,1.35801635101,1.10387040081,10.8853536583
3.346994,-0.866370670294,0.76920630323,10.1040507478,1.35801635101,1.13922951755,10.8853536583
3.34866,-0.820225880627,0.76920630323,10.149431623,1.39337546774,1.10387040081,10.8853536583
3.350326,-0.866370670294,0.723825427995,10.1040507478,1.28729811753,1.06851128407,10.7761361049
3.351992,-0.866370670294,0.76920630323,10.1040507478,1.35801635101,1.13922951755,10.8853536583
3.353658,-0.866370670294,0.723825427995,10.1040507478,1.35801635101,1.10387040081,10.8853536583
3.355324,-0.866370670294,0.76920630323,10.1040507478,1.46409370122,1.20994775102,10.8853536583
3.35699,-0.820225880627,0.814587178465,10.1948124982,1.35801635101,1.13922951755,10.8853536583
3.358656,-0.77408109096,0.859968053701,10.1948124982,1.32265723427,1.06851128407,10.8853536583
3.360322,-0.77408109096,0.814587178465,10.1948124982,1.35801635101,1.10387040081,10.8489478072
3.361988,-0.77408109096,0.859968053701,10.149431623,1.39337546774,1.13922951755,10.8853536583
3.363654,-0.820225880627,0.814587178465,10.149431623,1.28729811753,1.03315216734,10.9217595095
3.36532,-0.820225880627,0.814587178465,10.1040507478,1.35801635101,1.13922951755,10.8853536583
3.366986,-0.866370670294,0.76920630323,10.1040507478,1.35801635101,1.10387040081,10.8853536583
3.368652,-0.866370670294,0.723825427995,10.1040507478,1.42873458448,1.10387040081,10.8853536583
3.370318,-0.866370670294,0.76920630323,10.149431623,1.35801635101,1.13922951755,10.8853536583
3.371984,-0.866370670294,0.723825427995,10.1040507478,1.35801635101,1.06851128407,10.8125419561
3.37365,-0.866370670294,0.76920630323,10.1040507478,1.35801635101,1.13922951755,10.8853536583
3.375316,-0.866370670294,0.76920630323,10.1040507478,1.39337546774,1.10387040081,10.8853536583
3.376982,-0.866370670294,0.76920630323,10.149431623,1.32265723427,1.17458863428,10.9922958461
3.378648,-0.866370670294,0.76920630323,10.149431623,1.39337546774,1.10387040081,10.8853536583
3.380314,-0.866370670294,0.76920630323,10.1040507478,1.35801635101,1.10387040081,10.8853536583
3.38198,-0.866370670294,0.723825427995,10.149431623,1.35801635101,1.06851128407,10.8853536583
3.383646,-0.866370670294,0.76920630323,10.1040507478,1.35801635101,1.13922951755,10.8853536583
3.385312,-0.866370670294,0.76920630323,10.1040507478,1.32265723427,1.03315216734,10.8489478072
3.386978,-0.866370670294,0.76920630323,10.1040507478,1.35801635101,1.10387040081,10.8853536583
3.388644,-0.866370670294,0.76920630323,10.1040507478,1.35801635101,1.06851128407,10.8853536583
3.39031,-0.866370670294,0.76920630323,10.1040507478,1.39337546774,1.10387040081,10.8853536583
3.391976,-0.77408109096,0.859968053701,10.1948124982,1.35801635101,1.10387040081,10.8853536583
3.393642,-0.866370670294,0.723825427995,10.1040507478,1.32265723427,1.06851128407,10.8125419561
3.395308,-0.866370670294,0.76920630323,10.1040507478,1.32265723427,1.10387040081,10.8853536583
3.396974,-0.866370670294,0.76920630323,10.1040507478,1.35801635101,1.13922951755,10.8853536583
3.39864,-0.866370670294,0.723825427995,10.1040507478,1.42873458448,1.28066598449,10.9217595095
3.400306,-0.866370670294,0.76920630323,10.1040507478,1.39337546774,1.13922951755,10.8853536583
3.401972,-0.727936301293,0.859968053701,10.1948124982,1.35801635101,1.10387040081,10.8125419561
3.403638,-0.866370670294,0.76920630323,10.1040507478,1.35801635101,1.10387040081,10.8853536583
3.405304,-0.820225880627,0.76920630323,10.1040507478,1.35801635101,1.10387040081,10.8853536583
3.40697,-0.866370670294,0.723825427995,10.1040507478,1.32265723427,1.17458863428,10.9922958461
3.408636,-0.727936301293,0.905348928936,10.1948124982,1.35801635101,1.13922951755,10.8853536583
3.410302,-0.866370670294,0.76920630323,10.1040507478,1.35801635101,1.10387040081,10.8489478072
3.411968,-0.866370670294,0.76920630323,10.1040507478,1.35801635101,1.06851128407,10.8489478072
3.413634,-0.866370670294,0.76920630323,10.1040507478,1.39337546774,1.13922951755,10.8853536583
3.4153,-0.866370670294,0.723825427995,10.1040507478,1.28729811753,1.06851128407,10.9217595095
3.416966,-0.820225880627,0.76920630323,10.149431623,1.35801635101,1.13922951755,10.8853536583
3.418632,-0.820225880627,0.814587178465,10.149431623,1.35801635101,1.06851128407,10.8853536583
3.420298,-0.912515459961,0.723825427995,10.1040507478,1.42873458448,1.13922951755,10.8853536583
3.421964,-0.866370670294,0.76920630323,10.1040507478,1.39337546774,1.17458863428,10.8853536583
3.42363,-0.866370670294,0.723825427995,10.1040507478,1.32265723427,1.06851128407,10.8125419561
3.425296,-0.866370670294,0.723825427995,10.1040507478,1.35801635101,1.10387040081,10.8489478072
3.426962,-0.866370670294,0.723825427995,10.1040507478,1.35801635101,1.13922951755,10.8853536583
3.428628,-0.866370670294,0.76920630323,10.1040507478,1.39337546774,1.24530686776,10.9581653606
3.430294,-0.866370670294,0.76920630323,10.1040507478,1.35801635101,1.13922951755,10.8853536583
3.43196,-0.866370670294,0.76920630323,10.1040507478,1.35801635101,1.10387040081,10.8489478072
3.433626,-0.866370670294,0.76920630323,10.1040507478,1.35801635101,1.10387040081,10.8489478072
3.435292,-0.866370670294,0.76920630323,10.1040507478,1.39337546774,1.13922951755,10.8853536583
3.436958,-0.866370670294,0.723825427995,10.1040507478,1.32265723427,1.06851128407,10.7761361049
3.438624,-0.866370670294,0.76920630323,10.1040507478,1.35801635101,1.10387040081,10.8853536583
3.44029,-0.866370670294,0.76920630323,10.1040507478,1.35801635101,1.13922951755,10.8853536583
3.441956,-0.866370670294,0.76920630323,10.1040507478,1.39337546774,1.10387040081,10.8489478072
3.443622,-0.866370670294,0.76920630323,10.1040507478,1.39337546774,1.13922951755,10.8853536583
3.445288,-0.77408109096,0.859968053701,10.1948124982,1.32265723427,1.06851128407,10.8125419561
3.446954,-0.866370670294,0.723825427995,10.1040507478,1.35801635101,1.13922951755,10.8853536583
3.44862,-0.866370670294,0.723825427995,10.1040507478,1.39337546774,1.13922951755,10.8853536583
3.450286,-0.866370670294,0.723825427995,10.1040507478,1.39337546774,1.24530686776,10.9581653606
3.451952,-0.866370670294,0.76920630323,10.1040507478,1.35801635101,1.10387040081,10.8853536583
3.453618,-0.820225880627,0.76920630323,10.149431623,1.35801635101,1.06851128407,10.8125419561
3.455284,-0.866370670294,0.723825427995,10.1040507478,1.32265723427,1.10387040081,10.8489478072
3.45695,-0.820225880627,0.76920630323,10.1040507478,1.35801635101,1.10387040081,10.8853536583
3.458616,-0.866370670294,0.723825427995,10.1040507478,1.35801635101,1.20994775102,10.9922958461
3.460282,-0.820225880627,0.76920630323,10.149431623,1.35801635101,1.10387040081,10.8853536583
3.461948,-0.866370670294,0.76920630323,10.149431623,1.35801635101,1.10387040081,10.8853536583
3.463614,-0.866370670294,0.76920630323,10.1040507478,1.35801635101,1.10387040081,10.8489478072
3.46528,-0.866370670294,0.76920630323,10.1040507478,1.39337546774,1.13922951755,10.8853536583
3.466946,-0.820225880627,0.76920630323,10.1040507478,1.32265723427,1.06851128407,10.7761361049
3.468612,-0.866370670294,0.723825427995,10.1040507478,1.39337546774,1.10387040081,10.8853536583
3.470278,-0.866370670294,0.723825427995,10.1040507478,1.35801635101,1.10387040081,10.8853536583
3.471944,-0.866370670294,0.76920630323,10.1040507478,1.46409370122,1.17458863428,10.8853536583
3.47361,-0.866370670294,0.723825427995,10.1040507478,1.39337546774,1.13922951755,10.9217595095
3.475276,-0.820225880627,0.76920630323,10.1040507478,1.35801635101,1.06851128407,10.8489478072
3.476942,-0.866370670294,0.76920630323,10.1040507478,1.35801635101,1.10387040081,10.8489478072
3.478608,-0.866370670294,0.723825427995,10.1040507478,1.39337546774,1.13922951755,10.8853536583
3.480274,-0.866370670294,0.76920630323,10.1040507478,1.28729811753,1.06851128407,10.9217595095
3.48194,-0.820225880627,0.814587178465,10.149431623,1.35801635101,1.13922951755,10.8853536583
3.483606,-0.866370670294,0.723825427995,10.1040507478,1.39337546774,1.10387040081,10.8853536583
3.485272,-0.866370670294,0.76920630323,10.1040507478,1.35801635101,1.10387040081,10.8853536583
3.486938,-0.820225880627,0.76920630323,10.149431623,1.42873458448,1.10387040081,10.9217595095
3.488604,-0.866370670294,0.76920630323,10.1040507478,1.35801635101,1.03315216734,10.8125419561
3.49027,-0.820225880627,0.76920630323,10.1040507478,1.35801635101,1.06851128407,10.8853536583
3.491936,-0.77408109096,0.814587178465,10.1948124982,1.39337546774,1.10387040081,10.8489478072
3.493602,-0.866370670294,0.723825427995,10.1040507478,1.49945281795,1.17458863428,10.9217595095
3.495268,-0.866370670294,0.723825427995,10.1040507478,1.39337546774,1.10387040081,10.8853536583
3.496934,-0.866370670294,0.723825427995,10.1040507478,1.35801635101,1.10387040081,10.8489478072
3.4986,-0.866370670294,0.76920630323,10.1040507478,1.35801635101,1.06851128407,10.8489478072
3.500266,-0.866370670294,0.723825427995,10.1040507478,1.39337546774,1.10387040081,10.8853536583
3.501932,-0.866370670294,0.723825427995,10.1040507478,1.35801635101,1.20994775102,10.9922958461
3.503598,-0.866370670294,0.76920630323,10.1040507478,1.35801635101,1.10387040081,10.8853536583
3.505264,-0.820225880627,0.76920630323,10.1040507478,1.35801635101,1.10387040081,10.8125419561
3.50693,-0.866370670294,0.76920630323,10.1040507478,1.35801635101,1.06851128407,10.8853536583
3.508596,-0.866370670294,0.76920630323,10.1040507478,1.35801635101,1.10387040081,10.8853536583
3.510262,-0.866370670294,0.76920630323,10.1040507478,1.32265723427,1.06851128407,10.8489478072
3.511928,-0.866370670294,0.76920630323,10.1040507478,1.35801635101,1.13922951755,10.8853536583
3.513594,-0.866370670294,0.76920630323,10.149431623,1.35801635101,1.10387040081,10.8853536583
3.51526,-0.820225880627,0.76920630323,10.149431623,1.49945281795,1.20994775102,10.9217595095
3.516926,-0.866370670294,0.76920630323,10.1040507478,1.39337546774,1.13922951755,10.8853536583
3.518592,-0.77408109096,0.814587178465,10.1948124982,1.35801635101,1.06851128407,10.8489478072
3.520258,-0.866370670294,0.723825427995,10.1040507478,1.35801635101,1.10387040081,10.8853536583
3.521924,-0.820225880627,0.76920630323,10.1040507478,1.39337546774,1.13922951755,10.8853536583
3.52359,-0.866370670294,0.76920630323,10.1040507478,1.32265723427,1.06851128407,10.9217595095
3.525256,-0.866370670294,0.723825427995,10.1040507478,1.35801635101,1.10387040081,10.8853536583
3.526922,-0.820225880627,0.76920630323,10.149431623,1.35801635101,1.10387040081,10.8489478072
3.528588,-0.866370670294,0.76920630323,10.149431623,1.39337546774,1.10387040081,10.8853536583
3.530254,-0.77408109096,0.814587178465,10.2401933735,1.39337546774,1.13922951755,10.9217595095
3.53192,-0.866370670294,0.76920630323,10.149431623,1.32265723427,1.06851128407,10.8125419561
3.533586,-0.866370670294,0.76920630323,10.1040507478,1.35801635101,1.10387040081,10.8489478072
3.535252,-0.820225880627,0.76920630323,10.1040507478,1.39337546774,1.10387040081,10.8853536583
3.536918,-0.866370670294,0.723825427995,10.1040507478,1.32265723427,1.20994775102,10.9581653606
3.538584,-0.820225880627,0.814587178465,10.149431623,1.39337546774,1.06851128407,10.8853536583
3.54025,-0.820225880627,0.76920630323,10.149431623,1.35801635101,1.10387040081,10.8125419561
3.541916,-0.866370670294,0.723825427995,10.1040507478,1.35801635101,1.10387040081,10.8489478072
3.543582,-0.77408109096,0.814587178465,10.1948124982,1.39337546774,1.13922951755,10.8853536583
3.545248,-0.866370670294,0.76920630323,10.1040507478,1.32265723427,1.06851128407,10.8853536583
3.546914,-0.727936301293,0.859968053701,10.1948124982,1.35801635101,1.13922951755,10.8853536583
3.54858,-0.866370670294,0.723825427995,10.1040507478,1.35801635101,1.06851128407,10.8853536583
3.550246,-0.820225880627,0.76920630323,10.1040507478,1.35801635101,1.10387040081,10.8489478072
3.551912,-0.77408109096,0.859968053701,10.1948124982,1.42873458448,1.13922951755,10.8853536583
3.553578,-0.866370670294,0.723825427995,10.1040507478,1.32265723427,1.06851128407,10.8125419561
3.555244,-0.866370670294,0.723825427995,10.1040507478,1.35801635101,1.10387040081,10.8853536583
3.55691,-0.820225880627,0.76920630323,10.1040507478,1.39337546774,1.13922951755,10.8853536583
3.558576,-0.866370670294,0.723825427995,10.0586698725,1.46409370122,1.20994775102,10.9581653606
3.560242,-0.820225880627,0.76920630323,10.1040507478,1.35801635101,1.13922951755,10.8853536583
3.561908,-0.820225880627,0.76920630323,10.1040507478,1.39337546774,1.06851128407,10.8489478072
3.563574,-0.77408109096,0.859968053701,10.1948124982,1.35801635101,1.10387040081,10.8489478072
3.56524,-0.820225880627,0.723825427995,10.1040507478,1.39337546774,1.10387040081,10.8853536583
3.566906,-0.866370670294,0.723825427995,10.1040507478,1.35801635101,1.06851128407,10.8125419561
3.568572,-0.866370670294,0.723825427995,10.1040507478,1.35801635101,1.10387040081,10.8489478072
3.570238,-0.77408109096,0.814587178465,10.1948124982,1.35801635101,1.10387040081,10.8489478072
3.571904,-0.77408109096,0.814587178465,10.149431623,1.39337546774,1.06851128407,10.8489478072
3.57357,-0.820225880627,0.76920630323,10.1040507478,1.39337546774,1.10387040081,10.8853536583
3.575236,-0.77408109096,0.859968053701,10.1948124982,1.35801635101,1.06851128407,10.7761361049
3.576902,-0.727936301293,0.859968053701,10.1948124982,1.35801635101,1.10387040081,10.8489478072
3.578568,-0.820225880627,0.76920630323,10.1040507478,1.39337546774,1.10387040081,10.8853536583
3.580234,-0.820225880627,0.76920630323,10.1040507478,1.42873458448,1.20994775102,10.9581653606
3.5819,-0.866370670294,0.76920630323,10.1040507478,1.39337546774,1.13922951755,10.8853536583
3.583566,-0.820225880627,0.76920630323,10.1040507478,1.35801635101,1.10387040081,10.8125419561
3.585232,-0.866370670294,0.723825427995,10.1040507478,1.35801635101,1.06851128407,10.8489478072
3.586898,-0.820225880627,0.76920630323,10.149431623,1.39337546774,1.10387040081,10.8853536583
3.588564,-0.866370670294,0.723825427995,10.1040507478,1.32265723427,1.06851128407,10.7761361049
3.59023,-0.820225880627,0.76920630323,10.1040507478,1.39337546774,1.10387040081,10.8853536583
3.591896,-0.820225880627,0.76920630323,10.1040507478,1.35801635101,1.13922951755,10.8489478072
3.593562,-0.820225880627,0.76920630323,10.1040507478,1.49945281795,1.20994775102,10.8853536583
3.595228,-0.866370670294,0.723825427995,10.0586698725,1.39337546774,1.10387040081,10.8853536583
3.596894,-0.866370670294,0.723825427995,10.1040507478,1.35801635101,1.10387040081,10.8489478072
3.59856,-0.866370670294,0.723825427995,10.0586698725,1.35801635101,1.10387040081,10.8125419561
3.600226,-0.77408109096,0.76920630323,10.149431623,1.39337546774,1.13922951755,10.8853536583
3.601892,-0.77408109096,0.814587178465,10.1948124982,1.28729811753,1.10387040081,10.9217595095
3.603558,-0.820225880627,0.814587178465,10.149431623,1.35801635101,1.10387040081,10.8853536583
3.605224,-0.866370670294,0.723825427995,10.1040507478,1.39337546774,1.10387040081,10.8489478072
3.60689,-0.866370670294,0.723825427995,10.1040507478,1.46409370122,1.10387040081,10.8489478072
3.608556,-0.820225880627,0.723825427995,10.1040507478,1.39337546774,1.10387040081,10.8853536583
3.610222,-0.866370670294,0.76920630323,10.1040507478,1.35801635101,1.06851128407,10.8125419561
3.611888,-0.866370670294,0.76920630323,10.1040507478,1.35801635101,1.10387040081,10.8489478072
3.613554,-0.866370670294,0.723825427995,10.1040507478,1.39337546774,1.10387040081,10.8853536583
3.61522,-0.866370670294,0.723825427995,10.0586698725,1.32265723427,0.997793050599,10.9217595095
3.616886,-0.866370670294,0.723825427995,10.1040507478,1.39337546774,1.06851128407,10.8489478072
3.618552,-0.77408109096,0.76920630323,10.149431623,1.35801635101,1.03315216734,10.8853536583
3.620218,-0.77408109096,0.76920630323,10.1948124982,1.39337546774,1.03315216734,10.8489478072
3.621884,-0.77408109096,0.814587178465,10.1948124982,1.39337546774,1.06851128407,10.8853536583
3.62355,-0.820225880627,0.76920630323,10.1040507478,1.35801635101,0.997793050599,10.8125419561
3.625216,-0.866370670294,0.723825427995,10.1040507478,1.35801635101,1.03315216734,10.8489478072
3.626882,-0.866370670294,0.723825427995,10.1040507478,1.39337546774,1.13922951755,10.8853536583
3.628548,-0.866370670294,0.723825427995,10.1040507478,1.32265723427,0.997793050599,10.8125419561
3.630214,-0.866370670294,0.723825427995,10.149431623,1.35801635101,1.03315216734,10.8853536583
3.63188,-0.866370670294,0.723825427995,10.1040507478,1.35801635101,1.06851128407,10.8489478072
3.633546,-0.820225880627,0.76920630323,10.149431623,1.35801635101,1.10387040081,10.8853536583
3.635212,-0.866370670294,0.678444552759,10.1040507478,1.39337546774,1.03315216734,10.9217595095
3.636878,-0.866370670294,0.723825427995,10.1040507478,1.32265723427,0.997793050599,10.8125419561
3.638544,-0.727936301293,0.859968053701,10.2401933735,1.35801635101,1.03315216734,10.8853536583
3.64021,-0.820225880627,0.76920630323,10.1040507478,1.39337546774,1.10387040081,10.8489478072
3.641876,-0.866370670294,0.723825427995,10.1040507478,1.42873458448,1.20994775102,10.9581653606
3.643542,-0.727936301293,0.859968053701,10.1948124982,1.39337546774,1.10387040081,10.8853536583
3.645208,-0.866370670294,0.723825427995,10.1040507478,1.35801635101,1.06851128407,10.8125419561
3.646874,-0.866370670294,0.723825427995,10.1040507478,1.35801635101,1.06851128407,10.8125419561
3.64854,-0.866370670294,0.76920630323,10.1040507478,1.35801635101,1.13922951755,10.8853536583
3.650206,-0.866370670294,0.723825427995,10.1040507478,1.32265723427,0.997793050599,10.9217595095
3.651872,-0.77408109096,0.814587178465,10.1948124982,1.35801635101,1.03315216734,10.8853536583
3.653538,-0.866370670294,0.723825427995,10.1040507478,1.35801635101,1.03315216734,10.8125419561
3.655204,-0.866370670294,0.723825427995,10.149431623,1.39337546774,1.03315216734,10.8853536583
3.65687,-0.866370670294,0.723825427995,10.1040507478,1.35801635101,1.10387040081,10.8853536583
3.658536,-0.820225880627,0.723825427995,10.1040507478,1.32265723427,0.962433933862,10.7761361049
3.660202,-0.866370670294,0.76920630323,10.1040507478,1.35801635101,1.13922951755,10.8853536583
3.661868,-0.866370670294,0.723825427995,10.1040507478,1.39337546774,1.10387040081,10.8853536583
3.663534,-0.866370670294,0.723825427995,10.1040507478,1.46409370122,1.20994775102,10.8853536583
3.6652,-0.866370670294,0.723825427995,10.1040507478,1.39337546774,1.10387040081,10.9217595095
3.666866,-0.866370670294,0.723825427995,10.1040507478,1.35801635101,1.06851128407,10.8125419561
3.668532,-0.820225880627,0.76920630323,10.149431623,1.35801635101,1.06851128407,10.8489478072
3.670198,-0.866370670294,0.723825427995,10.1040507478,1.39337546774,1.13922951755,10.8853536583
3.671864,-0.866370670294,0.76920630323,10.1040507478,1.32265723427,1.06851128407,10.9581653606
3.67353,-0.866370670294,0.723825427995,10.1040507478,1.35801635101,1.13922951755,10.8853536583
3.675196,-0.866370670294,0.76920630323,10.1040507478,1.35801635101,1.10387040081,10.8853536583
3.676862,-0.866370670294,0.723825427995,10.1040507478,1.39337546774,1.13922951755,10.8489478072
3.678528,-0.866370670294,0.723825427995,10.1040507478,1.39337546774,1.13922951755,10.8853536583
3.680194,-0.866370670294,0.76920630323,10.1040507478,1.32265723427,1.06851128407,10.7761361049
3.68186,-0.866370670294,0.76920630323,10.1040507478,1.35801635101,1.10387040081,10.8853536583
3.683526,-0.820225880627,0.723825427995,10.1040507478,1.35801635101,1.10387040081,10.8853536583
3.685192,-0.866370670294,0.76920630323,10.1040507478,1.46409370122,1.13922951755,10.8853536583
3.686858,-0.866370670294,0.76920630323,10.149431623,1.35801635101,1.10387040081,10.8853536583
3.688524,-0.866370670294,0.76920630323,10.1040507478,1.32265723427,1.06851128407,10.8125419561
3.69019,-0.866370670294,0.76920630323,10.1040507478,1.39337546774,1.10387040081,10.8853536583
3.691856,-0.820225880627,0.76920630323,10.149431623,1.39337546774,1.10387040081,10.8853536583
3.693522,-0.866370670294,0.723825427995,10.1040507478,1.39337546774,1.28066598449,10.9581653606
3.695188,-0.866370670294,0.723825427995,10.1040507478,1.39337546774,1.10387040081,10.9217595095
3.696854,-0.77408109096,0.814587178465,10.1948124982,1.35801635101,1.06851128407,10.8125419561
3.69852,-0.866370670294,0.76920630323,10.1040507478,1.35801635101,1.10387040081,10.8853536583
3.700186,-0.820225880627,0.723825427995,10.1040507478,1.39337546774,1.06851128407,10.8853536583
3.701852,-0.866370670294,0.723825427995,10.1040507478,1.28729811753,1.03315216734,10.9217595095
3.703518,-0.866370670294,0.76920630323,10.1040507478,1.39337546774,1.13922951755,10.8853536583
3.705184,-0.866370670294,0.723825427995,10.1040507478,1.35801635101,1.10387040081,10.8853536583
3.70685,-0.866370670294,0.723825427995,10.1040507478,1.39337546774,1.06851128407,10.8853536583
3.708516,-0.866370670294,0.723825427995,10.0586698725,1.39337546774,1.13922951755,10.8853536583
3.710182,-0.866370670294,0.723825427995,10.1040507478,1.32265723427,1.06851128407,10.8125419561
3.711848,-0.866370670294,0.723825427995,10.1040507478,1.35801635101,1.06851128407,10.8853536583
3.713514,-0.866370670294,0.723825427995,10.1040507478,1.39337546774,1.13922951755,10.8853536583
3.71518,-0.77408109096,0.814587178465,10.1948124982,1.35801635101,1.20994775102,10.9581653606
3.716846,-0.866370670294,0.723825427995,10.1040507478,1.35801635101,1.17458863428,10.8853536583
3.718512,-0.866370670294,0.723825427995,10.1040507478,1.32265723427,1.06851128407,10.7761361049
3.720178,-0.77408109096,0.814587178465,10.149431623,1.35801635101,1.13922951755,10.8489478072
3.721844,-0.820225880627,0.76920630323,10.149431623,1.35801635101,1.13922951755,10.8853536583
3.72351,-0.866370670294,0.76920630323,10.1040507478,1.35801635101,1.20994775102,10.9922958461
3.725176,-0.77408109096,0.814587178465,10.1948124982,1.35801635101,1.13922951755,10.8853536583
3.726842,-0.866370670294,0.76920630323,10.1040507478,1.35801635101,1.10387040081,10.8489478072
3.728508,-0.866370670294,0.723825427995,10.0586698725,1.35801635101,1.10387040081,10.8125419561
3.730174,-0.77408109096,0.814587178465,10.1948124982,1.39337546774,1.17458863428,10.8853536583
3.73184,-0.866370670294,0.723825427995,10.1040507478,1.35801635101,1.06851128407,10.7761361049
3.733506,-0.866370670294,0.723825427995,10.1040507478,1.35801635101,1.10387040081,10.8489478072
3.735172,-0.866370670294,0.723825427995,10.1040507478,1.35801635101,1.10387040081,10.8489478072
3.736838,-0.866370670294,0.723825427995,10.1040507478,1.42873458448,1.17458863428,10.8125419561
3.738504,-0.77408109096,0.814587178465,10.1948124982,1.35801635101,1.13922951755,10.8853536583
3.74017,-0.77408109096,0.859968053701,10.1948124982,1.35801635101,1.06851128407,10.7761361049
3.741836,-0.77408109096,0.814587178465,10.149431623,1.35801635101,1.06851128407,10.8489478072
3.743502,-0.866370670294,0.76920630323,10.1040507478,1.35801635101,1.10387040081,10.8489478072
3.745168,-0.866370670294,0.723825427995,10.1040507478,1.32265723427,1.17458863428,10.9922958461
3.746834,-0.866370670294,0.723825427995,10.1040507478,1.35801635101,1.10387040081,10.8853536583
3.7485,-0.866370670294,0.723825427995,10.1040507478,1.35801635101,0.997793050599,10.8489478072
3.750166,-0.866370670294,0.723825427995,10.1040507478,1.35801635101,1.10387040081,10.8489478072
3.751832,-0.866370670294,0.723825427995,10.1040507478,1.35801635101,1.13922951755,10.8853536583
3.753498,-0.866370670294,0.76920630323,10.1040507478,1.32265723427,1.06851128407,10.7761361049
3.755164,-0.866370670294,0.76920630323,10.1040507478,1.35801635101,1.13922951755,10.8853536583
3.75683,-0.866370670294,0.723825427995,10.1040507478,1.35801635101,1.10387040081,10.8489478072
3.758496,-0.866370670294,0.76920630323,10.149431623,1.39337546774,1.10387040081,10.8853536583
3.760162,-0.866370670294,0.76920630323,10.1040507478,1.35801635101,1.13922951755,10.8853536583
3.761828,-0.866370670294,0.723825427995,10.1040507478,1.32265723427,1.03315216734,10.7761361049
3.763494,-0.866370670294,0.723825427995,10.1040507478,1.35801635101,1.13922951755,10.8489478072
3.76516,-0.820225880627,0.76920630323,10.1040507478,1.35801635101,1.10387040081,10.8489478072
3.766826,-0.866370670294,0.76920630323,10.1040507478,1.35801635101,1.10387040081,10.8125419561
3.768492,-0.866370670294,0.76920630323,10.1040507478,1.39337546774,1.13922951755,10.8853536583
3.770158,-0.866370670294,0.76920630323,10.1040507478,1.32265723427,1.06851128407,10.8853536583
3.771824,-0.866370670294,0.76920630323,10.1040507478,1.35801635101,1.06851128407,10.8853536583
3.77349,-0.77408109096,0.859968053701,10.1948124982,1.35801635101,1.10387040081,10.8489478072
3.775156,-0.820225880627,0.76920630323,10.1948124982,1.39337546774,1.13922951755,10.8853536583
3.776822,-0.866370670294,0.723825427995,10.1040507478,1.35801635101,1.10387040081,10.9217595095
3.778488,-0.866370670294,0.723825427995,10.1040507478,1.35801635101,1.13922951755,10.8125419561
3.780154,-0.866370670294,0.723825427995,10.0586698725,1.35801635101,1.10387040081,10.8489478072
3.78182,-0.866370670294,0.723825427995,10.1040507478,1.35801635101,1.13922951755,10.8853536583
3.783486,-0.866370670294,0.723825427995,10.1040507478,1.28729811753,1.10387040081,10.9581653606
3.785152,-0.866370670294,0.723825427995,10.1040507478,1.35801635101,1.06851128407,10.8853536583
3.786818,-0.866370670294,0.723825427995,10.1040507478,1.35801635101,1.13922951755,10.8489478072
3.788484,-0.820225880627,0.76920630323,10.1948124982,1.39337546774,1.13922951755,10.8853536583
3.79015,-0.866370670294,0.723825427995,10.1040507478,1.35801635101,1.13922951755,10.8853536583
3.791816,-0.866370670294,0.723825427995,10.1040507478,1.32265723427,1.06851128407,10.8489478072
3.793482,-0.866370670294,0.76920630323,10.1040507478,1.32265723427,1.10387040081,10.8853536583
3.795148,-0.866370670294,0.723825427995,10.1040507478,1.39337546774,1.13922951755,10.8853536583
3.796814,-0.912515459961,0.723825427995,10.1040507478,1.46409370122,1.20994775102,10.9217595095
3.79848,-0.866370670294,0.723825427995,10.1040507478,1.39337546774,1.13922951755,10.8853536583
3.800146,-0.866370670294,0.723825427995,10.1040507478,1.35801635101,1.10387040081,10.8489478072
3.801812,-0.866370670294,0.723825427995,10.1040507478,1.35801635101,1.10387040081,10.8853536583
3.803478,-0.866370670294,0.723825427995,10.1040507478,1.39337546774,1.10387040081,10.8853536583
3.805144,-0.866370670294,0.723825427995,10.1040507478,1.28729811753,1.13922951755,10.9581653606
3.80681,-0.866370670294,0.723825427995,10.1040507478,1.35801635101,1.10387040081,10.8853536583
3.808476,-0.866370670294,0.723825427995,10.1040507478,1.35801635101,1.06851128407,10.8489478072
3.810142,-0.866370670294,0.723825427995,10.1040507478,1.35801635101,1.06851128407,10.8853536583
3.811808,-0.866370670294,0.723825427995,10.1040507478,1.39337546774,1.10387040081,10.8853536583
3.813474,-0.912515459961,0.723825427995,10.1040507478,1.32265723427,1.06851128407,10.8125419561
3.81514,-0.77408109096,0.814587178465,10.1948124982,1.35801635101,1.10387040081,10.8853536583
3.816806,-0.866370670294,0.76920630323,10.1040507478,1.35801635101,1.10387040081,10.8853536583
3.818472,-0.866370670294,0.76920630323,10.1040507478,1.46409370122,1.20994775102,10.9217595095
3.820138,-0.866370670294,0.76920630323,10.1040507478,1.35801635101,1.13922951755,10.9217595095
3.821804,-0.866370670294,0.76920630323,10.1040507478,1.32265723427,1.06851128407,10.8125419561
3.82347,-0.866370670294,0.723825427995,10.1040507478,1.35801635101,1.10387040081,10.8489478072
3.825136,-0.866370670294,0.723825427995,10.1040507478,1.39337546774,1.10387040081,10.8853536583
3.826802,-0.77408109096,0.814587178465,10.1948124982,1.46409370122,1.20994775102,10.9217595095
3.828468,-0.77408109096,0.859968053701,10.1948124982,1.39337546774,1.13922951755,10.9217595095
3.830134,-0.866370670294,0.76920630323,10.1040507478,1.32265723427,1.06851128407,10.8489478072
3.8318,-0.77408109096,0.814587178465,10.149431623,1.35801635101,1.10387040081,10.8489478072
3.833466,-0.77408109096,0.859968053701,10.1948124982,1.35801635101,1.13922951755,10.8853536583
3.835132,-0.866370670294,0.723825427995,10.1040507478,1.35801635101,1.20994775102,10.9581653606
3.836798,-0.866370670294,0.723825427995,10.1040507478,1.35801635101,1.13922951755,10.8853536583
3.838464,-0.866370670294,0.723825427995,10.1040507478,1.35801635101,1.10387040081,10.8125419561
3.84013,-0.866370670294,0.723825427995,10.1040507478,1.35801635101,1.10387040081,10.8489478072
3.841796,-0.866370670294,0.723825427995,10.1040507478,1.35801635101,1.13922951755,10.8853536583
3.843462,-0.866370670294,0.76920630323,10.1040507478,1.28729811753,1.06851128407,10.7761361049
3.845128,-0.866370670294,0.723825427995,10.149431623,1.35801635101,1.10387040081,10.8853536583
3.846794,-0.866370670294,0.76920630323,10.1040507478,1.35801635101,1.13922951755,10.8853536583
3.84846,-0.77408109096,0.859968053701,10.1948124982,1.46409370122,1.20994775102,10.8853536583
3.850126,-0.820225880627,0.814587178465,10.149431623,1.39337546774,1.10387040081,10.8853536583
3.851792,-0.77408109096,0.814587178465,10.149431623,1.35801635101,1.06851128407,10.8125419561
3.853458,-0.866370670294,0.76920630323,10.1040507478,1.32265723427,1.10387040081,10.8489478072
3.855124,-0.77408109096,0.814587178465,10.1948124982,1.35801635101,1.13922951755,10.8853536583
3.85679,-0.866370670294,0.723825427995,10.1040507478,1.28729811753,1.06851128407,10.9217595095
3.858456,-0.866370670294,0.723825427995,10.1040507478,1.35801635101,1.10387040081,10.8853536583
3.860122,-0.820225880627,0.76920630323,10.149431623,1.35801635101,1.10387040081,10.8853536583
3.861788,-0.77408109096,0.859968053701,10.1948124982,1.46409370122,1.17458863428,10.8853536583
3.863454,-0.820225880627,0.814587178465,10.149431623,1.39337546774,1.17458863428,10.8853536583
3.86512,-0.866370670294,0.76920630323,10.1040507478,1.32265723427,1.06851128407,10.7761361049
3.866786,-0.866370670294,0.723825427995,10.1040507478,1.35801635101,1.06851128407,10.8489478072
3.868452,-0.866370670294,0.723825427995,10.1040507478,1.35801635101,1.10387040081,10.8853536583
3.870118,-0.866370670294,0.723825427995,10.1040507478,1.28729811753,1.17458863428,10.9922958461
3.871784,-0.866370670294,0.723825427995,10.1040507478,1.35801635101,1.10387040081,10.8853536583
3.87345,-0.820225880627,0.76920630323,10.149431623,1.35801635101,1.10387040081,10.8489478072
3.875116,-0.866370670294,0.76920630323,10.1040507478,1.35801635101,1.10387040081,10.8853536583
3.876782,-0.866370670294,0.723825427995,10.1040507478,1.39337546774,1.13922951755,10.8853536583
3.878448,-0.912515459961,0.723825427995,10.1040507478,1.32265723427,1.06851128407,10.8125419561
3.880114,-0.866370670294,0.76920630323,10.1040507478,1.35801635101,1.10387040081,10.8853536583
3.88178,-0.866370670294,0.723825427995,10.1040507478,1.35801635101,1.13922951755,10.8489478072
3.883446,-0.866370670294,0.723825427995,10.1040507478,1.46409370122,1.17458863428,10.8853536583
3.885112,-0.866370670294,0.76920630323,10.1040507478,1.35801635101,1.13922951755,10.8853536583
3.886778,-0.866370670294,0.76920630323,10.1040507478,1.32265723427,1.10387040081,10.8125419561
3.888444,-0.866370670294,0.76920630323,10.1040507478,1.35801635101,1.10387040081,10.8125419561
3.89011,-0.866370670294,0.723825427995,10.149431623,1.35801635101,1.13922951755,10.8853536583
3.891776,-0.866370670294,0.76920630323,10.1040507478,1.28729811753,1.17458863428,10.9581653606
3.893442,-0.866370670294,0.76920630323,10.149431623,1.35801635101,1.13922951755,10.8853536583
3.895108,-0.77408109096,0.859968053701,10.1948124982,1.35801635101,1.13922951755,10.8489478072
3.896774,-0.866370670294,0.76920630323,10.149431623,1.32265723427,1.10387040081,10.8489478072
3.89844,-0.820225880627,0.814587178465,10.1948124982,1.35801635101,1.13922951755,10.8853536583
3.900106,-0.77408109096,0.859968053701,10.1948124982,1.32265723427,1.06851128407,10.9217595095
3.901772,-0.866370670294,0.76920630323,10.1040507478,1.35801635101,1.10387040081,10.8853536583
3.903438,-0.866370670294,0.76920630323,10.1040507478,1.35801635101,1.10387040081,10.8489478072
3.905104,-0.866370670294,0.76920630323,10.1040507478,1.39337546774,1.13922951755,10.8125419561
3.90677,-0.820225880627,0.814587178465,10.149431623,1.35801635101,1.13922951755,10.8853536583
3.908436,-0.866370670294,0.76920630323,10.149431623,1.32265723427,1.06851128407,10.7761361049
3.910102,-0.866370670294,0.723825427995,10.1040507478,1.35801635101,1.13922951755,10.8853536583
3.911768,-0.866370670294,0.723825427995,10.1040507478,1.35801635101,1.13922951755,10.8853536583
3.913434,-0.912515459961,0.723825427995,10.1040507478,1.42873458448,1.20994775102,10.9581653606
3.9151,-0.912515459961,0.723825427995,10.0586698725,1.39337546774,1.13922951755,10.8853536583
3.916766,-0.866370670294,0.723825427995,10.1040507478,1.35801635101,1.10387040081,10.8489478072
3.918432,-0.866370670294,0.723825427995,10.0586698725,1.35801635101,1.10387040081,10.8853536583
3.920098,-0.866370670294,0.76920630323,10.1040507478,1.39337546774,1.10387040081,10.8853536583
3.921764,-0.866370670294,0.76920630323,10.1040507478,1.28729811753,1.03315216734,10.7761361049
3.92343,-0.866370670294,0.76920630323,10.1040507478,1.35801635101,1.10387040081,10.8853536583
3.925096,-0.866370670294,0.723825427995,10.1040507478,1.35801635101,1.13922951755,10.8853536583
3.926762,-0.866370670294,0.76920630323,10.1040507478,1.39337546774,1.13922951755,10.8853536583
3.928428,-0.866370670294,0.76920630323,10.1040507478,1.35801635101,1.13922951755,10.8853536583
3.930094,-0.77408109096,0.814587178465,10.1948124982,1.35801635101,1.10387040081,10.8489478072
3.93176,-0.866370670294,0.723825427995,10.1040507478,1.35801635101,1.10387040081,10.8853536583
3.933426,-0.866370670294,0.76920630323,10.1040507478,1.35801635101,1.13922951755,10.8853536583
3.935092,-0.866370670294,0.723825427995,10.1040507478,1.28729811753,1.06851128407,10.8853536583
3.936758,-0.77408109096,0.859968053701,10.1948124982,1.39337546774,1.13922951755,10.8853536583
3.938424,-0.866370670294,0.723825427995,10.1040507478,1.35801635101,1.10387040081,10.8853536583
3.94009,-0.866370670294,0.76920630323,10.149431623,1.39337546774,1.13922951755,10.8489478072
3.941756,-0.866370670294,0.76920630323,10.1040507478,1.39337546774,1.13922951755,10.8853536583
3.943422,-0.866370670294,0.723825427995,10.1040507478,1.32265723427,1.06851128407,10.8125419561
3.945088,-0.866370670294,0.76920630323,10.1040507478,1.35801635101,1.10387040081,10.8853536583
3.946754,-0.866370670294,0.723825427995,10.1040507478,1.35801635101,1.13922951755,10.8853536583
3.94842,-0.866370670294,0.723825427995,10.1040507478,1.39337546774,1.24530686776,10.9581653606
3.950086,-0.866370670294,0.723825427995,10.1040507478,1.39337546774,1.13922951755,10.8853536583
3.951752,-0.866370670294,0.76920630323,10.1040507478,1.35801635101,1.10387040081,10.8853536583
3.953418,-0.866370670294,0.723825427995,10.1040507478,1.35801635101,1.06851128407,10.8489478072
3.955084,-0.866370670294,0.76920630323,10.149431623,1.35801635101,1.17458863428,10.8853536583
3.95675,-0.866370670294,0.723825427995,10.1040507478,1.32265723427,1.06851128407,10.8125419561
3.958416,-0.866370670294,0.723825427995,10.1040507478,1.39337546774,1.10387040081,10.8853536583
3.960082,-0.866370670294,0.723825427995,10.149431623,1.35801635101,1.10387040081,10.8489478072
3.961748,-0.866370670294,0.723825427995,10.1040507478,1.42873458448,1.10387040081,10.8853536583
3.963414,-0.866370670294,0.76920630323,10.149431623,1.35801635101,1.17458863428,10.8853536583
3.96508,-0.866370670294,0.76920630323,10.1040507478,1.32265723427,1.06851128407,10.8125419561
3.966746,-0.820225880627,0.76920630323,10.1040507478,1.32265723427,1.10387040081,10.8853536583
3.968412,-0.77408109096,0.814587178465,10.1948124982,1.39337546774,1.13922951755,10.8853536583
3.970078,-0.866370670294,0.76920630323,10.1040507478,1.39337546774,1.28066598449,10.9581653606
3.971744,-0.866370670294,0.76920630323,10.1040507478,1.39337546774,1.13922951755,10.8853536583
3.97341,-0.866370670294,0.723825427995,10.1040507478,1.35801635101,1.10387040081,10.8489478072
3.975076,-0.866370670294,0.76920630323,10.1040507478,1.35801635101,1.10387040081,10.8489478072
3.976742,-0.77408109096,0.859968053701,10.1948124982,1.35801635101,1.10387040081,10.8853536583
3.978408,-0.866370670294,0.723825427995,10.1040507478,1.32265723427,1.06851128407,10.7761361049
3.980074,-0.866370670294,0.76920630323,10.1040507478,1.35801635101,1.10387040081,10.8853536583
3.98174,-0.866370670294,0.76920630323,10.1040507478,1.35801635101,1.10387040081,10.8853536583
3.983406,-0.866370670294,0.76920630323,10.149431623,1.39337546774,1.13922951755,10.8853536583
3.985072,-0.866370670294,0.723825427995,10.1040507478,1.35801635101,1.13922951755,10.9217595095
3.986738,-0.866370670294,0.76920630323,10.1040507478,1.35801635101,1.06851128407,10.8125419561
3.988404,-0.866370670294,0.723825427995,10.1040507478,1.35801635101,1.10387040081,10.8853536583
3.99007,-0.866370670294,0.76920630323,10.1040507478,1.35801635101,1.13922951755,10.8853536583
3.991736,-0.820225880627,0.76920630323,10.1040507478,1.32265723427,1.20994775102,10.9922958461
3.993402,-0.866370670294,0.76920630323,10.1040507478,1.35801635101,1.13922951755,10.8853536583
3.995068,-0.866370670294,0.76920630323,10.1040507478,1.35801635101,1.10387040081,10.8489478072
3.996734,-0.866370670294,0.76920630323,10.149431623,1.35801635101,1.10387040081,10.8489478072
3.9984,-0.77408109096,0.814587178465,10.1948124982,1.35801635101,1.10387040081,10.8853536583
4.000066,-0.866370670294,0.723825427995,10.1040507478,1.32265723427,1.06851128407,10.7761361049
4.001732,-0.866370670294,0.76920630323,10.149431623,1.35801635101,1.10387040081,10.8853536583
4.003398,-0.866370670294,0.76920630323,10.1040507478,1.35801635101,1.10387040081,10.8853536583
4.005064,-0.866370670294,0.723825427995,10.1040507478,1.46409370122,1.17458863428,10.8853536583
4.00673,-0.866370670294,0.723825427995,10.1040507478,1.35801635101,1.13922951755,10.8853536583
4.008396,-0.866370670294,0.723825427995,10.1040507478,1.35801635101,1.06851128407,10.8489478072
4.010062,-0.866370670294,0.76920630323,10.1040507478,1.35801635101,1.13922951755,10.8125419561
4.011728,-0.866370670294,0.723825427995,10.1040507478,1.39337546774,1.10387040081,10.9217595095
4.013394,-0.866370670294,0.76920630323,10.1040507478,1.32265723427,1.06851128407,10.9217595095
4.01506,-0.866370670294,0.723825427995,10.1040507478,1.35801635101,1.10387040081,10.8853536583
4.016726,-0.866370670294,0.723825427995,10.1040507478,1.39337546774,1.13922951755,10.8853536583
4.018392,-0.866370670294,0.723825427995,10.1040507478,1.46409370122,1.10387040081,10.8489478072
4.020058,-0.866370670294,0.76920630323,10.1040507478,1.39337546774,1.13922951755,10.8853536583
4.021724,-0.866370670294,0.76920630323,10.1040507478,1.35801635101,1.06851128407,10.8125419561
4.02339,-0.866370670294,0.723825427995,10.1040507478,1.35801635101,1.06851128407,10.8489478072
4.025056,-0.866370670294,0.76920630323,10.1040507478,1.39337546774,1.13922951755,10.8853536583
4.026722,-0.77408109096,0.859968053701,10.1948124982,1.32265723427,1.06851128407,10.8853536583
4.028388,-0.866370670294,0.723825427995,10.1040507478,1.35801635101,1.13922951755,10.8853536583
4.030054,-0.866370670294,0.76920630323,10.1040507478,1.35801635101,1.10387040081,10.8489478072
4.03172,-0.866370670294,0.76920630323,10.1040507478,1.39337546774,1.10387040081,10.8853536583
4.033386,-0.77408109096,0.859968053701,10.149431623,1.35801635101,1.13922951755,10.8853536583
4.035052,-0.77408109096,0.814587178465,10.1948124982,1.35801635101,1.06851128407,10.8125419561
4.036718,-0.77408109096,0.859968053701,10.1948124982,1.35801635101,1.10387040081,10.8853536583
4.038384,-0.727936301293,0.859968053701,10.1948124982,1.35801635101,1.10387040081,10.8853536583
4.04005,-0.77408109096,0.814587178465,10.1948124982,1.35801635101,1.13922951755,10.8489478072
4.041716,-0.77408109096,0.814587178465,10.1948124982,1.35801635101,1.13922951755,10.8853536583
4.043382,-0.866370670294,0.723825427995,10.1040507478,1.35801635101,1.10387040081,10.8125419561
4.045048,-0.866370670294,0.76920630323,10.149431623,1.35801635101,1.10387040081,10.8853536583
4.046714,-0.866370670294,0.76920630323,10.149431623,1.39337546774,1.13922951755,10.8853536583
4.04838,-0.866370670294,0.723825427995,10.1040507478,1.32265723427,1.06851128407,10.8125419561
4.050046,-0.866370670294,0.723825427995,10.0586698725,1.35801635101,1.10387040081,10.8853536583
4.051712,-0.866370670294,0.723825427995,10.1040507478,1.39337546774,1.10387040081,10.8853536583
4.053378,-0.866370670294,0.723825427995,10.1040507478,1.42873458448,1.13922951755,10.8489478072
4.055044,-0.866370670294,0.723825427995,10.1040507478,1.39337546774,1.13922951755,10.8853536583
4.05671,-0.866370670294,0.76920630323,10.1040507478,1.35801635101,1.06851128407,10.8489478072
4.058376,-0.77408109096,0.859968053701,10.1948124982,1.35801635101,1.10387040081,10.8853536583
4.060042,-0.866370670294,0.76920630323,10.1040507478,1.39337546774,1.10387040081,10.8853536583
4.061708,-0.866370670294,0.76920630323,10.1040507478,1.28729811753,1.06851128407,10.8853536583
4.063374,-0.866370670294,0.723825427995,10.1040507478,1.35801635101,1.13922951755,10.8853536583
4.06504,-0.866370670294,0.723825427995,10.1040507478,1.35801635101,1.10387040081,10.8489478072
4.066706,-0.77408109096,0.814587178465,10.1948124982,1.35801635101,1.10387040081,10.8489478072
4.068372,-0.866370670294,0.723825427995,10.1040507478,1.39337546774,1.10387040081,10.8853536583
4.070038,-0.866370670294,0.723825427995,10.1040507478,1.32265723427,1.06851128407,10.8125419561
4.071704,-0.866370670294,0.76920630323,10.1040507478,1.35801635101,1.10387040081,10.8853536583
4.07337,-0.866370670294,0.723825427995,10.1040507478,1.35801635101,1.10387040081,10.8853536583
4.075036,-0.77408109096,0.859968053701,10.1948124982,1.42873458448,1.17458863428,10.8489478072
4.076702,-0.866370670294,0.723825427995,10.0586698725,1.39337546774,1.13922951755,10.9217595095
4.078368,-0.866370670294,0.723825427995,10.1040507478,1.35801635101,1.06851128407,10.8489478072
4.080034,-0.866370670294,0.76920630323,10.1040507478,1.35801635101,1.10387040081,10.8125419561
4.0817,-0.820225880627,0.76920630323,10.1040507478,1.39337546774,1.13922951755,10.8853536583
4.083366,-0.866370670294,0.76920630323,10.1040507478,1.32265723427,1.06851128407,10.8489478072
4.085032,-0.866370670294,0.723825427995,10.1040507478,1.35801635101,1.10387040081,10.8853536583
4.086698,-0.820225880627,0.76920630323,10.149431623,1.35801635101,1.10387040081,10.8853536583
4.088364,-0.866370670294,0.76920630323,10.1040507478,1.46409370122,1.13922951755,10.8489478072
4.09003,-0.820225880627,0.723825427995,10.1040507478,1.39337546774,1.13922951755,10.8853536583
4.091696,-0.820225880627,0.723825427995,10.149431623,1.35801635101,1.06851128407,10.8125419561
4.093362,-0.866370670294,0.76920630323,10.1040507478,1.35801635101,1.10387040081,10.8853536583
4.095028,-0.866370670294,0.723825427995,10.1040507478,1.39337546774,1.13922951755,10.8853536583
4.096694,-0.820225880627,0.723825427995,10.1040507478,1.39337546774,1.20994775102,10.9581653606
4.09836,-0.866370670294,0.76920630323,10.1040507478,1.35801635101,1.10387040081,10.8853536583
4.100026,-0.866370670294,0.76920630323,10.1040507478,1.35801635101,1.10387040081,10.8853536583
4.101692,-0.866370670294,0.723825427995,10.1040507478,1.39337546774,1.10387040081,10.8489478072
4.103358,-0.820225880627,0.723825427995,10.1040507478,1.39337546774,1.13922951755,10.8853536583
4.105024,-0.866370670294,0.723825427995,10.1040507478,1.35801635101,1.06851128407,10.8125419561
4.10669,-0.866370670294,0.76920630323,10.1040507478,1.35801635101,1.10387040081,10.8853536583
4.108356,-0.866370670294,0.76920630323,10.1040507478,1.39337546774,1.06851128407,10.8853536583
4.110022,-0.820225880627,0.814587178465,10.149431623,1.46409370122,1.17458863428,10.8853536583
4.111688,-0.820225880627,0.76920630323,10.149431623,1.35801635101,1.10387040081,10.8853536583
4.113354,-0.866370670294,0.678444552759,10.1040507478,1.35801635101,1.06851128407,10.8125419561
4.11502,-0.866370670294,0.76920630323,10.1040507478,1.35801635101,1.10387040081,10.8489478072
4.116686,-0.820225880627,0.723825427995,10.1040507478,1.39337546774,1.13922951755,10.8853536583
4.118352,-0.820225880627,0.723825427995,10.149431623,1.32265723427,1.06851128407,10.9217595095
4.120018,-0.866370670294,0.723825427995,10.149431623,1.35801635101,1.10387040081,10.8853536583
4.121684,-0.820225880627,0.76920630323,10.149431623,1.35801635101,1.10387040081,10.8489478072
4.12335,-0.866370670294,0.76920630323,10.1040507478,1.39337546774,1.10387040081,10.8489478072
4.125016,-0.820225880627,0.76920630323,10.1040507478,1.39337546774,1.10387040081,10.8853536583
4.126682,-0.866370670294,0.723825427995,10.1040507478,1.32265723427,1.03315216734,10.8489478072
4.128348,-0.820225880627,0.723825427995,10.1040507478,1.39337546774,1.13922951755,10.8853536583
4.130014,-0.866370670294,0.76920630323,10.1040507478,1.35801635101,1.10387040081,10.8125419561
4.13168,-0.820225880627,0.76920630323,10.149431623,1.35801635101,1.10387040081,10.8489478072
4.133346,-0.77408109096,0.814587178465,10.2401933735,1.42873458448,1.10387040081,10.8853536583
4.135012,-0.866370670294,0.76920630323,10.1040507478,1.28729811753,1.10387040081,10.9217595095
4.136678,-0.820225880627,0.76920630323,10.1040507478,1.42873458448,1.10387040081,10.8853536583
4.138344,-0.866370670294,0.723825427995,10.1040507478,1.35801635101,1.10387040081,10.8489478072
4.14001,-0.77408109096,0.814587178465,10.1948124982,1.35801635101,1.10387040081,10.8489478072
4.141676,-0.866370670294,0.76920630323,10.1040507478,1.42873458448,1.13922951755,10.9217595095
4.143342,-0.820225880627,0.76920630323,10.1040507478,1.35801635101,1.06851128407,10.8489478072
4.145008,-0.866370670294,0.76920630323,10.1040507478,1.35801635101,1.10387040081,10.8489478072
4.146674,-0.820225880627,0.723825427995,10.149431623,1.39337546774,1.10387040081,10.8853536583
4.14834,-0.820225880627,0.76920630323,10.1040507478,1.49945281795,1.20994775102,10.8853536583
4.150006,-0.820225880627,0.76920630323,10.1040507478,1.39337546774,1.13922951755,10.8853536583
4.151672,-0.866370670294,0.723825427995,10.1040507478,1.35801635101,1.06851128407,10.8125419561
4.153338,-0.820225880627,0.723825427995,10.1040507478,1.39337546774,1.06851128407,10.8489478072
4.155004,-0.866370670294,0.723825427995,10.1040507478,1.39337546774,1.10387040081,10.8853536583
4.15667,-0.727936301293,0.859968053701,10.2401933735,1.32265723427,1.06851128407,10.7761361049
4.158336,-0.820225880627,0.76920630323,10.1040507478,1.39337546774,1.13922951755,10.8853536583
4.160002,-0.866370670294,0.723825427995,10.1040507478,1.39337546774,1.10387040081,10.8853536583
4.161668,-0.866370670294,0.76920630323,10.1040507478,1.42873458448,1.10387040081,10.8489478072
4.163334,-0.866370670294,0.723825427995,10.1040507478,1.39337546774,1.10387040081,10.8853536583
4.165,-0.866370670294,0.723825427995,10.1040507478,1.35801635101,1.03315216734,10.7761361049
4.166666,-0.866370670294,0.723825427995,10.1040507478,1.35801635101,1.06851128407,10.8489478072
4.168332,-0.866370670294,0.76920630323,10.1040507478,1.35801635101,1.10387040081,10.8853536583
4.169998,-0.866370670294,0.723825427995,10.1040507478,1.49945281795,1.20994775102,10.9217595095
4.171664,-0.866370670294,0.723825427995,10.1040507478,1.39337546774,1.10387040081,10.8853536583
4.17333,-0.820225880627,0.76920630323,10.1040507478,1.35801635101,1.06851128407,10.8125419561
4.174996,-0.866370670294,0.76920630323,10.1040507478,1.35801635101,1.10387040081,10.8489478072
4.176662,-0.77408109096,0.859968053701,10.1948124982,1.39337546774,1.10387040081,10.8853536583
4.178328,-0.866370670294,0.723825427995,10.1040507478,1.32265723427,1.10387040081,10.9217595095
4.179994,-0.866370670294,0.76920630323,10.1040507478,1.39337546774,1.10387040081,10.8853536583
4.18166,-0.866370670294,0.76920630323,10.1040507478,1.35801635101,1.06851128407,10.8489478072
4.183326,-0.77408109096,0.814587178465,10.149431623,1.35801635101,1.10387040081,10.8125419561
4.184992,-0.866370670294,0.723825427995,10.1040507478,1.42873458448,1.10387040081,10.8853536583
4.186658,-0.820225880627,0.76920630323,10.1040507478,1.32265723427,1.03315216734,10.7761361049
4.188324,-0.727936301293,0.905348928936,10.2401933735,1.35801635101,1.10387040081,10.8853536583
4.18999,-0.866370670294,0.723825427995,10.1040507478,1.39337546774,1.10387040081,10.8853536583
4.191656,-0.820225880627,0.76920630323,10.1040507478,1.46409370122,1.17458863428,10.8853536583
4.193322,-0.866370670294,0.723825427995,10.1040507478,1.39337546774,1.10387040081,10.8853536583
4.194988,-0.866370670294,0.76920630323,10.1040507478,1.35801635101,1.10387040081,10.8125419561
4.196654,-0.820225880627,0.76920630323,10.1040507478,1.35801635101,1.10387040081,10.8853536583
4.19832,-0.820225880627,0.76920630323,10.149431623,1.39337546774,1.10387040081,10.8853536583
4.199986,-0.820225880627,0.723825427995,10.1040507478,1.42873458448,1.20994775102,10.9581653606
4.201652,-0.866370670294,0.723825427995,10.1040507478,1.39337546774,1.10387040081,10.8853536583
4.203318,-0.866370670294,0.76920630323,10.1040507478,1.39337546774,1.10387040081,10.8125419561
4.204984,-0.727936301293,0.859968053701,10.2401933735,1.35801635101,1.10387040081,10.8125419561
4.20665,-0.866370670294,0.76920630323,10.1040507478,1.42873458448,1.10387040081,10.8853536583
4.208316,-0.866370670294,0.76920630323,10.1040507478,1.32265723427,1.17458863428,10.9922958461
4.209982,-0.820225880627,0.76920630323,10.1040507478,1.39337546774,1.13922951755,10.8853536583
4.211648,-0.727936301293,0.905348928936,10.2401933735,1.35801635101,1.10387040081,10.8489478072
4.213314,-0.866370670294,0.76920630323,10.1040507478,1.39337546774,1.10387040081,10.8489478072
4.21498,-0.820225880627,0.76920630323,10.1040507478,1.39337546774,1.13922951755,10.9217595095
4.216646,-0.820225880627,0.723825427995,10.1040507478,1.35801635101,1.03315216734,10.7761361049
4.218312,-0.77408109096,0.814587178465,10.1948124982,1.35801635101,1.06851128407,10.8489478072
4.219978,-0.866370670294,0.723825427995,10.1040507478,1.39337546774,1.10387040081,10.8489478072
4.221644,-0.866370670294,0.76920630323,10.1040507478,1.49945281795,1.20994775102,10.8853536583
4.22331,-0.866370670294,0.723825427995,10.1040507478,1.39337546774,1.10387040081,10.8853536583
4.224976,-0.866370670294,0.723825427995,10.0586698725,1.35801635101,1.06851128407,10.7761361049
4.226642,-0.820225880627,0.76920630323,10.1040507478,1.35801635101,1.10387040081,10.8853536583
4.228308,-0.866370670294,0.76920630323,10.1040507478,1.39337546774,1.13922951755,10.8853536583
4.229974,-0.866370670294,0.723825427995,10.1040507478,1.32265723427,1.06851128407,10.9217595095
4.23164,-0.820225880627,0.814587178465,10.149431623,1.35801635101,1.10387040081,10.8489478072
4.233306,-0.866370670294,0.723825427995,10.1040507478,1.35801635101,1.10387040081,10.8489478072
4.234972,-0.866370670294,0.76920630323,10.1040507478,1.39337546774,1.10387040081,10.8125419561
4.236638,-0.866370670294,0.76920630323,10.1040507478,1.39337546774,1.10387040081,10.8853536583
4.238304,-0.866370670294,0.723825427995,10.149431623,1.35801635101,1.06851128407,10.7761361049
4.23997,-0.866370670294,0.76920630323,10.1040507478,1.35801635101,1.10387040081,10.8853536583
4.241636,-0.866370670294,0.723825427995,10.1040507478,1.39337546774,1.10387040081,10.8853536583
4.243302,-0.866370670294,0.723825427995,10.1040507478,1.49945281795,1.20994775102,10.8853536583
4.244968,-0.820225880627,0.723825427995,10.1040507478,1.39337546774,1.10387040081,10.8853536583
4.246634,-0.866370670294,0.76920630323,10.1040507478,1.35801635101,1.06851128407,10.8125419561
4.2483,-0.727936301293,0.859968053701,10.2401933735,1.35801635101,1.10387040081,10.8853536583
4.249966,-0.866370670294,0.76920630323,10.1040507478,1.39337546774,1.13922951755,10.8853536583
4.251632,-0.820225880627,0.76920630323,10.1040507478,1.35801635101,1.20994775102,10.9922958461
4.253298,-0.727936301293,0.859968053701,10.1948124982,1.39337546774,1.13922951755,10.8853536583
4.254964,-0.866370670294,0.723825427995,10.1040507478,1.35801635101,1.10387040081,10.8853536583
4.25663,-0.820225880627,0.723825427995,10.1040507478,1.39337546774,1.10387040081,10.8489478072
4.258296,-0.866370670294,0.723825427995,10.1040507478,1.35801635101,1.13922951755,10.8853536583
4.259962,-0.820225880627,0.76920630323,10.149431623,1.35801635101,1.06851128407,10.8125419561
4.261628,-0.727936301293,0.859968053701,10.1948124982,1.35801635101,1.06851128407,10.8853536583
4.263294,-0.820225880627,0.76920630323,10.1040507478,1.35801635101,1.10387040081,10.8853536583
4.26496,-0.866370670294,0.723825427995,10.1040507478,1.49945281795,1.20994775102,10.8853536583
4.266626,-0.866370670294,0.723825427995,10.1040507478,1.35801635101,1.10387040081,10.8853536583
4.268292,-0.866370670294,0.723825427995,10.1040507478,1.35801635101,1.06851128407,10.8125419561
4.269958,-0.866370670294,0.723825427995,10.1040507478,1.35801635101,1.10387040081,10.8853536583
4.271624,-0.77408109096,0.814587178465,10.2401933735,1.39337546774,1.10387040081,10.8853536583
4.27329,-0.77408109096,0.814587178465,10.1948124982,1.28729811753,1.10387040081,10.9581653606
4.274956,-0.866370670294,0.723825427995,10.1040507478,1.35801635101,1.13922951755,10.8853536583
4.276622,-0.866370670294,0.76920630323,10.1040507478,1.35801635101,1.06851128407,10.8489478072
4.278288,-0.866370670294,0.723825427995,10.1040507478,1.35801635101,1.13922951755,10.8489478072
4.279954,-0.866370670294,0.76920630323,10.149431623,1.39337546774,1.13922951755,10.9217595095
4.28162,-0.866370670294,0.723825427995,10.1040507478,1.35801635101,1.06851128407,10.8125419561
4.283286,-0.866370670294,0.723825427995,10.1040507478,1.39337546774,1.13922951755,10.8853536583
4.284952,-0.866370670294,0.723825427995,10.1040507478,1.35801635101,1.13922951755,10.8853536583
4.286618,-0.820225880627,0.76920630323,10.149431623,1.49945281795,1.20994775102,10.8853536583
4.288284,-0.727936301293,0.859968053701,10.2401933735,1.39337546774,1.13922951755,10.9217595095
4.28995,-0.912515459961,0.723825427995,10.1040507478,1.35801635101,1.06851128407,10.8125419561
4.291616,-0.866370670294,0.723825427995,10.0586698725,1.35801635101,1.06851128407,10.8853536583
4.293282,-0.866370670294,0.723825427995,10.1040507478,1.39337546774,1.10387040081,10.8853536583
4.294948,-0.866370670294,0.76920630323,10.1040507478,1.46409370122,1.20994775102,10.9217595095
4.296614,-0.866370670294,0.723825427995,10.1040507478,1.39337546774,1.10387040081,10.8853536583
4.29828,-0.820225880627,0.76920630323,10.149431623,1.35801635101,1.10387040081,10.8489478072
4.299946,-0.866370670294,0.723825427995,10.1040507478,1.35801635101,1.10387040081,10.8489478072
4.301612,-0.866370670294,0.723825427995,10.1040507478,1.39337546774,1.13922951755,10.8853536583
4.303278,-0.866370670294,0.76920630323,10.1040507478,1.28729811753,1.13922951755,10.9581653606
4.304944,-0.866370670294,0.723825427995,10.1040507478,1.35801635101,1.10387040081,10.8853536583
4.30661,-0.866370670294,0.723825427995,10.1040507478,1.35801635101,1.06851128407,10.8853536583
4.308276,-0.866370670294,0.76920630323,10.1040507478,1.39337546774,1.13922951755,10.8489478072
4.309942,-0.866370670294,0.76920630323,10.1040507478,1.39337546774,1.13922951755,10.8853536583
4.311608,-0.820225880627,0.723825427995,10.1040507478,1.35801635101,1.06851128407,10.8125419561
4.313274,-0.866370670294,0.76920630323,10.1040507478,1.35801635101,1.10387040081,10.8853536583
4.31494,-0.820225880627,0.814587178465,10.1948124982,1.39337546774,1.10387040081,10.8853536583
4.316606,-0.866370670294,0.723825427995,10.149431623,1.32265723427,1.13922951755,10.9922958461
4.318272,-0.866370670294,0.723825427995,10.1040507478,1.35801635101,1.13922951755,10.8853536583
4.319938,-0.727936301293,0.859968053701,10.2401933735,1.35801635101,1.06851128407,10.8853536583
4.321604,-0.866370670294,0.76920630323,10.1040507478,1.35801635101,1.10387040081,10.8489478072
4.32327,-0.866370670294,0.76920630323,10.149431623,1.39337546774,1.13922951755,10.8853536583
4.324936,-0.77408109096,0.814587178465,10.1948124982,1.32265723427,1.06851128407,10.9217595095
4.326602,-0.866370670294,0.76920630323,10.1040507478,1.35801635101,1.10387040081,10.8853536583
4.328268,-0.866370670294,0.76920630323,10.1040507478,1.35801635101,1.10387040081,10.8125419561
4.329934,-0.866370670294,0.723825427995,10.1040507478,1.35801635101,1.06851128407,10.8853536583
4.3316,-0.866370670294,0.723825427995,10.1040507478,1.35801635101,1.06851128407,10.8853536583
4.333266,-0.866370670294,0.723825427995,10.1040507478,1.32265723427,1.06851128407,10.7761361049
4.334932,-0.866370670294,0.723825427995,10.1040507478,1.35801635101,1.10387040081,10.8853536583
4.336598,-0.866370670294,0.723825427995,10.1040507478,1.35801635101,1.06851128407,10.8853536583
4.338264,-0.866370670294,0.723825427995,10.1040507478,1.49945281795,1.20994775102,10.8853536583
4.33993,-0.866370670294,0.723825427995,10.1040507478,1.42873458448,1.13922951755,10.8853536583
4.341596,-0.866370670294,0.723825427995,10.1040507478,1.32265723427,1.10387040081,10.7761361049
4.343262,-0.866370670294,0.76920630323,10.1040507478,1.35801635101,1.10387040081,10.8853536583
4.344928,-0.866370670294,0.723825427995,10.1040507478,1.35801635101,1.13922951755,10.8853536583
4.346594,-0.77408109096,0.859968053701,10.1948124982,1.32265723427,1.10387040081,10.9581653606
4.34826,-0.866370670294,0.76920630323,10.1040507478,1.35801635101,1.17458863428,10.8853536583
4.349926,-0.866370670294,0.76920630323,10.1040507478,1.35801635101,1.10387040081,10.8853536583
4.351592,-0.866370670294,0.723825427995,10.1040507478,1.35801635101,1.10387040081,10.8489478072
4.353258,-0.866370670294,0.76920630323,10.1040507478,1.39337546774,1.13922951755,10.8853536583
4.354924,-0.866370670294,0.76920630323,10.1040507478,1.32265723427,1.06851128407,10.7761361049
4.35659,-0.866370670294,0.76920630323,10.1040507478,1.35801635101,1.10387040081,10.8489478072
4.358256,-0.866370670294,0.76920630323,10.1040507478,1.35801635101,1.13922951755,10.8853536583
4.359922,-0.866370670294,0.76920630323,10.1040507478,1.49945281795,1.17458863428,10.8853536583
4.361588,-0.866370670294,0.76920630323,10.1040507478,1.35801635101,1.17458863428,10.8489478072
4.363254,-0.866370670294,0.723825427995,10.1040507478,1.35801635101,1.10387040081,10.8125419561
4.36492,-0.866370670294,0.76920630323,10.1040507478,1.35801635101,1.13922951755,10.8489478072
4.366586,-0.820225880627,0.76920630323,10.1040507478,1.35801635101,1.10387040081,10.8853536583
4.368252,-0.866370670294,0.76920630323,10.1040507478,1.32265723427,1.06851128407,10.8125419561
4.369918,-0.866370670294,0.723825427995,10.1040507478,1.35801635101,1.06851128407,10.8853536583
4.371584,-0.866370670294,0.723825427995,10.1040507478,1.35801635101,1.10387040081,10.8853536583
4.37325,-0.866370670294,0.723825427995,10.1040507478,1.46409370122,1.10387040081,10.8853536583
4.374916,-0.866370670294,0.723825427995,10.1040507478,1.35801635101,1.10387040081,10.8853536583
4.376582,-0.866370670294,0.76920630323,10.1040507478,1.35801635101,1.06851128407,10.8125419561
4.378248,-0.866370670294,0.76920630323,10.1040507478,1.35801635101,1.10387040081,10.8489478072
4.379914,-0.820225880627,0.814587178465,10.149431623,1.39337546774,1.10387040081,10.8489478072
4.38158,-0.77408109096,0.859968053701,10.1948124982,1.49945281795,1.20994775102,10.8853536583
4.383246,-0.866370670294,0.723825427995,10.1040507478,1.39337546774,1.10387040081,10.8853536583
4.384912,-0.866370670294,0.723825427995,10.1040507478,1.35801635101,1.06851128407,10.8489478072
4.386578,-0.866370670294,0.723825427995,10.1040507478,1.35801635101,1.06851128407,10.8489478072
4.388244,-0.866370670294,0.723825427995,10.1040507478,1.35801635101,1.13922951755,10.8853536583
4.38991,-0.866370670294,0.723825427995,10.1040507478,1.32265723427,1.06851128407,10.9217595095
4.391576,-0.866370670294,0.723825427995,10.1040507478,1.35801635101,1.13922951755,10.8853536583
4.393242,-0.866370670294,0.723825427995,10.1040507478,1.39337546774,1.10387040081,10.8853536583
4.394908,-0.866370670294,0.723825427995,10.1040507478,1.39337546774,1.10387040081,10.8853536583
4.396574,-0.820225880627,0.76920630323,10.149431623,1.39337546774,1.10387040081,10.8853536583
4.39824,-0.820225880627,0.814587178465,10.1948124982,1.35801635101,1.10387040081,10.8125419561
4.399906,-0.820225880627,0.76920630323,10.149431623,1.35801635101,1.10387040081,10.8853536583
4.401572,-0.820225880627,0.76920630323,10.1040507478,1.35801635101,1.13922951755,10.8489478072
4.403238,-0.820225880627,0.76920630323,10.149431623,1.39337546774,1.20994775102,10.9922958461
4.404904,-0.77408109096,0.859968053701,10.1948124982,1.35801635101,1.13922951755,10.8853536583
4.40657,-0.820225880627,0.814587178465,10.149431623,1.35801635101,1.06851128407,10.8125419561
4.408236,-0.820225880627,0.814587178465,10.149431623,1.35801635101,1.10387040081,10.8489478072
4.409902,-0.866370670294,0.723825427995,10.1040507478,1.39337546774,1.10387040081,10.8853536583
4.411568,-0.866370670294,0.723825427995,10.1040507478,1.32265723427,1.06851128407,10.9217595095
4.413234,-0.866370670294,0.76920630323,10.1040507478,1.35801635101,1.10387040081,10.8853536583
4.4149,-0.866370670294,0.723825427995,10.1040507478,1.35801635101,1.10387040081,10.8489478072
4.416566,-0.866370670294,0.76920630323,10.1040507478,1.35801635101,1.13922951755,10.8853536583
4.418232,-0.820225880627,0.814587178465,10.1948124982,1.39337546774,1.13922951755,10.9217595095
4.419898,-0.866370670294,0.723825427995,10.1040507478,1.32265723427,1.06851128407,10.8125419561
4.421564,-0.866370670294,0.723825427995,10.149431623,1.35801635101,1.13922951755,10.8489478072
4.42323,-0.866370670294,0.76920630323,10.149431623,1.39337546774,1.10387040081,10.8853536583
4.424896,-0.866370670294,0.723825427995,10.1040507478,1.46409370122,1.20994775102,10.8853536583
4.426562,-0.866370670294,0.723825427995,10.1040507478,1.39337546774,1.13922951755,10.8853536583
4.428228,-0.866370670294,0.76920630323,10.149431623,1.35801635101,1.06851128407,10.8125419561
4.429894,-0.866370670294,0.723825427995,10.1040507478,1.35801635101,1.10387040081,10.8489478072
4.43156,-0.866370670294,0.723825427995,10.1040507478,1.39337546774,1.13922951755,10.8853536583
4.433226,-0.866370670294,0.723825427995,10.1040507478,1.28729811753,1.10387040081,10.9922958461
4.434892,-0.77408109096,0.859968053701,10.1948124982,1.35801635101,1.10387040081,10.8853536583
4.436558,-0.820225880627,0.76920630323,10.149431623,1.35801635101,1.10387040081,10.8853536583
4.438224,-0.866370670294,0.723825427995,10.1040507478,1.35801635101,1.13922951755,10.8489478072
4.43989,-0.866370670294,0.76920630323,10.149431623,1.39337546774,1.17458863428,10.8853536583
4.441556,-0.866370670294,0.76920630323,10.149431623,1.32265723427,1.06851128407,10.7761361049
4.443222,-0.866370670294,0.76920630323,10.1040507478,1.35801635101,1.10387040081,10.8853536583
4.444888,-0.866370670294,0.723825427995,10.1040507478,1.39337546774,1.10387040081,10.8853536583
4.446554,-0.866370670294,0.76920630323,10.149431623,1.46409370122,1.20994775102,10.8853536583
4.44822,-0.866370670294,0.76920630323,10.1040507478,1.35801635101,1.13922951755,10.8853536583
4.449886,-0.866370670294,0.723825427995,10.1040507478,1.35801635101,1.06851128407,10.8489478072
4.451552,-0.866370670294,0.76920630323,10.1040507478,1.35801635101,1.10387040081,10.8489478072
4.453218,-0.866370670294,0.723825427995,10.1040507478,1.35801635101,1.13922951755,10.9217595095
4.454884,-0.866370670294,0.76920630323,10.1040507478,1.28729811753,1.06851128407,10.7761361049
4.45655,-0.866370670294,0.76920630323,10.1040507478,1.35801635101,1.13922951755,10.8853536583
4.458216,-0.866370670294,0.723825427995,10.1040507478,1.35801635101,1.10387040081,10.8853536583
4.459882,-0.866370670294,0.723825427995,10.1040507478,1.46409370122,1.20994775102,10.9217595095
4.461548,-0.866370670294,0.723825427995,10.149431623,1.35801635101,1.10387040081,10.8853536583
4.463214,-0.866370670294,0.76920630323,10.1040507478,1.32265723427,1.06851128407,10.8125419561
4.46488,-0.866370670294,0.723825427995,10.1040507478,1.35801635101,1.10387040081,10.8853536583
4.466546,-0.77408109096,0.814587178465,10.1948124982,1.35801635101,1.10387040081,10.8853536583
4.468212,-0.77408109096,0.814587178465,10.1948124982,1.46409370122,1.20994775102,10.9217595095
4.469878,-0.77408109096,0.859968053701,10.1948124982,1.39337546774,1.13922951755,10.8853536583
4.471544,-0.866370670294,0.76920630323,10.1040507478,1.32265723427,1.06851128407,10.8125419561
4.47321,-0.866370670294,0.723825427995,10.1040507478,1.35801635101,1.10387040081,10.8489478072
4.474876,-0.866370670294,0.723825427995,10.1040507478,1.39337546774,1.10387040081,10.8853536583
4.476542,-0.866370670294,0.723825427995,10.1040507478,1.28729811753,1.10387040081,10.8853536583
4.478208,-0.912515459961,0.723825427995,10.1040507478,1.35801635101,1.13922951755,10.8853536583
4.479874,-0.866370670294,0.723825427995,10.1040507478,1.35801635101,1.10387040081,10.8853536583
4.48154,-0.866370670294,0.723825427995,10.1040507478,1.35801635101,1.06851128407,10.8489478072
4.483206,-0.866370670294,0.723825427995,10.1040507478,1.35801635101,1.17458863428,10.8853536583
4.484872,-0.866370670294,0.76920630323,10.149431623,1.32265723427,1.06851128407,10.8489478072
4.486538,-0.866370670294,0.76920630323,10.149431623,1.32265723427,1.13922951755,10.8853536583
4.488204,-0.866370670294,0.76920630323,10.1040507478,1.39337546774,1.10387040081,10.8853536583
4.48987,-0.866370670294,0.723825427995,10.1040507478,1.49945281795,1.20994775102,10.9217595095
4.491536,-0.866370670294,0.76920630323,10.1040507478,1.35801635101,1.13922951755,10.8853536583
4.493202,-0.866370670294,0.76920630323,10.1040507478,1.35801635101,1.10387040081,10.8125419561
4.494868,-0.727936301293,0.859968053701,10.1948124982,1.35801635101,1.06851128407,10.8853536583
4.496534,-0.866370670294,0.723825427995,10.1040507478,1.39337546774,1.13922951755,10.8489478072
4.4982,-0.912515459961,0.723825427995,10.1040507478,1.32265723427,1.03315216734,10.7761361049
4.499866,-0.866370670294,0.723825427995,10.1040507478,1.35801635101,1.13922951755,10.8853536583
4.501532,-0.866370670294,0.723825427995,10.149431623,1.35801635101,1.10387040081,10.8489478072
4.503198,-0.866370670294,0.76920630323,10.1040507478,1.39337546774,1.13922951755,10.8125419561
4.504864,-0.866370670294,0.678444552759,10.1040507478,1.35801635101,1.10387040081,10.8853536583
4.50653,-0.866370670294,0.723825427995,10.1040507478,1.32265723427,1.10387040081,10.8125419561
4.508196,-0.866370670294,0.76920630323,10.1040507478,1.35801635101,1.10387040081,10.8853536583
4.509862,-0.866370670294,0.723825427995,10.1040507478,1.39337546774,1.10387040081,10.8853536583
4.511528,-0.866370670294,0.76920630323,10.1040507478,1.28729811753,1.13922951755,10.9922958461
4.513194,-0.77408109096,0.814587178465,10.149431623,1.35801635101,1.13922951755,10.8853536583
4.51486,-0.866370670294,0.723825427995,10.1040507478,1.35801635101,1.13922951755,10.8489478072
4.516526,-0.866370670294,0.76920630323,10.149431623,1.35801635101,1.13922951755,10.8489478072
4.518192,-0.866370670294,0.76920630323,10.1040507478,1.39337546774,1.13922951755,10.8853536583
4.519858,-0.866370670294,0.723825427995,10.1040507478,1.32265723427,1.06851128407,10.8125419561
4.521524,-0.77408109096,0.814587178465,10.1948124982,1.35801635101,1.10387040081,10.8853536583
4.52319,-0.866370670294,0.723825427995,10.1040507478,1.35801635101,1.13922951755,10.8853536583
4.524856,-0.866370670294,0.76920630323,10.1040507478,1.39337546774,1.13922951755,10.8489478072
4.526522,-0.866370670294,0.76920630323,10.1040507478,1.39337546774,1.17458863428,10.8853536583
4.528188,-0.820225880627,0.814587178465,10.149431623,1.35801635101,1.10387040081,10.7761361049
4.529854,-0.866370670294,0.76920630323,10.1040507478,1.32265723427,1.10387040081,10.8853536583
4.53152,-0.866370670294,0.723825427995,10.1040507478,1.39337546774,1.13922951755,10.8853536583
4.533186,-0.866370670294,0.76920630323,10.1040507478,1.39337546774,1.24530686776,10.9581653606
4.534852,-0.866370670294,0.76920630323,10.1040507478,1.39337546774,1.13922951755,10.8853536583
4.536518,-0.866370670294,0.723825427995,10.1040507478,1.35801635101,1.13922951755,10.8489478072
4.538184,-0.820225880627,0.814587178465,10.149431623,1.35801635101,1.10387040081,10.8853536583
4.53985,-0.820225880627,0.814587178465,10.149431623,1.35801635101,1.17458863428,10.8853536583
4.541516,-0.866370670294,0.76920630323,10.1040507478,1.32265723427,1.06851128407,10.8489478072
4.543182,-0.912515459961,0.723825427995,10.1040507478,1.35801635101,1.13922951755,10.8853536583
4.544848,-0.866370670294,0.723825427995,10.1040507478,1.39337546774,1.06851128407,10.8853536583
4.546514,-0.866370670294,0.76920630323,10.1040507478,1.46409370122,1.20994775102,10.9217595095
4.54818,-0.866370670294,0.76920630323,10.1040507478,1.35801635101,1.10387040081,10.8853536583
4.549846,-0.866370670294,0.76920630323,10.1040507478,1.32265723427,1.10387040081,10.8125419561
4.551512,-0.77408109096,0.859968053701,10.1948124982,1.35801635101,1.06851128407,10.8853536583
4.553178,-0.77408109096,0.814587178465,10.149431623,1.35801635101,1.17458863428,10.8853536583
4.554844,-0.866370670294,0.76920630323,10.1040507478,1.32265723427,1.10387040081,10.9217595095
4.55651,-0.866370670294,0.76920630323,10.1040507478,1.35801635101,1.13922951755,10.8853536583
4.558176,-0.866370670294,0.76920630323,10.1040507478,1.35801635101,1.10387040081,10.8853536583
4.559842,-0.866370670294,0.76920630323,10.1040507478,1.39337546774,1.13922951755,10.8489478072
4.561508,-0.866370670294,0.723825427995,10.1040507478,1.35801635101,1.13922951755,10.8853536583
4.563174,-0.912515459961,0.76920630323,10.1040507478,1.32265723427,1.10387040081,10.8125419561
4.56484,-0.866370670294,0.723825427995,10.1040507478,1.35801635101,1.10387040081,10.8853536583
4.566506,-0.866370670294,0.723825427995,10.1040507478,1.39337546774,1.10387040081,10.8853536583
4.568172,-0.866370670294,0.723825427995,10.1040507478,1.46409370122,1.20994775102,10.9581653606
4.569838,-0.866370670294,0.723825427995,10.149431623,1.35801635101,1.13922951755,10.8853536583
4.571504,-0.866370670294,0.723825427995,10.1040507478,1.35801635101,1.06851128407,10.8125419561
4.57317,-0.866370670294,0.76920630323,10.1040507478,1.35801635101,1.10387040081,10.8489478072
4.574836,-0.866370670294,0.76920630323,10.1040507478,1.39337546774,1.10387040081,10.8853536583
4.576502,-0.866370670294,0.76920630323,10.149431623,1.32265723427,1.06851128407,10.8125419561
4.578168,-0.866370670294,0.76920630323,10.149431623,1.35801635101,1.10387040081,10.8853536583
4.579834,-0.866370670294,0.723825427995,10.1040507478,1.35801635101,1.06851128407,10.8853536583
4.5815,-0.866370670294,0.76920630323,10.1040507478,1.39337546774,1.10387040081,10.8853536583
4.583166,-0.866370670294,0.723825427995,10.1040507478,1.35801635101,1.10387040081,10.9217595095
4.584832,-0.866370670294,0.723825427995,10.1040507478,1.35801635101,1.06851128407,10.8125419561
4.586498,-0.866370670294,0.723825427995,10.1040507478,1.35801635101,1.10387040081,10.8489478072
4.588164,-0.866370670294,0.723825427995,10.1040507478,1.39337546774,1.10387040081,10.8853536583
4.58983,-0.77408109096,0.814587178465,10.2401933735,1.32265723427,1.20994775102,10.9922958461
4.591496,-0.77408109096,0.814587178465,10.1948124982,1.35801635101,1.13922951755,10.9217595095
4.593162,-0.77408109096,0.859968053701,10.2401933735,1.35801635101,1.10387040081,10.8489478072
4.594828,-0.866370670294,0.723825427995,10.1040507478,1.35801635101,1.06851128407,10.8489478072
4.596494,-0.866370670294,0.723825427995,10.1040507478,1.39337546774,1.13922951755,10.9217595095
4.59816,-0.866370670294,0.723825427995,10.1040507478,1.32265723427,1.06851128407,10.8125419561
4.599826,-0.866370670294,0.723825427995,10.1040507478,1.35801635101,1.10387040081,10.8853536583
4.601492,-0.866370670294,0.76920630323,10.149431623,1.35801635101,1.13922951755,10.8853536583
4.603158,-0.866370670294,0.723825427995,10.1040507478,1.42873458448,1.17458863428,10.8853536583
4.604824,-0.727936301293,0.859968053701,10.2401933735,1.39337546774,1.13922951755,10.8853536583
4.60649,-0.866370670294,0.723825427995,10.1040507478,1.32265723427,1.10387040081,10.8125419561
4.608156,-0.866370670294,0.76920630323,10.149431623,1.32265723427,1.10387040081,10.8853536583
4.609822,-0.820225880627,0.76920630323,10.149431623,1.39337546774,1.13922951755,10.8853536583
4.611488,-0.866370670294,0.723825427995,10.1040507478,1.32265723427,1.06851128407,10.9581653606
4.613154,-0.866370670294,0.76920630323,10.149431623,1.35801635101,1.10387040081,10.8853536583
4.61482,-0.866370670294,0.723825427995,10.1040507478,1.35801635101,1.10387040081,10.8489478072
4.616486,-0.866370670294,0.723825427995,10.1040507478,1.35801635101,1.10387040081,10.8489478072
4.618152,-0.866370670294,0.723825427995,10.1040507478,1.39337546774,1.10387040081,10.8853536583
4.619818,-0.866370670294,0.76920630323,10.1040507478,1.35801635101,1.06851128407,10.7761361049
4.621484,-0.820225880627,0.76920630323,10.149431623,1.39337546774,1.10387040081,10.8489478072
4.62315,-0.866370670294,0.723825427995,10.1040507478,1.35801635101,1.10387040081,10.8489478072
4.624816,-0.866370670294,0.76920630323,10.1040507478,1.49945281795,1.20994775102,10.8853536583
4.626482,-0.866370670294,0.76920630323,10.1040507478,1.35801635101,1.17458863428,10.8853536583
4.628148,-0.866370670294,0.76920630323,10.1040507478,1.35801635101,1.06851128407,10.8125419561
4.629814,-0.866370670294,0.723825427995,10.1040507478,1.35801635101,1.10387040081,10.8853536583
4.63148,-0.866370670294,0.76920630323,10.149431623,1.35801635101,1.13922951755,10.8853536583
4.633146,-0.866370670294,0.76920630323,10.1040507478,1.32265723427,1.06851128407,10.7761361049
4.634812,-0.866370670294,0.723825427995,10.1040507478,1.35801635101,1.10387040081,10.8853536583
4.636478,-0.866370670294,0.76920630323,10.1040507478,1.35801635101,1.10387040081,10.8489478072
4.638144,-0.866370670294,0.723825427995,10.1040507478,1.39337546774,1.13922951755,10.8853536583
4.63981,-0.866370670294,0.723825427995,10.149431623,1.39337546774,1.13922951755,10.8853536583
4.641476,-0.866370670294,0.723825427995,10.1040507478,1.32265723427,1.06851128407,10.8489478072
4.643142,-0.820225880627,0.76920630323,10.1040507478,1.35801635101,1.10387040081,10.8853536583
4.644808,-0.866370670294,0.723825427995,10.1040507478,1.35801635101,1.13922951755,10.8853536583
4.646474,-0.820225880627,0.76920630323,10.149431623,1.32265723427,1.20994775102,10.9581653606
4.64814,-0.866370670294,0.723825427995,10.1040507478,1.35801635101,1.13922951755,10.8853536583
4.649806,-0.866370670294,0.723825427995,10.1040507478,1.35801635101,1.10387040081,10.8125419561
4.651472,-0.820225880627,0.76920630323,10.149431623,1.35801635101,1.10387040081,10.8125419561
4.653138,-0.866370670294,0.723825427995,10.1040507478,1.39337546774,1.13922951755,10.8853536583
4.654804,-0.866370670294,0.723825427995,10.1040507478,1.28729811753,1.06851128407,10.9217595095
4.65647,-0.866370670294,0.76920630323,10.1040507478,1.35801635101,1.17458863428,10.8853536583
4.658136,-0.866370670294,0.76920630323,10.1040507478,1.35801635101,1.13922951755,10.8125419561
4.659802,-0.866370670294,0.723825427995,10.1040507478,1.35801635101,1.10387040081,10.8489478072
4.661468,-0.866370670294,0.723825427995,10.1040507478,1.39337546774,1.13922951755,10.8853536583
4.663134,-0.866370670294,0.76920630323,10.1040507478,1.32265723427,1.06851128407,10.7761361049
4.6648,-0.77408109096,0.859968053701,10.1948124982,1.35801635101,1.13922951755,10.8489478072
4.666466,-0.866370670294,0.76920630323,10.1040507478,1.35801635101,1.10387040081,10.8489478072
4.668132,-0.912515459961,0.723825427995,10.1040507478,1.35801635101,1.10387040081,10.8489478072
4.669798,-0.866370670294,0.723825427995,10.1040507478,1.39337546774,1.13922951755,10.8853536583
4.671464,-0.77408109096,0.814587178465,10.149431623,1.32265723427,1.06851128407,10.7761361049
4.67313,-0.866370670294,0.76920630323,10.1040507478,1.35801635101,1.10387040081,10.8853536583
4.674796,-0.866370670294,0.76920630323,10.1040507478,1.35801635101,1.13922951755,10.8125419561
4.676462,-0.866370670294,0.76920630323,10.1040507478,1.35801635101,1.10387040081,10.8489478072
4.678128,-0.820225880627,0.76920630323,10.1040507478,1.39337546774,1.13922951755,10.8853536583
4.679794,-0.866370670294,0.723825427995,10.1040507478,1.35801635101,1.06851128407,10.8125419561
4.68146,-0.866370670294,0.76920630323,10.1040507478,1.35801635101,1.10387040081,10.8489478072
4.683126,-0.866370670294,0.723825427995,10.1040507478,1.35801635101,1.10387040081,10.8853536583
4.684792,-0.866370670294,0.76920630323,10.1040507478,1.42873458448,1.20994775102,10.9922958461
4.686458,-0.820225880627,0.76920630323,10.1040507478,1.35801635101,1.13922951755,10.8853536583
4.688124,-0.866370670294,0.723825427995,10.1040507478,1.35801635101,1.10387040081,10.8125419561
4.68979,-0.866370670294,0.723825427995,10.1040507478,1.35801635101,1.10387040081,10.8489478072
4.691456,-0.820225880627,0.723825427995,10.1040507478,1.39337546774,1.13922951755,10.8853536583
4.693122,-0.866370670294,0.76920630323,10.1040507478,1.32265723427,1.06851128407,10.7761361049
4.694788,-0.866370670294,0.76920630323,10.1040507478,1.35801635101,1.10387040081,10.8489478072
4.696454,-0.912515459961,0.723825427995,10.0586698725,1.35801635101,1.10387040081,10.8489478072
4.69812,-0.866370670294,0.76920630323,10.1040507478,1.39337546774,1.10387040081,10.8489478072
4.699786,-0.866370670294,0.76920630323,10.0586698725,1.35801635101,1.17458863428,10.8853536583
4.701452,-0.866370670294,0.76920630323,10.0586698725,1.32265723427,1.10387040081,10.8125419561
4.703118,-0.820225880627,0.76920630323,10.149431623,1.35801635101,1.06851128407,10.8853536583
4.704784,-0.820225880627,0.814587178465,10.149431623,1.35801635101,1.13922951755,10.8853536583
4.70645,-0.77408109096,0.814587178465,10.1948124982,1.46409370122,1.20994775102,10.9217595095
4.708116,-0.77408109096,0.859968053701,10.1948124982,1.39337546774,1.17458863428,10.8853536583
4.709782,-0.866370670294,0.723825427995,10.0586698725,1.35801635101,1.10387040081,10.8125419561
4.711448,-0.866370670294,0.723825427995,10.1040507478,1.35801635101,1.10387040081,10.8489478072
4.713114,-0.866370670294,0.76920630323,10.1040507478,1.39337546774,1.17458863428,10.8853536583
4.71478,-0.866370670294,0.76920630323,10.1040507478,1.32265723427,1.03315216734,10.8125419561
4.716446,-0.866370670294,0.76920630323,10.1040507478,1.35801635101,1.13922951755,10.8853536583
4.718112,-0.820225880627,0.723825427995,10.1040507478,1.35801635101,1.10387040081,10.8853536583
4.719778,-0.866370670294,0.723825427995,10.1040507478,1.46409370122,1.17458863428,10.8853536583
4.721444,-0.866370670294,0.723825427995,10.1040507478,1.39337546774,1.10387040081,10.8853536583
4.72311,-0.866370670294,0.76920630323,10.1040507478,1.35801635101,1.10387040081,10.8125419561
4.724776,-0.866370670294,0.723825427995,10.1040507478,1.35801635101,1.10387040081,10.8489478072
4.726442,-0.866370670294,0.723825427995,10.1040507478,1.39337546774,1.10387040081,10.8853536583
4.728108,-0.866370670294,0.723825427995,10.1040507478,1.39337546774,1.20994775102,10.9922958461
4.729774,-0.866370670294,0.723825427995,10.1040507478,1.35801635101,1.10387040081,10.8853536583
4.73144,-0.866370670294,0.723825427995,10.1040507478,1.35801635101,1.10387040081,10.8489478072
4.733106,-0.866370670294,0.76920630323,10.1040507478,1.35801635101,1.06851128407,10.8489478072
4.734772,-0.866370670294,0.723825427995,10.1040507478,1.39337546774,1.13922951755,10.8853536583
4.736438,-0.866370670294,0.76920630323,10.1040507478,1.32265723427,1.06851128407,10.7761361049
4.738104,-0.77408109096,0.859968053701,10.2401933735,1.35801635101,1.10387040081,10.8853536583
4.73977,-0.866370670294,0.723825427995,10.1040507478,1.39337546774,1.10387040081,10.8853536583
4.741436,-0.866370670294,0.723825427995,10.1040507478,1.46409370122,1.20994775102,10.9581653606
4.743102,-0.866370670294,0.723825427995,10.1040507478,1.39337546774,1.10387040081,10.8853536583
4.744768,-0.866370670294,0.723825427995,10.1040507478,1.35801635101,1.10387040081,10.8489478072
4.746434,-0.866370670294,0.723825427995,10.1040507478,1.35801635101,1.10387040081,10.8853536583
4.7481,-0.866370670294,0.723825427995,10.1040507478,1.39337546774,1.10387040081,10.8853536583
4.749766,-0.866370670294,0.723825427995,10.1040507478,1.32265723427,1.03315216734,10.7761361049
4.751432,-0.820225880627,0.76920630323,10.149431623,1.35801635101,1.10387040081,10.8853536583
4.753098,-0.866370670294,0.723825427995,10.1040507478,1.35801635101,1.10387040081,10.8853536583
4.754764,-0.820225880627,0.76920630323,10.1040507478,1.46409370122,1.20994775102,10.9922958461
4.75643,-0.866370670294,0.678444552759,10.1040507478,1.35801635101,1.10387040081,10.8853536583
4.758096,-0.866370670294,0.723825427995,10.1040507478,1.39337546774,1.10387040081,10.8489478072
4.759762,-0.820225880627,0.814587178465,10.149431623,1.35801635101,1.06851128407,10.8853536583
4.761428,-0.820225880627,0.814587178465,10.1040507478,1.39337546774,1.10387040081,10.8853536583
4.763094,-0.77408109096,0.814587178465,10.1948124982,1.35801635101,1.06851128407,10.8125419561
4.76476,-0.866370670294,0.723825427995,10.1040507478,1.35801635101,1.10387040081,10.8853536583
4.766426,-0.866370670294,0.76920630323,10.1040507478,1.39337546774,1.10387040081,10.8853536583
4.768092,-0.820225880627,0.76920630323,10.149431623,1.46409370122,1.24530686776,10.9922958461
4.769758,-0.866370670294,0.723825427995,10.1040507478,1.35801635101,1.13922951755,10.8853536583
4.771424,-0.820225880627,0.76920630323,10.1040507478,1.35801635101,1.10387040081,10.8853536583
4.77309,-0.727936301293,0.859968053701,10.1948124982,1.39337546774,1.10387040081,10.8489478072
4.774756,-0.866370670294,0.723825427995,10.1040507478,1.42873458448,1.10387040081,10.9217595095
4.776422,-0.866370670294,0.76920630323,10.1040507478,1.28729811753,1.06851128407,10.7761361049
4.778088,-0.820225880627,0.76920630323,10.1040507478,1.35801635101,1.10387040081,10.8853536583
4.779754,-0.866370670294,0.723825427995,10.1040507478,1.35801635101,1.13922951755,10.8853536583
4.78142,-0.866370670294,0.76920630323,10.1040507478,1.39337546774,1.13922951755,10.8489478072
4.783086,-0.866370670294,0.76920630323,10.149431623,1.39337546774,1.17458863428,10.9217595095
4.784752,-0.866370670294,0.723825427995,10.1040507478,1.32265723427,1.06851128407,10.8125419561
4.786418,-0.866370670294,0.723825427995,10.1040507478,1.35801635101,1.06851128407,10.8853536583
4.788084,-0.866370670294,0.723825427995,10.149431623,1.35801635101,1.10387040081,10.8853536583
4.78975,-0.866370670294,0.76920630323,10.1040507478,1.39337546774,1.20994775102,10.9581653606
4.791416,-0.866370670294,0.76920630323,10.1040507478,1.39337546774,1.10387040081,10.8853536583
4.793082,-0.866370670294,0.76920630323,10.1040507478,1.35801635101,1.10387040081,10.8489478072
4.794748,-0.866370670294,0.76920630323,10.1040507478,1.35801635101,1.10387040081,10.8125419561
4.796414,-0.820225880627,0.76920630323,10.1040507478,1.39337546774,1.13922951755,10.8853536583
4.79808,-0.866370670294,0.76920630323,10.1040507478,1.35801635101,1.06851128407,10.7761361049
4.799746,-0.820225880627,0.76920630323,10.1040507478,1.35801635101,1.13922951755,10.8853536583
4.801412,-0.820225880627,0.76920630323,10.149431623,1.39337546774,1.10387040081,10.8489478072
4.803078,-0.77408109096,0.814587178465,10.1948124982,1.42873458448,1.17458863428,10.8853536583
4.804744,-0.866370670294,0.76920630323,10.1040507478,1.35801635101,1.13922951755,10.9217595095
4.80641,-0.820225880627,0.76920630323,10.1040507478,1.35801635101,1.06851128407,10.8125419561
4.808076,-0.866370670294,0.723825427995,10.1040507478,1.35801635101,1.10387040081,10.8489478072
4.809742,-0.77408109096,0.814587178465,10.149431623,1.39337546774,1.10387040081,10.8489478072
4.811408,-0.866370670294,0.76920630323,10.1040507478,1.39337546774,1.10387040081,10.8125419561
4.813074,-0.866370670294,0.76920630323,10.149431623,1.39337546774,1.13922951755,10.8853536583
4.81474,-0.866370670294,0.76920630323,10.1040507478,1.35801635101,1.06851128407,10.7761361049
4.816406,-0.727936301293,0.859968053701,10.1948124982,1.35801635101,1.10387040081,10.8853536583
4.818072,-0.866370670294,0.76920630323,10.1040507478,1.39337546774,1.10387040081,10.8853536583
4.819738,-0.866370670294,0.76920630323,10.1040507478,1.46409370122,1.20994775102,10.8853536583
4.821404,-0.866370670294,0.723825427995,10.1040507478,1.39337546774,1.10387040081,10.8853536583
4.82307,-0.820225880627,0.723825427995,10.1040507478,1.35801635101,1.06851128407,10.8125419561
4.824736,-0.866370670294,0.723825427995,10.1040507478,1.35801635101,1.10387040081,10.8489478072
4.826402,-0.866370670294,0.723825427995,10.1040507478,1.39337546774,1.10387040081,10.8853536583
4.828068,-0.866370670294,0.723825427995,10.1040507478,1.28729811753,1.06851128407,10.9581653606
4.829734,-0.866370670294,0.723825427995,10.1040507478,1.39337546774,1.13922951755,10.8853536583
4.8314,-0.77408109096,0.859968053701,10.1948124982,1.35801635101,1.10387040081,10.8853536583
4.833066,-0.820225880627,0.76920630323,10.1040507478,1.42873458448,1.17458863428,10.8853536583
4.834732,-0.820225880627,0.76920630323,10.1040507478,1.39337546774,1.10387040081,10.8853536583
4.836398,-0.77408109096,0.859968053701,10.1948124982,1.35801635101,1.06851128407,10.8125419561
4.838064,-0.820225880627,0.723825427995,10.1040507478,1.35801635101,1.10387040081,10.8853536583
4.83973,-0.866370670294,0.723825427995,10.1040507478,1.39337546774,1.13922951755,10.8853536583
4.841396,-0.866370670294,0.76920630323,10.1040507478,1.42873458448,1.24530686776,10.9581653606
4.843062,-0.866370670294,0.723825427995,10.1040507478,1.39337546774,1.13922951755,10.8853536583
4.844728,-0.820225880627,0.76920630323,10.1040507478,1.35801635101,1.10387040081,10.8489478072
4.846394,-0.820225880627,0.76920630323,10.149431623,1.35801635101,1.10387040081,10.8853536583
4.84806,-0.866370670294,0.76920630323,10.1040507478,1.39337546774,1.13922951755,10.8853536583
4.849726,-0.866370670294,0.76920630323,10.1040507478,1.35801635101,1.20994775102,10.9922958461
4.851392,-0.866370670294,0.76920630323,10.1040507478,1.35801635101,1.17458863428,10.8853536583
4.853058,-0.820225880627,0.76920630323,10.1040507478,1.35801635101,1.10387040081,10.8489478072
4.854724,-0.77408109096,0.859968053701,10.1948124982,1.35801635101,1.10387040081,10.8489478072
4.85639,-0.866370670294,0.76920630323,10.1040507478,1.39337546774,1.13922951755,10.8853536583
4.858056,-0.866370670294,0.723825427995,10.1040507478,1.32265723427,1.06851128407,10.8489478072
4.859722,-0.820225880627,0.76920630323,10.149431623,1.35801635101,1.10387040081,10.8853536583
4.861388,-0.866370670294,0.723825427995,10.1040507478,1.35801635101,1.10387040081,10.8489478072
4.863054,-0.866370670294,0.76920630323,10.149431623,1.39337546774,1.13922951755,10.8853536583
4.86472,-0.820225880627,0.76920630323,10.1040507478,1.39337546774,1.13922951755,10.9217595095
4.866386,-0.820225880627,0.76920630323,10.149431623,1.35801635101,1.06851128407,10.8125419561
4.868052,-0.866370670294,0.76920630323,10.1040507478,1.35801635101,1.10387040081,10.8853536583
4.869718,-0.866370670294,0.723825427995,10.1040507478,1.39337546774,1.10387040081,10.8853536583
4.871384,-0.820225880627,0.723825427995,10.149431623,1.39337546774,1.20994775102,10.9922958461
4.87305,-0.727936301293,0.859968053701,10.1948124982,1.39337546774,1.17458863428,10.8853536583
4.874716,-0.866370670294,0.723825427995,10.1040507478,1.35801635101,1.10387040081,10.8489478072
4.876382,-0.866370670294,0.76920630323,10.1040507478,1.35801635101,1.10387040081,10.8853536583
4.878048,-0.866370670294,0.76920630323,10.1040507478,1.39337546774,1.17458863428,10.8853536583
4.879714,-0.866370670294,0.76920630323,10.1040507478,1.32265723427,1.06851128407,10.8125419561
4.88138,-0.866370670294,0.76920630323,10.1040507478,1.35801635101,1.10387040081,10.8853536583
4.883046,-0.77408109096,0.859968053701,10.149431623,1.35801635101,1.10387040081,10.8853536583
4.884712,-0.866370670294,0.76920630323,10.1040507478,1.35801635101,1.20994775102,10.9922958461
4.886378,-0.866370670294,0.723825427995,10.1040507478,1.39337546774,1.10387040081,10.8853536583
4.888044,-0.727936301293,0.859968053701,10.2401933735,1.35801635101,1.10387040081,10.8853536583
4.88971,-0.866370670294,0.723825427995,10.1040507478,1.35801635101,1.06851128407,10.8853536583
4.891376,-0.866370670294,0.723825427995,10.1040507478,1.35801635101,1.13922951755,10.8853536583
4.893042,-0.77408109096,0.859968053701,10.1948124982,1.32265723427,1.06851128407,10.8853536583
4.894708,-0.820225880627,0.76920630323,10.149431623,1.35801635101,1.10387040081,10.8853536583
4.896374,-0.77408109096,0.814587178465,10.1948124982,1.35801635101,1.13922951755,10.8853536583
4.89804,-0.866370670294,0.76920630323,10.1040507478,1.42873458448,1.17458863428,10.8853536583
4.899706,-0.866370670294,0.76920630323,10.1040507478,1.39337546774,1.13922951755,10.8853536583
4.901372,-0.866370670294,0.76920630323,10.1040507478,1.35801635101,1.06851128407,10.8489478072
4.903038,-0.866370670294,0.76920630323,10.1040507478,1.35801635101,1.10387040081,10.8853536583
4.904704,-0.866370670294,0.76920630323,10.1040507478,1.39337546774,1.10387040081,10.8489478072
4.90637,-0.820225880627,0.814587178465,10.149431623,1.39337546774,1.20994775102,10.9581653606
4.908036,-0.820225880627,0.76920630323,10.149431623,1.35801635101,1.13922951755,10.8853536583
4.909702,-0.866370670294,0.723825427995,10.1040507478,1.35801635101,1.06851128407,10.8489478072
4.911368,-0.866370670294,0.76920630323,10.1040507478,1.35801635101,1.13922951755,10.8853536583
4.913034,-0.866370670294,0.723825427995,10.1040507478,1.39337546774,1.13922951755,10.8853536583
4.9147,-0.866370670294,0.723825427995,10.1040507478,1.32265723427,1.06851128407,10.9217595095
4.916366,-0.866370670294,0.76920630323,10.1040507478,1.39337546774,1.10387040081,10.8853536583
4.918032,-0.866370670294,0.76920630323,10.1040507478,1.35801635101,1.10387040081,10.8853536583
4.919698,-0.866370670294,0.723825427995,10.1040507478,1.42873458448,1.13922951755,10.8853536583
4.921364,-0.866370670294,0.723825427995,10.1040507478,1.35801635101,1.13922951755,10.8853536583
4.92303,-0.866370670294,0.723825427995,10.1040507478,1.32265723427,1.06851128407,10.8125419561
4.924696,-0.820225880627,0.723825427995,10.1040507478,1.35801635101,1.13922951755,10.8853536583
4.926362,-0.866370670294,0.76920630323,10.1040507478,1.35801635101,1.13922951755,10.8853536583
4.928028,-0.866370670294,0.76920630323,10.1040507478,1.49945281795,1.20994775102,10.8853536583
4.929694,-0.820225880627,0.76920630323,10.1040507478,1.39337546774,1.10387040081,10.8853536583
4.93136,-0.866370670294,0.723825427995,10.1040507478,1.35801635101,1.06851128407,10.8489478072
4.933026,-0.866370670294,0.723825427995,10.1040507478,1.35801635101,1.10387040081,10.8853536583
4.934692,-0.77408109096,0.814587178465,10.1948124982,1.39337546774,1.10387040081,10.8853536583
4.936358,-0.866370670294,0.76920630323,10.1040507478,1.32265723427,1.06851128407,10.8125419561
4.938024,-0.866370670294,0.723825427995,10.1040507478,1.35801635101,1.10387040081,10.8489478072
4.93969,-0.820225880627,0.814587178465,10.149431623,1.35801635101,1.10387040081,10.8853536583
4.941356,-0.866370670294,0.76920630323,10.1040507478,1.42873458448,1.17458863428,10.8853536583
4.943022,-0.866370670294,0.723825427995,10.1040507478,1.42873458448,1.13922951755,10.9217595095
4.944688,-0.866370670294,0.723825427995,10.1040507478,1.32265723427,1.06851128407,10.8125419561
4.946354,-0.866370670294,0.76920630323,10.149431623,1.35801635101,1.10387040081,10.8489478072
4.94802,-0.866370670294,0.723825427995,10.1040507478,1.35801635101,1.17458863428,10.8853536583
4.949686,-0.866370670294,0.723825427995,10.1040507478,1.32265723427,1.13922951755,10.9922958461
4.951352,-0.866370670294,0.76920630323,10.1040507478,1.35801635101,1.17458863428,10.8489478072
4.953018,-0.866370670294,0.723825427995,10.1040507478,1.35801635101,1.10387040081,10.8853536583
4.954684,-0.866370670294,0.723825427995,10.0586698725,1.35801635101,1.06851128407,10.8125419561
4.95635,-0.866370670294,0.723825427995,10.1040507478,1.35801635101,1.10387040081,10.8853536583
4.958016,-0.77408109096,0.859968053701,10.1948124982,1.32265723427,1.06851128407,10.8125419561
4.959682,-0.866370670294,0.76920630323,10.1040507478,1.39337546774,1.13922951755,10.8489478072
4.961348,-0.866370670294,0.723825427995,10.0586698725,1.35801635101,1.10387040081,10.8489478072
4.963014,-0.77408109096,0.859968053701,10.1948124982,1.39337546774,1.13922951755,10.8853536583
4.96468,-0.77408109096,0.814587178465,10.149431623,1.35801635101,1.13922951755,10.8489478072
4.966346,-0.820225880627,0.814587178465,10.149431623,1.32265723427,1.06851128407,10.7761361049
4.968012,-0.820225880627,0.76920630323,10.149431623,1.35801635101,1.10387040081,10.8853536583
4.969678,-0.77408109096,0.814587178465,10.1948124982,1.39337546774,1.10387040081,10.8489478072
4.971344,-0.77408109096,0.814587178465,10.1948124982,1.46409370122,1.20994775102,10.8853536583
4.97301,-0.820225880627,0.814587178465,10.149431623,1.35801635101,1.13922951755,10.8853536583
4.974676,-0.912515459961,0.723825427995,10.0586698725,1.35801635101,1.06851128407,10.8125419561
4.976342,-0.866370670294,0.76920630323,10.1040507478,1.35801635101,1.10387040081,10.8853536583
4.978008,-0.866370670294,0.76920630323,10.1040507478,1.35801635101,1.10387040081,10.8853536583
4.979674,-0.820225880627,0.76920630323,10.1040507478,1.32265723427,1.06851128407,10.7761361049
4.98134,-0.866370670294,0.723825427995,10.1040507478,1.35801635101,1.10387040081,10.8853536583
4.983006,-0.866370670294,0.723825427995,10.1040507478,1.39337546774,1.10387040081,10.8853536583
4.984672,-0.866370670294,0.723825427995,10.1040507478,1.46409370122,1.13922951755,10.8853536583
4.986338,-0.820225880627,0.76920630323,10.1040507478,1.35801635101,1.13922951755,10.8853536583
4.988004,-0.866370670294,0.723825427995,10.1040507478,1.35801635101,1.06851128407,10.7761361049
4.98967,-0.866370670294,0.723825427995,10.1040507478,1.35801635101,1.13922951755,10.8853536583
4.991336,-0.866370670294,0.76920630323,10.1040507478,1.39337546774,1.10387040081,10.8853536583
4.993002,-0.866370670294,0.723825427995,10.1040507478,1.42873458448,1.13922951755,10.8489478072
4.994668,-0.866370670294,0.76920630323,10.1040507478,1.35801635101,1.13922951755,10.8853536583
4.996334,-0.866370670294,0.76920630323,10.1040507478,1.32265723427,1.06851128407,10.8489478072
4.998,-0.77408109096,0.859968053701,10.1948124982,1.35801635101,1.10387040081,10.8853536583
4.999666,-0.866370670294,0.723825427995,10.1040507478,1.35801635101,1.10387040081,10.8853536583
5.001332,-0.866370670294,0.723825427995,10.1040507478,1.46409370122,1.20994775102,10.9217595095
5.002998,-0.866370670294,0.723825427995,10.1040507478,1.39337546774,1.17458863428,10.8853536583
5.004664,-0.866370670294,0.76920630323,10.1040507478,1.35801635101,1.10387040081,10.8125419561
5.00633,-0.866370670294,0.76920630323,10.1040507478,1.35801635101,1.10387040081,10.8853536583
5.007996,-0.77408109096,0.814587178465,10.1948124982,1.39337546774,1.13922951755,10.8853536583
5.009662,-0.866370670294,0.76920630323,10.1040507478,1.28729811753,1.06851128407,10.8125419561
5.011328,-0.866370670294,0.76920630323,10.1040507478,1.35801635101,1.10387040081,10.8489478072
5.012994,-0.866370670294,0.76920630323,10.1040507478,1.35801635101,1.10387040081,10.8853536583
5.01466,-0.866370670294,0.76920630323,10.149431623,1.46409370122,1.20994775102,10.8853536583
5.016326,-0.820225880627,0.76920630323,10.149431623,1.35801635101,1.13922951755,10.8853536583
5.017992,-0.866370670294,0.723825427995,10.1040507478,1.32265723427,1.10387040081,10.8125419561
5.019658,-0.866370670294,0.723825427995,10.1040507478,1.35801635101,1.10387040081,10.8853536583
5.021324,-0.866370670294,0.723825427995,10.1040507478,1.35801635101,1.10387040081,10.8853536583
5.02299,-0.866370670294,0.76920630323,10.149431623,1.32265723427,1.20994775102,10.9922958461
5.024656,-0.866370670294,0.723825427995,10.1040507478,1.35801635101,1.13922951755,10.8853536583
5.026322,-0.866370670294,0.76920630323,10.149431623,1.35801635101,1.10387040081,10.8489478072
5.027988,-0.866370670294,0.723825427995,10.1040507478,1.35801635101,1.10387040081,10.8853536583
5.029654,-0.866370670294,0.723825427995,10.1040507478,1.35801635101,1.10387040081,10.8853536583
5.03132,-0.866370670294,0.76920630323,10.1040507478,1.35801635101,1.06851128407,10.8125419561
5.032986,-0.866370670294,0.723825427995,10.1040507478,1.35801635101,1.10387040081,10.8853536583
5.034652,-0.866370670294,0.723825427995,10.1040507478,1.39337546774,1.13922951755,10.8853536583
5.036318,-0.866370670294,0.723825427995,10.1040507478,1.46409370122,1.20994775102,10.9217595095
5.037984,-0.866370670294,0.723825427995,10.1040507478,1.35801635101,1.13922951755,10.8853536583
5.03965,-0.866370670294,0.76920630323,10.1040507478,1.32265723427,1.06851128407,10.8125419561
5.041316,-0.866370670294,0.723825427995,10.1040507478,1.35801635101,1.10387040081,10.8853536583
5.042982,-0.866370670294,0.76920630323,10.1040507478,1.35801635101,1.13922951755,10.8853536583
5.044648,-0.866370670294,0.723825427995,10.1040507478,1.32265723427,1.03315216734,10.9217595095
5.046314,-0.866370670294,0.723825427995,10.1040507478,1.35801635101,1.10387040081,10.8853536583
5.04798,-0.866370670294,0.723825427995,10.1040507478,1.35801635101,1.10387040081,10.8853536583
5.049646,-0.77408109096,0.814587178465,10.1948124982,1.46409370122,1.17458863428,10.8853536583
5.051312,-0.866370670294,0.723825427995,10.1040507478,1.35801635101,1.13922951755,10.8853536583
5.052978,-0.866370670294,0.723825427995,10.1040507478,1.32265723427,1.06851128407,10.8489478072
5.054644,-0.866370670294,0.76920630323,10.1040507478,1.35801635101,1.10387040081,10.8853536583
5.05631,-0.866370670294,0.76920630323,10.1040507478,1.39337546774,1.13922951755,10.8853536583
5.057976,-0.866370670294,0.723825427995,10.1040507478,1.46409370122,1.24530686776,10.9922958461
5.059642,-0.866370670294,0.723825427995,10.1040507478,1.35801635101,1.10387040081,10.8853536583
5.061308,-0.866370670294,0.723825427995,10.1040507478,1.35801635101,1.06851128407,10.8853536583
5.062974,-0.866370670294,0.723825427995,10.1040507478,1.35801635101,1.13922951755,10.8489478072
5.06464,-0.77408109096,0.814587178465,10.149431623,1.39337546774,1.17458863428,10.8853536583
5.066306,-0.866370670294,0.723825427995,10.149431623,1.28729811753,1.03315216734,10.8853536583
5.067972,-0.866370670294,0.723825427995,10.149431623,1.35801635101,1.13922951755,10.9217595095
5.069638,-0.866370670294,0.723825427995,10.1040507478,1.35801635101,1.10387040081,10.8853536583
5.071304,-0.866370670294,0.723825427995,10.1040507478,1.42873458448,1.13922951755,10.8853536583
5.07297,-0.866370670294,0.723825427995,10.1040507478,1.35801635101,1.13922951755,10.8853536583
5.074636,-0.866370670294,0.678444552759,10.1040507478,1.35801635101,1.06851128407,10.8489478072
5.076302,-0.866370670294,0.723825427995,10.1040507478,1.32265723427,1.10387040081,10.8489478072
5.077968,-0.912515459961,0.723825427995,10.1040507478,1.35801635101,1.10387040081,10.9217595095
5.079634,-0.77408109096,0.814587178465,10.1948124982,1.32265723427,1.03315216734,10.8125419561
5.0813,-0.866370670294,0.76920630323,10.1040507478,1.35801635101,1.10387040081,10.8489478072
5.082966,-0.866370670294,0.76920630323,10.1040507478,1.35801635101,1.13922951755,10.8853536583
5.084632,-0.77408109096,0.859968053701,10.2401933735,1.46409370122,1.17458863428,10.8853536583
5.086298,-0.866370670294,0.723825427995,10.1040507478,1.35801635101,1.13922951755,10.8853536583
5.087964,-0.866370670294,0.723825427995,10.1040507478,1.35801635101,1.10387040081,10.8853536583
5.08963,-0.866370670294,0.723825427995,10.1040507478,1.35801635101,1.10387040081,10.8489478072
5.091296,-0.866370670294,0.723825427995,10.1040507478,1.35801635101,1.10387040081,10.8853536583
5.092962,-0.866370670294,0.723825427995,10.1040507478,1.32265723427,1.17458863428,10.9922958461
5.094628,-0.866370670294,0.723825427995,10.1040507478,1.35801635101,1.13922951755,10.8853536583
5.096294,-0.866370670294,0.723825427995,10.1040507478,1.35801635101,1.06851128407,10.8489478072
5.09796,-0.866370670294,0.678444552759,10.1040507478,1.35801635101,1.10387040081,10.8489478072
5.099626,-0.866370670294,0.723825427995,10.149431623,1.35801635101,1.13922951755,10.8853536583
5.101292,-0.866370670294,0.76920630323,10.1040507478,1.32265723427,1.06851128407,10.8489478072
5.102958,-0.866370670294,0.723825427995,10.1040507478,1.35801635101,1.10387040081,10.8853536583
5.104624,-0.866370670294,0.723825427995,10.1040507478,1.35801635101,1.06851128407,10.8489478072
5.10629,-0.866370670294,0.76920630323,10.1040507478,1.42873458448,1.17458863428,10.8853536583
5.107956,-0.77408109096,0.859968053701,10.2401933735,1.35801635101,1.13922951755,10.9217595095
5.109622,-0.912515459961,0.723825427995,10.0586698725,1.32265723427,1.10387040081,10.8125419561
5.111288,-0.866370670294,0.76920630323,10.1040507478,1.35801635101,1.10387040081,10.8853536583
5.112954,-0.866370670294,0.76920630323,10.1040507478,1.35801635101,1.13922951755,10.8489478072
5.11462,-0.820225880627,0.814587178465,10.149431623,1.42873458448,1.17458863428,10.8853536583
5.116286,-0.866370670294,0.76920630323,10.1040507478,1.35801635101,1.13922951755,10.9217595095
5.117952,-0.866370670294,0.76920630323,10.1040507478,1.32265723427,1.06851128407,10.8125419561
5.119618,-0.820225880627,0.814587178465,10.149431623,1.35801635101,1.10387040081,10.8853536583
5.121284,-0.912515459961,0.723825427995,10.1040507478,1.39337546774,1.13922951755,10.8853536583
5.12295,-0.866370670294,0.723825427995,10.1040507478,1.32265723427,1.17458863428,10.9922958461
5.124616,-0.866370670294,0.723825427995,10.1040507478,1.35801635101,1.10387040081,10.8853536583
5.126282,-0.820225880627,0.76920630323,10.149431623,1.35801635101,1.10387040081,10.8489478072
5.127948,-0.820225880627,0.76920630323,10.149431623,1.35801635101,1.10387040081,10.8489478072
5.129614,-0.866370670294,0.76920630323,10.1040507478,1.35801635101,1.17458863428,10.8853536583
5.13128,-0.820225880627,0.814587178465,10.149431623,1.32265723427,1.06851128407,10.8125419561
5.132946,-0.77408109096,0.814587178465,10.1948124982,1.35801635101,1.10387040081,10.8853536583
5.134612,-0.77408109096,0.859968053701,10.2401933735,1.39337546774,1.13922951755,10.8853536583
5.136278,-0.820225880627,0.76920630323,10.149431623,1.35801635101,1.20994775102,10.9922958461
5.137944,-0.866370670294,0.723825427995,10.0586698725,1.35801635101,1.10387040081,10.8853536583
5.13961,-0.866370670294,0.723825427995,10.1040507478,1.35801635101,1.13922951755,10.8853536583
5.141276,-0.866370670294,0.723825427995,10.1040507478,1.35801635101,1.10387040081,10.8489478072
5.142942,-0.866370670294,0.723825427995,10.1040507478,1.39337546774,1.13922951755,10.8853536583
5.144608,-0.820225880627,0.76920630323,10.149431623,1.32265723427,1.06851128407,10.7761361049
5.146274,-0.866370670294,0.723825427995,10.1040507478,1.35801635101,1.10387040081,10.8853536583
5.14794,-0.866370670294,0.723825427995,10.1040507478,1.35801635101,1.10387040081,10.8489478072
5.149606,-0.820225880627,0.814587178465,10.149431623,1.35801635101,1.13922951755,10.8853536583
5.151272,-0.866370670294,0.76920630323,10.1040507478,1.35801635101,1.13922951755,10.8853536583
5.152938,-0.866370670294,0.723825427995,10.1040507478,1.32265723427,1.06851128407,10.8125419561
5.154604,-0.77408109096,0.814587178465,10.1948124982,1.35801635101,1.10387040081,10.8853536583
5.15627,-0.866370670294,0.723825427995,10.1040507478,1.35801635101,1.13922951755,10.8853536583
5.157936,-0.866370670294,0.76920630323,10.1040507478,1.49945281795,1.20994775102,10.9217595095
5.159602,-0.866370670294,0.76920630323,10.1040507478,1.35801635101,1.13922951755,10.8853536583
5.161268,-0.820225880627,0.76920630323,10.149431623,1.32265723427,1.06851128407,10.8125419561
5.162934,-0.820225880627,0.76920630323,10.149431623,1.32265723427,1.10387040081,10.8489478072
5.1646,-0.866370670294,0.723825427995,10.1040507478,1.35801635101,1.10387040081,10.8853536583
5.166266,-0.866370670294,0.76920630323,10.1040507478,1.46409370122,1.24530686776,10.9217595095
5.167932,-0.866370670294,0.76920630323,10.1040507478,1.35801635101,1.10387040081,10.8853536583
5.169598,-0.866370670294,0.76920630323,10.1040507478,1.35801635101,1.06851128407,10.8125419561
5.171264,-0.866370670294,0.76920630323,10.1040507478,1.35801635101,1.10387040081,10.8489478072
5.17293,-0.866370670294,0.723825427995,10.1040507478,1.35801635101,1.13922951755,10.8853536583
5.174596,-0.866370670294,0.76920630323,10.1040507478,1.39337546774,1.24530686776,10.9581653606
5.176262,-0.866370670294,0.723825427995,10.1040507478,1.39337546774,1.13922951755,10.8853536583
5.177928,-0.77408109096,0.814587178465,10.1948124982,1.35801635101,1.10387040081,10.8489478072
5.179594,-0.820225880627,0.76920630323,10.149431623,1.35801635101,1.10387040081,10.8125419561
5.18126,-0.866370670294,0.76920630323,10.1040507478,1.35801635101,1.13922951755,10.8853536583
5.182926,-0.866370670294,0.723825427995,10.1040507478,1.32265723427,1.20994775102,10.9581653606
5.184592,-0.820225880627,0.723825427995,10.1040507478,1.39337546774,1.10387040081,10.8853536583
5.186258,-0.866370670294,0.723825427995,10.1040507478,1.35801635101,1.10387040081,10.8125419561
5.187924,-0.820225880627,0.76920630323,10.1040507478,1.35801635101,1.10387040081,10.8489478072
5.18959,-0.866370670294,0.723825427995,10.1040507478,1.39337546774,1.17458863428,10.8853536583
5.191256,-0.866370670294,0.723825427995,10.1040507478,1.32265723427,1.06851128407,10.8125419561
5.192922,-0.866370670294,0.76920630323,10.1040507478,1.35801635101,1.10387040081,10.8489478072
5.194588,-0.866370670294,0.723825427995,10.1040507478,1.35801635101,1.10387040081,10.8489478072
5.196254,-0.866370670294,0.76920630323,10.1040507478,1.42873458448,1.17458863428,10.8489478072
5.19792,-0.866370670294,0.76920630323,10.1040507478,1.39337546774,1.13922951755,10.8853536583
5.199586,-0.866370670294,0.76920630323,10.1040507478,1.35801635101,1.10387040081,10.8125419561
5.201252,-0.866370670294,0.76920630323,10.1040507478,1.35801635101,1.06851128407,10.8853536583
5.202918,-0.820225880627,0.723825427995,10.1040507478,1.35801635101,1.13922951755,10.8853536583
5.204584,-0.820225880627,0.76920630323,10.1040507478,1.32265723427,1.10387040081,10.9581653606
5.20625,-0.866370670294,0.76920630323,10.1040507478,1.35801635101,1.17458863428,10.8853536583
5.207916,-0.77408109096,0.859968053701,10.1948124982,1.35801635101,1.06851128407,10.8853536583
5.209582,-0.77408109096,0.814587178465,10.149431623,1.39337546774,1.17458863428,10.8489478072
5.211248,-0.866370670294,0.76920630323,10.1040507478,1.39337546774,1.17458863428,10.8853536583
5.212914,-0.77408109096,0.814587178465,10.1948124982,1.35801635101,1.10387040081,10.8125419561
5.21458,-0.77408109096,0.814587178465,10.1948124982,1.35801635101,1.06851128407,10.8853536583
5.216246,-0.820225880627,0.76920630323,10.1948124982,1.35801635101,1.10387040081,10.8853536583
5.217912,-0.820225880627,0.76920630323,10.149431623,1.32265723427,1.03315216734,10.9217595095
5.219578,-0.866370670294,0.723825427995,10.1040507478,1.35801635101,1.10387040081,10.8853536583
5.221244,-0.866370670294,0.76920630323,10.1040507478,1.35801635101,1.10387040081,10.8489478072
5.22291,-0.77408109096,0.76920630323,10.1948124982,1.46409370122,1.13922951755,10.8853536583
5.224576,-0.77408109096,0.814587178465,10.1948124982,1.39337546774,1.13922951755,10.8853536583
5.226242,-0.77408109096,0.814587178465,10.1948124982,1.32265723427,1.06851128407,10.8125419561
5.227908,-0.727936301293,0.814587178465,10.1948124982,1.35801635101,1.06851128407,10.8853536583
5.229574,-0.77408109096,0.814587178465,10.1948124982,1.39337546774,1.10387040081,10.8853536583
5.23124,-0.77408109096,0.859968053701,10.1948124982,1.28729811753,1.17458863428,10.9922958461
5.232906,-0.77408109096,0.859968053701,10.1948124982,1.35801635101,1.17458863428,10.8853536583
5.234572,-0.820225880627,0.76920630323,10.149431623,1.35801635101,1.10387040081,10.8489478072
5.236238,-0.866370670294,0.76920630323,10.1040507478,1.39337546774,1.10387040081,10.8853536583
5.237904,-0.866370670294,0.723825427995,10.1040507478,1.39337546774,1.17458863428,10.8853536583
5.23957,-0.866370670294,0.76920630323,10.1040507478,1.32265723427,1.06851128407,10.7761361049
5.241236,-0.866370670294,0.723825427995,10.1040507478,1.35801635101,1.13922951755,10.8853536583
5.242902,-0.866370670294,0.723825427995,10.1040507478,1.35801635101,1.13922951755,10.8853536583
5.244568,-0.866370670294,0.723825427995,10.1040507478,1.46409370122,1.20994775102,10.8853536583
5.246234,-0.866370670294,0.723825427995,10.1040507478,1.35801635101,1.13922951755,10.8853536583
5.2479,-0.866370670294,0.723825427995,10.1040507478,1.35801635101,1.10387040081,10.8489478072
5.249566,-0.820225880627,0.76920630323,10.149431623,1.35801635101,1.10387040081,10.8489478072
5.251232,-0.866370670294,0.76920630323,10.1040507478,1.39337546774,1.13922951755,10.8853536583
5.252898,-0.866370670294,0.723825427995,10.1040507478,1.28729811753,1.13922951755,10.9922958461
5.254564,-0.866370670294,0.723825427995,10.1040507478,1.35801635101,1.10387040081,10.8853536583
5.25623,-0.866370670294,0.76920630323,10.1040507478,1.35801635101,1.13922951755,10.8489478072
5.257896,-0.866370670294,0.723825427995,10.1040507478,1.35801635101,1.10387040081,10.8489478072
5.259562,-0.77408109096,0.814587178465,10.1948124982,1.39337546774,1.13922951755,10.8853536583
5.261228,-0.820225880627,0.723825427995,10.1040507478,1.32265723427,1.06851128407,10.7761361049
5.262894,-0.866370670294,0.723825427995,10.1040507478,1.35801635101,1.13922951755,10.8489478072
5.26456,-0.866370670294,0.723825427995,10.0586698725,1.35801635101,1.10387040081,10.8853536583
5.266226,-0.866370670294,0.723825427995,10.1040507478,1.42873458448,1.13922951755,10.8489478072
5.267892,-0.820225880627,0.76920630323,10.1040507478,1.39337546774,1.10387040081,10.8853536583
5.269558,-0.866370670294,0.76920630323,10.1040507478,1.32265723427,1.10387040081,10.7761361049
5.271224,-0.866370670294,0.76920630323,10.1040507478,1.35801635101,1.10387040081,10.8489478072
5.27289,-0.866370670294,0.76920630323,10.1040507478,1.35801635101,1.13922951755,10.8853536583
5.274556,-0.866370670294,0.723825427995,10.1040507478,1.32265723427,1.20994775102,11.0287016972
5.276222,-0.866370670294,0.723825427995,10.1040507478,1.35801635101,1.17458863428,10.8853536583
5.277888,-0.866370670294,0.723825427995,10.1040507478,1.35801635101,1.10387040081,10.8853536583
5.279554,-0.866370670294,0.723825427995,10.1040507478,1.39337546774,1.10387040081,10.8489478072
5.28122,-0.866370670294,0.723825427995,10.1040507478,1.39337546774,1.10387040081,10.8853536583
5.282886,-0.866370670294,0.723825427995,10.1040507478,1.35801635101,1.06851128407,10.7761361049
5.284552,-0.866370670294,0.723825427995,10.1040507478,1.35801635101,1.06851128407,10.8853536583
5.286218,-0.866370670294,0.723825427995,10.1040507478,1.39337546774,1.13922951755,10.8489478072
5.287884,-0.820225880627,0.76920630323,10.1040507478,1.42873458448,1.20994775102,10.9581653606
5.28955,-0.77408109096,0.814587178465,10.1948124982,1.35801635101,1.13922951755,10.9217595095
5.291216,-0.866370670294,0.723825427995,10.1040507478,1.35801635101,1.06851128407,10.8489478072
5.292882,-0.866370670294,0.678444552759,10.1040507478,1.35801635101,1.10387040081,10.8489478072
5.294548,-0.77408109096,0.76920630323,10.1948124982,1.39337546774,1.13922951755,10.8853536583
5.296214,-0.77408109096,0.814587178465,10.1948124982,1.32265723427,1.06851128407,10.7761361049
5.29788,-0.727936301293,0.814587178465,10.1948124982,1.35801635101,1.10387040081,10.8853536583
5.299546,-0.866370670294,0.678444552759,10.1040507478,1.35801635101,1.10387040081,10.8489478072
5.301212,-0.820225880627,0.723825427995,10.1040507478,1.46409370122,1.10387040081,10.8489478072
5.302878,-0.866370670294,0.723825427995,10.1040507478,1.35801635101,1.10387040081,10.8853536583
5.304544,-0.866370670294,0.723825427995,10.1040507478,1.32265723427,1.03315216734,10.8125419561
5.30621,-0.77408109096,0.814587178465,10.1948124982,1.35801635101,1.06851128407,10.8489478072
5.307876,-0.866370670294,0.723825427995,10.1040507478,1.35801635101,1.10387040081,10.8489478072
5.309542,-0.866370670294,0.723825427995,10.1040507478,1.49945281795,1.20994775102,10.9217595095
5.311208,-0.866370670294,0.723825427995,10.1040507478,1.39337546774,1.06851128407,10.8853536583
5.312874,-0.866370670294,0.678444552759,10.1040507478,1.35801635101,1.06851128407,10.8489478072
5.31454,-0.866370670294,0.723825427995,10.1040507478,1.35801635101,1.10387040081,10.8853536583
5.316206,-0.866370670294,0.723825427995,10.1040507478,1.35801635101,1.13922951755,10.8853536583
5.317872,-0.820225880627,0.723825427995,10.1040507478,1.32265723427,1.13922951755,10.9922958461
5.319538,-0.727936301293,0.814587178465,10.1948124982,1.35801635101,1.10387040081,10.8489478072
5.321204,-0.866370670294,0.723825427995,10.1040507478,1.39337546774,1.10387040081,10.8489478072
5.32287,-0.820225880627,0.76920630323,10.149431623,1.46409370122,1.20994775102,10.8853536583
5.324536,-0.77408109096,0.814587178465,10.1948124982,1.35801635101,1.10387040081,10.8853536583
5.326202,-0.866370670294,0.723825427995,10.1040507478,1.35801635101,1.06851128407,10.8125419561
5.327868,-0.866370670294,0.723825427995,10.1040507478,1.35801635101,1.10387040081,10.8489478072
5.329534,-0.866370670294,0.723825427995,10.1040507478,1.39337546774,1.10387040081,10.8853536583
5.3312,-0.866370670294,0.723825427995,10.1040507478,1.49945281795,1.20994775102,10.9581653606
5.332866,-0.866370670294,0.723825427995,10.1040507478,1.39337546774,1.10387040081,10.8853536583
5.334532,-0.866370670294,0.723825427995,10.1040507478,1.35801635101,1.06851128407,10.8489478072
5.336198,-0.820225880627,0.723825427995,10.1040507478,1.35801635101,1.06851128407,10.8489478072
5.337864,-0.820225880627,0.76920630323,10.1040507478,1.39337546774,1.10387040081,10.8853536583
5.33953,-0.866370670294,0.723825427995,10.1040507478,1.49945281795,1.20994775102,10.9217595095
5.341196,-0.866370670294,0.723825427995,10.1040507478,1.35801635101,1.10387040081,10.8853536583
5.342862,-0.820225880627,0.723825427995,10.1040507478,1.35801635101,1.06851128407,10.8125419561
5.344528,-0.820225880627,0.723825427995,10.1040507478,1.35801635101,1.10387040081,10.8489478072
5.346194,-0.866370670294,0.723825427995,10.1040507478,1.39337546774,1.10387040081,10.8853536583
5.34786,-0.820225880627,0.723825427995,10.1040507478,1.32265723427,1.03315216734,10.8489478072
5.349526,-0.866370670294,0.678444552759,10.1040507478,1.39337546774,1.10387040081,10.8853536583
5.351192,-0.866370670294,0.723825427995,10.1040507478,1.39337546774,1.06851128407,10.8853536583
5.352858,-0.820225880627,0.723825427995,10.1040507478,1.42873458448,1.10387040081,10.8489478072
5.354524,-0.820225880627,0.723825427995,10.1040507478,1.39337546774,1.10387040081,10.8853536583
5.35619,-0.866370670294,0.678444552759,10.1040507478,1.32265723427,1.06851128407,10.8125419561
5.357856,-0.866370670294,0.723825427995,10.1040507478,1.35801635101,1.10387040081,10.8489478072
5.359522,-0.820225880627,0.723825427995,10.1040507478,1.39337546774,1.10387040081,10.8853536583
5.361188,-0.866370670294,0.678444552759,10.1040507478,1.32265723427,1.17458863428,11.0287016972
5.362854,-0.820225880627,0.723825427995,10.1040507478,1.39337546774,1.10387040081,10.8853536583
5.36452,-0.866370670294,0.678444552759,10.1040507478,1.35801635101,1.06851128407,10.8489478072
5.366186,-0.77408109096,0.814587178465,10.1948124982,1.35801635101,1.10387040081,10.8489478072
5.367852,-0.820225880627,0.76920630323,10.1040507478,1.39337546774,1.10387040081,10.8853536583
5.369518,-0.820225880627,0.76920630323,10.149431623,1.32265723427,1.03315216734,10.7761361049
5.371184,-0.77408109096,0.76920630323,10.149431623,1.35801635101,1.10387040081,10.8853536583
5.37285,-0.77408109096,0.814587178465,10.1948124982,1.39337546774,1.10387040081,10.8853536583
5.374516,-0.77408109096,0.814587178465,10.1948124982,1.42873458448,1.13922951755,10.8853536583
5.376182,-0.866370670294,0.723825427995,10.1040507478,1.39337546774,1.10387040081,10.8853536583
5.377848,-0.820225880627,0.723825427995,10.1040507478,1.35801635101,1.06851128407,10.8125419561
5.379514,-0.866370670294,0.723825427995,10.1040507478,1.35801635101,1.06851128407,10.8853536583
5.38118,-0.866370670294,0.723825427995,10.0586698725,1.35801635101,1.13922951755,10.8853536583
5.382846,-0.866370670294,0.723825427995,10.1040507478,1.42873458448,1.20994775102,10.9217595095
5.384512,-0.820225880627,0.723825427995,10.1040507478,1.35801635101,1.10387040081,10.8853536583
5.386178,-0.866370670294,0.678444552759,10.1040507478,1.35801635101,1.10387040081,10.8125419561
5.387844,-0.727936301293,0.814587178465,10.1948124982,1.35801635101,1.10387040081,10.8489478072
5.38951,-0.820225880627,0.723825427995,10.1040507478,1.35801635101,1.10387040081,10.8853536583
5.391176,-0.820225880627,0.723825427995,10.1040507478,1.32265723427,1.06851128407,10.9217595095
5.392842,-0.820225880627,0.723825427995,10.1040507478,1.39337546774,1.10387040081,10.9217595095
5.394508,-0.866370670294,0.723825427995,10.1040507478,1.35801635101,1.10387040081,10.8489478072
5.396174,-0.866370670294,0.723825427995,10.1040507478,1.35801635101,1.10387040081,10.8489478072
5.39784,-0.77408109096,0.814587178465,10.1948124982,1.39337546774,1.10387040081,10.8853536583
5.399506,-0.820225880627,0.723825427995,10.1040507478,1.32265723427,1.06851128407,10.7761361049
5.401172,-0.820225880627,0.76920630323,10.149431623,1.39337546774,1.13922951755,10.8853536583
5.402838,-0.820225880627,0.76920630323,10.1040507478,1.35801635101,1.10387040081,10.8489478072
5.404504,-0.820225880627,0.76920630323,10.1040507478,1.39337546774,1.06851128407,10.8489478072
5.40617,-0.820225880627,0.76920630323,10.1040507478,1.42873458448,1.13922951755,10.8853536583
5.407836,-0.820225880627,0.76920630323,10.1040507478,1.35801635101,1.06851128407,10.8125419561
5.409502,-0.820225880627,0.723825427995,10.1040507478,1.35801635101,1.10387040081,10.8853536583
5.411168,-0.820225880627,0.723825427995,10.1040507478,1.39337546774,1.10387040081,10.8853536583
5.412834,-0.866370670294,0.723825427995,10.1040507478,1.49945281795,1.17458863428,10.8853536583
5.4145,-0.820225880627,0.723825427995,10.1040507478,1.39337546774,1.13922951755,10.8853536583
5.416166,-0.866370670294,0.723825427995,10.1040507478,1.32265723427,1.10387040081,10.8125419561
5.417832,-0.820225880627,0.723825427995,10.149431623,1.35801635101,1.06851128407,10.8125419561
5.419498,-0.820225880627,0.723825427995,10.1040507478,1.39337546774,1.10387040081,10.8853536583
5.421164,-0.866370670294,0.723825427995,10.1040507478,1.32265723427,1.03315216734,10.7761361049
5.42283,-0.866370670294,0.723825427995,10.1040507478,1.35801635101,1.10387040081,10.8853536583
5.424496,-0.820225880627,0.723825427995,10.1040507478,1.35801635101,1.10387040081,10.8853536583
5.426162,-0.866370670294,0.76920630323,10.1040507478,1.49945281795,1.17458863428,10.8853536583
5.427828,-0.866370670294,0.723825427995,10.1040507478,1.35801635101,1.13922951755,10.8853536583
5.429494,-0.820225880627,0.723825427995,10.1040507478,1.39337546774,1.06851128407,10.8125419561
5.43116,-0.820225880627,0.723825427995,10.1040507478,1.35801635101,1.10387040081,10.8125419561
5.432826,-0.820225880627,0.723825427995,10.1040507478,1.39337546774,1.10387040081,10.8853536583
5.434492,-0.866370670294,0.723825427995,10.1040507478,1.32265723427,1.06851128407,10.7761361049
5.436158,-0.866370670294,0.723825427995,10.1040507478,1.35801635101,1.10387040081,10.8853536583
5.437824,-0.820225880627,0.723825427995,10.1040507478,1.35801635101,1.10387040081,10.8489478072
5.43949,-0.866370670294,0.723825427995,10.1040507478,1.46409370122,1.17458863428,10.8853536583
5.441156,-0.866370670294,0.723825427995,10.1040507478,1.35801635101,1.10387040081,10.8853536583
5.442822,-0.820225880627,0.814587178465,10.149431623,1.35801635101,1.06851128407,10.8125419561
5.444488,-0.866370670294,0.723825427995,10.1040507478,1.35801635101,1.10387040081,10.8853536583
5.446154,-0.866370670294,0.723825427995,10.1040507478,1.35801635101,1.13922951755,10.8853536583
5.44782,-0.866370670294,0.723825427995,10.1040507478,1.46409370122,1.24530686776,10.9581653606
5.449486,-0.866370670294,0.723825427995,10.0586698725,1.39337546774,1.10387040081,10.8853536583
5.451152,-0.820225880627,0.723825427995,10.1040507478,1.35801635101,1.10387040081,10.8489478072
5.452818,-0.820225880627,0.723825427995,10.1040507478,1.35801635101,1.10387040081,10.8489478072
5.454484,-0.866370670294,0.678444552759,10.1040507478,1.35801635101,1.13922951755,10.8853536583
5.45615,-0.866370670294,0.723825427995,10.1040507478,1.32265723427,1.06851128407,10.7761361049
5.457816,-0.866370670294,0.76920630323,10.1040507478,1.35801635101,1.10387040081,10.8853536583
5.459482,-0.820225880627,0.723825427995,10.1040507478,1.35801635101,1.10387040081,10.8489478072
5.461148,-0.866370670294,0.678444552759,10.0586698725,1.46409370122,1.13922951755,10.8853536583
5.462814,-0.866370670294,0.723825427995,10.1040507478,1.39337546774,1.10387040081,10.8853536583
5.46448,-0.866370670294,0.678444552759,10.0586698725,1.35801635101,1.06851128407,10.8489478072
5.466146,-0.866370670294,0.723825427995,10.1040507478,1.35801635101,1.06851128407,10.8125419561
5.467812,-0.820225880627,0.76920630323,10.149431623,1.35801635101,1.10387040081,10.8853536583
5.469478,-0.866370670294,0.723825427995,10.0586698725,1.28729811753,1.06851128407,10.9217595095
5.471144,-0.820225880627,0.723825427995,10.1040507478,1.35801635101,1.13922951755,10.8853536583
5.47281,-0.866370670294,0.723825427995,10.1040507478,1.35801635101,1.10387040081,10.8125419561
5.474476,-0.866370670294,0.723825427995,10.1040507478,1.35801635101,1.10387040081,10.8853536583
5.476142,-0.866370670294,0.723825427995,10.1040507478,1.39337546774,1.10387040081,10.8853536583
5.477808,-0.820225880627,0.723825427995,10.1040507478,1.32265723427,1.06851128407,10.8125419561
5.479474,-0.866370670294,0.678444552759,10.1040507478,1.35801635101,1.10387040081,10.8125419561
5.48114,-0.866370670294,0.723825427995,10.1040507478,1.35801635101,1.13922951755,10.8853536583
5.482806,-0.866370670294,0.76920630323,10.149431623,1.42873458448,1.24530686776,10.9217595095
5.484472,-0.77408109096,0.814587178465,10.149431623,1.39337546774,1.13922951755,10.8853536583
5.486138,-0.866370670294,0.76920630323,10.1040507478,1.35801635101,1.10387040081,10.8489478072
5.487804,-0.866370670294,0.76920630323,10.1040507478,1.39337546774,1.13922951755,10.8125419561
5.48947,-0.866370670294,0.723825427995,10.1040507478,1.39337546774,1.13922951755,10.8853536583
5.491136,-0.866370670294,0.723825427995,10.1040507478,1.32265723427,1.06851128407,10.7761361049
5.492802,-0.820225880627,0.76920630323,10.149431623,1.35801635101,1.10387040081,10.8853536583
5.494468,-0.820225880627,0.76920630323,10.1040507478,1.35801635101,1.10387040081,10.8489478072
5.496134,-0.866370670294,0.723825427995,10.0586698725,1.46409370122,1.20994775102,10.9217595095
5.4978,-0.866370670294,0.723825427995,10.149431623,1.39337546774,1.10387040081,10.8853536583
5.499466,-0.77408109096,0.859968053701,10.1948124982,1.35801635101,1.10387040081,10.8489478072
5.501132,-0.820225880627,0.814587178465,10.149431623,1.35801635101,1.10387040081,10.8853536583
5.502798,-0.866370670294,0.723825427995,10.1040507478,1.35801635101,1.10387040081,10.8853536583
5.504464,-0.866370670294,0.723825427995,10.0586698725,1.32265723427,1.06851128407,10.8125419561
5.50613,-0.866370670294,0.723825427995,10.1040507478,1.35801635101,1.10387040081,10.8853536583
5.507796,-0.866370670294,0.723825427995,10.1040507478,1.35801635101,1.10387040081,10.8489478072
5.509462,-0.820225880627,0.76920630323,10.1040507478,1.46409370122,1.17458863428,10.8853536583
5.511128,-0.866370670294,0.76920630323,10.1040507478,1.35801635101,1.17458863428,10.8853536583
5.512794,-0.820225880627,0.76920630323,10.149431623,1.32265723427,1.10387040081,10.8125419561
5.51446,-0.866370670294,0.76920630323,10.1040507478,1.35801635101,1.10387040081,10.8489478072
5.516126,-0.866370670294,0.76920630323,10.1040507478,1.39337546774,1.10387040081,10.8853536583
5.517792,-0.866370670294,0.76920630323,10.1040507478,1.35801635101,1.20994775102,10.9922958461
5.519458,-0.866370670294,0.723825427995,10.0586698725,1.39337546774,1.13922951755,10.8853536583
5.521124,-0.866370670294,0.723825427995,10.1040507478,1.35801635101,1.10387040081,10.8853536583
5.52279,-0.866370670294,0.723825427995,10.1040507478,1.39337546774,1.10387040081,10.8489478072
5.524456,-0.77408109096,0.859968053701,10.1948124982,1.35801635101,1.13922951755,10.8853536583
5.526122,-0.866370670294,0.76920630323,10.1040507478,1.32265723427,1.06851128407,10.8125419561
5.527788,-0.866370670294,0.723825427995,10.1040507478,1.35801635101,1.10387040081,10.8853536583
5.529454,-0.866370670294,0.723825427995,10.1040507478,1.35801635101,1.10387040081,10.8853536583
5.53112,-0.820225880627,0.76920630323,10.1040507478,1.46409370122,1.17458863428,10.8853536583
5.532786,-0.866370670294,0.723825427995,10.1040507478,1.35801635101,1.13922951755,10.8853536583
5.534452,-0.866370670294,0.723825427995,10.1040507478,1.32265723427,1.06851128407,10.8125419561
5.536118,-0.866370670294,0.76920630323,10.1040507478,1.35801635101,1.06851128407,10.8489478072
5.537784,-0.77408109096,0.814587178465,10.1948124982,1.39337546774,1.17458863428,10.8489478072
5.53945,-0.866370670294,0.723825427995,10.1040507478,1.32265723427,1.17458863428,10.9922958461
5.541116,-0.866370670294,0.723825427995,10.1040507478,1.35801635101,1.10387040081,10.8853536583
5.542782,-0.77408109096,0.814587178465,10.1948124982,1.35801635101,1.06851128407,10.8489478072
5.544448,-0.866370670294,0.723825427995,10.0586698725,1.35801635101,1.10387040081,10.8125419561
5.546114,-0.866370670294,0.723825427995,10.1040507478,1.35801635101,1.10387040081,10.8853536583
5.54778,-0.866370670294,0.723825427995,10.1040507478,1.32265723427,1.06851128407,10.7761361049
5.549446,-0.77408109096,0.814587178465,10.149431623,1.35801635101,1.06851128407,10.8853536583
5.551112,-0.866370670294,0.76920630323,10.1040507478,1.35801635101,1.10387040081,10.8853536583
5.552778,-0.866370670294,0.723825427995,10.1040507478,1.46409370122,1.17458863428,10.8853536583
5.554444,-0.866370670294,0.723825427995,10.1040507478,1.35801635101,1.13922951755,10.8853536583
5.55611,-0.820225880627,0.76920630323,10.1948124982,1.35801635101,1.06851128407,10.8489478072
5.557776,-0.866370670294,0.723825427995,10.0586698725,1.35801635101,1.10387040081,10.8489478072
5.559442,-0.866370670294,0.76920630323,10.1040507478,1.39337546774,1.10387040081,10.8853536583
5.561108,-0.866370670294,0.76920630323,10.1040507478,1.32265723427,1.20994775102,10.9922958461
5.562774,-0.866370670294,0.76920630323,10.1040507478,1.35801635101,1.13922951755,10.8853536583
5.56444,-0.866370670294,0.76920630323,10.1040507478,1.35801635101,1.06851128407,10.8125419561
5.566106,-0.866370670294,0.723825427995,10.1040507478,1.35801635101,1.10387040081,10.8489478072
5.567772,-0.866370670294,0.76920630323,10.1040507478,1.35801635101,1.13922951755,10.8853536583
5.569438,-0.866370670294,0.723825427995,10.1040507478,1.28729811753,1.03315216734,10.8853536583
5.571104,-0.866370670294,0.723825427995,10.1040507478,1.35801635101,1.13922951755,10.8853536583
5.57277,-0.866370670294,0.723825427995,10.1040507478,1.39337546774,1.10387040081,10.8489478072
5.574436,-0.866370670294,0.723825427995,10.1040507478,1.35801635101,1.10387040081,10.8489478072
5.576102,-0.727936301293,0.905348928936,10.1948124982,1.35801635101,1.13922951755,10.9217595095
5.577768,-0.77408109096,0.814587178465,10.1948124982,1.32265723427,1.06851128407,10.8125419561
5.579434,-0.77408109096,0.814587178465,10.1948124982,1.35801635101,1.06851128407,10.8853536583
5.5811,-0.866370670294,0.723825427995,10.1040507478,1.35801635101,1.10387040081,10.8853536583
5.582766,-0.866370670294,0.76920630323,10.1040507478,1.46409370122,1.20994775102,10.9217595095
5.584432,-0.866370670294,0.76920630323,10.1040507478,1.35801635101,1.10387040081,10.9217595095
5.586098,-0.866370670294,0.723825427995,10.1040507478,1.35801635101,1.06851128407,10.8125419561
5.587764,-0.820225880627,0.76920630323,10.1040507478,1.35801635101,1.06851128407,10.8853536583
5.58943,-0.820225880627,0.723825427995,10.1040507478,1.39337546774,1.13922951755,10.8853536583
5.591096,-0.866370670294,0.723825427995,10.1040507478,1.32265723427,1.03315216734,10.8125419561
5.592762,-0.866370670294,0.76920630323,10.1040507478,1.35801635101,1.13922951755,10.8853536583
5.594428,-0.820225880627,0.76920630323,10.149431623,1.35801635101,1.10387040081,10.8489478072
5.596094,-0.866370670294,0.723825427995,10.1040507478,1.46409370122,1.20994775102,10.8853536583
5.59776,-0.866370670294,0.76920630323,10.1040507478,1.39337546774,1.13922951755,10.8853536583
5.599426,-0.866370670294,0.76920630323,10.1040507478,1.35801635101,1.06851128407,10.8125419561
5.601092,-0.866370670294,0.723825427995,10.1040507478,1.35801635101,1.10387040081,10.8489478072
5.602758,-0.866370670294,0.723825427995,10.0586698725,1.35801635101,1.13922951755,10.8853536583
5.604424,-0.866370670294,0.76920630323,10.1040507478,1.32265723427,1.17458863428,10.9922958461
5.60609,-0.77408109096,0.859968053701,10.149431623,1.35801635101,1.13922951755,10.8853536583
5.607756,-0.866370670294,0.723825427995,10.1040507478,1.39337546774,1.06851128407,10.8489478072
5.609422,-0.866370670294,0.723825427995,10.1040507478,1.32265723427,1.10387040081,10.8125419561
5.611088,-0.866370670294,0.723825427995,10.1040507478,1.35801635101,1.13922951755,10.8853536583
5.612754,-0.866370670294,0.76920630323,10.1040507478,1.32265723427,1.06851128407,10.8125419561
5.61442,-0.866370670294,0.723825427995,10.1040507478,1.35801635101,1.10387040081,10.8853536583
5.616086,-0.820225880627,0.76920630323,10.1040507478,1.35801635101,1.10387040081,10.8489478072
5.617752,-0.820225880627,0.76920630323,10.1040507478,1.35801635101,1.10387040081,10.8853536583
5.619418,-0.866370670294,0.76920630323,10.1040507478,1.35801635101,1.13922951755,10.8853536583
5.621084,-0.866370670294,0.723825427995,10.1040507478,1.28729811753,1.06851128407,10.8125419561
5.62275,-0.866370670294,0.76920630323,10.1040507478,1.35801635101,1.13922951755,10.8853536583
5.624416,-0.727936301293,0.859968053701,10.1948124982,1.35801635101,1.10387040081,10.8853536583
5.626082,-0.866370670294,0.723825427995,10.0586698725,1.46409370122,1.20994775102,10.8853536583
5.627748,-0.866370670294,0.76920630323,10.1040507478,1.35801635101,1.13922951755,10.8853536583
5.629414,-0.866370670294,0.76920630323,10.149431623,1.35801635101,1.06851128407,10.8125419561
5.63108,-0.820225880627,0.76920630323,10.1040507478,1.35801635101,1.10387040081,10.8489478072
5.632746,-0.866370670294,0.76920630323,10.0586698725,1.39337546774,1.13922951755,10.8853536583
5.634412,-0.820225880627,0.76920630323,10.1040507478,1.32265723427,1.06851128407,10.7761361049
5.636078,-0.866370670294,0.723825427995,10.1040507478,1.35801635101,1.10387040081,10.8853536583
5.637744,-0.77408109096,0.859968053701,10.1948124982,1.35801635101,1.10387040081,10.8853536583
5.63941,-0.866370670294,0.678444552759,10.1040507478,1.46409370122,1.17458863428,10.8853536583
5.641076,-0.866370670294,0.76920630323,10.1040507478,1.35801635101,1.17458863428,10.8853536583
5.642742,-0.866370670294,0.76920630323,10.149431623,1.35801635101,1.06851128407,10.8489478072
5.644408,-0.866370670294,0.76920630323,10.1040507478,1.35801635101,1.10387040081,10.8489478072
5.646074,-0.77408109096,0.859968053701,10.1948124982,1.35801635101,1.10387040081,10.8853536583
5.64774,-0.77408109096,0.859968053701,10.1948124982,1.32265723427,1.20994775102,10.9922958461
5.649406,-0.820225880627,0.723825427995,10.1040507478,1.35801635101,1.10387040081,10.8853536583
5.651072,-0.866370670294,0.723825427995,10.1040507478,1.32265723427,1.10387040081,10.8125419561
5.652738,-0.820225880627,0.723825427995,10.1040507478,1.35801635101,1.06851128407,10.8489478072
5.654404,-0.820225880627,0.76920630323,10.149431623,1.35801635101,1.13922951755,10.8489478072
5.65607,-0.866370670294,0.723825427995,10.1040507478,1.28729811753,1.06851128407,10.8125419561
5.657736,-0.866370670294,0.723825427995,10.1040507478,1.35801635101,1.10387040081,10.8853536583
5.659402,-0.866370670294,0.723825427995,10.1040507478,1.35801635101,1.13922951755,10.8489478072
5.661068,-0.866370670294,0.678444552759,10.1040507478,1.35801635101,1.10387040081,10.8489478072
5.662734,-0.866370670294,0.723825427995,10.0586698725,1.35801635101,1.10387040081,10.9217595095
5.6644,-0.912515459961,0.723825427995,10.1040507478,1.32265723427,1.06851128407,10.7761361049
5.666066,-0.912515459961,0.723825427995,10.0586698725,1.35801635101,1.06851128407,10.8853536583
5.667732,-0.866370670294,0.723825427995,10.1040507478,1.35801635101,1.13922951755,10.8489478072
5.669398,-0.866370670294,0.76920630323,10.1040507478,1.49945281795,1.20994775102,10.8853536583
5.671064,-0.866370670294,0.76920630323,10.1040507478,1.35801635101,1.10387040081,10.8853536583
5.67273,-0.866370670294,0.76920630323,10.1040507478,1.35801635101,1.06851128407,10.8853536583
5.674396,-0.866370670294,0.723825427995,10.1040507478,1.35801635101,1.10387040081,10.8853536583
5.676062,-0.77408109096,0.859968053701,10.1948124982,1.39337546774,1.13922951755,10.8853536583
5.677728,-0.866370670294,0.723825427995,10.1040507478,1.32265723427,1.06851128407,10.8853536583
5.679394,-0.866370670294,0.723825427995,10.1040507478,1.35801635101,1.10387040081,10.8853536583
5.68106,-0.866370670294,0.76920630323,10.1040507478,1.35801635101,1.10387040081,10.8853536583
5.682726,-0.820225880627,0.814587178465,10.149431623,1.42873458448,1.13922951755,10.8853536583
5.684392,-0.77408109096,0.859968053701,10.1948124982,1.35801635101,1.13922951755,10.8853536583
5.686058,-0.77408109096,0.859968053701,10.1948124982,1.35801635101,1.10387040081,10.8489478072
5.687724,-0.77408109096,0.859968053701,10.1948124982,1.35801635101,1.10387040081,10.8853536583
5.68939,-0.77408109096,0.859968053701,10.2401933735,1.39337546774,1.10387040081,10.8853536583
5.691056,-0.77408109096,0.859968053701,10.1948124982,1.32265723427,1.06851128407,10.8125419561
5.692722,-0.866370670294,0.723825427995,10.1040507478,1.35801635101,1.10387040081,10.8853536583
5.694388,-0.866370670294,0.723825427995,10.1040507478,1.35801635101,1.06851128407,10.8853536583
5.696054,-0.866370670294,0.76920630323,10.1040507478,1.39337546774,1.17458863428,10.8853536583
5.69772,-0.866370670294,0.76920630323,10.1040507478,1.35801635101,1.10387040081,10.8853536583
5.699386,-0.820225880627,0.814587178465,10.149431623,1.32265723427,1.06851128407,10.8125419561
5.701052,-0.866370670294,0.723825427995,10.1040507478,1.35801635101,1.10387040081,10.8853536583
5.702718,-0.866370670294,0.723825427995,10.1040507478,1.35801635101,1.13922951755,10.8853536583
5.704384,-0.866370670294,0.723825427995,10.1040507478,1.46409370122,1.20994775102,10.9217595095
5.70605,-0.77408109096,0.859968053701,10.1948124982,1.35801635101,1.10387040081,10.8853536583
5.707716,-0.866370670294,0.723825427995,10.1040507478,1.32265723427,1.10387040081,10.8489478072
5.709382,-0.866370670294,0.723825427995,10.1040507478,1.35801635101,1.13922951755,10.8853536583
5.711048,-0.866370670294,0.723825427995,10.0586698725,1.35801635101,1.13922951755,10.8853536583
5.712714,-0.866370670294,0.723825427995,10.1040507478,1.28729811753,1.10387040081,10.9581653606
5.71438,-0.912515459961,0.723825427995,10.0586698725,1.35801635101,1.10387040081,10.9217595095
5.716046,-0.820225880627,0.76920630323,10.149431623,1.35801635101,1.10387040081,10.8853536583
5.717712,-0.820225880627,0.76920630323,10.1040507478,1.32265723427,1.10387040081,10.8489478072
5.719378,-0.866370670294,0.76920630323,10.1040507478,1.35801635101,1.13922951755,10.8853536583
5.721044,-0.820225880627,0.76920630323,10.1040507478,1.32265723427,1.06851128407,10.8125419561
5.72271,-0.866370670294,0.76920630323,10.1040507478,1.35801635101,1.10387040081,10.8853536583
5.724376,-0.866370670294,0.76920630323,10.1040507478,1.35801635101,1.13922951755,10.8853536583
5.726042,-0.866370670294,0.76920630323,10.1040507478,1.42873458448,1.13922951755,10.8853536583
5.727708,-0.866370670294,0.76920630323,10.1040507478,1.35801635101,1.13922951755,10.8853536583
5.729374,-0.912515459961,0.723825427995,10.1040507478,1.35801635101,1.10387040081,10.8125419561
5.73104,-0.866370670294,0.76920630323,10.149431623,1.35801635101,1.10387040081,10.8853536583
5.732706,-0.866370670294,0.76920630323,10.1040507478,1.35801635101,1.13922951755,10.8853536583
5.734372,-0.866370670294,0.76920630323,10.1040507478,1.28729811753,1.10387040081,10.9922958461
5.736038,-0.866370670294,0.723825427995,10.1040507478,1.35801635101,1.13922951755,10.8853536583
5.737704,-0.866370670294,0.76920630323,10.1040507478,1.35801635101,1.10387040081,10.8853536583
5.73937,-0.866370670294,0.76920630323,10.1040507478,1.35801635101,1.10387040081,10.8853536583
5.741036,-0.820225880627,0.814587178465,10.149431623,1.35801635101,1.13922951755,10.8853536583
5.742702,-0.866370670294,0.723825427995,10.1040507478,1.28729811753,1.06851128407,10.8125419561
5.744368,-0.866370670294,0.723825427995,10.1040507478,1.35801635101,1.10387040081,10.8853536583
5.746034,-0.77408109096,0.859968053701,10.1948124982,1.35801635101,1.10387040081,10.8853536583
5.7477,-0.866370670294,0.76920630323,10.0586698725,1.46409370122,1.20994775102,10.9217595095
5.749366,-0.866370670294,0.76920630323,10.1040507478,1.35801635101,1.17458863428,10.8853536583
5.751032,-0.866370670294,0.76920630323,10.1040507478,1.35801635101,1.06851128407,10.8125419561
5.752698,-0.77408109096,0.814587178465,10.1948124982,1.35801635101,1.10387040081,10.8489478072
5.754364,-0.820225880627,0.76920630323,10.149431623,1.35801635101,1.10387040081,10.8853536583
5.75603,-0.912515459961,0.76920630323,10.1040507478,1.28729811753,1.17458863428,10.9581653606
5.757696,-0.77408109096,0.814587178465,10.1948124982,1.35801635101,1.13922951755,10.9217595095
5.759362,-0.820225880627,0.76920630323,10.1040507478,1.32265723427,1.10387040081,10.8125419561
5.761028,-0.820225880627,0.76920630323,10.1040507478,1.35801635101,1.10387040081,10.8489478072
5.762694,-0.77408109096,0.859968053701,10.1948124982,1.39337546774,1.13922951755,10.8853536583
5.76436,-0.866370670294,0.723825427995,10.1040507478,1.32265723427,1.03315216734,10.7761361049
5.766026,-0.866370670294,0.76920630323,10.1040507478,1.35801635101,1.13922951755,10.8853536583
5.767692,-0.866370670294,0.723825427995,10.1040507478,1.35801635101,1.10387040081,10.8853536583
5.769358,-0.866370670294,0.76920630323,10.1040507478,1.42873458448,1.17458863428,10.8489478072
5.771024,-0.866370670294,0.723825427995,10.1040507478,1.39337546774,1.13922951755,10.8853536583
5.77269,-0.866370670294,0.76920630323,10.1040507478,1.32265723427,1.06851128407,10.8125419561
5.774356,-0.866370670294,0.76920630323,10.1040507478,1.35801635101,1.06851128407,10.8489478072
5.776022,-0.866370670294,0.76920630323,10.1040507478,1.35801635101,1.13922951755,10.8489478072
5.777688,-0.820225880627,0.814587178465,10.149431623,1.39337546774,1.20994775102,10.9922958461
5.779354,-0.866370670294,0.723825427995,10.1040507478,1.35801635101,1.13922951755,10.8853536583
5.78102,-0.866370670294,0.76920630323,10.1040507478,1.35801635101,1.10387040081,10.8125419561
5.782686,-0.866370670294,0.76920630323,10.1040507478,1.35801635101,1.10387040081,10.8489478072
5.784352,-0.866370670294,0.723825427995,10.1040507478,1.39337546774,1.10387040081,10.8853536583
5.786018,-0.866370670294,0.76920630323,10.149431623,1.28729811753,1.10387040081,10.9217595095
5.787684,-0.866370670294,0.76920630323,10.1040507478,1.35801635101,1.10387040081,10.8853536583
5.78935,-0.866370670294,0.723825427995,10.1040507478,1.35801635101,1.10387040081,10.8125419561
5.791016,-0.866370670294,0.723825427995,10.1040507478,1.35801635101,1.10387040081,10.8853536583
5.792682,-0.866370670294,0.723825427995,10.1040507478,1.39337546774,1.10387040081,10.8853536583
5.794348,-0.77408109096,0.814587178465,10.1948124982,1.32265723427,1.06851128407,10.7761361049
5.796014,-0.866370670294,0.76920630323,10.1040507478,1.35801635101,1.13922951755,10.8853536583
5.79768,-0.866370670294,0.76920630323,10.1040507478,1.35801635101,1.10387040081,10.8489478072
5.799346,-0.820225880627,0.814587178465,10.1948124982,1.39337546774,1.10387040081,10.8853536583
5.801012,-0.866370670294,0.723825427995,10.1040507478,1.35801635101,1.10387040081,10.8853536583
5.802678,-0.866370670294,0.76920630323,10.1040507478,1.32265723427,1.10387040081,10.8125419561
5.804344,-0.77408109096,0.814587178465,10.1948124982,1.35801635101,1.13922951755,10.8853536583
5.80601,-0.866370670294,0.723825427995,10.1040507478,1.39337546774,1.13922951755,10.8853536583
5.807676,-0.866370670294,0.723825427995,10.1040507478,1.35801635101,1.20994775102,10.9581653606
5.809342,-0.866370670294,0.723825427995,10.1040507478,1.35801635101,1.13922951755,10.8853536583
5.811008,-0.866370670294,0.723825427995,10.1040507478,1.35801635101,1.06851128407,10.8489478072
5.812674,-0.820225880627,0.723825427995,10.1040507478,1.35801635101,1.10387040081,10.8853536583
5.81434,-0.820225880627,0.723825427995,10.1040507478,1.39337546774,1.13922951755,10.8853536583
5.816006,-0.866370670294,0.723825427995,10.1040507478,1.32265723427,1.06851128407,10.7761361049
5.817672,-0.866370670294,0.723825427995,10.1040507478,1.35801635101,1.10387040081,10.8853536583
5.819338,-0.866370670294,0.723825427995,10.1040507478,1.35801635101,1.10387040081,10.8853536583
5.821004,-0.866370670294,0.723825427995,10.1040507478,1.32265723427,1.17458863428,10.9922958461
5.82267,-0.866370670294,0.723825427995,10.1040507478,1.35801635101,1.10387040081,10.8853536583
5.824336,-0.866370670294,0.723825427995,10.1040507478,1.35801635101,1.10387040081,10.8853536583
5.826002,-0.866370670294,0.723825427995,10.1040507478,1.42873458448,1.13922951755,10.8853536583
5.827668,-0.77408109096,0.814587178465,10.1948124982,1.39337546774,1.13922951755,10.8853536583
5.829334,-0.866370670294,0.723825427995,10.1040507478,1.32265723427,1.06851128407,10.8125419561
5.831,-0.866370670294,0.723825427995,10.1040507478,1.35801635101,1.10387040081,10.8853536583
5.832666,-0.866370670294,0.723825427995,10.1040507478,1.35801635101,1.10387040081,10.8853536583
5.834332,-0.866370670294,0.723825427995,10.1040507478,1.39337546774,1.20994775102,10.9581653606
5.835998,-0.866370670294,0.723825427995,10.1040507478,1.35801635101,1.13922951755,10.8853536583
5.837664,-0.866370670294,0.723825427995,10.1040507478,1.35801635101,1.10387040081,10.8489478072
5.83933,-0.866370670294,0.678444552759,10.1040507478,1.32265723427,1.10387040081,10.8489478072
5.840996,-0.912515459961,0.678444552759,10.1040507478,1.39337546774,1.13922951755,10.9217595095
5.842662,-0.77408109096,0.814587178465,10.1948124982,1.28729811753,1.06851128407,10.9581653606
5.844328,-0.866370670294,0.723825427995,10.149431623,1.39337546774,1.10387040081,10.8853536583
5.845994,-0.866370670294,0.723825427995,10.1040507478,1.35801635101,1.10387040081,10.8489478072
5.84766,-0.866370670294,0.76920630323,10.1040507478,1.35801635101,1.06851128407,10.8853536583
5.849326,-0.77408109096,0.859968053701,10.1948124982,1.35801635101,1.17458863428,10.8853536583
5.850992,-0.820225880627,0.76920630323,10.149431623,1.32265723427,1.06851128407,10.7761361049
5.852658,-0.866370670294,0.76920630323,10.149431623,1.35801635101,1.10387040081,10.8853536583
5.854324,-0.866370670294,0.723825427995,10.1040507478,1.35801635101,1.10387040081,10.8853536583
5.85599,-0.866370670294,0.76920630323,10.1040507478,1.46409370122,1.17458863428,10.8853536583
5.857656,-0.866370670294,0.76920630323,10.1040507478,1.35801635101,1.10387040081,10.8853536583
5.859322,-0.866370670294,0.723825427995,10.1040507478,1.35801635101,1.10387040081,10.8125419561
5.860988,-0.866370670294,0.76920630323,10.1040507478,1.35801635101,1.10387040081,10.8853536583
5.862654,-0.866370670294,0.723825427995,10.1040507478,1.35801635101,1.10387040081,10.8853536583
5.86432,-0.77408109096,0.814587178465,10.1948124982,1.32265723427,1.17458863428,10.9922958461
5.865986,-0.866370670294,0.723825427995,10.1040507478,1.35801635101,1.10387040081,10.8853536583
5.867652,-0.866370670294,0.678444552759,10.1040507478,1.35801635101,1.10387040081,10.8125419561
5.869318,-0.866370670294,0.723825427995,10.1040507478,1.35801635101,1.10387040081,10.8853536583
5.870984,-0.866370670294,0.723825427995,10.1040507478,1.39337546774,1.10387040081,10.8853536583
5.87265,-0.866370670294,0.678444552759,10.1040507478,1.32265723427,1.06851128407,10.7761361049
5.874316,-0.912515459961,0.723825427995,10.0586698725,1.35801635101,1.10387040081,10.8853536583
5.875982,-0.866370670294,0.678444552759,10.1040507478,1.35801635101,1.13922951755,10.8853536583
5.877648,-0.866370670294,0.723825427995,10.1040507478,1.46409370122,1.13922951755,10.8489478072
5.879314,-0.77408109096,0.814587178465,10.1948124982,1.39337546774,1.10387040081,10.8853536583
5.88098,-0.820225880627,0.723825427995,10.1040507478,1.32265723427,1.06851128407,10.8125419561
5.882646,-0.820225880627,0.76920630323,10.1040507478,1.35801635101,1.10387040081,10.8853536583
5.884312,-0.866370670294,0.76920630323,10.1040507478,1.35801635101,1.10387040081,10.8853536583
5.885978,-0.866370670294,0.76920630323,10.0586698725,1.28729811753,1.17458863428,10.9922958461
5.887644,-0.820225880627,0.76920630323,10.1040507478,1.35801635101,1.13922951755,10.8853536583
5.88931,-0.820225880627,0.723825427995,10.1040507478,1.35801635101,1.06851128407,10.8489478072
5.890976,-0.866370670294,0.723825427995,10.1040507478,1.39337546774,1.06851128407,10.8489478072
5.892642,-0.77408109096,0.76920630323,10.1948124982,1.39337546774,1.13922951755,10.8853536583
5.894308,-0.77408109096,0.76920630323,10.149431623,1.32265723427,1.06851128407,10.8125419561
5.895974,-0.820225880627,0.723825427995,10.1040507478,1.39337546774,1.10387040081,10.8853536583
5.89764,-0.820225880627,0.76920630323,10.149431623,1.35801635101,1.10387040081,10.8853536583
5.899306,-0.866370670294,0.723825427995,10.1040507478,1.42873458448,1.20994775102,10.9217595095
5.900972,-0.866370670294,0.723825427995,10.0586698725,1.35801635101,1.10387040081,10.8853536583
5.902638,-0.820225880627,0.723825427995,10.1040507478,1.35801635101,1.10387040081,10.8853536583
5.904304,-0.866370670294,0.723825427995,10.1040507478,1.35801635101,1.10387040081,10.8489478072
5.90597,-0.77408109096,0.814587178465,10.149431623,1.39337546774,1.13922951755,10.8853536583
5.907636,-0.866370670294,0.723825427995,10.1040507478,1.32265723427,1.06851128407,10.7761361049
5.909302,-0.866370670294,0.723825427995,10.1040507478,1.35801635101,1.06851128407,10.8853536583
5.910968,-0.866370670294,0.723825427995,10.1040507478,1.35801635101,1.10387040081,10.8489478072
5.912634,-0.866370670294,0.723825427995,10.1040507478,1.46409370122,1.10387040081,10.8853536583
5.9143,-0.77408109096,0.814587178465,10.1948124982,1.39337546774,1.10387040081,10.8853536583
5.915966,-0.866370670294,0.723825427995,10.1040507478,1.35801635101,1.06851128407,10.8125419561
5.917632,-0.820225880627,0.723825427995,10.1040507478,1.35801635101,1.10387040081,10.8489478072
5.919298,-0.866370670294,0.723825427995,10.1040507478,1.35801635101,1.10387040081,10.8853536583
5.920964,-0.866370670294,0.723825427995,10.1040507478,1.46409370122,1.24530686776,10.8853536583
5.92263,-0.866370670294,0.723825427995,10.1040507478,1.39337546774,1.13922951755,10.8853536583
5.924296,-0.866370670294,0.723825427995,10.1040507478,1.35801635101,1.10387040081,10.8489478072
5.925962,-0.866370670294,0.723825427995,10.1040507478,1.35801635101,1.06851128407,10.8489478072
5.927628,-0.866370670294,0.723825427995,10.1040507478,1.35801635101,1.13922951755,10.8853536583
5.929294,-0.866370670294,0.723825427995,10.1040507478,1.32265723427,1.06851128407,10.7761361049
5.93096,-0.866370670294,0.723825427995,10.1040507478,1.35801635101,1.13922951755,10.8853536583
5.932626,-0.866370670294,0.723825427995,10.1040507478,1.35801635101,1.06851128407,10.8853536583
5.934292,-0.820225880627,0.76920630323,10.149431623,1.42873458448,1.10387040081,10.8489478072
5.935958,-0.866370670294,0.678444552759,10.1040507478,1.42873458448,1.10387040081,10.8853536583
5.937624,-0.866370670294,0.723825427995,10.1040507478,1.35801635101,1.06851128407,10.8125419561
5.93929,-0.866370670294,0.723825427995,10.0586698725,1.35801635101,1.06851128407,10.8853536583
5.940956,-0.820225880627,0.76920630323,10.1040507478,1.39337546774,1.10387040081,10.8853536583
5.942622,-0.866370670294,0.678444552759,10.1040507478,1.39337546774,1.20994775102,10.9922958461
5.944288,-0.820225880627,0.723825427995,10.1040507478,1.35801635101,1.13922951755,10.8853536583
5.945954,-0.77408109096,0.814587178465,10.149431623,1.35801635101,1.06851128407,10.8125419561
5.94762,-0.820225880627,0.723825427995,10.1040507478,1.39337546774,1.10387040081,10.8489478072
5.949286,-0.866370670294,0.723825427995,10.1040507478,1.39337546774,1.10387040081,10.8853536583
5.950952,-0.866370670294,0.678444552759,10.0586698725,1.32265723427,1.03315216734,10.7761361049
5.952618,-0.820225880627,0.723825427995,10.1040507478,1.39337546774,1.10387040081,10.8853536583
5.954284,-0.866370670294,0.723825427995,10.1040507478,1.35801635101,1.10387040081,10.8853536583
5.95595,-0.77408109096,0.814587178465,10.1948124982,1.42873458448,1.10387040081,10.8853536583
5.957616,-0.866370670294,0.723825427995,10.1040507478,1.39337546774,1.10387040081,10.8853536583
5.959282,-0.820225880627,0.723825427995,10.1040507478,1.35801635101,1.06851128407,10.8125419561
5.960948,-0.820225880627,0.76920630323,10.1040507478,1.35801635101,1.10387040081,10.8853536583
5.962614,-0.866370670294,0.723825427995,10.1040507478,1.39337546774,1.10387040081,10.8853536583
5.96428,-0.820225880627,0.723825427995,10.1040507478,1.32265723427,1.10387040081,10.9581653606
5.965946,-0.820225880627,0.76920630323,10.1040507478,1.35801635101,1.10387040081,10.8853536583
5.967612,-0.820225880627,0.723825427995,10.1040507478,1.35801635101,1.10387040081,10.8489478072
5.969278,-0.866370670294,0.723825427995,10.1040507478,1.35801635101,1.06851128407,10.8489478072
5.970944,-0.820225880627,0.723825427995,10.1040507478,1.39337546774,1.10387040081,10.8853536583
5.97261,-0.820225880627,0.723825427995,10.1040507478,1.35801635101,1.06851128407,10.8125419561
5.974276,-0.866370670294,0.678444552759,10.0586698725,1.35801635101,1.10387040081,10.8853536583
5.975942,-0.866370670294,0.723825427995,10.1040507478,1.35801635101,1.10387040081,10.8853536583
5.977608,-0.820225880627,0.723825427995,10.1040507478,1.39337546774,1.20994775102,10.9922958461
5.979274,-0.866370670294,0.723825427995,10.1040507478,1.35801635101,1.10387040081,10.8853536583
5.98094,-0.820225880627,0.723825427995,10.1040507478,1.35801635101,1.06851128407,10.8489478072
5.982606,-0.866370670294,0.723825427995,10.1040507478,1.35801635101,1.10387040081,10.8853536583
5.984272,-0.820225880627,0.723825427995,10.1040507478,1.39337546774,1.10387040081,10.8853536583
5.985938,-0.866370670294,0.76920630323,10.1040507478,1.32265723427,1.06851128407,10.9581653606
5.987604,-0.820225880627,0.76920630323,10.1040507478,1.35801635101,1.10387040081,10.8853536583
5.98927,-0.77408109096,0.76920630323,10.149431623,1.35801635101,1.10387040081,10.8489478072
5.990936,-0.820225880627,0.723825427995,10.1040507478,1.39337546774,1.06851128407,10.8853536583
5.992602,-0.866370670294,0.678444552759,10.1040507478,1.39337546774,1.10387040081,10.8853536583
5.994268,-0.866370670294,0.723825427995,10.1040507478,1.35801635101,1.06851128407,10.8125419561
5.995934,-0.820225880627,0.723825427995,10.1040507478,1.39337546774,1.10387040081,10.8853536583
5.9976,-0.866370670294,0.723825427995,10.1040507478,1.35801635101,1.10387040081,10.8853536583
5.999266,-0.820225880627,0.723825427995,10.149431623,1.35801635101,1.10387040081,10.8125419561
6.000932,-0.866370670294,0.723825427995,10.1040507478,1.39337546774,1.10387040081,10.8853536583
6.002598,-0.820225880627,0.723825427995,10.1040507478,1.32265723427,1.06851128407,10.7761361049
6.004264,-0.820225880627,0.723825427995,10.1040507478,1.35801635101,1.10387040081,10.8853536583
6.00593,-0.866370670294,0.678444552759,10.1040507478,1.35801635101,1.10387040081,10.8853536583
6.007596,-0.866370670294,0.723825427995,10.1040507478,1.49945281795,1.13922951755,10.8853536583
6.009262,-0.820225880627,0.678444552759,10.1040507478,1.39337546774,1.13922951755,10.8853536583
6.010928,-0.866370670294,0.723825427995,10.1040507478,1.32265723427,1.06851128407,10.8125419561
6.012594,-0.820225880627,0.723825427995,10.1040507478,1.35801635101,1.10387040081,10.8853536583
6.01426,-0.820225880627,0.723825427995,10.1040507478,1.39337546774,1.10387040081,10.8853536583
6.015926,-0.866370670294,0.723825427995,10.1040507478,1.46409370122,1.20994775102,10.9217595095
6.017592,-0.866370670294,0.723825427995,10.1040507478,1.39337546774,1.10387040081,10.8853536583
6.019258,-0.820225880627,0.723825427995,10.1040507478,1.35801635101,1.06851128407,10.8489478072
6.020924,-0.866370670294,0.723825427995,10.1040507478,1.35801635101,1.06851128407,10.8489478072
6.02259,-0.77408109096,0.76920630323,10.149431623,1.39337546774,1.10387040081,10.8853536583
6.024256,-0.866370670294,0.678444552759,10.0586698725,1.32265723427,1.03315216734,10.8489478072
6.025922,-0.866370670294,0.723825427995,10.1040507478,1.39337546774,1.10387040081,10.8853536583
6.027588,-0.820225880627,0.723825427995,10.1040507478,1.39337546774,1.10387040081,10.8489478072
6.029254,-0.866370670294,0.723825427995,10.1040507478,1.39337546774,1.10387040081,10.8853536583
6.03092,-0.820225880627,0.723825427995,10.1040507478,1.35801635101,1.10387040081,10.8853536583
6.032586,-0.820225880627,0.723825427995,10.149431623,1.32265723427,1.06851128407,10.8125419561
6.034252,-0.820225880627,0.76920630323,10.1040507478,1.35801635101,1.10387040081,10.8853536583
6.035918,-0.866370670294,0.723825427995,10.1040507478,1.39337546774,1.10387040081,10.8853536583
6.037584,-0.866370670294,0.723825427995,10.1040507478,1.49945281795,1.17458863428,10.8853536583
6.03925,-0.866370670294,0.723825427995,10.1040507478,1.39337546774,1.10387040081,10.8853536583
6.040916,-0.866370670294,0.76920630323,10.1040507478,1.35801635101,1.10387040081,10.8489478072
6.042582,-0.866370670294,0.76920630323,10.1040507478,1.35801635101,1.10387040081,10.8853536583
6.044248,-0.866370670294,0.76920630323,10.1040507478,1.39337546774,1.10387040081,10.8853536583
6.045914,-0.866370670294,0.76920630323,10.1040507478,1.32265723427,1.06851128407,10.9217595095
6.04758,-0.866370670294,0.76920630323,10.1040507478,1.35801635101,1.10387040081,10.8853536583
6.049246,-0.866370670294,0.723825427995,10.1040507478,1.39337546774,1.06851128407,10.8853536583
6.050912,-0.866370670294,0.723825427995,10.0586698725,1.39337546774,1.13922951755,10.8489478072
6.052578,-0.866370670294,0.678444552759,10.1040507478,1.39337546774,1.10387040081,10.9217595095
6.054244,-0.820225880627,0.723825427995,10.149431623,1.32265723427,1.06851128407,10.7761361049
6.05591,-0.866370670294,0.723825427995,10.1040507478,1.35801635101,1.10387040081,10.8853536583
6.057576,-0.866370670294,0.723825427995,10.1040507478,1.39337546774,1.10387040081,10.8853536583
6.059242,-0.866370670294,0.723825427995,10.1040507478,1.49945281795,1.17458863428,10.9217595095
6.060908,-0.866370670294,0.723825427995,10.1040507478,1.39337546774,1.10387040081,10.8853536583
6.062574,-0.866370670294,0.723825427995,10.0586698725,1.35801635101,1.06851128407,10.8489478072
6.06424,-0.866370670294,0.723825427995,10.1040507478,1.32265723427,1.10387040081,10.8489478072
6.065906,-0.866370670294,0.76920630323,10.1040507478,1.39337546774,1.10387040081,10.8853536583
6.067572,-0.866370670294,0.723825427995,10.1040507478,1.32265723427,1.17458863428,10.9581653606
6.069238,-0.866370670294,0.723825427995,10.1040507478,1.39337546774,1.10387040081,10.8853536583
6.070904,-0.820225880627,0.76920630323,10.1040507478,1.35801635101,1.10387040081,10.8853536583
6.07257,-0.866370670294,0.723825427995,10.1040507478,1.35801635101,1.06851128407,10.8489478072
6.074236,-0.866370670294,0.723825427995,10.1040507478,1.39337546774,1.10387040081,10.8853536583
6.075902,-0.866370670294,0.723825427995,10.1040507478,1.32265723427,1.06851128407,10.7761361049
6.077568,-0.820225880627,0.723825427995,10.1040507478,1.35801635101,1.10387040081,10.8853536583
6.079234,-0.866370670294,0.723825427995,10.1040507478,1.39337546774,1.10387040081,10.8489478072
6.0809,-0.820225880627,0.723825427995,10.1040507478,1.46409370122,1.17458863428,10.8853536583
6.082566,-0.820225880627,0.76920630323,10.149431623,1.35801635101,1.10387040081,10.8853536583
6.084232,-0.866370670294,0.723825427995,10.1040507478,1.35801635101,1.06851128407,10.8125419561
6.085898,-0.866370670294,0.723825427995,10.1040507478,1.35801635101,1.06851128407,10.8125419561
6.087564,-0.866370670294,0.723825427995,10.1040507478,1.35801635101,1.10387040081,10.8853536583
6.08923,-0.866370670294,0.678444552759,10.1040507478,1.35801635101,1.20994775102,10.9922958461
6.090896,-0.866370670294,0.723825427995,10.1040507478,1.39337546774,1.10387040081,10.8853536583
6.092562,-0.866370670294,0.723825427995,10.1040507478,1.35801635101,1.06851128407,10.8125419561
6.094228,-0.866370670294,0.723825427995,10.1040507478,1.35801635101,1.10387040081,10.8489478072
6.095894,-0.866370670294,0.723825427995,10.1040507478,1.39337546774,1.10387040081,10.8853536583
6.09756,-0.866370670294,0.723825427995,10.1040507478,1.32265723427,1.06851128407,10.7761361049
6.099226,-0.866370670294,0.723825427995,10.1040507478,1.35801635101,1.13922951755,10.8853536583
6.100892,-0.77408109096,0.814587178465,10.149431623,1.35801635101,1.10387040081,10.8853536583
6.102558,-0.77408109096,0.814587178465,10.149431623,1.46409370122,1.13922951755,10.8853536583
6.104224,-0.77408109096,0.814587178465,10.1948124982,1.39337546774,1.13922951755,10.9217595095
6.10589,-0.866370670294,0.723825427995,10.0586698725,1.35801635101,1.06851128407,10.8125419561
6.107556,-0.866370670294,0.723825427995,10.1040507478,1.35801635101,1.10387040081,10.8489478072
6.109222,-0.820225880627,0.723825427995,10.1040507478,1.39337546774,1.10387040081,10.8853536583
6.110888,-0.866370670294,0.723825427995,10.1040507478,1.35801635101,1.03315216734,10.8125419561
6.112554,-0.77408109096,0.814587178465,10.1948124982,1.35801635101,1.10387040081,10.8853536583
6.11422,-0.866370670294,0.723825427995,10.1040507478,1.35801635101,1.06851128407,10.8853536583
6.115886,-0.866370670294,0.678444552759,10.1040507478,1.39337546774,1.10387040081,10.8489478072
6.117552,-0.866370670294,0.723825427995,10.1040507478,1.39337546774,1.06851128407,10.8853536583
6.119218,-0.866370670294,0.723825427995,10.1040507478,1.35801635101,1.06851128407,10.8125419561
6.120884,-0.866370670294,0.76920630323,10.1040507478,1.35801635101,1.10387040081,10.8489478072
6.12255,-0.866370670294,0.723825427995,10.0586698725,1.35801635101,1.10387040081,10.8853536583
6.124216,-0.866370670294,0.723825427995,10.1040507478,1.28729811753,1.17458863428,10.9922958461
6.125882,-0.866370670294,0.76920630323,10.1040507478,1.35801635101,1.10387040081,10.8853536583
6.127548,-0.866370670294,0.76920630323,10.1040507478,1.35801635101,1.06851128407,10.8853536583
6.129214,-0.820225880627,0.723825427995,10.1040507478,1.35801635101,1.10387040081,10.8489478072
6.13088,-0.866370670294,0.723825427995,10.1040507478,1.39337546774,1.10387040081,10.8853536583
6.132546,-0.77408109096,0.814587178465,10.2401933735,1.35801635101,1.06851128407,10.8125419561
6.134212,-0.866370670294,0.723825427995,10.1040507478,1.35801635101,1.06851128407,10.8489478072
6.135878,-0.820225880627,0.76920630323,10.1040507478,1.39337546774,1.10387040081,10.8853536583
6.137544,-0.866370670294,0.723825427995,10.1040507478,1.32265723427,1.20994775102,10.9922958461
6.13921,-0.77408109096,0.814587178465,10.1948124982,1.32265723427,1.10387040081,10.8853536583
6.140876,-0.866370670294,0.678444552759,10.0586698725,1.39337546774,1.06851128407,10.8853536583
6.142542,-0.866370670294,0.723825427995,10.1040507478,1.35801635101,1.10387040081,10.8125419561
6.144208,-0.866370670294,0.723825427995,10.1040507478,1.35801635101,1.06851128407,10.8853536583
6.145874,-0.866370670294,0.76920630323,10.0586698725,1.28729811753,1.06851128407,10.9217595095
6.14754,-0.77408109096,0.814587178465,10.1948124982,1.35801635101,1.06851128407,10.8853536583
6.149206,-0.866370670294,0.678444552759,10.1040507478,1.35801635101,1.06851128407,10.8489478072
6.150872,-0.866370670294,0.723825427995,10.1040507478,1.35801635101,1.06851128407,10.8853536583
6.152538,-0.866370670294,0.723825427995,10.1040507478,1.35801635101,1.13922951755,10.8489478072
6.154204,-0.866370670294,0.723825427995,10.1040507478,1.32265723427,1.06851128407,10.7761361049
6.15587,-0.543357142626,0.723825427995,10.4670977496,2.63315449833,1.98784831923,11.0651075483
6.157536,-0.77408109096,1.22301505558,10.6032403753,2.31492244769,14.9204452657,8.66459673923
6.159202,-1.23552898763,-2.09205788036,11.0570491277,1.00442518364,16.759119336,7.57242120523
6.160868,-1.4201081463,-1.09140958142,8.15267311264,0.756911366479,9.97237886736,12.9582118072
6.162534,-1.78926646363,3.62820144306,7.51734085934,0.226524615427,-3.63204129713,14.6692868105
6.1642,-1.32781856696,6.21718037524,10.9662873772,-0.0917074352037,-7.20110214275,11.4655719108
6.165866,-2.01999041197,7.76013013325,12.1915710086,0.0497290317435,-6.81215185864,9.72036642209
6.167532,-2.85059662597,6.0356568743,13.2807120142,0.261883732164,-9.32043920216,11.247136804
6.169198,-2.5275830983,1.35915768129,12.7361415114,0.155806381954,-8.15358834984,13.3586761697
6.170864,-2.15842478097,-5.7225278992,11.7377622562,0.438679315848,-0.840881019714,13.3950820208
6.17253,-1.5585425153,-14.258670531,8.28881573834,3.02210478243,12.9071855565,8.55537918583
6.174196,-0.635646721959,-21.7034031134,6.01977197657,2.0320495138,8.94917442679,11.247136804
6.175862,0.241104281711,2.81134568882,4.88298105192,1.60553016816,-1.93480369376,15.5771577231
6.177528,0.241104281711,2.266775186,8.7426244907,0.721552249743,-11.088395039,13.2858644674
6.179194,-2.1122799913,20.2444089105,12.6907606362,0.155806381954,-7.97900271096,9.06506110169
6.18086,1.07171049571,24.3763376007,13.2807120142,0.155806381954,-1.51049429292,6.08205667447
6.182526,-1.18938419796,10.7121560673,14.778280897,0.933706950163,2.51823507028,9.68396057095
6.184192,0.425683440379,1.67682380794,14.0975677685,1.53481193469,7.99447827489,8.73740844149
6.185858,0.517973019712,-7.31085853244,9.60486112017,2.77459096527,10.6442020854,10.230048338
6.187524,-0.543357142626,-12.8042134797,3.34003129392,4.18895563475,9.19668824394,11.3199485063
6.18919,-1.2816737773,-13.3487839825,5.01912367763,4.25967386822,0.21989248239,12.3757181891
6.190856,-1.60468730496,-4.76952951925,9.96790812205,1.92376221879,-6.06961040717,12.9582118072
6.192522,-1.14323940829,5.67260987242,12.3730945095,0.615474899532,-10.8762403386,12.2300947846
6.194188,-0.635646721959,13.2534850805,13.0538076381,0.0850881484803,-1.15690312555,9.17427865509
6.195854,-0.958660249627,13.16272333,12.5092371352,0.509397549322,4.70829036317,9.57474301755
6.19752,-0.589501932292,8.25931976084,12.5999988857,0.898347833427,8.66630149289,12.1936889334
6.199186,-0.404922773625,-0.0476494510076,11.9646666324,1.57017105143,7.00442300626,11.4655719108
6.200852,-1.2816737773,-7.67390553432,9.87714637158,2.20884509748,6.33259978826,10.9217595095
6.202518,-1.23552898763,-13.0311178559,6.01977197657,2.0320495138,3.32928481043,10.4484834448
6.204184,-1.05094982896,-14.9847645347,3.06774604251,1.57017105143,0.538124533021,10.9217595095
6.20585,-1.46625293596,-4.99643389543,6.01977197657,-0.339221252361,-3.49060483018,11.2835426551
6.207516,-1.00480503929,6.12641862477,11.0570491277,-0.516016836045,-7.4486159599,13.0310235095
6.209182,-2.01999041197,7.85089188372,11.9646666324,-0.480657719309,-5.18563248875,11.2835426551
6.210848,-0.589501932292,5.76337162289,12.4184753848,0.509397549322,-3.4198865967,10.8489478072
6.212514,-0.727936301293,1.99448993459,10.3309551239,1.60553016816,-0.909389308392,11.4291660597
6.21418,-0.543357142626,-5.13257652114,10.149431623,2.84530919875,1.84641185228,11.7204128687
6.215846,-0.451067563292,-10.4897888427,9.5140993697,3.72928711717,9.12597001047,9.90239567775
6.217512,0.148814702377,-15.9377629147,7.51734085934,2.59779538159,6.72155007237,11.3563543574
6.219178,-0.0819092459569,-3.86191201454,8.65186274023,1.92376221879,3.89503067822,13.3586761697
6.220844,-2.2507143603,4.67423061724,10.920906502,0.650834016269,-1.54585340965,12.5577474448
6.22251,-2.06613520163,13.5711512071,12.9630458876,0.155806381954,-4.16242804818,11.5747894642
6.224176,0.425683440379,16.5685580164,13.5529972657,0.756911366479,-2.21767662765,9.93880152889
6.225842,0.564117809379,9.62301506166,13.8706633923,1.39337546774,4.60221301296,8.91943769716
6.227508,-0.0819092459569,2.49367956218,10.5124786249,2.38564068117,8.56022414268,9.46552546415
6.229174,-0.0357644562901,-5.13257652114,8.7426244907,2.77459096527,10.2198926845,9.82958397549
6.23084,-0.497212352959,-9.62755221321,7.4719599841,2.59779538159,8.17127385858,10.230048338
6.232506,-1.18938419796,-8.90145820944,6.11053372704,1.95912133553,-1.79336722681,10.7761361049
6.234172,-1.92770083263,-2.27358138131,6.60972335463,1.14586165058,-5.99889217369,10.4848892959
6.235838,-1.65083209463,4.99189674389,9.78638462111,0.155806381954,-2.74806337871,8.11850897223
6.237504,-0.912515459961,10.4398708159,11.8739048819,0.509397549322,-0.55800808582,9.02865525056
6.23917,0.610262599046,9.71377681213,12.9630458876,1.32265723427,-2.00552192723,11.3927602085
6.240836,0.610262599046,3.58282056783,13.1899502638,1.74696663511,-2.74806337871,10.8489478072
6.242502,-0.0357644562901,-3.45348413743,11.0570491277,2.06740863054,-3.98563246449,9.82958397549
6.244168,-1.05094982896,-8.76531558373,8.92414799164,2.84530919875,1.81105273555,8.15491482336
6.245834,-0.681791511626,-10.5805505931,7.10891298222,1.78232575185,1.84641185228,9.13787280396
6.2475,-0.128054035624,-6.72090715438,7.74424523552,1.32265723427,-2.88949984565,12.08447138
6.249166,-1.5585425153,0.633063677524,10.0586698725,0.615474899532,-5.89281482348,11.4655719108
6.250832,-1.00480503929,7.76013013325,10.5578595001,0.650834016269,-4.40994186533,9.61114886869
6.252498,-0.727936301293,12.572771952,11.1931917534,1.00442518364,-1.19226224229,9.42911961302
6.254164,0.84098654738,10.5306325664,12.9176650124,1.71160751837,0.0784560154425,10.1936424868
6.25583,1.11785528538,4.81037324294,12.8269032619,2.73923184854,3.08177099327,10.6305127004
6.257496,0.471828230046,-2.59124750795,11.2839535039,2.88066831548,6.61547272216,9.90239567775
6.259162,-0.77408109096,-5.31410002208,7.65348348505,2.20884509748,9.65635676152,9.75677227322
6.260828,-1.5585425153,-5.04181477067,7.3358173584,1.6408892849,7.85304180795,10.4848892959
6.262494,-1.9738456223,-0.410696452891,9.78638462111,1.21657988406,-0.734803669504,12.5941532959
6.26416,-1.00480503929,6.35332300095,10.6032403753,1.03978430037,-5.82209659001,12.2300947846
6.265826,-0.404922773625,7.39708313136,12.1008092581,1.07514341711,-2.60662691176,8.70100259036
6.267492,0.194959492044,5.08265849436,12.46385626,1.32265723427,2.51823507028,8.55537918583
6.269158,-0.220343614958,0.27001667564,10.2855742487,1.71160751837,3.57679862759,11.0651075483
6.270824,-1.05094982896,-4.40648251737,9.10567149258,1.95912133553,5.0265224138,10.9217595095
6.27249,-1.00480503929,-8.03922157997,8.37957748881,1.95912133553,5.23867711422,10.3028600402
6.274156,-0.727936301293,-7.58314378385,6.97277035651,1.81768486858,4.7436494799,9.90239567775
6.275822,-0.820225880627,-5.0871956459,7.65348348505,1.49945281795,3.82431244475,10.1208307846
6.277488,-1.14323940829,-0.501458203362,8.33419661358,1.14586165058,-0.66408543603,10.521295147
6.279154,-0.543357142626,4.81037324294,8.69724361546,0.827629599953,-5.39778718917,10.9217595095
6.28082,0.333393861045,5.76337162289,10.6486212506,0.86298871669,-2.6419860285,9.31990205962
6.282486,-0.312633194291,3.26515444118,10.920906502,1.32265723427,2.62431242049,9.10146695282
6.284152,-0.635646721959,-0.274553827185,9.6502419954,1.39337546774,2.48287595354,10.8489478072
6.285818,-1.14323940829,-4.54262514308,10.3763359992,1.46409370122,2.23536213639,12.885400105
6.287484,-1.46625293596,-6.67552627914,8.92414799164,1.07514341711,2.3414394866,11.0651075483
6.28915,-1.88155604296,-3.99805464025,7.74424523552,0.933706950163,1.24530686776,11.8660362732
6.290816,-1.92770083263,-0.31993470242,9.92252724682,0.9690660669,0.255251599126,12.5941532959
6.292482,-2.2507143603,6.26256125048,11.0570491277,0.615474899532,-1.6872898766,12.1208772312
6.294148,-1.2816737773,10.1222046893,11.4654770048,0.721552249743,-4.93811867159,12.4485298914
6.295814,-0.589501932292,9.21231814078,12.3730945095,0.544756666059,0.0430968987057,9.79317812435
6.29748,-0.866370670294,3.857374863,11.2385726286,1.07514341711,5.45083181464,8.55537918583
6.299146,-1.18938419796,-1.09140958142,8.69724361546,1.18122076732,6.72155007237,10.9922958461
6.300812,-1.92770083263,-3.5442458879,7.88038786122,1.18122076732,4.60221301296,11.6476011664
6.302478,-1.88155604296,-2.81815188413,8.15267311264,0.9690660669,3.25856657696,11.538383613
6.304144,-1.37396335663,1.495300307,9.33257586876,0.933706950163,-0.204416918452,10.9581653606
6.30581,-0.77408109096,5.03727761912,10.8301447515,1.07514341711,-1.47513517618,10.7397302538
6.307476,-0.866370670294,5.62722899718,11.1024300029,0.898347833427,-4.16242804818,11.7568187198
6.309142,-0.820225880627,4.22042186488,11.0116682525,0.615474899532,-1.86408546029,11.0287016972
6.310808,-1.00480503929,0.496921051817,10.6486212506,0.898347833427,1.59889803512,10.6305127004
6.312474,-1.4201081463,-3.22657976125,9.55948024493,1.18122076732,4.60221301296,10.3392658914
6.31414,-0.912515459961,-4.63338689355,7.74424523552,1.60553016816,3.11713011001,10.1936424868
6.315806,-1.05094982896,-4.58800601831,7.38119823363,1.35801635101,-0.381212502136,10.7033244027
6.317472,-1.18938419796,-3.09043713554,9.06029061734,1.21657988406,-2.04088104397,10.3756717425
6.319138,-0.820225880627,1.58606205747,9.28719499352,1.07514341711,-1.36905782597,10.0844249334
6.320804,-0.912515459961,5.80875249812,9.5140993697,1.07514341711,-1.19226224229,10.4120775936
6.32247,-0.820225880627,5.85413337336,12.2823327591,1.14586165058,-1.05082577534,12.08447138
6.324136,-0.635646721959,3.35591619165,12.0554283829,1.18122076732,0.644201883231,11.2107309529
6.325802,-0.820225880627,0.587682802288,10.6032403753,1.35801635101,3.08177099327,11.3199485063
6.327468,-1.09709461863,-1.90826533566,10.3309551239,1.78232575185,5.98121856569,11.9752538266
6.329134,-1.37396335663,-1.09140958142,8.7426244907,1.85304398532,4.92044506359,12.08447138
6.3308,-0.681791511626,1.26839593082,10.6032403753,1.60553016816,1.49282068491,12.5577474448
6.332466,-0.681791511626,3.40129706688,11.2839535039,1.42873458448,0.21989248239,11.5019777619
6.334132,-1.09709461863,5.21880112006,9.69562287064,0.827629599953,0.3259698326,9.86598982662
6.335798,-0.77408109096,5.35494374577,10.1948124982,0.9690660669,1.52817980165,10.7397302538
6.337464,-0.912515459961,2.53906043741,11.6016196305,1.28729811753,1.28066598449,11.7568187198
6.33913,-1.00480503929,-0.637600829068,11.0116682525,1.42873458448,1.88177096902,11.5019777619
6.340796,-0.635646721959,-3.49886501266,10.7393830011,1.95912133553,2.27072125312,11.3927602085
6.342462,-0.727936301293,-4.22495901643,9.46871849446,2.06740863054,3.47072127738,11.0651075483
6.344128,-0.912515459961,-2.36434313178,9.01490974211,2.0320495138,3.04641187654,11.3927602085
6.345794,-0.266488404624,-0.093030326243,11.2385726286,1.74696663511,1.3867433347,11.9752538266
6.34746,-0.266488404624,1.81296643364,11.7377622562,1.60553016816,0.714920116705,11.2835426551
6.349126,-0.681791511626,2.31215606123,9.87714637158,0.9690660669,0.361328949337,9.61114886869
6.350792,-0.77408109096,1.94910905935,8.8787671164,1.07514341711,0.927074817126,9.61114886869
6.352458,-0.77408109096,-0.093030326243,10.2401933735,1.21657988406,1.56353891839,10.1208307846
6.354124,-0.958660249627,-1.54521833378,9.92252724682,1.49945281795,4.00110802843,10.3028600402
6.35579,-0.681791511626,-2.27358138131,9.83176549635,1.53481193469,3.54143951085,11.3563543574
6.357456,-1.05094982896,-1.72674183472,9.96790812205,1.49945281795,2.02320743597,11.4291660597
6.359122,-1.37396335663,0.224635800405,9.87714637158,1.28729811753,-0.0629804515047,11.4291660597
6.360788,-1.2816737773,1.495300307,11.2385726286,1.18122076732,-0.593367202557,12.0116596778
6.362454,-0.912515459961,2.35753693647,12.46385626,1.32265723427,-1.15690312555,12.7397767004
6.36412,-1.18938419796,2.94748831453,11.2839535039,0.9690660669,-0.0629804515047,11.5019777619
6.365786,-1.18938419796,3.17439269071,11.4200961296,1.07514341711,0.396688066074,11.3199485063
6.367452,-0.958660249627,2.76596481359,11.3747152544,1.53481193469,1.59889803512,11.247136804
6.369118,-0.77408109096,2.03987080982,10.5124786249,1.67624840164,2.65967153723,10.6669185515
6.370784,-0.451067563292,1.40453855653,10.9662873772,1.57017105143,1.88177096902,11.6476011664
6.37245,-0.820225880627,1.44991943176,10.5124786249,1.49945281795,1.6696162686,11.0287016972
6.374116,-1.23552898763,2.44829868694,10.2401933735,1.18122076732,1.45746156818,11.1743251017
6.375782,-1.09709461863,3.35591619165,11.0570491277,0.933706950163,1.10387040081,11.6476011664
6.377448,-0.912515459961,3.26515444118,11.6016196305,0.9690660669,-0.451930735609,11.9024421244
6.379114,-1.09709461863,2.35753693647,10.9662873772,0.9690660669,-0.770162786241,11.4655719108
6.38078,-1.23552898763,0.633063677524,10.4217168744,1.11050253385,-0.628726319293,10.9581653606
6.382446,-0.958660249627,-0.773743454774,10.0132889973,1.49945281795,1.20994775102,10.7033244027
6.384112,-0.727936301293,-1.68136095948,9.19643324305,1.67624840164,2.76353894264,10.4848892959
6.385778,-0.635646721959,-2.1374387556,9.37795674399,1.6408892849,1.91713008576,10.7033244027
6.387444,-0.635646721959,-1.27293308236,9.46871849446,1.57017105143,1.24530686776,10.4120775936
6.38911,-0.866370670294,-0.31993470242,9.69562287064,1.39337546774,0.714920116705,10.4848892959
6.390776,-0.727936301293,0.678444552759,10.149431623,1.35801635101,0.644201883231,11.1015133995
6.392442,-0.681791511626,2.03987080982,9.96790812205,1.35801635101,1.20994775102,11.2835426551
6.394108,-0.635646721959,2.03987080982,10.5124786249,1.6408892849,2.20000301965,11.1743251017
6.395774,-0.497212352959,0.905348928936,11.0116682525,1.60553016816,2.79889805938,11.3199485063
6.39744,-0.589501932292,-0.00226857577218,10.6032403753,1.60553016816,3.04641187654,11.4655719108
6.399106,-0.77408109096,-0.365315577656,10.1948124982,1.71160751837,2.44751683681,11.9752538266
6.400772,-0.912515459961,-0.81912433001,10.0132889973,1.57017105143,1.45746156818,11.3563543574
6.402438,-0.912515459961,-0.093030326243,9.69562287064,1.42873458448,1.56353891839,10.9922958461
6.404104,-0.912515459961,0.678444552759,10.1948124982,1.35801635101,1.45746156818,11.3563543574
6.40577,-0.77408109096,1.99448993459,10.6032403753,1.49945281795,0.644201883231,11.8296304221
6.407436,-0.866370670294,3.08363094024,10.6032403753,1.57017105143,0.785638350178,11.2835426551
6.409102,-0.451067563292,3.49205881736,10.8301447515,1.71160751837,1.63425715186,11.0651075483
6.410768,-0.451067563292,2.31215606123,11.0116682525,1.74696663511,1.84641185228,11.3563543574
6.412434,-0.451067563292,0.496921051817,10.9662873772,1.67624840164,2.23536213639,11.2107309529
6.4141,-0.866370670294,-0.456077328126,9.78638462111,1.6408892849,2.23536213639,11.1743251017
6.415766,-1.05094982896,-0.0476494510076,9.46871849446,1.46409370122,1.63425715186,10.9581653606
6.417432,-0.681791511626,1.35915768129,9.78638462111,1.28729811753,0.856356583652,10.9217595095
6.419098,-0.681791511626,1.81296643364,9.60486112017,1.18122076732,-0.66408543603,10.6305127004
6.420764,-0.866370670294,1.22301505558,9.37795674399,1.18122076732,-1.72264899334,10.230048338
6.42243,-0.958660249627,0.17925492517,9.19643324305,1.18122076732,-0.66408543603,9.31990205962
6.424096,-0.820225880627,0.133874049934,9.06029061734,1.35801635101,1.28066598449,10.0844249334
6.425762,-0.589501932292,0.224635800405,10.1040507478,1.60553016816,1.31602510123,11.2107309529
6.427428,-0.589501932292,-0.546839078597,10.6032403753,1.74696663511,1.13922951755,10.9922958461
6.429094,-0.820225880627,-0.592219953833,10.0586698725,1.67624840164,0.997793050599,10.5941068493
6.43076,-0.589501932292,0.451540176582,9.92252724682,1.6408892849,1.49282068491,10.6305127004
6.432426,-0.497212352959,1.94910905935,10.3309551239,1.67624840164,1.59889803512,11.0287016972
6.434092,-0.312633194291,2.94748831453,10.9662873772,1.71160751837,0.573483649758,11.3199485063
6.435758,-0.497212352959,2.85672656406,10.8755256268,1.49945281795,0.21989248239,10.5941068493
6.437424,-0.635646721959,2.08525168506,10.0586698725,1.46409370122,0.502765416284,10.0480190823
6.43909,-0.635646721959,1.22301505558,9.96790812205,1.39337546774,1.42210245144,10.3756717425
6.440756,-0.820225880627,0.0431122994632,10.4217168744,1.60553016816,1.49282068491,10.9922958461
6.442422,-0.866370670294,-0.229172951949,10.1948124982,1.49945281795,0.997793050599,10.9922958461
6.444088,-0.958660249627,0.950729804172,9.78638462111,1.28729811753,0.538124533021,10.4848892959
6.445754,-0.912515459961,2.44829868694,9.96790812205,1.35801635101,0.290610715863,10.6305127004
6.44742,-0.727936301293,3.31053531641,10.2401933735,1.39337546774,0.573483649758,10.7397302538
6.449086,-0.589501932292,2.85672656406,10.2401933735,1.46409370122,0.820997466915,10.7397302538
6.450752,-0.404922773625,1.72220468317,10.149431623,1.53481193469,1.13922951755,9.90239567775
6.452418,-0.451067563292,0.905348928936,9.46871849446,1.57017105143,1.74033450207,9.46552546415
6.454084,-0.451067563292,0.0431122994632,9.37795674399,1.78232575185,1.84641185228,9.82958397549
6.45575,-0.404922773625,-0.592219953833,9.46871849446,1.85304398532,1.42210245144,10.3028600402
6.457416,-0.312633194291,-0.637600829068,9.5140993697,1.78232575185,0.820997466915,10.3392658914
6.459082,-0.358777983958,-0.637600829068,9.74100374588,1.74696663511,0.538124533021,10.3392658914
6.460748,-0.404922773625,-0.274553827185,10.0132889973,1.81768486858,0.290610715863,10.6305127004
6.462414,-0.404922773625,-0.093030326243,10.4217168744,1.85304398532,1.35138421797,10.8125419561
6.46408,-0.497212352959,-0.456077328126,10.4670977496,1.67624840164,1.31602510123,11.0651075483
6.465746,-0.635646721959,-0.81912433001,10.149431623,1.6408892849,1.45746156818,10.7761361049
6.467412,-0.543357142626,-0.773743454774,9.92252724682,1.71160751837,2.0585665527,10.3028600402
6.469078,-0.543357142626,-0.501458203362,9.74100374588,1.85304398532,2.76353894264,10.2664541891
6.470744,-0.358777983958,-0.274553827185,10.0132889973,1.81768486858,3.15248922675,10.4848892959
6.47241,-0.128054035624,0.315397550876,10.2855742487,1.81768486858,2.48287595354,10.521295147
6.474076,-0.312633194291,1.08687242988,10.1948124982,1.67624840164,1.13922951755,10.5941068493
6.475742,-0.451067563292,1.58606205747,10.5124786249,1.6408892849,0.820997466915,10.4120775936
6.477408,-0.589501932292,1.495300307,10.5124786249,1.60553016816,1.20994775102,10.5941068493
6.479074,-0.77408109096,0.996110679407,10.3309551239,1.46409370122,0.997793050599,10.8125419561
6.48074,-0.681791511626,0.633063677524,10.3309551239,1.46409370122,0.538124533021,10.8853536583
6.482406,-0.820225880627,0.315397550876,10.1948124982,1.42873458448,0.467406299547,10.6305127004
6.484072,-0.912515459961,0.542301927053,10.0586698725,1.49945281795,0.608842766494,10.521295147
6.485738,-0.820225880627,1.17763418035,9.96790812205,1.32265723427,0.644201883231,10.5941068493
6.487404,-0.912515459961,1.72220468317,9.92252724682,1.18122076732,-0.0983395682415,10.7397302538
6.48907,-0.958660249627,2.13063256029,9.96790812205,1.18122076732,-0.381212502136,10.6305127004
6.490736,-0.958660249627,2.03987080982,10.149431623,1.14586165058,0.0077377819689,10.3756717425
6.492402,-0.820225880627,1.81296643364,10.2401933735,1.28729811753,0.361328949337,10.7033244027
6.494068,-0.77408109096,1.17763418035,10.4217168744,1.35801635101,0.0784560154425,10.9922958461
6.495734,-0.727936301293,0.406159301347,10.5124786249,1.42873458448,-0.0983395682415,10.9922958461
6.4974,-0.77408109096,-0.0476494510076,10.2855742487,1.49945281795,-0.204416918452,10.9922958461
6.499066,-0.77408109096,-0.183792076714,10.2855742487,1.46409370122,0.396688066074,10.9217595095
6.500732,-0.912515459961,0.17925492517,10.1948124982,1.28729811753,0.785638350178,11.247136804
6.502398,-0.958660249627,0.723825427995,10.0586698725,1.18122076732,0.644201883231,11.2107309529
6.504064,-1.09709461863,0.814587178465,10.0132889973,1.07514341711,0.21989248239,10.8489478072
6.50573,-1.18938419796,0.723825427995,9.74100374588,0.933706950163,0.820997466915,10.4848892959
6.507396,-1.2816737773,0.542301927053,9.60486112017,0.933706950163,1.56353891839,10.521295147
6.509062,-1.37396335663,0.678444552759,9.60486112017,0.933706950163,2.09392566944,10.7761361049
6.510728,-1.2816737773,0.905348928936,9.87714637158,0.933706950163,2.23536213639,11.2835426551
6.512394,-1.2816737773,0.950729804172,10.149431623,1.00442518364,2.16464390291,11.3563543574
6.51406,-1.2816737773,0.633063677524,10.1040507478,1.11050253385,2.16464390291,11.4291660597
6.515726,-1.32781856696,0.542301927053,9.87714637158,1.07514341711,1.49282068491,11.5747894642
6.517392,-1.2816737773,0.814587178465,9.96790812205,1.07514341711,1.10387040081,11.5019777619
6.519058,-1.18938419796,0.814587178465,10.2401933735,1.07514341711,0.962433933862,11.3563543574
6.520724,-1.05094982896,0.587682802288,10.2855742487,1.11050253385,1.06851128407,11.2835426551
6.52239,-1.09709461863,0.0884931746987,10.0132889973,1.07514341711,1.24530686776,11.3563543574
6.524056,-1.18938419796,-0.138411201478,9.74100374588,1.18122076732,1.28066598449,11.2835426551
6.525722,-1.18938419796,0.0884931746987,9.60486112017,1.07514341711,1.28066598449,11.1743251017
6.527388,-1.18938419796,0.27001667564,9.87714637158,1.00442518364,1.56353891839,11.0651075483
6.529054,-1.09709461863,0.224635800405,10.0132889973,1.03978430037,1.31602510123,11.3563543574
6.53072,-1.2816737773,0.17925492517,9.74100374588,0.9690660669,0.856356583652,11.4291660597
6.532386,-1.23552898763,0.406159301347,9.83176549635,0.9690660669,0.927074817126,11.3563543574
6.534052,-1.09709461863,0.633063677524,10.0586698725,1.03978430037,0.927074817126,11.247136804
6.535718,-1.09709461863,0.133874049934,10.149431623,1.18122076732,1.20994775102,11.1743251017
6.537384,-1.14323940829,-0.637600829068,10.0132889973,1.18122076732,1.42210245144,11.1015133995
6.53905,-1.23552898763,-0.546839078597,9.55948024493,1.14586165058,1.35138421797,10.9922958461
6.540716,-1.14323940829,0.0431122994632,9.78638462111,1.18122076732,1.74033450207,10.8489478072
6.542382,-1.05094982896,0.406159301347,10.2401933735,1.21657988406,1.88177096902,10.9581653606
6.544048,-1.00480503929,0.633063677524,10.3309551239,1.11050253385,1.35138421797,11.3563543574
6.545714,-1.05094982896,0.587682802288,10.3309551239,1.21657988406,1.06851128407,11.1743251017
6.54738,-1.09709461863,0.723825427995,10.2401933735,1.18122076732,1.31602510123,10.9217595095
6.549046,-0.958660249627,1.22301505558,10.3763359992,1.28729811753,1.59889803512,10.9922958461
6.550712,-0.958660249627,1.31377680606,10.6486212506,1.25193900079,1.81105273555,11.1743251017
6.552378,-0.958660249627,1.04149155464,10.5578595001,1.21657988406,1.24530686776,11.1015133995
6.554044,-1.00480503929,0.905348928936,10.1948124982,1.21657988406,0.785638350178,10.7761361049
6.55571,-0.958660249627,1.04149155464,10.1040507478,1.28729811753,0.644201883231,10.6305127004
6.557376,-0.912515459961,1.22301505558,10.2855742487,1.21657988406,0.679560999968,10.9217595095
6.559042,-0.912515459961,1.35915768129,10.3309551239,1.28729811753,0.0784560154425,11.0287016972
6.560708,-0.866370670294,1.495300307,10.2401933735,1.28729811753,-0.345853385399,10.8125419561
6.562374,-0.866370670294,1.54068118223,10.1948124982,1.32265723427,-0.310494268662,10.521295147
6.56404,-0.820225880627,1.35915768129,10.3309551239,1.35801635101,0.255251599126,10.521295147
6.565706,-0.77408109096,1.22301505558,10.3309551239,1.32265723427,0.573483649758,10.7397302538
6.567372,-0.820225880627,0.950729804172,10.2401933735,1.21657988406,0.538124533021,10.7033244027
6.569038,-0.912515459961,0.678444552759,10.0586698725,1.21657988406,0.0784560154425,10.4484834448
6.570704,-0.958660249627,0.905348928936,9.92252724682,1.28729811753,0.21989248239,10.4120775936
6.57237,-0.958660249627,1.04149155464,10.1040507478,1.25193900079,0.750279233442,10.5577009981
6.574036,-1.00480503929,1.04149155464,10.1040507478,1.18122076732,0.962433933862,10.7033244027
6.575702,-0.912515459961,1.17763418035,10.0586698725,1.25193900079,0.927074817126,10.7397302538
6.577368,-0.820225880627,0.905348928936,10.1948124982,1.35801635101,1.35138421797,10.5577009981
6.579034,-0.866370670294,0.451540176582,10.149431623,1.39337546774,1.84641185228,10.5941068493
6.5807,-0.727936301293,0.315397550876,10.149431623,1.49945281795,2.44751683681,10.7761361049
6.582366,-0.681791511626,0.360778426111,10.2401933735,1.53481193469,2.51823507028,10.9217595095
6.584032,-0.727936301293,0.406159301347,10.1040507478,1.60553016816,2.30608036986,10.8125419561
6.585698,-0.681791511626,0.496921051817,10.0132889973,1.57017105143,2.12928478618,10.6305127004
6.587364,-0.681791511626,0.406159301347,10.1040507478,1.49945281795,1.98784831923,10.5941068493
6.58903,-0.681791511626,0.27001667564,9.92252724682,1.49945281795,1.77569361881,10.7397302538
6.590696,-0.77408109096,0.0884931746987,9.78638462111,1.49945281795,1.56353891839,10.7397302538
6.592362,-0.77408109096,-0.093030326243,9.78638462111,1.32265723427,1.49282068491,10.6305127004
6.594028,-0.820225880627,-0.229172951949,9.74100374588,1.39337546774,1.59889803512,10.5577009981
6.595694,-0.820225880627,-0.274553827185,9.74100374588,1.35801635101,1.59889803512,10.6669185515
6.59736,-0.820225880627,0.133874049934,9.83176549635,1.28729811753,1.35138421797,10.7761361049
6.599026,-0.912515459961,0.723825427995,9.74100374588,1.28729811753,1.06851128407,10.7761361049
6.600692,-0.912515459961,1.22301505558,9.87714637158,1.18122076732,1.17458863428,10.6305127004
6.602358,-0.912515459961,1.44991943176,9.83176549635,1.25193900079,1.13922951755,10.9217595095
6.604024,-0.912515459961,1.17763418035,9.87714637158,1.28729811753,1.06851128407,10.9581653606
6.60569,-0.958660249627,0.678444552759,9.78638462111,1.35801635101,0.644201883231,10.8853536583
6.607356,-0.820225880627,0.950729804172,9.83176549635,1.32265723427,0.573483649758,10.7033244027
6.609022,-0.820225880627,0.496921051817,10.1040507478,1.32265723427,1.06851128407,10.6305127004
6.610688,-1.00480503929,0.17925492517,10.1040507478,1.35801635101,0.927074817126,11.1743251017
6.612354,-0.958660249627,0.496921051817,9.87714637158,1.35801635101,0.467406299547,11.247136804
6.61402,-0.958660249627,0.905348928936,10.149431623,1.32265723427,0.785638350178,10.8853536583
6.615686,-0.866370670294,1.26839593082,10.4217168744,1.35801635101,0.750279233442,10.9581653606
6.617352,-0.820225880627,1.495300307,10.3763359992,1.35801635101,0.644201883231,11.2107309529
6.619018,-0.866370670294,1.22301505558,10.2401933735,1.35801635101,1.35138421797,10.7761361049
6.620684,-0.820225880627,0.950729804172,10.0132889973,1.49945281795,1.45746156818,10.5941068493
6.62235,-0.866370670294,1.22301505558,9.78638462111,1.35801635101,1.56353891839,10.5941068493
6.624016,-0.681791511626,1.31377680606,9.96790812205,1.42873458448,1.88177096902,10.521295147
6.625682,-0.77408109096,1.04149155464,9.96790812205,1.35801635101,1.13922951755,10.8853536583
6.627348,-0.77408109096,1.08687242988,9.83176549635,1.39337546774,0.396688066074,10.9217595095
6.629014,-0.77408109096,0.950729804172,10.0586698725,1.32265723427,0.43204718281,10.6669185515
6.63068,-0.866370670294,0.859968053701,9.92252724682,1.28729811753,0.184533365653,10.6305127004
6.632346,-0.866370670294,0.950729804172,9.92252724682,1.35801635101,-0.275135151925,10.8125419561
6.634012,-0.820225880627,0.678444552759,10.1948124982,1.35801635101,0.0784560154425,10.6305127004
6.635678,-0.820225880627,0.360778426111,9.92252724682,1.49945281795,0.255251599126,10.7761361049
6.637344,-0.912515459961,0.76920630323,9.78638462111,1.39337546774,0.573483649758,10.8489478072
6.63901,-0.77408109096,1.17763418035,10.0586698725,1.35801635101,0.997793050599,10.7033244027
6.640676,-0.866370670294,1.31377680606,10.1040507478,1.35801635101,0.856356583652,10.7761361049
6.642342,-0.820225880627,1.54068118223,9.87714637158,1.35801635101,0.361328949337,10.8125419561
6.644008,-0.727936301293,1.40453855653,10.0132889973,1.49945281795,1.06851128407,10.521295147
6.645674,-0.727936301293,0.905348928936,10.0586698725,1.49945281795,1.10387040081,10.8125419561
6.64734,-0.589501932292,1.04149155464,10.0586698725,1.57017105143,0.997793050599,11.0287016972
6.649006,-0.543357142626,0.678444552759,10.3309551239,1.60553016816,1.59889803512,10.7033244027
6.650672,-0.589501932292,0.0884931746987,10.4670977496,1.6408892849,1.35138421797,10.8853536583
6.652338,-0.635646721959,-0.00226857577218,9.96790812205,1.78232575185,1.3867433347,10.9922958461
6.654004,-0.589501932292,-0.093030326243,10.2855742487,1.71160751837,1.70497538534,10.8853536583
6.65567,-0.497212352959,0.224635800405,10.3763359992,1.60553016816,1.77569361881,10.8853536583
6.657336,-0.635646721959,0.496921051817,10.2855742487,1.60553016816,1.59889803512,10.8125419561
6.659002,-0.497212352959,0.451540176582,10.4217168744,1.6408892849,1.77569361881,10.7033244027
6.660668,-0.543357142626,0.27001667564,10.3763359992,1.57017105143,1.95248920249,10.8489478072
6.662334,-0.589501932292,0.27001667564,10.1948124982,1.6408892849,1.91713008576,10.8853536583
6.664,-0.543357142626,0.27001667564,10.3763359992,1.6408892849,2.02320743597,10.7397302538
6.665666,-0.589501932292,-0.093030326243,10.5124786249,1.60553016816,1.49282068491,10.8125419561
6.667332,-0.681791511626,-0.183792076714,10.1948124982,1.60553016816,1.06851128407,10.9217595095
6.668998,-0.681791511626,-0.0476494510076,10.2401933735,1.49945281795,0.927074817126,10.7397302538
6.670664,-0.727936301293,0.27001667564,10.3309551239,1.46409370122,0.608842766494,10.8853536583
6.67233,-0.77408109096,0.496921051817,10.2855742487,1.49945281795,0.255251599126,10.8125419561
6.673996,-0.681791511626,0.496921051817,10.4217168744,1.60553016816,0.184533365653,10.7033244027
6.675662,-0.681791511626,0.451540176582,10.2855742487,1.49945281795,0.608842766494,10.5941068493
6.677328,-0.727936301293,0.76920630323,10.0586698725,1.49945281795,0.820997466915,10.6305127004
6.678994,-0.635646721959,1.22301505558,10.3309551239,1.57017105143,0.927074817126,10.7397302538
6.68066,-0.589501932292,1.35915768129,10.6940021258,1.60553016816,0.820997466915,10.7761361049
6.682326,-0.681791511626,1.35915768129,10.5124786249,1.53481193469,0.714920116705,10.8853536583
6.683992,-0.681791511626,1.40453855653,10.5578595001,1.53481193469,0.714920116705,10.8853536583
6.685658,-0.727936301293,1.35915768129,10.6940021258,1.49945281795,0.820997466915,10.9922958461
6.687324,-0.820225880627,1.44991943176,10.6032403753,1.46409370122,0.467406299547,11.2107309529
6.68899,-0.727936301293,1.35915768129,10.6940021258,1.49945281795,0.361328949337,10.9922958461
6.690656,-0.77408109096,0.859968053701,10.6486212506,1.39337546774,0.538124533021,10.7397302538
6.692322,-0.77408109096,0.542301927053,10.3763359992,1.49945281795,0.856356583652,10.9217595095
6.693988,-0.727936301293,0.633063677524,10.4217168744,1.46409370122,1.20994775102,10.9581653606
6.695654,-0.77408109096,0.633063677524,10.3763359992,1.49945281795,1.28066598449,10.8489478072
6.69732,-0.77408109096,0.76920630323,10.3309551239,1.46409370122,1.10387040081,10.8853536583
6.698986,-0.77408109096,0.950729804172,10.2855742487,1.39337546774,1.10387040081,10.7761361049
6.700652,-0.77408109096,0.996110679407,10.2401933735,1.42873458448,1.35138421797,10.8853536583
6.702318,-0.77408109096,0.905348928936,10.149431623,1.42873458448,1.31602510123,10.9217595095
6.703984,-0.727936301293,0.814587178465,10.1948124982,1.53481193469,1.35138421797,10.9217595095
6.70565,-0.77408109096,0.587682802288,10.1040507478,1.35801635101,1.31602510123,10.7761361049
6.707316,-0.820225880627,0.27001667564,10.0586698725,1.32265723427,1.20994775102,10.7761361049
6.708982,-0.958660249627,0.0431122994632,9.87714637158,1.32265723427,1.20994775102,10.9217595095
6.710648,-0.958660249627,0.224635800405,9.83176549635,1.32265723427,0.962433933862,10.9922958461
6.712314,-1.00480503929,0.542301927053,9.92252724682,1.21657988406,0.891715700389,11.0651075483
6.71398,-1.00480503929,0.76920630323,10.0132889973,1.28729811753,0.927074817126,11.0651075483
6.715646,-0.912515459961,1.04149155464,10.1040507478,1.25193900079,1.28066598449,11.0651075483
6.717312,-0.958660249627,1.08687242988,10.0132889973,1.28729811753,1.49282068491,11.1379192506
6.718978,-1.00480503929,1.04149155464,10.0132889973,1.28729811753,1.56353891839,11.2107309529
6.720644,-1.00480503929,1.08687242988,10.149431623,1.18122076732,1.6696162686,11.0651075483
6.72231,-1.05094982896,0.859968053701,10.149431623,1.21657988406,1.88177096902,11.2107309529
6.723976,-1.09709461863,0.950729804172,10.1040507478,1.18122076732,1.81105273555,11.3199485063
6.725642,-1.14323940829,0.950729804172,10.1040507478,1.21657988406,1.63425715186,11.2835426551
6.727308,-1.18938419796,1.04149155464,10.0586698725,1.14586165058,1.35138421797,11.3563543574
6.728974,-1.09709461863,1.08687242988,10.1948124982,1.07514341711,1.20994775102,11.247136804
6.73064,-1.18938419796,0.723825427995,10.149431623,1.07514341711,1.42210245144,11.2835426551
6.732306,-1.23552898763,0.496921051817,10.0132889973,1.07514341711,1.56353891839,11.3563543574
6.733972,-1.18938419796,0.406159301347,9.92252724682,1.07514341711,1.49282068491,11.2107309529
6.735638,-1.18938419796,0.360778426111,10.0132889973,1.11050253385,1.49282068491,11.1743251017
6.737304,-1.09709461863,0.496921051817,9.96790812205,1.11050253385,1.45746156818,11.0651075483
6.73897,-1.09709461863,0.633063677524,9.87714637158,1.21657988406,1.42210245144,11.0651075483
6.740636,-1.14323940829,0.723825427995,9.83176549635,1.11050253385,1.31602510123,11.0651075483
6.742302,-1.09709461863,1.04149155464,9.83176549635,1.07514341711,1.06851128407,10.9581653606
6.743968,-1.14323940829,1.22301505558,9.92252724682,1.03978430037,1.03315216734,10.9922958461
6.745634,-1.14323940829,1.13225330511,10.0132889973,1.07514341711,1.10387040081,11.0287016972
6.7473,-1.23552898763,0.905348928936,9.92252724682,0.9690660669,0.997793050599,11.1015133995
6.748966,-1.18938419796,0.950729804172,9.96790812205,1.07514341711,0.891715700389,11.1015133995
6.750632,-1.14323940829,1.08687242988,10.0586698725,1.07514341711,0.927074817126,11.0287016972
6.752298,-1.23552898763,1.22301505558,10.0132889973,1.03978430037,0.927074817126,11.0651075483
6.753964,-1.18938419796,1.44991943176,10.1040507478,1.07514341711,0.997793050599,11.1379192506
6.75563,-1.18938419796,1.6314429327,10.149431623,1.00442518364,0.927074817126,10.9922958461
6.757296,-1.09709461863,1.85834730888,10.149431623,1.03978430037,0.997793050599,11.0651075483
6.758962,-1.09709461863,1.72220468317,10.1948124982,1.07514341711,1.13922951755,10.9922958461
6.760628,-1.14323940829,1.44991943176,10.1948124982,1.14586165058,1.35138421797,10.9581653606
6.762294,-1.09709461863,1.31377680606,10.0586698725,1.18122076732,1.3867433347,11.1015133995
6.76396,-1.00480503929,1.13225330511,10.1948124982,1.21657988406,1.45746156818,10.9581653606
6.765626,-0.958660249627,0.814587178465,10.2855742487,1.28729811753,1.56353891839,10.9922958461
6.767292,-1.00480503929,0.723825427995,10.1948124982,1.28729811753,1.56353891839,11.0651075483
6.768958,-0.912515459961,0.723825427995,10.2401933735,1.35801635101,1.56353891839,11.0287016972
6.770624,-0.866370670294,0.723825427995,10.2401933735,1.35801635101,1.59889803512,10.8853536583
6.77229,-0.912515459961,0.633063677524,10.149431623,1.28729811753,1.63425715186,10.7761361049
6.773956,-0.820225880627,0.451540176582,10.149431623,1.35801635101,1.81105273555,10.7033244027
6.775622,-0.820225880627,0.27001667564,10.0132889973,1.39337546774,1.88177096902,10.7033244027
6.777288,-0.820225880627,0.0884931746987,9.87714637158,1.35801635101,1.88177096902,10.8125419561
6.778954,-0.820225880627,0.133874049934,9.96790812205,1.46409370122,1.88177096902,10.7033244027
6.78062,-0.77408109096,0.27001667564,10.0586698725,1.42873458448,1.98784831923,10.6669185515
6.782286,-0.77408109096,0.406159301347,10.149431623,1.46409370122,1.77569361881,10.8489478072
6.783952,-0.820225880627,0.496921051817,10.2401933735,1.46409370122,1.59889803512,10.8853536583
6.785618,-0.820225880627,0.542301927053,10.2401933735,1.39337546774,1.3867433347,10.7761361049
6.787284,-0.866370670294,0.678444552759,10.1948124982,1.39337546774,1.3867433347,10.8125419561
6.78895,-0.866370670294,0.723825427995,10.2401933735,1.46409370122,1.42210245144,10.7761361049
6.790616,-0.820225880627,0.814587178465,10.2855742487,1.42873458448,1.52817980165,10.9217595095
6.792282,-0.820225880627,0.905348928936,10.1948124982,1.46409370122,1.42210245144,10.7761361049
6.793948,-0.820225880627,1.04149155464,10.1948124982,1.39337546774,1.42210245144,10.6305127004
6.795614,-0.77408109096,1.13225330511,10.2855742487,1.39337546774,1.45746156818,10.7397302538
6.79728,-0.820225880627,1.17763418035,10.3309551239,1.39337546774,1.28066598449,10.9217595095
6.798946,-0.866370670294,1.17763418035,10.2855742487,1.32265723427,0.891715700389,10.9581653606
6.800612,-0.866370670294,1.13225330511,10.3309551239,1.39337546774,0.856356583652,10.8853536583
6.802278,-0.866370670294,0.996110679407,10.4217168744,1.35801635101,0.820997466915,10.9217595095
6.803944,-0.820225880627,0.905348928936,10.3763359992,1.49945281795,0.891715700389,10.9922958461
6.80561,-0.77408109096,0.76920630323,10.4670977496,1.49945281795,0.820997466915,11.0651075483
6.807276,-0.77408109096,0.542301927053,10.3763359992,1.46409370122,0.750279233442,10.8853536583
6.808942,-0.77408109096,0.542301927053,10.2401933735,1.46409370122,0.785638350178,10.8853536583
6.810608,-0.727936301293,0.723825427995,10.2401933735,1.46409370122,0.997793050599,10.8489478072
6.812274,-0.77408109096,0.723825427995,10.2401933735,1.35801635101,0.997793050599,10.9922958461
6.81394,-0.820225880627,0.723825427995,10.149431623,1.42873458448,0.785638350178,10.8125419561
6.815606,-0.727936301293,0.859968053701,10.1948124982,1.39337546774,0.714920116705,10.7761361049
6.817272,-0.820225880627,0.678444552759,10.1040507478,1.39337546774,0.820997466915,10.7761361049
6.818938,-0.866370670294,0.678444552759,10.0586698725,1.42873458448,0.927074817126,10.9217595095
6.820604,-0.866370670294,0.678444552759,10.149431623,1.32265723427,0.891715700389,10.8489478072
6.82227,-0.820225880627,0.633063677524,10.1948124982,1.35801635101,0.820997466915,10.8853536583
6.823936,-0.866370670294,0.542301927053,10.0586698725,1.35801635101,0.679560999968,10.8853536583
6.825602,-0.866370670294,0.633063677524,10.0132889973,1.46409370122,0.785638350178,11.0287016972
6.827268,-0.866370670294,0.723825427995,10.0586698725,1.39337546774,0.785638350178,11.0287016972
6.828934,-0.866370670294,0.859968053701,10.0586698725,1.35801635101,0.750279233442,10.9217595095
6.8306,-0.820225880627,1.04149155464,10.0586698725,1.35801635101,0.820997466915,10.9217595095
6.832266,-0.820225880627,0.996110679407,10.0586698725,1.46409370122,0.997793050599,10.9581653606
6.833932,-0.820225880627,0.814587178465,10.0586698725,1.53481193469,1.13922951755,11.0651075483
6.835598,-0.77408109096,0.76920630323,10.0132889973,1.46409370122,1.03315216734,11.0287016972
6.837264,-0.727936301293,0.633063677524,10.1040507478,1.42873458448,1.03315216734,10.9581653606
6.83893,-0.77408109096,0.451540176582,10.1040507478,1.42873458448,0.927074817126,11.0287016972
6.840596,-0.820225880627,0.360778426111,10.0132889973,1.46409370122,0.891715700389,11.1015133995
6.842262,-0.77408109096,0.315397550876,10.0586698725,1.35801635101,0.785638350178,11.1015133995
6.843928,-0.77408109096,0.27001667564,10.0132889973,1.42873458448,0.820997466915,10.9922958461
6.845594,-0.77408109096,0.27001667564,9.96790812205,1.46409370122,0.785638350178,10.9922958461
6.84726,-0.727936301293,0.133874049934,9.96790812205,1.49945281795,0.997793050599,10.8853536583
6.848926,-0.77408109096,0.0431122994632,9.87714637158,1.49945281795,1.06851128407,10.8853536583
6.850592,-0.589501932292,0.27001667564,9.96790812205,1.49945281795,1.06851128407,10.7397302538
6.852258,-0.635646721959,0.17925492517,9.92252724682,1.53481193469,1.17458863428,10.7397302538
6.853924,-0.727936301293,0.17925492517,9.87714637158,1.53481193469,1.13922951755,10.7033244027
6.85559,-0.681791511626,0.360778426111,9.83176549635,1.60553016816,1.06851128407,10.7033244027
6.857256,-0.681791511626,0.451540176582,9.92252724682,1.49945281795,1.03315216734,10.6305127004
6.858922,-0.727936301293,0.451540176582,9.92252724682,1.46409370122,0.785638350178,10.5941068493
6.860588,-0.727936301293,0.451540176582,9.87714637158,1.46409370122,0.608842766494,10.6669185515
6.862254,-0.681791511626,0.451540176582,10.0132889973,1.49945281795,0.573483649758,10.6305127004
6.86392,-0.727936301293,0.360778426111,10.0132889973,1.53481193469,0.679560999968,10.7397302538
6.865586,-0.727936301293,0.496921051817,9.96790812205,1.53481193469,0.608842766494,10.6669185515
6.867252,-0.681791511626,0.678444552759,10.0586698725,1.49945281795,0.538124533021,10.6305127004
6.868918,-0.589501932292,0.950729804172,10.1948124982,1.49945281795,0.467406299547,10.5941068493
6.870584,-0.635646721959,1.04149155464,10.2401933735,1.53481193469,0.538124533021,10.6305127004
6.87225,-0.727936301293,1.04149155464,10.1948124982,1.46409370122,0.467406299547,10.521295147
6.873916,-0.727936301293,0.996110679407,10.149431623,1.49945281795,0.502765416284,10.5941068493
6.875582,-0.727936301293,0.996110679407,10.149431623,1.46409370122,0.43204718281,10.5577009981
6.877248,-0.589501932292,1.08687242988,10.2855742487,1.57017105143,0.396688066074,10.521295147
6.878914,-0.635646721959,0.723825427995,10.2401933735,1.49945281795,0.361328949337,10.521295147
6.88058,-0.635646721959,0.406159301347,10.149431623,1.49945281795,0.290610715863,10.521295147
6.882246,-0.681791511626,0.27001667564,10.0586698725,1.53481193469,0.396688066074,10.4848892959
6.883912,-0.681791511626,0.27001667564,10.0586698725,1.53481193469,0.573483649758,10.4848892959
6.885578,-0.589501932292,0.451540176582,10.149431623,1.46409370122,0.785638350178,10.5577009981
6.887244,-0.635646721959,0.406159301347,10.1040507478,1.53481193469,0.750279233442,10.4484834448
6.88891,-0.635646721959,0.315397550876,10.0132889973,1.49945281795,0.856356583652,10.3756717425
6.890576,-0.681791511626,0.360778426111,9.87714637158,1.57017105143,1.06851128407,10.3028600402
6.892242,-0.635646721959,0.496921051817,9.87714637158,1.53481193469,1.20994775102,10.3392658914
6.893908,-0.635646721959,0.496921051817,9.92252724682,1.46409370122,1.3867433347,10.230048338
6.895574,-0.681791511626,0.27001667564,9.87714637158,1.49945281795,1.3867433347,10.3392658914
6.89724,-0.681791511626,0.224635800405,9.78638462111,1.53481193469,1.31602510123,10.3392658914
6.898906,-0.681791511626,0.27001667564,9.83176549635,1.57017105143,1.35138421797,10.4120775936
6.900572,-0.727936301293,0.17925492517,9.87714637158,1.49945281795,1.24530686776,10.4484834448
6.902238,-0.681791511626,0.315397550876,9.96790812205,1.46409370122,1.17458863428,10.4484834448
6.903904,-0.681791511626,0.360778426111,9.96790812205,1.39337546774,1.13922951755,10.4848892959
6.90557,-0.727936301293,0.360778426111,9.96790812205,1.42873458448,1.13922951755,10.521295147
6.907236,-0.727936301293,0.542301927053,9.96790812205,1.32265723427,1.17458863428,10.4484834448
6.908902,-0.77408109096,0.587682802288,9.92252724682,1.35801635101,1.35138421797,10.5941068493
6.910568,-0.820225880627,0.587682802288,9.87714637158,1.35801635101,1.35138421797,10.5577009981
6.912234,-0.866370670294,0.542301927053,9.87714637158,1.49945281795,1.35138421797,10.6305127004
6.9139,-0.866370670294,0.633063677524,9.83176549635,1.35801635101,1.28066598449,10.6305127004
6.915566,-0.912515459961,0.633063677524,9.87714637158,1.28729811753,1.20994775102,10.6305127004
6.917232,-0.866370670294,0.633063677524,9.92252724682,1.28729811753,1.06851128407,10.7397302538
6.918898,-0.820225880627,0.678444552759,10.0586698725,1.28729811753,0.927074817126,10.7397302538
6.920564,-0.912515459961,0.451540176582,9.92252724682,1.21657988406,0.927074817126,10.8125419561
6.92223,-0.912515459961,0.406159301347,9.87714637158,1.28729811753,0.927074817126,10.7761361049
6.923896,-0.958660249627,0.496921051817,9.83176549635,1.28729811753,1.03315216734,10.7397302538
6.925562,-0.958660249627,0.587682802288,9.87714637158,1.28729811753,1.10387040081,10.7397302538
6.927228,-0.958660249627,0.587682802288,9.83176549635,1.28729811753,1.06851128407,10.7397302538
6.928894,-0.912515459961,0.678444552759,9.87714637158,1.18122076732,1.03315216734,10.5941068493
6.93056,-0.866370670294,0.76920630323,9.92252724682,1.21657988406,1.20994775102,10.7397302538
6.932226,-1.00480503929,0.859968053701,9.83176549635,1.21657988406,1.20994775102,10.8125419561
6.933892,-0.912515459961,1.13225330511,9.96790812205,1.21657988406,1.10387040081,10.8125419561
6.935558,-1.00480503929,1.08687242988,9.96790812205,1.21657988406,1.03315216734,10.8125419561
6.937224,-1.05094982896,0.996110679407,9.92252724682,1.18122076732,0.891715700389,10.8853536583
6.93889,-1.00480503929,0.950729804172,9.96790812205,1.11050253385,0.927074817126,10.9217595095
6.940556,-1.09709461863,0.859968053701,9.87714637158,1.14586165058,0.927074817126,11.0287016972
6.942222,-1.14323940829,0.950729804172,9.87714637158,1.07514341711,0.891715700389,11.1379192506
6.943888,-1.14323940829,1.04149155464,9.96790812205,1.14586165058,0.856356583652,11.0287016972
6.945554,-1.14323940829,1.04149155464,9.96790812205,1.07514341711,0.927074817126,10.9922958461
6.94722,-1.14323940829,1.13225330511,9.92252724682,1.07514341711,0.891715700389,11.1015133995
6.948886,-1.14323940829,1.26839593082,9.96790812205,1.14586165058,0.997793050599,11.1743251017
6.950552,-1.14323940829,1.22301505558,10.0586698725,1.07514341711,0.856356583652,11.1015133995
6.952218,-1.09709461863,1.08687242988,10.0586698725,1.14586165058,1.03315216734,11.1743251017
6.953884,-1.09709461863,0.996110679407,10.0586698725,1.18122076732,1.10387040081,11.2107309529
6.95555,-1.09709461863,0.905348928936,10.0586698725,1.25193900079,1.20994775102,11.2835426551
6.957216,-1.09709461863,0.814587178465,10.1040507478,1.21657988406,1.17458863428,11.2835426551
6.958882,-1.05094982896,0.678444552759,10.149431623,1.14586165058,1.17458863428,11.2107309529
6.960548,-1.05094982896,0.633063677524,10.0586698725,1.18122076732,1.28066598449,11.2835426551
6.962214,-1.05094982896,0.633063677524,10.0132889973,1.21657988406,1.3867433347,11.247136804
6.96388,-1.05094982896,0.678444552759,10.0132889973,1.18122076732,1.3867433347,11.1379192506
6.965546,-1.05094982896,0.76920630323,10.0586698725,1.21657988406,1.59889803512,11.1379192506
6.967212,-1.00480503929,0.633063677524,10.1040507478,1.28729811753,1.81105273555,11.1015133995
6.968878,-1.00480503929,0.542301927053,10.0586698725,1.35801635101,1.88177096902,11.1015133995
6.970544,-0.958660249627,0.587682802288,10.0132889973,1.32265723427,1.84641185228,11.1743251017
6.97221,-1.00480503929,0.633063677524,10.1040507478,1.28729811753,1.81105273555,11.0651075483
6.973876,-1.00480503929,0.678444552759,10.1948124982,1.28729811753,1.74033450207,11.2107309529
6.975542,-0.958660249627,0.678444552759,10.2401933735,1.32265723427,1.6696162686,11.2107309529
6.977208,-1.00480503929,0.678444552759,10.2855742487,1.28729811753,1.6696162686,11.3563543574
6.978874,-0.958660249627,0.76920630323,10.2855742487,1.32265723427,1.52817980165,11.3199485063
6.98054,-0.958660249627,0.859968053701,10.4217168744,1.32265723427,1.49282068491,11.247136804
6.982206,-0.912515459961,0.859968053701,10.5124786249,1.32265723427,1.3867433347,11.247136804
6.983872,-0.958660249627,0.905348928936,10.4217168744,1.35801635101,1.31602510123,11.2835426551
6.985538,-0.912515459961,0.996110679407,10.4670977496,1.32265723427,1.24530686776,11.1379192506
6.987204,-0.912515459961,1.13225330511,10.5578595001,1.35801635101,1.35138421797,11.2107309529
6.98887,-0.912515459961,1.13225330511,10.5124786249,1.39337546774,1.28066598449,11.247136804
6.990536,-0.866370670294,1.17763418035,10.5578595001,1.49945281795,1.24530686776,11.3563543574
6.992202,-0.77408109096,1.26839593082,10.6940021258,1.39337546774,1.06851128407,11.247136804
6.993868,-0.866370670294,1.08687242988,10.6486212506,1.39337546774,1.06851128407,11.1743251017
6.995534,-0.866370670294,1.04149155464,10.6032403753,1.42873458448,1.13922951755,11.2107309529
6.9972,-0.820225880627,1.08687242988,10.6486212506,1.46409370122,1.20994775102,11.2107309529
6.998866,-0.820225880627,1.13225330511,10.6486212506,1.39337546774,1.06851128407,11.1379192506
7.000532,-0.820225880627,1.13225330511,10.6486212506,1.46409370122,1.17458863428,11.1015133995
7.002198,-0.820225880627,1.04149155464,10.6032403753,1.46409370122,1.20994775102,11.0651075483
7.003864,-0.77408109096,1.04149155464,10.6032403753,1.57017105143,1.35138421797,11.0651075483
7.00553,-0.77408109096,1.08687242988,10.5578595001,1.49945281795,1.35138421797,11.1379192506
7.007196,-0.727936301293,1.17763418035,10.6486212506,1.46409370122,1.3867433347,10.9922958461
7.008862,-0.727936301293,1.04149155464,10.6032403753,1.53481193469,1.35138421797,11.0287016972
7.010528,-0.681791511626,0.950729804172,10.6032403753,1.57017105143,1.3867433347,11.0651075483
7.012194,-0.727936301293,0.859968053701,10.5578595001,1.49945281795,1.3867433347,11.1743251017
7.01386,-0.727936301293,0.905348928936,10.5124786249,1.57017105143,1.3867433347,11.1015133995
7.015526,-0.77408109096,0.950729804172,10.5578595001,1.57017105143,1.31602510123,11.0651075483
7.017192,-0.77408109096,0.950729804172,10.5578595001,1.49945281795,1.3867433347,11.0651075483
7.018858,-0.77408109096,0.950729804172,10.5124786249,1.57017105143,1.3867433347,11.1379192506
7.020524,-0.77408109096,0.996110679407,10.4670977496,1.46409370122,1.31602510123,11.0651075483
7.02219,-0.77408109096,0.996110679407,10.4670977496,1.49945281795,1.35138421797,11.1015133995
7.023856,-0.727936301293,0.996110679407,10.4217168744,1.49945281795,1.35138421797,11.1015133995
7.025522,-0.727936301293,0.950729804172,10.4217168744,1.6408892849,1.45746156818,11.1015133995
7.027188,-0.727936301293,0.905348928936,10.3763359992,1.53481193469,1.3867433347,11.0651075483
7.028854,-0.727936301293,0.905348928936,10.3309551239,1.49945281795,1.31602510123,11.0651075483
7.03052,-0.681791511626,0.950729804172,10.4217168744,1.49945281795,1.31602510123,11.0651075483
7.032186,-0.727936301293,0.859968053701,10.4217168744,1.53481193469,1.31602510123,11.1015133995
7.033852,-0.727936301293,0.814587178465,10.3309551239,1.49945281795,1.45746156818,11.2107309529
7.035518,-0.77408109096,0.76920630323,10.2855742487,1.49945281795,1.35138421797,11.1379192506
7.037184,-0.727936301293,0.814587178465,10.3309551239,1.49945281795,1.3867433347,10.9922958461
7.03885,-0.820225880627,0.814587178465,10.2401933735,1.49945281795,1.42210245144,11.0287016972
7.040516,-0.77408109096,0.814587178465,10.1948124982,1.46409370122,1.49282068491,11.0651075483
7.042182,-0.77408109096,0.814587178465,10.149431623,1.46409370122,1.45746156818,10.9217595095
7.043848,-0.77408109096,0.814587178465,10.149431623,1.49945281795,1.49282068491,10.9581653606
7.045514,-0.77408109096,0.814587178465,10.1040507478,1.49945281795,1.45746156818,10.9581653606
7.04718,-0.727936301293,0.814587178465,10.149431623,1.57017105143,1.52817980165,10.9922958461
7.048846,-0.681791511626,0.950729804172,10.1948124982,1.49945281795,1.35138421797,10.9581653606
7.050512,-0.77408109096,0.859968053701,10.1040507478,1.46409370122,1.13922951755,10.8853536583
7.052178,-0.77408109096,0.814587178465,10.1040507478,1.46409370122,1.06851128407,10.8853536583
7.053844,-0.77408109096,0.76920630323,10.1040507478,1.46409370122,1.03315216734,10.8853536583
7.05551,-0.820225880627,0.814587178465,10.0586698725,1.39337546774,1.03315216734,11.0651075483
7.057176,-0.820225880627,0.950729804172,10.1040507478,1.42873458448,0.962433933862,10.9217595095
7.058842,-0.77408109096,1.04149155464,10.1040507478,1.46409370122,0.891715700389,10.8853536583
7.060508,-0.77408109096,1.04149155464,10.1040507478,1.49945281795,0.820997466915,10.8853536583
7.062174,-0.77408109096,0.996110679407,10.0586698725,1.46409370122,0.785638350178,10.9217595095
7.06384,-0.77408109096,1.04149155464,10.0132889973,1.39337546774,0.750279233442,10.8125419561
7.065506,-0.77408109096,1.13225330511,10.0586698725,1.46409370122,0.785638350178,10.8125419561
7.067172,-0.77408109096,1.13225330511,10.0586698725,1.42873458448,0.785638350178,10.8125419561
7.068838,-0.77408109096,1.04149155464,10.0132889973,1.49945281795,0.820997466915,10.8125419561
7.070504,-0.820225880627,0.950729804172,9.96790812205,1.42873458448,0.750279233442,10.7397302538
7.07217,-0.77408109096,0.996110679407,9.96790812205,1.39337546774,0.714920116705,10.6669185515
7.073836,-0.727936301293,1.04149155464,10.0132889973,1.42873458448,0.785638350178,10.7033244027
7.075502,-0.727936301293,0.950729804172,10.0132889973,1.49945281795,0.891715700389,10.6305127004
7.077168,-0.727936301293,0.814587178465,9.96790812205,1.57017105143,1.03315216734,10.7397302538
7.078834,-0.681791511626,0.814587178465,9.92252724682,1.53481193469,0.997793050599,10.6305127004
7.0805,-0.635646721959,0.76920630323,9.92252724682,1.53481193469,1.10387040081,10.521295147
7.082166,-0.681791511626,0.723825427995,9.92252724682,1.53481193469,1.20994775102,10.521295147
7.083832,-0.635646721959,0.633063677524,9.92252724682,1.57017105143,1.20994775102,10.5577009981
7.085498,-0.635646721959,0.587682802288,9.87714637158,1.46409370122,1.28066598449,10.5941068493
7.087164,-0.589501932292,0.587682802288,9.87714637158,1.53481193469,1.20994775102,10.4848892959
7.08883,-0.635646721959,0.451540176582,9.87714637158,1.49945281795,1.17458863428,10.4484834448
7.090496,-0.635646721959,0.406159301347,9.87714637158,1.53481193469,1.17458863428,10.4484834448
7.092162,-0.681791511626,0.406159301347,9.87714637158,1.57017105143,1.06851128407,10.4848892959
7.093828,-0.635646721959,0.360778426111,9.92252724682,1.46409370122,1.03315216734,10.4120775936
7.095494,-0.635646721959,0.315397550876,9.92252724682,1.49945281795,1.03315216734,10.4848892959
7.09716,-0.681791511626,0.360778426111,9.92252724682,1.49945281795,1.06851128407,10.521295147
7.098826,-0.635646721959,0.451540176582,9.96790812205,1.60553016816,1.13922951755,10.6305127004
7.100492,-0.681791511626,0.496921051817,9.96790812205,1.49945281795,1.03315216734,10.5577009981
7.102158,-0.681791511626,0.496921051817,9.96790812205,1.49945281795,0.927074817126,10.4848892959
7.103824,-0.681791511626,0.542301927053,9.96790812205,1.42873458448,0.927074817126,10.4848892959
7.10549,-0.727936301293,0.496921051817,9.96790812205,1.46409370122,0.927074817126,10.521295147
7.107156,-0.727936301293,0.587682802288,9.96790812205,1.35801635101,0.891715700389,10.521295147
7.108822,-0.77408109096,0.542301927053,9.96790812205,1.39337546774,0.962433933862,10.4848892959
7.110488,-0.77408109096,0.587682802288,10.0132889973,1.39337546774,0.891715700389,10.4484834448
7.112154,-0.727936301293,0.587682802288,10.0586698725,1.42873458448,0.856356583652,10.4848892959
7.11382,-0.77408109096,0.542301927053,9.96790812205,1.39337546774,0.820997466915,10.4848892959
7.115486,-0.820225880627,0.451540176582,9.92252724682,1.35801635101,0.785638350178,10.4484834448
7.117152,-0.820225880627,0.496921051817,9.96790812205,1.39337546774,0.891715700389,10.521295147
7.118818,-0.681791511626,0.633063677524,10.0586698725,1.39337546774,0.891715700389,10.521295147
7.120484,-0.727936301293,0.542301927053,10.0586698725,1.46409370122,0.997793050599,10.5941068493
7.12215,-0.77408109096,0.496921051817,9.96790812205,1.35801635101,0.891715700389,10.5941068493
7.123816,-0.820225880627,0.496921051817,9.96790812205,1.32265723427,0.856356583652,10.521295147
7.125482,-0.820225880627,0.496921051817,9.96790812205,1.28729811753,0.820997466915,10.5941068493
7.127148,-0.820225880627,0.496921051817,10.0586698725,1.32265723427,0.785638350178,10.7033244027
7.128814,-0.912515459961,0.451540176582,9.96790812205,1.18122076732,0.644201883231,10.7761361049
7.13048,-0.958660249627,0.406159301347,9.96790812205,1.25193900079,0.679560999968,10.7397302538
7.132146,-1.00480503929,0.360778426111,9.92252724682,1.21657988406,0.644201883231,10.7397302538
7.133812,-0.958660249627,0.360778426111,9.96790812205,1.21657988406,0.750279233442,10.7397302538
7.135478,-0.958660249627,0.406159301347,9.96790812205,1.25193900079,0.750279233442,10.8125419561
7.137144,-1.00480503929,0.496921051817,9.96790812205,1.18122076732,0.714920116705,10.7397302538
7.13881,-1.00480503929,0.542301927053,9.96790812205,1.18122076732,0.750279233442,10.8125419561
7.140476,-1.00480503929,0.542301927053,9.96790812205,1.18122076732,0.785638350178,10.8853536583
7.142142,-1.05094982896,0.587682802288,9.92252724682,1.18122076732,0.891715700389,10.9217595095
7.143808,-1.05094982896,0.587682802288,9.92252724682,1.18122076732,0.820997466915,10.8853536583
7.145474,-1.05094982896,0.542301927053,9.87714637158,1.18122076732,0.856356583652,10.8489478072
7.14714,-1.05094982896,0.496921051817,9.87714637158,1.14586165058,0.891715700389,10.8853536583
7.148806,-1.05094982896,0.451540176582,9.92252724682,1.18122076732,0.962433933862,10.9922958461
7.150472,-1.05094982896,0.406159301347,9.87714637158,1.11050253385,0.856356583652,10.8853536583
7.152138,-1.00480503929,0.451540176582,9.96790812205,1.18122076732,0.997793050599,10.9922958461
7.153804,-1.09709461863,0.360778426111,9.92252724682,1.18122076732,1.03315216734,11.0287016972
7.15547,-1.09709461863,0.315397550876,9.92252724682,1.21657988406,1.13922951755,10.9922958461
7.157136,-1.09709461863,0.315397550876,9.87714637158,1.14586165058,1.13922951755,11.0651075483
7.158802,-1.09709461863,0.360778426111,9.87714637158,1.07514341711,1.13922951755,10.9217595095
7.160468,-1.09709461863,0.360778426111,9.87714637158,1.11050253385,1.24530686776,10.9922958461
7.162134,-1.14323940829,0.315397550876,9.87714637158,1.14586165058,1.28066598449,11.0287016972
7.1638,-1.09709461863,0.315397550876,9.83176549635,1.07514341711,1.17458863428,11.0651075483
7.165466,-1.09709461863,0.360778426111,9.92252724682,1.11050253385,1.17458863428,11.0287016972
7.167132,-1.09709461863,0.406159301347,9.92252724682,1.11050253385,1.10387040081,11.0287016972
7.168798,-1.09709461863,0.406159301347,9.96790812205,1.14586165058,1.06851128407,11.0287016972
7.170464,-1.09709461863,0.406159301347,9.96790812205,1.14586165058,0.997793050599,11.0651075483
7.17213,-1.09709461863,0.406159301347,9.96790812205,1.11050253385,0.891715700389,10.9922958461
7.173796,-1.09709461863,0.496921051817,9.96790812205,1.14586165058,0.927074817126,11.0287016972
7.175462,-1.09709461863,0.587682802288,10.0586698725,1.14586165058,0.962433933862,11.0651075483
7.177128,-1.09709461863,0.633063677524,10.0132889973,1.25193900079,0.997793050599,11.0651075483
7.178794,-1.00480503929,0.859968053701,10.1040507478,1.18122076732,0.927074817126,11.0287016972
7.18046,-1.09709461863,0.859968053701,10.0586698725,1.18122076732,0.927074817126,10.9922958461
7.182126,-1.05094982896,0.905348928936,10.0586698725,1.18122076732,0.927074817126,10.9922958461
7.183792,-1.05094982896,0.950729804172,10.1040507478,1.21657988406,0.997793050599,11.0287016972
7.185458,-1.05094982896,0.905348928936,10.1040507478,1.11050253385,0.891715700389,11.0287016972
7.187124,-1.05094982896,0.905348928936,10.1040507478,1.18122076732,0.927074817126,10.9922958461
7.18879,-1.05094982896,0.905348928936,10.1040507478,1.21657988406,0.927074817126,10.9581653606
7.190456,-1.00480503929,0.905348928936,10.149431623,1.25193900079,0.962433933862,10.9217595095
7.192122,-1.00480503929,0.859968053701,10.149431623,1.28729811753,0.997793050599,10.9581653606
7.193788,-0.958660249627,0.814587178465,10.149431623,1.21657988406,0.927074817126,10.8489478072
7.195454,-0.958660249627,0.76920630323,10.1040507478,1.28729811753,0.997793050599,10.9217595095
7.19712,-0.958660249627,0.678444552759,10.1040507478,1.32265723427,1.10387040081,10.8853536583
7.198786,-0.912515459961,0.723825427995,10.149431623,1.46409370122,1.20994775102,10.9217595095
7.200452,-0.866370670294,0.723825427995,10.149431623,1.35801635101,1.20994775102,10.8853536583
7.202118,-0.866370670294,0.723825427995,10.149431623,1.32265723427,1.20994775102,10.7761361049
7.203784,-0.866370670294,0.633063677524,10.149431623,1.35801635101,1.24530686776,10.8125419561
7.20545,-0.820225880627,0.633063677524,10.149431623,1.39337546774,1.31602510123,10.8489478072
7.207116,-0.820225880627,0.633063677524,10.149431623,1.35801635101,1.28066598449,10.8489478072
7.208782,-0.820225880627,0.723825427995,10.1948124982,1.42873458448,1.31602510123,10.8853536583
7.210448,-0.820225880627,0.678444552759,10.2401933735,1.39337546774,1.31602510123,10.8125419561
7.212114,-0.820225880627,0.678444552759,10.1948124982,1.46409370122,1.35138421797,10.8489478072
7.21378,-0.820225880627,0.678444552759,10.149431623,1.49945281795,1.35138421797,10.8853536583
7.215446,-0.77408109096,0.814587178465,10.2401933735,1.39337546774,1.35138421797,10.7761361049
7.217112,-0.77408109096,0.814587178465,10.2401933735,1.46409370122,1.3867433347,10.8125419561
7.218778,-0.77408109096,0.814587178465,10.1948124982,1.46409370122,1.35138421797,10.8125419561
7.220444,-0.77408109096,0.814587178465,10.1948124982,1.53481193469,1.49282068491,10.8489478072
7.22211,-0.681791511626,0.996110679407,10.2855742487,1.46409370122,1.3867433347,10.8125419561
7.223776,-0.727936301293,0.996110679407,10.2855742487,1.42873458448,1.3867433347,10.7397302538
7.225442,-0.727936301293,0.950729804172,10.2401933735,1.46409370122,1.35138421797,10.8125419561
7.227108,-0.727936301293,0.950729804172,10.1948124982,1.49945281795,1.42210245144,10.8489478072
7.228774,-0.635646721959,0.950729804172,10.2401933735,1.46409370122,1.31602510123,10.7397302538
7.23044,-0.77408109096,0.905348928936,10.149431623,1.46409370122,1.31602510123,10.7761361049
7.232106,-0.727936301293,0.905348928936,10.1948124982,1.49945281795,1.3867433347,10.8125419561
7.233772,-0.77408109096,0.814587178465,10.1948124982,1.57017105143,1.42210245144,10.8125419561
7.235438,-0.77408109096,0.814587178465,10.149431623,1.49945281795,1.35138421797,10.8125419561
7.237104,-0.727936301293,0.905348928936,10.149431623,1.46409370122,1.31602510123,10.7761361049
7.23877,-0.727936301293,0.905348928936,10.1948124982,1.46409370122,1.31602510123,10.8125419561
7.240436,-0.77408109096,0.950729804172,10.1948124982,1.53481193469,1.31602510123,10.8489478072
7.242102,-0.77408109096,0.905348928936,10.1948124982,1.42873458448,1.31602510123,10.9217595095
7.243768,-0.727936301293,0.950729804172,10.2401933735,1.49945281795,1.24530686776,10.8853536583
7.245434,-0.77408109096,0.950729804172,10.2401933735,1.46409370122,1.20994775102,10.8853536583
7.2471,-0.727936301293,0.996110679407,10.2855742487,1.49945281795,1.20994775102,10.8853536583
7.248766,-0.681791511626,1.08687242988,10.3309551239,1.46409370122,1.17458863428,10.9581653606
7.250432,-0.820225880627,1.04149155464,10.1948124982,1.35801635101,1.06851128407,10.8489478072
7.252098,-0.820225880627,1.13225330511,10.1948124982,1.42873458448,1.13922951755,10.9217595095
7.253764,-0.820225880627,1.22301505558,10.1948124982,1.39337546774,1.10387040081,10.9217595095
7.25543,-0.820225880627,1.22301505558,10.1948124982,1.49945281795,1.17458863428,10.9922958461
7.257096,-0.77408109096,1.17763418035,10.2401933735,1.42873458448,1.10387040081,10.9581653606
7.258762,-0.820225880627,1.13225330511,10.1948124982,1.39337546774,1.03315216734,10.9217595095
7.260428,-0.820225880627,1.13225330511,10.1948124982,1.39337546774,1.10387040081,10.9217595095
7.262094,-0.77408109096,1.17763418035,10.1948124982,1.46409370122,1.17458863428,10.9922958461
7.26376,-0.727936301293,1.17763418035,10.2855742487,1.39337546774,0.997793050599,10.9581653606
7.265426,-0.820225880627,1.04149155464,10.1948124982,1.42873458448,1.06851128407,11.0287016972
7.267092,-0.820225880627,1.04149155464,10.149431623,1.46409370122,1.06851128407,11.0287016972
7.268758,-0.77408109096,0.905348928936,10.1948124982,1.49945281795,1.20994775102,10.9922958461
7.270424,-0.77408109096,0.814587178465,10.1948124982,1.46409370122,1.28066598449,11.0651075483
7.27209,-0.820225880627,0.859968053701,10.1040507478,1.42873458448,1.20994775102,10.9922958461
7.273756,-0.77408109096,0.859968053701,10.1948124982,1.42873458448,1.28066598449,10.9217595095
7.275422,-0.77408109096,0.723825427995,10.1948124982,1.49945281795,1.35138421797,10.9581653606
7.277088,-0.77408109096,0.678444552759,10.1040507478,1.57017105143,1.45746156818,11.1379192506
7.278754,-0.77408109096,0.633063677524,10.149431623,1.49945281795,1.35138421797,11.0287016972
7.28042,-0.77408109096,0.633063677524,10.1040507478,1.46409370122,1.28066598449,10.8853536583
7.282086,-0.77408109096,0.678444552759,10.149431623,1.49945281795,1.31602510123,10.9217595095
7.283752,-0.77408109096,0.587682802288,10.1948124982,1.49945281795,1.3867433347,11.0287016972
7.285418,-0.77408109096,0.587682802288,10.2401933735,1.42873458448,1.31602510123,10.9217595095
7.287084,-0.77408109096,0.678444552759,10.1948124982,1.46409370122,1.28066598449,10.9922958461
7.28875,-0.77408109096,0.814587178465,10.2401933735,1.49945281795,1.35138421797,10.9217595095
7.290416,-0.820225880627,0.76920630323,10.2401933735,1.60553016816,1.3867433347,11.0287016972
7.292082,-0.77408109096,0.76920630323,10.2401933735,1.49945281795,1.28066598449,11.0287016972
7.293748,-0.820225880627,0.814587178465,10.2855742487,1.46409370122,1.13922951755,10.8853536583
7.295414,-0.77408109096,0.814587178465,10.2855742487,1.46409370122,1.10387040081,10.8853536583
7.29708,-0.727936301293,0.859968053701,10.3309551239,1.49945281795,1.06851128407,10.9922958461
7.298746,-0.635646721959,0.950729804172,10.4217168744,1.42873458448,1.06851128407,10.8853536583
7.300412,-0.77408109096,0.76920630323,10.2855742487,1.49945281795,1.03315216734,10.9922958461
7.302078,-0.77408109096,0.76920630323,10.2855742487,1.49945281795,0.927074817126,10.9217595095
7.303744,-0.727936301293,0.905348928936,10.3309551239,1.57017105143,0.997793050599,10.8853536583
7.30541,-0.635646721959,0.950729804172,10.4670977496,1.49945281795,0.962433933862,10.9217595095
7.307076,-0.77408109096,0.76920630323,10.3309551239,1.46409370122,0.891715700389,10.8853536583
7.308742,-0.635646721959,0.859968053701,10.4217168744,1.46409370122,0.962433933862,10.8125419561
7.310408,-0.77408109096,0.76920630323,10.3309551239,1.46409370122,0.997793050599,10.8853536583
7.312074,-0.681791511626,0.859968053701,10.4217168744,1.46409370122,1.06851128407,10.9922958461
7.31374,-0.77408109096,0.76920630323,10.2855742487,1.49945281795,1.03315216734,10.8489478072
7.315406,-0.77408109096,0.723825427995,10.3309551239,1.42873458448,0.997793050599,10.7761361049
7.317072,-0.77408109096,0.723825427995,10.2855742487,1.46409370122,0.962433933862,10.8125419561
7.318738,-0.681791511626,0.814587178465,10.3763359992,1.46409370122,1.03315216734,10.8489478072
7.320404,-0.77408109096,0.633063677524,10.3309551239,1.39337546774,0.962433933862,10.7761361049
7.32207,-0.820225880627,0.633063677524,10.2401933735,1.46409370122,0.997793050599,10.8489478072
7.323736,-0.77408109096,0.678444552759,10.2401933735,1.46409370122,0.997793050599,10.8489478072
7.325402,-0.77408109096,0.678444552759,10.2855742487,1.53481193469,1.06851128407,10.8489478072
7.327068,-0.820225880627,0.678444552759,10.2855742487,1.46409370122,1.06851128407,10.8853536583
7.328734,-0.820225880627,0.678444552759,10.2401933735,1.35801635101,1.10387040081,10.8125419561
7.3304,-0.820225880627,0.723825427995,10.2401933735,1.35801635101,1.10387040081,10.8853536583
7.332066,-0.820225880627,0.814587178465,10.2401933735,1.39337546774,1.06851128407,10.8853536583
7.333732,-0.866370670294,0.723825427995,10.1948124982,1.32265723427,0.997793050599,10.7761361049
7.335398,-0.866370670294,0.678444552759,10.149431623,1.35801635101,1.06851128407,10.8489478072
7.337064,-0.912515459961,0.678444552759,10.1040507478,1.32265723427,1.06851128407,10.8853536583
7.33873,-0.866370670294,0.678444552759,10.1040507478,1.42873458448,1.13922951755,10.8853536583
7.340396,-0.912515459961,0.587682802288,10.1040507478,1.35801635101,1.10387040081,10.8853536583
7.342062,-0.820225880627,0.633063677524,10.149431623,1.28729811753,1.03315216734,10.8853536583
7.343728,-0.912515459961,0.542301927053,10.0586698725,1.28729811753,1.10387040081,10.8853536583
7.345394,-0.958660249627,0.496921051817,10.0132889973,1.32265723427,1.13922951755,10.9217595095
7.34706,-0.958660249627,0.587682802288,10.0132889973,1.21657988406,1.20994775102,11.0651075483
7.348726,-0.958660249627,0.587682802288,10.0586698725,1.25193900079,1.17458863428,10.9217595095
7.350392,-1.00480503929,0.451540176582,9.96790812205,1.21657988406,1.17458863428,10.8853536583
7.352058,-1.00480503929,0.451540176582,9.92252724682,1.28729811753,1.20994775102,10.9217595095
7.353724,-0.912515459961,0.633063677524,10.0132889973,1.25193900079,1.31602510123,10.9217595095
7.35539,-1.00480503929,0.587682802288,9.96790812205,1.18122076732,1.24530686776,10.8853536583
7.357056,-1.00480503929,0.542301927053,9.96790812205,1.21657988406,1.28066598449,10.9217595095
7.358722,-1.00480503929,0.496921051817,9.92252724682,1.21657988406,1.28066598449,10.9217595095
7.360388,-1.05094982896,0.496921051817,9.87714637158,1.25193900079,1.31602510123,11.0287016972
7.362054,-1.05094982896,0.587682802288,9.87714637158,1.18122076732,1.17458863428,10.9217595095
7.36372,-1.05094982896,0.678444552759,9.92252724682,1.18122076732,1.13922951755,10.9217595095
7.365386,-1.09709461863,0.678444552759,9.92252724682,1.18122076732,1.10387040081,10.9217595095
7.367052,-1.05094982896,0.723825427995,9.87714637158,1.18122076732,1.06851128407,10.9581653606
7.368718,-1.05094982896,0.76920630323,9.92252724682,1.11050253385,0.997793050599,10.8489478072
7.370384,-1.09709461863,0.76920630323,9.87714637158,1.11050253385,0.997793050599,10.9581653606
7.37205,-1.09709461863,0.859968053701,9.92252724682,1.11050253385,1.03315216734,10.9217595095
7.373716,-1.09709461863,0.859968053701,9.92252724682,1.18122076732,0.997793050599,10.9217595095
7.375382,-1.09709461863,0.905348928936,9.87714637158,1.14586165058,0.962433933862,10.9581653606
7.377048,-1.09709461863,0.905348928936,9.87714637158,1.07514341711,0.891715700389,10.8489478072
7.378714,-1.09709461863,0.905348928936,9.92252724682,1.07514341711,0.891715700389,10.9217595095
7.38038,-1.09709461863,0.814587178465,9.87714637158,1.14586165058,0.927074817126,10.9581653606
7.382046,-1.09709461863,0.814587178465,9.92252724682,1.18122076732,1.06851128407,10.9922958461
7.383712,-1.09709461863,0.814587178465,9.87714637158,1.14586165058,1.06851128407,10.9581653606
7.385378,-1.05094982896,0.814587178465,9.92252724682,1.11050253385,1.03315216734,10.8853536583
7.387044,-1.05094982896,0.814587178465,9.87714637158,1.14586165058,1.06851128407,10.8853536583
7.38871,-1.05094982896,0.76920630323,9.92252724682,1.21657988406,1.13922951755,10.8853536583
7.390376,-1.00480503929,0.723825427995,9.92252724682,1.14586165058,1.06851128407,10.8489478072
7.392042,-1.00480503929,0.723825427995,9.87714637158,1.18122076732,1.20994775102,10.8489478072
7.393708,-1.00480503929,0.678444552759,9.87714637158,1.21657988406,1.24530686776,10.8125419561
7.395374,-1.00480503929,0.678444552759,9.92252724682,1.28729811753,1.31602510123,10.8125419561
7.39704,-0.958660249627,0.678444552759,9.87714637158,1.25193900079,1.31602510123,10.8125419561
7.398706,-0.912515459961,0.723825427995,9.92252724682,1.21657988406,1.28066598449,10.7397302538
7.400372,-0.958660249627,0.633063677524,9.92252724682,1.28729811753,1.31602510123,10.8125419561
7.402038,-0.958660249627,0.678444552759,9.92252724682,1.28729811753,1.28066598449,10.7761361049
7.403704,-0.958660249627,0.633063677524,9.92252724682,1.39337546774,1.35138421797,10.8125419561
7.40537,-0.958660249627,0.633063677524,9.92252724682,1.32265723427,1.28066598449,10.8125419561
7.407036,-0.912515459961,0.678444552759,9.96790812205,1.28729811753,1.20994775102,10.7397302538
7.408702,-0.912515459961,0.678444552759,10.0132889973,1.28729811753,1.28066598449,10.7761361049
7.410368,-0.912515459961,0.678444552759,10.0132889973,1.32265723427,1.28066598449,10.7761361049
7.412034,-0.820225880627,0.76920630323,10.1040507478,1.25193900079,1.24530686776,10.9217595095
7.4137,-0.912515459961,0.723825427995,10.0586698725,1.32265723427,1.28066598449,10.8125419561
7.415366,-0.866370670294,0.723825427995,10.0586698725,1.35801635101,1.24530686776,10.7761361049
7.417032,-0.912515459961,0.723825427995,10.0586698725,1.42873458448,1.20994775102,10.8125419561
7.418698,-0.820225880627,0.76920630323,10.1040507478,1.39337546774,1.17458863428,10.8489478072
7.420364,-0.820225880627,0.76920630323,10.1040507478,1.35801635101,1.13922951755,10.7397302538
7.42203,-0.820225880627,0.723825427995,10.149431623,1.39337546774,1.17458863428,10.7761361049
7.423696,-0.820225880627,0.723825427995,10.149431623,1.42873458448,1.20994775102,10.7761361049
7.425362,-0.820225880627,0.678444552759,10.149431623,1.35801635101,1.13922951755,10.6669185515
7.427028,-0.77408109096,0.678444552759,10.1040507478,1.46409370122,1.17458863428,10.7761361049
7.428694,-0.77408109096,0.678444552759,10.149431623,1.42873458448,1.13922951755,10.7397302538
7.43036,-0.77408109096,0.678444552759,10.149431623,1.49945281795,1.20994775102,10.7397302538
7.432026,-0.77408109096,0.633063677524,10.1948124982,1.49945281795,1.17458863428,10.7761361049
7.433692,-0.77408109096,0.678444552759,10.149431623,1.42873458448,1.10387040081,10.7033244027
7.435358,-0.77408109096,0.723825427995,10.1948124982,1.46409370122,1.10387040081,10.7397302538
7.437024,-0.77408109096,0.76920630323,10.1948124982,1.46409370122,1.17458863428,10.7761361049
7.43869,-0.77408109096,0.723825427995,10.2401933735,1.39337546774,1.13922951755,10.8853536583
7.440356,-0.77408109096,0.76920630323,10.2401933735,1.46409370122,1.06851128407,10.7761361049
7.442022,-0.77408109096,0.723825427995,10.2401933735,1.46409370122,0.997793050599,10.7761361049
7.443688,-0.727936301293,0.76920630323,10.2401933735,1.49945281795,1.03315216734,10.8125419561
7.445354,-0.681791511626,0.859968053701,10.2855742487,1.46409370122,0.962433933862,10.8853536583
7.44702,-0.77408109096,0.723825427995,10.2401933735,1.46409370122,0.856356583652,10.8125419561
7.448686,-0.77408109096,0.76920630323,10.2401933735,1.46409370122,0.856356583652,10.8489478072
7.450352,-0.727936301293,0.814587178465,10.2401933735,1.49945281795,0.891715700389,10.8489478072
7.452018,-0.727936301293,0.814587178465,10.2401933735,1.53481193469,0.997793050599,10.9922958461
7.453684,-0.727936301293,0.814587178465,10.2401933735,1.49945281795,0.927074817126,10.9217595095
7.45535,-0.681791511626,0.859968053701,10.2855742487,1.46409370122,0.856356583652,10.8489478072
7.457016,-0.77408109096,0.723825427995,10.1948124982,1.46409370122,0.891715700389,10.8853536583
7.458682,-0.77408109096,0.76920630323,10.1948124982,1.49945281795,0.962433933862,10.9217595095
7.460348,-0.77408109096,0.76920630323,10.1948124982,1.42873458448,0.962433933862,10.9581653606
7.462014,-0.77408109096,0.76920630323,10.1948124982,1.49945281795,1.06851128407,10.9217595095
7.46368,-0.635646721959,0.814587178465,10.2855742487,1.49945281795,0.997793050599,10.9217595095
7.465346,-0.727936301293,0.678444552759,10.1948124982,1.60553016816,1.10387040081,10.9217595095
7.467012,-0.727936301293,0.587682802288,10.1948124982,1.49945281795,1.10387040081,10.9581653606
7.468678,-0.681791511626,0.678444552759,10.2401933735,1.46409370122,1.06851128407,10.9217595095
7.470344,-0.77408109096,0.587682802288,10.149431623,1.49945281795,1.10387040081,10.9217595095
7.47201,-0.77408109096,0.587682802288,10.149431623,1.49945281795,1.06851128407,10.9922958461
7.473676,-0.77408109096,0.587682802288,10.149431623,1.39337546774,1.13922951755,11.0287016972
7.475342,-0.77408109096,0.587682802288,10.1040507478,1.46409370122,1.10387040081,10.9581653606
7.477008,-0.77408109096,0.587682802288,10.149431623,1.46409370122,1.06851128407,10.9217595095
7.478674,-0.77408109096,0.633063677524,10.1040507478,1.49945281795,1.06851128407,10.9217595095
7.48034,-0.77408109096,0.633063677524,10.1040507478,1.46409370122,1.03315216734,10.9217595095
7.482006,-0.77408109096,0.587682802288,10.1040507478,1.42873458448,0.997793050599,10.8489478072
7.483672,-0.77408109096,0.587682802288,10.0586698725,1.42873458448,0.962433933862,10.9217595095
7.485338,-0.727936301293,0.678444552759,10.1040507478,1.46409370122,0.927074817126,10.9581653606
7.487004,-0.727936301293,0.723825427995,10.1040507478,1.57017105143,0.997793050599,10.9581653606
7.48867,-0.77408109096,0.723825427995,10.1040507478,1.46409370122,0.891715700389,10.9922958461
7.490336,-0.77408109096,0.678444552759,10.1040507478,1.39337546774,0.820997466915,10.9217595095
7.492002,-0.727936301293,0.814587178465,10.1948124982,1.42873458448,0.820997466915,10.9217595095
7.493668,-0.820225880627,0.723825427995,10.1040507478,1.46409370122,0.891715700389,10.9217595095
7.495334,-0.77408109096,0.76920630323,10.149431623,1.35801635101,0.785638350178,10.8489478072
7.497,-0.77408109096,0.76920630323,10.149431623,1.42873458448,0.856356583652,10.8853536583
7.498666,-0.820225880627,0.723825427995,10.149431623,1.42873458448,0.856356583652,10.8853536583
7.500332,-0.77408109096,0.76920630323,10.149431623,1.49945281795,0.891715700389,10.8489478072
7.501998,-0.77408109096,0.678444552759,10.149431623,1.46409370122,0.891715700389,10.8853536583
7.503664,-0.77408109096,0.76920630323,10.149431623,1.39337546774,0.820997466915,10.7761361049
7.50533,-0.77408109096,0.723825427995,10.149431623,1.46409370122,0.891715700389,10.8125419561
7.506996,-0.77408109096,0.678444552759,10.1040507478,1.49945281795,1.03315216734,10.8125419561
7.508662,-0.77408109096,0.633063677524,10.1040507478,1.39337546774,0.891715700389,10.7397302538
7.510328,-0.727936301293,0.678444552759,10.1040507478,1.46409370122,0.997793050599,10.7761361049
7.511994,-0.77408109096,0.542301927053,10.0586698725,1.49945281795,0.891715700389,10.7397302538
7.51366,-0.727936301293,0.633063677524,10.0586698725,1.49945281795,0.962433933862,10.7397302538
7.515326,-0.635646721959,0.633063677524,10.1948124982,1.46409370122,1.06851128407,10.7033244027
7.516992,-0.77408109096,0.496921051817,10.0132889973,1.39337546774,1.03315216734,10.6669185515
7.518658,-0.820225880627,0.678444552759,9.96790812205,1.39337546774,1.06851128407,10.7033244027
7.520324,-0.77408109096,0.76920630323,10.0586698725,1.42873458448,1.13922951755,10.6305127004
7.52199,-0.820225880627,0.587682802288,10.0132889973,1.35801635101,1.06851128407,10.7761361049
7.523656,-0.727936301293,0.633063677524,10.0586698725,1.42873458448,1.03315216734,10.7033244027
7.525322,-0.727936301293,0.542301927053,10.0586698725,1.39337546774,1.03315216734,10.5941068493
7.526988,-0.727936301293,0.542301927053,10.0586698725,1.39337546774,0.997793050599,10.6669185515
7.528654,-0.77408109096,0.678444552759,10.0586698725,1.49945281795,1.03315216734,10.7397302538
7.53032,-0.727936301293,0.678444552759,10.1040507478,1.35801635101,1.20994775102,10.7761361049
7.531986,-0.820225880627,0.542301927053,10.0132889973,1.46409370122,1.17458863428,10.7033244027
7.533652,-0.727936301293,0.76920630323,10.0586698725,1.42873458448,1.10387040081,10.7033244027
7.535318,-0.681791511626,0.76920630323,10.1040507478,1.46409370122,1.17458863428,10.6305127004
7.536984,-0.820225880627,0.723825427995,10.0586698725,1.42873458448,1.13922951755,10.6669185515
7.53865,-0.820225880627,0.678444552759,10.0132889973,1.35801635101,1.17458863428,10.6305127004
7.540316,-0.820225880627,0.633063677524,10.0132889973,1.35801635101,1.20994775102,10.6669185515
7.541982,-0.866370670294,0.633063677524,9.96790812205,1.35801635101,1.20994775102,10.6669185515
7.543648,-0.820225880627,0.723825427995,9.96790812205,1.39337546774,1.20994775102,10.7761361049
7.545314,-0.820225880627,0.633063677524,10.0586698725,1.39337546774,1.31602510123,10.6305127004
7.54698,-0.727936301293,0.542301927053,10.1040507478,1.39337546774,1.24530686776,10.7033244027
7.548646,-0.820225880627,0.587682802288,9.96790812205,1.39337546774,1.20994775102,10.6669185515
7.550312,-0.77408109096,0.723825427995,10.0132889973,1.35801635101,1.20994775102,10.7397302538
7.551978,-0.866370670294,0.633063677524,10.0132889973,1.28729811753,1.06851128407,10.6669185515
7.553644,-0.866370670294,0.587682802288,9.96790812205,1.35801635101,1.10387040081,10.7397302538
7.55531,-0.866370670294,0.587682802288,9.96790812205,1.32265723427,1.13922951755,10.7397302538
7.556976,-0.912515459961,0.587682802288,9.92252724682,1.39337546774,1.20994775102,10.7761361049
7.558642,-0.912515459961,0.76920630323,9.92252724682,1.28729811753,1.10387040081,10.8125419561
7.560308,-0.912515459961,0.859968053701,10.0132889973,1.21657988406,1.20994775102,10.7033244027
7.561974,-0.820225880627,0.950729804172,10.1040507478,1.25193900079,1.10387040081,10.7761361049
7.56364,-0.958660249627,0.814587178465,9.87714637158,1.25193900079,1.10387040081,10.8489478072
7.565306,-1.00480503929,0.905348928936,9.92252724682,1.18122076732,0.997793050599,10.7397302538
7.566972,-0.958660249627,0.905348928936,9.96790812205,1.25193900079,1.10387040081,10.8489478072
7.568638,-0.958660249627,0.950729804172,9.96790812205,1.28729811753,0.962433933862,10.8853536583
7.570304,-0.866370670294,0.996110679407,10.1040507478,1.28729811753,1.06851128407,10.8489478072
7.57197,-0.958660249627,0.814587178465,10.0132889973,1.28729811753,1.06851128407,10.9217595095
7.573636,-0.912515459961,0.905348928936,10.0132889973,1.21657988406,1.03315216734,10.8853536583
7.575302,-0.958660249627,0.859968053701,10.0132889973,1.21657988406,1.17458863428,10.9217595095
7.576968,-1.05094982896,0.814587178465,9.96790812205,1.21657988406,1.17458863428,10.9922958461
7.578634,-1.05094982896,0.859968053701,9.96790812205,1.28729811753,1.20994775102,11.0651075483
7.5803,-1.05094982896,0.859968053701,9.96790812205,1.18122076732,1.17458863428,10.9922958461
7.581966,-1.05094982896,0.76920630323,9.96790812205,1.18122076732,1.20994775102,10.9922958461
7.583632,-1.05094982896,0.814587178465,9.96790812205,1.18122076732,1.28066598449,10.9922958461
7.585298,-1.00480503929,0.859968053701,10.0132889973,1.25193900079,1.28066598449,11.0651075483
7.586964,-1.00480503929,0.723825427995,9.96790812205,1.18122076732,1.20994775102,10.9922958461
7.58863,-1.05094982896,0.633063677524,9.96790812205,1.28729811753,1.24530686776,11.0287016972
7.590296,-1.00480503929,0.587682802288,9.96790812205,1.25193900079,1.31602510123,11.0287016972
7.591962,-1.00480503929,0.633063677524,10.0132889973,1.28729811753,1.28066598449,11.0651075483
7.593628,-1.00480503929,0.76920630323,10.0132889973,1.25193900079,1.31602510123,11.1015133995
7.595294,-1.00480503929,0.723825427995,10.0586698725,1.21657988406,1.20994775102,11.0287016972
7.59696,-1.05094982896,0.678444552759,10.0586698725,1.25193900079,1.24530686776,11.0651075483
7.598626,-1.00480503929,0.723825427995,10.0586698725,1.28729811753,1.31602510123,11.1015133995
7.600292,-0.958660249627,0.814587178465,10.1040507478,1.18122076732,1.3867433347,11.247136804
7.601958,-0.958660249627,0.905348928936,10.149431623,1.28729811753,1.35138421797,11.1379192506
7.603624,-0.912515459961,0.905348928936,10.2401933735,1.25193900079,1.31602510123,11.1015133995
7.60529,-1.00480503929,0.76920630323,10.149431623,1.28729811753,1.28066598449,11.1015133995
7.606956,-0.958660249627,0.814587178465,10.149431623,1.32265723427,1.28066598449,11.1743251017
7.608622,-0.958660249627,0.905348928936,10.1948124982,1.25193900079,1.13922951755,11.1015133995
7.610288,-0.866370670294,0.996110679407,10.3309551239,1.32265723427,1.20994775102,11.1743251017
7.611954,-0.958660249627,0.814587178465,10.2401933735,1.35801635101,1.20994775102,11.1015133995
7.61362,-0.912515459961,0.859968053701,10.2401933735,1.39337546774,1.28066598449,11.1379192506
7.615286,-0.912515459961,0.905348928936,10.2855742487,1.35801635101,1.20994775102,11.1379192506
7.616952,-0.912515459961,0.905348928936,10.3309551239,1.32265723427,1.13922951755,11.0651075483
7.618618,-0.912515459961,0.859968053701,10.3763359992,1.35801635101,1.20994775102,11.1015133995
7.620284,-0.912515459961,0.814587178465,10.3309551239,1.39337546774,1.20994775102,11.1015133995
7.62195,-0.912515459961,0.814587178465,10.3309551239,1.39337546774,1.28066598449,11.2107309529
7.623616,-0.866370670294,0.905348928936,10.3309551239,1.39337546774,1.20994775102,11.1015133995
7.625282,-0.866370670294,0.950729804172,10.4217168744,1.42873458448,1.20994775102,11.0651075483
7.626948,-0.77408109096,0.950729804172,10.4217168744,1.42873458448,1.20994775102,11.0651075483
7.628614,-0.820225880627,0.814587178465,10.3309551239,1.49945281795,1.20994775102,11.0651075483
7.63028,-0.820225880627,0.814587178465,10.3763359992,1.35801635101,1.17458863428,10.9581653606
7.631946,-0.820225880627,0.814587178465,10.3763359992,1.46409370122,1.20994775102,11.0651075483
7.633612,-0.820225880627,0.905348928936,10.4217168744,1.46409370122,1.24530686776,11.0287016972
7.635278,-0.681791511626,1.04149155464,10.5578595001,1.60553016816,1.31602510123,11.0651075483
7.636944,-0.820225880627,0.905348928936,10.4217168744,1.49945281795,1.20994775102,11.0651075483
7.63861,-0.77408109096,0.905348928936,10.4217168744,1.46409370122,1.17458863428,10.9922958461
7.640276,-0.727936301293,0.950729804172,10.4217168744,1.49945281795,1.20994775102,10.9922958461
7.641942,-0.77408109096,0.950729804172,10.4217168744,1.49945281795,1.31602510123,11.0651075483
7.643608,-0.77408109096,0.996110679407,10.4670977496,1.42873458448,1.35138421797,11.1743251017
7.645274,-0.635646721959,1.04149155464,10.5124786249,1.57017105143,1.24530686776,11.0651075483
7.64694,-0.77408109096,0.859968053701,10.4217168744,1.46409370122,1.20994775102,10.9922958461
7.648606,-0.727936301293,0.859968053701,10.4217168744,1.49945281795,1.24530686776,11.0287016972
7.650272,-0.635646721959,0.996110679407,10.5578595001,1.53481193469,1.31602510123,11.0287016972
7.651938,-0.727936301293,0.905348928936,10.4217168744,1.46409370122,1.20994775102,11.0651075483
7.653604,-0.727936301293,0.859968053701,10.3763359992,1.49945281795,1.24530686776,11.0287016972
7.65527,-0.727936301293,0.814587178465,10.3763359992,1.49945281795,1.24530686776,10.9922958461
7.656936,-0.727936301293,0.76920630323,10.3309551239,1.53481193469,1.28066598449,10.9922958461
7.658602,-0.77408109096,0.76920630323,10.3309551239,1.53481193469,1.31602510123,10.9922958461
7.660268,-0.681791511626,0.76920630323,10.3763359992,1.49945281795,1.31602510123,10.9217595095
7.661934,-0.681791511626,0.76920630323,10.3763359992,1.49945281795,1.31602510123,10.9581653606
7.6636,-0.727936301293,0.723825427995,10.3309551239,1.53481193469,1.31602510123,10.9922958461
7.665266,-0.727936301293,0.76920630323,10.3309551239,1.60553016816,1.3867433347,11.0287016972
7.666932,-0.635646721959,0.950729804172,10.4217168744,1.49945281795,1.31602510123,10.9581653606
7.668598,-0.77408109096,0.76920630323,10.2855742487,1.49945281795,1.20994775102,10.8853536583
7.670264,-0.727936301293,0.814587178465,10.2855742487,1.49945281795,1.20994775102,10.8853536583
7.67193,-0.77408109096,0.723825427995,10.2401933735,1.49945281795,1.28066598449,10.9581653606
7.673596,-0.727936301293,0.76920630323,10.1948124982,1.42873458448,1.17458863428,10.9581653606
7.675262,-0.727936301293,0.814587178465,10.1948124982,1.49945281795,1.20994775102,10.9217595095
7.676928,-0.727936301293,0.814587178465,10.2401933735,1.49945281795,1.13922951755,10.8853536583
7.678594,-0.727936301293,0.859968053701,10.2401933735,1.49945281795,1.10387040081,10.8853536583
7.68026,-0.77408109096,0.814587178465,10.149431623,1.49945281795,1.10387040081,10.9217595095
7.681926,-0.77408109096,0.905348928936,10.149431623,1.39337546774,0.997793050599,10.8125419561
7.683592,-0.77408109096,0.950729804172,10.149431623,1.46409370122,1.06851128407,10.8853536583
7.685258,-0.77408109096,0.950729804172,10.149431623,1.46409370122,1.03315216734,10.8489478072
7.686924,-0.77408109096,0.950729804172,10.1040507478,1.49945281795,1.06851128407,10.8489478072
7.68859,-0.77408109096,0.859968053701,10.0586698725,1.42873458448,0.997793050599,10.8853536583
7.690256,-0.77408109096,0.905348928936,10.0586698725,1.42873458448,0.962433933862,10.7761361049
7.691922,-0.77408109096,0.905348928936,10.1040507478,1.39337546774,0.997793050599,10.8125419561
7.693588,-0.820225880627,0.905348928936,10.0586698725,1.46409370122,0.997793050599,10.8489478072
7.695254,-0.77408109096,0.905348928936,10.0132889973,1.35801635101,0.997793050599,10.9581653606
7.69692,-0.820225880627,0.859968053701,10.0132889973,1.46409370122,0.927074817126,10.8125419561
7.698586,-0.77408109096,0.814587178465,10.0132889973,1.42873458448,0.962433933862,10.7761361049
7.700252,-0.727936301293,0.814587178465,10.0132889973,1.39337546774,0.997793050599,10.7397302538
7.701918,-0.820225880627,0.814587178465,9.96790812205,1.46409370122,1.06851128407,10.7761361049
7.703584,-0.820225880627,0.76920630323,9.96790812205,1.35801635101,0.927074817126,10.7397302538
7.70525,-0.727936301293,0.859968053701,10.0132889973,1.42873458448,1.03315216734,10.7033244027
7.706916,-0.820225880627,0.723825427995,9.87714637158,1.39337546774,1.03315216734,10.7033244027
7.708582,-0.77408109096,0.723825427995,9.92252724682,1.46409370122,1.06851128407,10.7033244027
7.710248,-0.820225880627,0.723825427995,9.92252724682,1.39337546774,1.03315216734,10.7397302538
7.711914,-0.820225880627,0.723825427995,9.87714637158,1.35801635101,0.997793050599,10.6305127004
7.71358,-0.77408109096,0.723825427995,9.92252724682,1.39337546774,1.03315216734,10.6669185515
7.715246,-0.820225880627,0.678444552759,9.87714637158,1.42873458448,1.06851128407,10.7033244027
7.716912,-0.77408109096,0.633063677524,9.92252724682,1.46409370122,1.13922951755,10.7761361049
7.718578,-0.820225880627,0.633063677524,9.92252724682,1.39337546774,1.06851128407,10.7033244027
7.720244,-0.820225880627,0.633063677524,9.87714637158,1.39337546774,0.997793050599,10.6305127004
7.72191,-0.820225880627,0.633063677524,9.87714637158,1.35801635101,0.927074817126,10.6305127004
7.723576,-0.77408109096,0.633063677524,9.92252724682,1.39337546774,0.997793050599,10.6305127004
7.725242,-0.727936301293,0.723825427995,9.96790812205,1.49945281795,1.06851128407,10.7033244027
7.726908,-0.820225880627,0.587682802288,9.92252724682,1.39337546774,0.962433933862,10.6669185515
7.728574,-0.820225880627,0.542301927053,9.92252724682,1.35801635101,0.962433933862,10.5941068493
7.73024,-0.820225880627,0.542301927053,9.92252724682,1.35801635101,0.997793050599,10.6305127004
7.731906,-0.820225880627,0.496921051817,9.92252724682,1.35801635101,0.997793050599,10.6305127004
7.733572,-0.820225880627,0.496921051817,9.92252724682,1.46409370122,1.03315216734,10.6305127004
7.735238,-0.820225880627,0.496921051817,9.92252724682,1.35801635101,0.927074817126,10.6305127004
7.736904,-0.820225880627,0.496921051817,9.92252724682,1.35801635101,0.997793050599,10.5941068493
7.73857,-0.820225880627,0.496921051817,9.96790812205,1.35801635101,0.927074817126,10.5577009981
7.740236,-0.866370670294,0.542301927053,9.92252724682,1.35801635101,0.997793050599,10.5941068493
7.741902,-0.820225880627,0.542301927053,9.96790812205,1.28729811753,1.03315216734,10.7033244027
7.743568,-0.820225880627,0.542301927053,9.96790812205,1.35801635101,0.997793050599,10.5941068493
7.745234,-0.820225880627,0.496921051817,9.96790812205,1.35801635101,0.891715700389,10.5577009981
7.7469,-0.820225880627,0.542301927053,9.96790812205,1.28729811753,0.891715700389,10.521295147
7.748566,-0.866370670294,0.496921051817,9.96790812205,1.35801635101,0.927074817126,10.5941068493
7.750232,-0.866370670294,0.542301927053,9.92252724682,1.35801635101,1.03315216734,10.7033244027
7.751898,-0.912515459961,0.496921051817,9.92252724682,1.32265723427,0.891715700389,10.6305127004
7.753564,-0.820225880627,0.587682802288,10.0132889973,1.28729811753,0.856356583652,10.5941068493
7.75523,-0.912515459961,0.542301927053,9.92252724682,1.28729811753,0.820997466915,10.6305127004
7.756896,-0.866370670294,0.542301927053,9.96790812205,1.35801635101,0.856356583652,10.6305127004
7.758562,-0.912515459961,0.496921051817,9.96790812205,1.21657988406,0.785638350178,10.7033244027
7.760228,-0.912515459961,0.496921051817,9.96790812205,1.28729811753,0.820997466915,10.6669185515
7.761894,-0.912515459961,0.496921051817,9.96790812205,1.28729811753,0.820997466915,10.7033244027
7.76356,-0.912515459961,0.451540176582,9.96790812205,1.35801635101,0.891715700389,10.7033244027
7.765226,-0.958660249627,0.496921051817,9.96790812205,1.28729811753,0.891715700389,10.7397302538
7.766892,-0.958660249627,0.451540176582,9.96790812205,1.21657988406,0.820997466915,10.6669185515
7.768558,-0.958660249627,0.451540176582,9.96790812205,1.21657988406,0.891715700389,10.7397302538
7.770224,-0.958660249627,0.496921051817,9.96790812205,1.25193900079,0.927074817126,10.7761361049
7.77189,-0.958660249627,0.496921051817,9.96790812205,1.18122076732,0.927074817126,10.8853536583
7.773556,-1.00480503929,0.451540176582,9.96790812205,1.28729811753,0.927074817126,10.7761361049
7.775222,-0.912515459961,0.496921051817,10.0132889973,1.21657988406,0.891715700389,10.7761361049
7.776888,-0.958660249627,0.451540176582,9.96790812205,1.21657988406,0.927074817126,10.7761361049
7.778554,-1.00480503929,0.406159301347,9.92252724682,1.28729811753,0.997793050599,10.8489478072
7.78022,-1.00480503929,0.406159301347,9.92252724682,1.18122076732,0.927074817126,10.7761361049
7.781886,-0.958660249627,0.406159301347,9.96790812205,1.18122076732,0.997793050599,10.8489478072
7.783552,-0.912515459961,0.542301927053,10.0586698725,1.21657988406,0.997793050599,10.8853536583
7.785218,-0.912515459961,0.542301927053,10.0132889973,1.32265723427,1.06851128407,10.8853536583
7.786884,-0.912515459961,0.542301927053,10.0586698725,1.21657988406,0.997793050599,10.9217595095
7.78855,-0.912515459961,0.542301927053,10.0586698725,1.18122076732,0.997793050599,10.8489478072
7.790216,-0.912515459961,0.587682802288,10.0586698725,1.21657988406,1.03315216734,10.9217595095
7.791882,-0.958660249627,0.542301927053,10.0586698725,1.21657988406,1.06851128407,10.9217595095
7.793548,-0.958660249627,0.587682802288,10.0586698725,1.11050253385,0.997793050599,11.0287016972
7.795214,-1.05094982896,0.496921051817,9.96790812205,1.18122076732,1.03315216734,10.9922958461
7.79688,-1.05094982896,0.496921051817,9.96790812205,1.21657988406,0.962433933862,10.9922958461
7.798546,-1.05094982896,0.542301927053,9.96790812205,1.28729811753,0.997793050599,10.9922958461
7.800212,-1.05094982896,0.587682802288,10.0132889973,1.21657988406,0.997793050599,11.0287016972
7.801878,-1.05094982896,0.587682802288,10.0132889973,1.14586165058,0.927074817126,10.9581653606
7.803544,-0.912515459961,0.723825427995,10.149431623,1.18122076732,0.997793050599,10.9922958461
7.80521,-1.05094982896,0.633063677524,9.96790812205,1.21657988406,1.03315216734,11.0287016972
7.806876,-1.00480503929,0.678444552759,10.0586698725,1.11050253385,1.06851128407,11.0651075483
7.808542,-1.05094982896,0.678444552759,10.0586698725,1.18122076732,1.06851128407,11.0287016972
7.810208,-1.00480503929,0.678444552759,10.0132889973,1.21657988406,1.03315216734,10.9922958461
7.811874,-1.00480503929,0.723825427995,10.0586698725,1.21657988406,0.997793050599,10.9581653606
7.81354,-1.00480503929,0.723825427995,10.0586698725,1.21657988406,1.03315216734,10.9922958461
7.815206,-1.00480503929,0.723825427995,10.0586698725,1.18122076732,0.997793050599,10.9581653606
7.816872,-1.00480503929,0.76920630323,10.0586698725,1.25193900079,1.10387040081,10.9922958461
7.818538,-1.00480503929,0.723825427995,10.0586698725,1.28729811753,1.06851128407,10.9922958461
7.820204,-0.958660249627,0.76920630323,10.1040507478,1.35801635101,1.10387040081,10.9922958461
7.82187,-0.958660249627,0.76920630323,10.1040507478,1.28729811753,1.06851128407,10.9922958461
7.823536,-0.958660249627,0.76920630323,10.1040507478,1.25193900079,0.997793050599,10.9217595095
7.825202,-0.866370670294,0.859968053701,10.1948124982,1.28729811753,1.06851128407,10.9922958461
7.826868,-0.912515459961,0.814587178465,10.149431623,1.32265723427,1.06851128407,10.9581653606
7.828534,-0.912515459961,0.814587178465,10.149431623,1.25193900079,1.20994775102,11.1015133995
7.8302,-0.912515459961,0.814587178465,10.149431623,1.35801635101,1.13922951755,10.9922958461
7.831866,-0.866370670294,0.859968053701,10.1948124982,1.35801635101,1.17458863428,10.9217595095
7.833532,-0.866370670294,0.814587178465,10.2401933735,1.39337546774,1.20994775102,10.9217595095
7.835198,-0.866370670294,0.814587178465,10.149431623,1.39337546774,1.20994775102,10.9581653606
7.836864,-0.866370670294,0.859968053701,10.1948124982,1.35801635101,1.20994775102,10.8853536583
7.83853,-0.820225880627,0.859968053701,10.1948124982,1.35801635101,1.20994775102,10.9217595095
7.840196,-0.820225880627,0.905348928936,10.2401933735,1.42873458448,1.28066598449,10.9217595095
7.841862,-0.820225880627,0.905348928936,10.2401933735,1.35801635101,1.35138421797,11.0287016972
7.843528,-0.820225880627,0.859968053701,10.1948124982,1.46409370122,1.28066598449,10.9217595095
7.845194,-0.820225880627,0.859968053701,10.2401933735,1.39337546774,1.31602510123,10.8853536583
7.84686,-0.77408109096,0.905348928936,10.2401933735,1.46409370122,1.28066598449,10.8853536583
7.848526,-0.77408109096,0.814587178465,10.2401933735,1.49945281795,1.35138421797,10.8853536583
7.850192,-0.77408109096,0.859968053701,10.2401933735,1.42873458448,1.28066598449,10.8125419561
7.851858,-0.727936301293,0.950729804172,10.2855742487,1.46409370122,1.35138421797,10.8853536583
7.853524,-0.727936301293,0.950729804172,10.2855742487,1.49945281795,1.42210245144,10.8853536583
7.85519,-0.681791511626,0.950729804172,10.3309551239,1.60553016816,1.45746156818,10.8853536583
7.856856,-0.727936301293,0.950729804172,10.2855742487,1.49945281795,1.3867433347,10.8853536583
7.858522,-0.727936301293,0.950729804172,10.2855742487,1.46409370122,1.35138421797,10.8489478072
7.860188,-0.77408109096,0.950729804172,10.2855742487,1.49945281795,1.35138421797,10.8489478072
7.861854,-0.727936301293,0.996110679407,10.2855742487,1.49945281795,1.3867433347,10.8853536583
7.86352,-0.77408109096,0.905348928936,10.2401933735,1.57017105143,1.45746156818,10.9922958461
7.865186,-0.727936301293,0.950729804172,10.2855742487,1.49945281795,1.35138421797,10.8853536583
7.866852,-0.727936301293,1.04149155464,10.2855742487,1.49945281795,1.31602510123,10.8853536583
7.868518,-0.727936301293,0.996110679407,10.2855742487,1.49945281795,1.31602510123,10.8853536583
7.870184,-0.77408109096,0.996110679407,10.2855742487,1.49945281795,1.31602510123,10.9217595095
7.87185,-0.727936301293,1.04149155464,10.2855742487,1.46409370122,1.20994775102,10.9217595095
7.873516,-0.77408109096,1.04149155464,10.2855742487,1.49945281795,1.28066598449,10.9217595095
7.875182,-0.77408109096,1.04149155464,10.2855742487,1.49945281795,1.31602510123,10.9217595095
7.876848,-0.681791511626,1.13225330511,10.3763359992,1.49945281795,1.31602510123,10.8853536583
7.878514,-0.681791511626,1.13225330511,10.3763359992,1.49945281795,1.28066598449,10.8853536583
7.88018,-0.635646721959,1.22301505558,10.4217168744,1.42873458448,1.28066598449,10.8489478072
7.881846,-0.77408109096,1.08687242988,10.2855742487,1.46409370122,1.28066598449,10.9217595095
7.883512,-0.77408109096,1.08687242988,10.2855742487,1.46409370122,1.31602510123,10.9217595095
7.885178,-0.77408109096,1.08687242988,10.2855742487,1.53481193469,1.31602510123,10.9217595095
7.886844,-0.77408109096,1.08687242988,10.2855742487,1.49945281795,1.31602510123,10.9581653606
7.88851,-0.77408109096,1.08687242988,10.2401933735,1.46409370122,1.28066598449,10.9217595095
7.890176,-0.77408109096,0.996110679407,10.2401933735,1.46409370122,1.28066598449,10.9922958461
7.891842,-0.77408109096,1.04149155464,10.2401933735,1.49945281795,1.31602510123,10.9922958461
7.893508,-0.820225880627,0.996110679407,10.2401933735,1.57017105143,1.42210245144,11.0651075483
7.895174,-0.820225880627,0.996110679407,10.2401933735,1.49945281795,1.31602510123,10.9922958461
7.89684,-0.820225880627,0.996110679407,10.2401933735,1.42873458448,1.28066598449,10.9581653606
7.898506,-0.77408109096,0.950729804172,10.2401933735,1.42873458448,1.31602510123,10.9922958461
7.900172,-0.820225880627,0.905348928936,10.2401933735,1.46409370122,1.31602510123,11.0287016972
7.901838,-0.820225880627,0.950729804172,10.2401933735,1.35801635101,1.35138421797,11.1015133995
7.903504,-0.820225880627,0.905348928936,10.2401933735,1.49945281795,1.31602510123,11.0287016972
7.90517,-0.727936301293,0.996110679407,10.2855742487,1.42873458448,1.24530686776,10.9922958461
7.906836,-0.820225880627,0.905348928936,10.2401933735,1.42873458448,1.28066598449,11.0287016972
7.908502,-0.820225880627,0.905348928936,10.2401933735,1.46409370122,1.28066598449,11.0651075483
7.910168,-0.820225880627,0.905348928936,10.2401933735,1.35801635101,1.17458863428,11.0651075483
7.911834,-0.820225880627,0.905348928936,10.1948124982,1.42873458448,1.24530686776,11.0287016972
7.9135,-0.866370670294,0.859968053701,10.1948124982,1.46409370122,1.20994775102,11.0287016972
7.915166,-0.77408109096,0.905348928936,10.2855742487,1.42873458448,1.24530686776,11.0287016972
7.916832,-0.77408109096,0.950729804172,10.2855742487,1.46409370122,1.24530686776,11.0651075483
7.918498,-0.866370670294,0.859968053701,10.2401933735,1.35801635101,1.20994775102,10.9581653606
7.920164,-0.866370670294,0.859968053701,10.2401933735,1.39337546774,1.20994775102,11.0287016972
7.92183,-0.866370670294,0.859968053701,10.1948124982,1.42873458448,1.20994775102,11.0287016972
7.923496,-0.866370670294,0.814587178465,10.2401933735,1.35801635101,1.28066598449,11.1015133995
7.925162,-0.866370670294,0.814587178465,10.2401933735,1.39337546774,1.20994775102,11.0287016972
7.926828,-0.866370670294,0.859968053701,10.2401933735,1.39337546774,1.17458863428,10.9581653606
7.928494,-0.820225880627,0.814587178465,10.2401933735,1.35801635101,1.10387040081,10.9922958461
7.93016,-0.866370670294,0.76920630323,10.2401933735,1.39337546774,1.13922951755,10.9922958461
7.931826,-0.820225880627,0.814587178465,10.1948124982,1.35801635101,1.06851128407,10.9922958461
7.933492,-0.866370670294,0.76920630323,10.1948124982,1.39337546774,1.13922951755,10.9581653606
7.935158,-0.866370670294,0.76920630323,10.2401933735,1.39337546774,1.10387040081,10.9217595095
7.936824,-0.866370670294,0.76920630323,10.1948124982,1.35801635101,1.06851128407,10.9217595095
7.93849,-0.866370670294,0.76920630323,10.1948124982,1.35801635101,1.06851128407,10.9581653606
7.940156,-0.866370670294,0.723825427995,10.1948124982,1.28729811753,1.03315216734,10.8489478072
7.941822,-0.866370670294,0.76920630323,10.1948124982,1.35801635101,1.06851128407,10.8853536583
7.943488,-0.866370670294,0.723825427995,10.1948124982,1.35801635101,1.03315216734,10.9217595095
7.945154,-0.820225880627,0.723825427995,10.2401933735,1.49945281795,1.06851128407,10.9217595095
7.94682,-0.77408109096,0.814587178465,10.2855742487,1.35801635101,1.03315216734,10.9217595095
7.948486,-0.866370670294,0.723825427995,10.1948124982,1.35801635101,0.962433933862,10.8853536583
7.950152,-0.866370670294,0.678444552759,10.1948124982,1.32265723427,0.997793050599,10.8853536583
7.951818,-0.866370670294,0.678444552759,10.1948124982,1.35801635101,1.06851128407,10.8853536583
7.953484,-0.912515459961,0.633063677524,10.149431623,1.28729811753,0.927074817126,10.8853536583
7.95515,-0.866370670294,0.633063677524,10.149431623,1.35801635101,1.03315216734,10.8853536583
7.956816,-0.866370670294,0.678444552759,10.149431623,1.32265723427,1.03315216734,10.8125419561
7.958482,-0.866370670294,0.678444552759,10.1040507478,1.35801635101,1.06851128407,10.8125419561
7.960148,-0.866370670294,0.633063677524,10.1040507478,1.35801635101,1.06851128407,10.8853536583
7.961814,-0.820225880627,0.723825427995,10.1948124982,1.28729811753,1.03315216734,10.7397302538
7.96348,-0.820225880627,0.678444552759,10.149431623,1.32265723427,1.06851128407,10.8125419561
7.965146,-0.77408109096,0.678444552759,10.1948124982,1.32265723427,1.06851128407,10.8125419561
7.966812,-0.77408109096,0.678444552759,10.149431623,1.35801635101,1.06851128407,10.8125419561
7.968478,-0.820225880627,0.633063677524,10.149431623,1.35801635101,1.06851128407,10.8125419561
7.970144,-0.866370670294,0.587682802288,10.1040507478,1.28729811753,0.962433933862,10.7761361049
7.97181,-0.912515459961,0.496921051817,10.0586698725,1.28729811753,1.03315216734,10.7761361049
7.973476,-0.912515459961,0.451540176582,10.0132889973,1.32265723427,1.06851128407,10.8125419561
7.975142,-0.958660249627,0.496921051817,10.0132889973,1.39337546774,1.06851128407,10.7761361049
7.976808,-0.958660249627,0.496921051817,9.96790812205,1.28729811753,1.06851128407,10.8125419561
7.978474,-0.958660249627,0.542301927053,9.96790812205,1.21657988406,1.03315216734,10.7397302538
7.98014,-0.958660249627,0.542301927053,9.96790812205,1.25193900079,1.03315216734,10.7397302538
7.981806,-0.958660249627,0.542301927053,9.96790812205,1.25193900079,1.06851128407,10.7761361049
7.983472,-0.866370670294,0.633063677524,10.0586698725,1.18122076732,1.06851128407,10.8853536583
7.985138,-0.958660249627,0.542301927053,9.96790812205,1.25193900079,1.03315216734,10.7761361049
7.986804,-0.958660249627,0.542301927053,9.96790812205,1.21657988406,0.962433933862,10.7397302538
7.98847,-0.958660249627,0.587682802288,9.92252724682,1.25193900079,0.997793050599,10.7397302538
7.990136,-0.958660249627,0.542301927053,9.92252724682,1.25193900079,1.03315216734,10.7761361049
7.991802,-0.958660249627,0.542301927053,9.92252724682,1.18122076732,0.891715700389,10.7033244027
7.993468,-0.958660249627,0.633063677524,9.96790812205,1.21657988406,0.997793050599,10.7761361049
7.995134,-0.958660249627,0.587682802288,9.92252724682,1.21657988406,0.927074817126,10.7761361049
7.9968,-0.912515459961,0.678444552759,9.96790812205,1.28729811753,0.997793050599,10.7761361049
7.998466,-1.00480503929,0.587682802288,9.87714637158,1.21657988406,0.997793050599,10.7761361049
8.000132,-1.00480503929,0.542301927053,9.83176549635,1.18122076732,0.927074817126,10.7033244027
8.001798,-1.00480503929,0.587682802288,9.87714637158,1.21657988406,0.962433933862,10.7761361049
8.003464,-1.00480503929,0.587682802288,9.83176549635,1.21657988406,0.962433933862,10.7397302538
8.00513,-0.958660249627,0.587682802288,9.83176549635,1.32265723427,1.03315216734,10.7761361049
8.006796,-1.00480503929,0.587682802288,9.83176549635,1.21657988406,0.997793050599,10.7397302538
8.008462,-0.958660249627,0.633063677524,9.83176549635,1.18122076732,0.927074817126,10.7033244027
8.010128,-0.912515459961,0.678444552759,9.92252724682,1.18122076732,0.927074817126,10.7033244027
8.011794,-0.912515459961,0.678444552759,9.92252724682,1.21657988406,0.962433933862,10.7761361049
8.01346,-1.00480503929,0.587682802288,9.87714637158,1.11050253385,0.927074817126,10.8125419561
8.015126,-1.00480503929,0.587682802288,9.83176549635,1.21657988406,0.997793050599,10.7761361049
8.016792,-1.00480503929,0.587682802288,9.83176549635,1.21657988406,0.962433933862,10.7397302538
8.018458,-1.00480503929,0.587682802288,9.83176549635,1.18122076732,0.962433933862,10.7397302538
8.020124,-1.00480503929,0.678444552759,9.83176549635,1.25193900079,1.03315216734,10.7761361049
8.02179,-0.866370670294,0.723825427995,9.96790812205,1.18122076732,0.962433933862,10.7397302538
8.023456,-0.958660249627,0.633063677524,9.87714637158,1.21657988406,0.997793050599,10.7761361049
8.025122,-0.958660249627,0.633063677524,9.87714637158,1.25193900079,1.03315216734,10.7761361049
8.026788,-0.958660249627,0.633063677524,9.83176549635,1.21657988406,1.06851128407,10.8853536583
8.028454,-0.820225880627,0.76920630323,9.96790812205,1.28729811753,1.03315216734,10.7761361049
8.03012,-0.912515459961,0.587682802288,9.87714637158,1.25193900079,0.997793050599,10.7033244027
8.031786,-0.912515459961,0.633063677524,9.87714637158,1.25193900079,1.03315216734,10.7033244027
8.033452,-0.912515459961,0.633063677524,9.87714637158,1.32265723427,1.06851128407,10.7397302538
8.035118,-0.912515459961,0.678444552759,9.92252724682,1.25193900079,1.17458863428,10.8489478072
8.036784,-0.866370670294,0.633063677524,9.92252724682,1.32265723427,1.06851128407,10.7397302538
8.03845,-0.866370670294,0.633063677524,9.92252724682,1.32265723427,1.06851128407,10.7033244027
8.040116,-0.866370670294,0.633063677524,9.92252724682,1.35801635101,1.10387040081,10.7033244027
8.041782,-0.866370670294,0.633063677524,9.96790812205,1.35801635101,1.17458863428,10.7397302538
8.043448,-0.820225880627,0.678444552759,9.96790812205,1.28729811753,1.06851128407,10.6669185515
8.045114,-0.820225880627,0.678444552759,10.0132889973,1.35801635101,1.13922951755,10.7033244027
8.04678,-0.820225880627,0.678444552759,10.0132889973,1.39337546774,1.13922951755,10.7397302538
8.048446,-0.820225880627,0.678444552759,10.0586698725,1.32265723427,1.17458863428,10.8489478072
8.050112,-0.820225880627,0.633063677524,10.0586698725,1.39337546774,1.06851128407,10.7761361049
8.051778,-0.77408109096,0.723825427995,10.1040507478,1.39337546774,1.06851128407,10.7397302538
8.053444,-0.820225880627,0.678444552759,10.0586698725,1.42873458448,1.06851128407,10.7397302538
8.05511,-0.820225880627,0.678444552759,10.1040507478,1.42873458448,1.06851128407,10.7397302538
8.056776,-0.77408109096,0.723825427995,10.1040507478,1.39337546774,1.03315216734,10.7033244027
8.058442,-0.77408109096,0.723825427995,10.1040507478,1.42873458448,1.10387040081,10.7397302538
8.060108,-0.820225880627,0.723825427995,10.1040507478,1.42873458448,1.06851128407,10.7397302538
8.061774,-0.77408109096,0.76920630323,10.149431623,1.49945281795,1.10387040081,10.7397302538
8.06344,-0.77408109096,0.76920630323,10.149431623,1.46409370122,1.06851128407,10.7761361049
8.065106,-0.77408109096,0.76920630323,10.149431623,1.39337546774,1.03315216734,10.7397302538
8.066772,-0.727936301293,0.814587178465,10.149431623,1.46409370122,1.06851128407,10.7397302538
8.068438,-0.727936301293,0.814587178465,10.1948124982,1.49945281795,1.06851128407,10.8125419561
8.070104,-0.727936301293,0.76920630323,10.1948124982,1.39337546774,1.03315216734,10.8489478072
8.07177,-0.77408109096,0.76920630323,10.1948124982,1.49945281795,1.06851128407,10.8125419561
8.073436,-0.681791511626,0.76920630323,10.2855742487,1.49945281795,1.06851128407,10.7761361049
8.075102,-0.635646721959,0.814587178465,10.2855742487,1.53481193469,1.03315216734,10.7761361049
8.076768,-0.727936301293,0.76920630323,10.2401933735,1.49945281795,1.10387040081,10.8489478072
8.078434,-0.727936301293,0.814587178465,10.2401933735,1.46409370122,1.03315216734,10.7761361049
8.0801,-0.727936301293,0.723825427995,10.2401933735,1.49945281795,1.10387040081,10.8125419561
8.081766,-0.681791511626,0.814587178465,10.2855742487,1.49945281795,1.13922951755,10.8853536583
8.083432,-0.727936301293,0.76920630323,10.2855742487,1.60553016816,1.20994775102,10.8853536583
8.085098,-0.727936301293,0.76920630323,10.2855742487,1.49945281795,1.17458863428,10.8853536583
8.086764,-0.727936301293,0.723825427995,10.2401933735,1.49945281795,1.10387040081,10.8489478072
8.08843,-0.727936301293,0.76920630323,10.2401933735,1.46409370122,1.13922951755,10.8853536583
8.090096,-0.635646721959,0.859968053701,10.3309551239,1.49945281795,1.17458863428,10.9581653606
8.091762,-0.77408109096,0.723825427995,10.2855742487,1.46409370122,1.06851128407,10.9217595095
8.093428,-0.727936301293,0.76920630323,10.2855742487,1.49945281795,1.13922951755,10.9581653606
8.095094,-0.727936301293,0.76920630323,10.2855742487,1.49945281795,1.17458863428,10.9581653606
8.09676,-0.77408109096,0.76920630323,10.2855742487,1.57017105143,1.20994775102,10.9581653606
8.098426,-0.681791511626,0.859968053701,10.3763359992,1.49945281795,1.13922951755,10.9922958461
8.100092,-0.77408109096,0.814587178465,10.2855742487,1.46409370122,1.10387040081,10.9217595095
8.101758,-0.727936301293,0.814587178465,10.2855742487,1.46409370122,1.13922951755,10.9922958461
8.103424,-0.77408109096,0.814587178465,10.2855742487,1.49945281795,1.13922951755,11.0287016972
8.10509,-0.77408109096,0.814587178465,10.2855742487,1.53481193469,1.24530686776,11.0651075483
8.106756,-0.77408109096,0.859968053701,10.2855742487,1.46409370122,1.17458863428,11.0287016972
8.108422,-0.77408109096,0.859968053701,10.2401933735,1.42873458448,1.10387040081,10.9581653606
8.110088,-0.820225880627,0.814587178465,10.2401933735,1.46409370122,1.10387040081,11.0287016972
8.111754,-0.77408109096,0.814587178465,10.2401933735,1.49945281795,1.17458863428,11.0287016972
8.11342,-0.820225880627,0.814587178465,10.2401933735,1.35801635101,1.06851128407,11.0651075483
8.115086,-0.820225880627,0.76920630323,10.2401933735,1.46409370122,1.10387040081,11.0651075483
8.116752,-0.77408109096,0.814587178465,10.2401933735,1.42873458448,1.06851128407,11.0287016972
8.118418,-0.820225880627,0.814587178465,10.2401933735,1.49945281795,1.17458863428,11.0287016972
8.120084,-0.820225880627,0.859968053701,10.2401933735,1.46409370122,1.13922951755,11.0651075483
8.12175,-0.820225880627,0.859968053701,10.2401933735,1.39337546774,1.06851128407,10.9922958461
8.123416,-0.820225880627,0.814587178465,10.1948124982,1.42873458448,1.13922951755,10.9922958461
8.125082,-0.820225880627,0.859968053701,10.2401933735,1.39337546774,1.17458863428,11.0651075483
8.126748,-0.820225880627,0.905348928936,10.2401933735,1.35801635101,1.20994775102,11.1379192506
8.128414,-0.820225880627,0.905348928936,10.2401933735,1.39337546774,1.13922951755,11.0651075483
8.13008,-0.820225880627,0.814587178465,10.1948124982,1.39337546774,1.10387040081,10.9922958461
8.131746,-0.820225880627,0.859968053701,10.1948124982,1.39337546774,1.10387040081,10.9922958461
8.133412,-0.866370670294,0.859968053701,10.1948124982,1.39337546774,1.13922951755,11.0287016972
8.135078,-0.820225880627,0.905348928936,10.2401933735,1.35801635101,1.06851128407,10.9217595095
8.136744,-0.866370670294,0.814587178465,10.1948124982,1.39337546774,1.10387040081,10.9922958461
8.13841,-0.866370670294,0.814587178465,10.149431623,1.35801635101,1.10387040081,10.9922958461
8.140076,-0.866370670294,0.814587178465,10.1948124982,1.35801635101,1.13922951755,10.9217595095
8.141742,-0.866370670294,0.814587178465,10.149431623,1.42873458448,1.13922951755,10.9922958461
8.143408,-0.77408109096,0.905348928936,10.2401933735,1.32265723427,1.10387040081,10.8489478072
8.145074,-0.866370670294,0.76920630323,10.1948124982,1.35801635101,1.20994775102,10.9922958461
8.14674,-0.866370670294,0.814587178465,10.149431623,1.39337546774,1.10387040081,10.9217595095
8.148406,-0.866370670294,0.859968053701,10.149431623,1.49945281795,1.24530686776,10.9217595095
8.150072,-0.866370670294,0.76920630323,10.149431623,1.42873458448,1.20994775102,10.9217595095
8.151738,-0.866370670294,0.76920630323,10.149431623,1.39337546774,1.10387040081,10.8853536583
8.153404,-0.77408109096,0.76920630323,10.1948124982,1.35801635101,1.17458863428,10.8853536583
8.15507,-0.77408109096,0.76920630323,10.149431623,1.39337546774,1.20994775102,10.8853536583
8.156736,-0.820225880627,0.76920630323,10.1040507478,1.35801635101,1.31602510123,10.9581653606
8.158402,-0.820225880627,0.723825427995,10.1040507478,1.39337546774,1.31602510123,10.8489478072
8.160068,-0.866370670294,0.723825427995,10.0586698725,1.35801635101,1.20994775102,10.8489478072
8.161734,-0.866370670294,0.76920630323,10.1040507478,1.35801635101,1.20994775102,10.8125419561
8.1634,-0.866370670294,0.76920630323,10.149431623,1.35801635101,1.24530686776,10.8125419561
8.165066,-0.866370670294,0.76920630323,10.1040507478,1.32265723427,1.17458863428,10.7761361049
8.166732,-0.866370670294,0.723825427995,10.1040507478,1.35801635101,1.24530686776,10.8125419561
8.168398,-0.866370670294,0.678444552759,10.1040507478,1.35801635101,1.24530686776,10.8125419561
8.170064,-0.866370670294,0.723825427995,10.1040507478,1.32265723427,1.31602510123,10.8853536583
8.17173,-0.77408109096,0.859968053701,10.1948124982,1.35801635101,1.24530686776,10.8489478072
8.173396,-0.820225880627,0.76920630323,10.149431623,1.35801635101,1.20994775102,10.7761361049
8.175062,-0.866370670294,0.678444552759,10.0586698725,1.35801635101,1.20994775102,10.7761361049
8.176728,-0.866370670294,0.76920630323,10.0586698725,1.35801635101,1.20994775102,10.8125419561
8.178394,-0.866370670294,0.814587178465,10.0586698725,1.28729811753,1.13922951755,10.7033244027
8.18006,-0.912515459961,0.76920630323,10.0586698725,1.32265723427,1.17458863428,10.7761361049
8.181726,-0.820225880627,0.859968053701,10.149431623,1.35801635101,1.17458863428,10.7761361049
8.183392,-0.866370670294,0.723825427995,10.0132889973,1.39337546774,1.20994775102,10.7761361049
8.185058,-0.912515459961,0.76920630323,10.0132889973,1.32265723427,1.20994775102,10.7761361049
8.186724,-0.866370670294,0.814587178465,10.0586698725,1.28729811753,1.10387040081,10.7397302538
8.18839,-0.866370670294,0.859968053701,10.0586698725,1.28729811753,1.17458863428,10.7397302538
8.190056,-0.820225880627,0.859968053701,10.1040507478,1.32265723427,1.17458863428,10.8125419561
8.191722,-0.958660249627,0.76920630323,9.96790812205,1.28729811753,1.20994775102,10.8853536583
8.193388,-0.912515459961,0.76920630323,10.0132889973,1.32265723427,1.13922951755,10.8125419561
8.195054,-0.912515459961,0.76920630323,10.0132889973,1.28729811753,1.13922951755,10.7761361049
8.19672,-0.912515459961,0.76920630323,9.96790812205,1.32265723427,1.13922951755,10.7761361049
8.198386,-0.912515459961,0.76920630323,10.0132889973,1.35801635101,1.20994775102,10.7761361049
8.200052,-0.912515459961,0.76920630323,10.0132889973,1.28729811753,1.10387040081,10.7397302538
8.201718,-0.912515459961,0.76920630323,10.0132889973,1.28729811753,1.17458863428,10.7761361049
8.203384,-0.866370670294,0.814587178465,10.0132889973,1.32265723427,1.20994775102,10.8489478072
8.20505,-0.958660249627,0.76920630323,9.96790812205,1.35801635101,1.28066598449,10.9217595095
8.206716,-0.912515459961,0.814587178465,10.0132889973,1.32265723427,1.17458863428,10.8489478072
8.208382,-0.912515459961,0.76920630323,10.0132889973,1.28729811753,1.17458863428,10.8125419561
8.210048,-0.912515459961,0.723825427995,9.96790812205,1.28729811753,1.13922951755,10.8489478072
8.211714,-0.912515459961,0.76920630323,9.96790812205,1.32265723427,1.20994775102,10.8853536583
8.21338,-0.912515459961,0.723825427995,10.0132889973,1.21657988406,1.10387040081,10.9217595095
8.215046,-0.820225880627,0.814587178465,10.1040507478,1.28729811753,1.17458863428,10.9217595095
8.216712,-0.866370670294,0.76920630323,10.0586698725,1.28729811753,1.13922951755,10.9217595095
8.218378,-0.866370670294,0.76920630323,10.1040507478,1.32265723427,1.17458863428,10.9217595095
8.220044,-0.866370670294,0.814587178465,10.1040507478,1.32265723427,1.10387040081,10.9581653606
8.22171,-0.958660249627,0.76920630323,10.0132889973,1.21657988406,1.06851128407,10.8853536583
8.223376,-0.958660249627,0.723825427995,10.0132889973,1.32265723427,1.10387040081,10.9581653606
8.225042,-0.958660249627,0.633063677524,10.0132889973,1.32265723427,1.13922951755,10.9217595095
8.226708,-0.912515459961,0.678444552759,10.0132889973,1.39337546774,1.20994775102,10.9922958461
8.228374,-0.912515459961,0.76920630323,10.0586698725,1.32265723427,1.17458863428,10.9922958461
8.23004,-0.820225880627,0.814587178465,10.1948124982,1.32265723427,1.10387040081,10.9217595095
8.231706,-0.912515459961,0.678444552759,10.0586698725,1.32265723427,1.10387040081,10.9581653606
8.233372,-0.866370670294,0.723825427995,10.0586698725,1.35801635101,1.13922951755,11.0287016972
8.235038,-0.912515459961,0.723825427995,10.0586698725,1.25193900079,1.06851128407,10.9922958461
8.236704,-0.912515459961,0.723825427995,10.0586698725,1.35801635101,1.10387040081,10.9922958461
8.23837,-0.912515459961,0.76920630323,10.1040507478,1.32265723427,1.10387040081,10.9581653606
8.240036,-0.912515459961,0.678444552759,10.1040507478,1.35801635101,1.10387040081,10.9581653606
8.241702,-0.912515459961,0.723825427995,10.1040507478,1.35801635101,1.10387040081,10.9922958461
8.243368,-0.866370670294,0.76920630323,10.1948124982,1.32265723427,1.03315216734,10.9217595095
8.245034,-0.866370670294,0.723825427995,10.149431623,1.35801635101,1.06851128407,10.9922958461
8.2467,-0.866370670294,0.76920630323,10.1948124982,1.35801635101,1.06851128407,10.9922958461
8.248366,-0.866370670294,0.723825427995,10.149431623,1.46409370122,1.10387040081,10.9922958461
8.250032,-0.866370670294,0.76920630323,10.149431623,1.39337546774,1.06851128407,10.9922958461
8.251698,-0.820225880627,0.76920630323,10.1948124982,1.35801635101,1.03315216734,10.9217595095
8.253364,-0.820225880627,0.76920630323,10.1948124982,1.39337546774,1.06851128407,10.9217595095
8.25503,-0.820225880627,0.76920630323,10.1948124982,1.42873458448,1.10387040081,10.9581653606
8.256696,-0.820225880627,0.76920630323,10.1948124982,1.46409370122,1.17458863428,11.0287016972
8.258362,-0.820225880627,0.76920630323,10.2401933735,1.46409370122,1.10387040081,10.9217595095
8.260028,-0.820225880627,0.76920630323,10.1948124982,1.39337546774,1.06851128407,10.8853536583
8.261694,-0.820225880627,0.76920630323,10.2401933735,1.39337546774,1.06851128407,10.9217595095
8.26336,-0.77408109096,0.814587178465,10.2401933735,1.46409370122,1.06851128407,10.9217595095
8.265026,-0.77408109096,0.723825427995,10.2401933735,1.39337546774,0.997793050599,10.8853536583
8.266692,-0.77408109096,0.723825427995,10.2855742487,1.46409370122,1.06851128407,10.8853536583
8.268358,-0.681791511626,0.76920630323,10.3309551239,1.49945281795,1.10387040081,10.9217595095
8.270024,-0.727936301293,0.76920630323,10.3309551239,1.49945281795,1.13922951755,10.8853536583
8.27169,-0.77408109096,0.723825427995,10.2401933735,1.49945281795,1.17458863428,10.9217595095
8.273356,-0.77408109096,0.723825427995,10.2855742487,1.46409370122,1.06851128407,10.8125419561
8.275022,-0.727936301293,0.678444552759,10.2855742487,1.46409370122,1.10387040081,10.8853536583
8.276688,-0.727936301293,0.723825427995,10.2855742487,1.53481193469,1.10387040081,10.8853536583
8.278354,-0.635646721959,0.814587178465,10.3763359992,1.46409370122,1.20994775102,11.0287016972
8.28002,-0.727936301293,0.76920630323,10.2855742487,1.49945281795,1.17458863428,10.8853536583
8.281686,-0.727936301293,0.723825427995,10.2855742487,1.49945281795,1.13922951755,10.8489478072
8.283352,-0.635646721959,0.814587178465,10.3763359992,1.49945281795,1.17458863428,10.8853536583
8.285018,-0.727936301293,0.723825427995,10.2855742487,1.53481193469,1.17458863428,10.8853536583
8.286684,-0.727936301293,0.76920630323,10.2855742487,1.42873458448,1.10387040081,10.9581653606
8.28835,-0.727936301293,0.76920630323,10.2401933735,1.49945281795,1.17458863428,10.8853536583
8.290016,-0.727936301293,0.723825427995,10.2401933735,1.49945281795,1.06851128407,10.8125419561
8.291682,-0.727936301293,0.723825427995,10.2401933735,1.49945281795,1.10387040081,10.8489478072
8.293348,-0.727936301293,0.76920630323,10.2401933735,1.49945281795,1.10387040081,10.8853536583
8.295014,-0.727936301293,0.76920630323,10.2401933735,1.46409370122,1.03315216734,10.7761361049
8.29668,-0.727936301293,0.723825427995,10.2401933735,1.49945281795,1.10387040081,10.8489478072
8.298346,-0.727936301293,0.723825427995,10.2401933735,1.49945281795,1.10387040081,10.8489478072
8.300012,-0.727936301293,0.723825427995,10.1948124982,1.57017105143,1.13922951755,10.8125419561
8.301678,-0.77408109096,0.76920630323,10.1948124982,1.46409370122,1.10387040081,10.8853536583
8.303344,-0.77408109096,0.76920630323,10.1948124982,1.42873458448,1.06851128407,10.7761361049
8.30501,-0.77408109096,0.723825427995,10.1948124982,1.46409370122,1.10387040081,10.8489478072
8.306676,-0.77408109096,0.723825427995,10.149431623,1.46409370122,1.10387040081,10.8853536583
8.308342,-0.820225880627,0.76920630323,10.149431623,1.53481193469,1.17458863428,10.8489478072
8.310008,-0.77408109096,0.814587178465,10.149431623,1.46409370122,1.10387040081,10.8853536583
8.311674,-0.820225880627,0.76920630323,10.149431623,1.39337546774,1.10387040081,10.7761361049
8.31334,-0.77408109096,0.76920630323,10.1040507478,1.39337546774,1.10387040081,10.8125419561
8.315006,-0.681791511626,0.859968053701,10.1948124982,1.46409370122,1.13922951755,10.8125419561
8.316672,-0.820225880627,0.76920630323,10.0586698725,1.39337546774,1.17458863428,10.9217595095
8.318338,-0.820225880627,0.76920630323,10.1040507478,1.42873458448,1.10387040081,10.8125419561
8.320004,-0.820225880627,0.76920630323,10.0586698725,1.39337546774,1.03315216734,10.8125419561
8.32167,-0.820225880627,0.76920630323,10.0586698725,1.39337546774,1.06851128407,10.7761361049
8.323336,-0.727936301293,0.859968053701,10.149431623,1.42873458448,1.06851128407,10.8489478072
8.325002,-0.866370670294,0.76920630323,10.0132889973,1.32265723427,1.03315216734,10.7397302538
8.326668,-0.866370670294,0.76920630323,10.0586698725,1.39337546774,1.10387040081,10.8125419561
8.328334,-0.866370670294,0.723825427995,10.0132889973,1.35801635101,1.06851128407,10.8125419561
8.33,-0.866370670294,0.76920630323,10.0132889973,1.46409370122,1.13922951755,10.8853536583
8.331666,-0.820225880627,0.814587178465,10.0132889973,1.35801635101,1.06851128407,10.8125419561
8.333332,-0.866370670294,0.814587178465,10.0132889973,1.32265723427,1.06851128407,10.7397302538
8.334998,-0.77408109096,0.905348928936,10.0586698725,1.35801635101,1.10387040081,10.7761361049
8.336664,-0.77408109096,0.859968053701,10.0132889973,1.35801635101,1.06851128407,10.8125419561
8.33833,-0.866370670294,0.76920630323,9.96790812205,1.35801635101,1.17458863428,10.8853536583
8.339996,-0.866370670294,0.76920630323,9.96790812205,1.35801635101,1.06851128407,10.7761361049
8.341662,-0.866370670294,0.723825427995,9.96790812205,1.35801635101,1.10387040081,10.7761361049
8.343328,-0.866370670294,0.723825427995,9.96790812205,1.35801635101,1.06851128407,10.7761361049
8.344994,-0.866370670294,0.723825427995,9.96790812205,1.35801635101,1.06851128407,10.8125419561
8.34666,-0.866370670294,0.723825427995,9.92252724682,1.28729811753,1.13922951755,10.8853536583
8.348326,-0.866370670294,0.678444552759,9.96790812205,1.32265723427,1.10387040081,10.7761361049
8.349992,-0.866370670294,0.678444552759,9.96790812205,1.32265723427,1.06851128407,10.7761361049
8.351658,-0.866370670294,0.723825427995,9.96790812205,1.32265723427,1.06851128407,10.7397302538
8.353324,-0.866370670294,0.678444552759,9.92252724682,1.35801635101,1.10387040081,10.7761361049
8.35499,-0.912515459961,0.633063677524,9.92252724682,1.28729811753,1.03315216734,10.6669185515
8.356656,-0.866370670294,0.678444552759,9.96790812205,1.35801635101,1.10387040081,10.7761361049
8.358322,-0.820225880627,0.678444552759,10.0132889973,1.35801635101,1.06851128407,10.7761361049
8.359988,-0.912515459961,0.678444552759,9.92252724682,1.39337546774,1.10387040081,10.7761361049
8.361654,-0.866370670294,0.678444552759,9.96790812205,1.35801635101,1.06851128407,10.7397302538
8.36332,-0.866370670294,0.678444552759,9.96790812205,1.25193900079,1.03315216734,10.7033244027
8.364986,-0.866370670294,0.678444552759,9.96790812205,1.28729811753,1.06851128407,10.7397302538
8.366652,-0.866370670294,0.678444552759,9.96790812205,1.35801635101,1.06851128407,10.7761361049
8.368318,-0.866370670294,0.678444552759,9.96790812205,1.35801635101,1.13922951755,10.8489478072
8.369984,-0.912515459961,0.633063677524,9.96790812205,1.35801635101,1.03315216734,10.7397302538
8.37165,-0.866370670294,0.633063677524,10.0132889973,1.32265723427,1.03315216734,10.7397302538
8.373316,-0.912515459961,0.587682802288,9.96790812205,1.32265723427,1.03315216734,10.7397302538
8.374982,-0.912515459961,0.633063677524,9.96790812205,1.32265723427,1.06851128407,10.7761361049
8.376648,-0.912515459961,0.678444552759,10.0132889973,1.28729811753,0.962433933862,10.7033244027
8.378314,-0.912515459961,0.678444552759,10.0132889973,1.32265723427,1.03315216734,10.7761361049
8.37998,-0.912515459961,0.633063677524,10.0132889973,1.32265723427,1.03315216734,10.7397302538
8.381646,-0.912515459961,0.587682802288,10.0132889973,1.32265723427,0.997793050599,10.7397302538
8.383312,-0.912515459961,0.633063677524,10.0132889973,1.35801635101,1.03315216734,10.7761361049
8.384978,-0.866370670294,0.633063677524,10.0132889973,1.25193900079,1.10387040081,10.8125419561
8.386644,-0.866370670294,0.678444552759,10.1040507478,1.32265723427,1.06851128407,10.8125419561
8.38831,-0.912515459961,0.587682802288,10.0132889973,1.32265723427,1.06851128407,10.7761361049
8.389976,-0.912515459961,0.496921051817,10.0586698725,1.35801635101,1.06851128407,10.7761361049
8.391642,-0.912515459961,0.587682802288,10.0132889973,1.32265723427,0.997793050599,10.8125419561
8.393308,-0.866370670294,0.587682802288,10.0586698725,1.28729811753,1.03315216734,10.7033244027
8.394974,-0.912515459961,0.496921051817,10.0586698725,1.28729811753,1.06851128407,10.8125419561
8.39664,-0.958660249627,0.542301927053,10.0132889973,1.28729811753,1.06851128407,10.8125419561
8.398306,-0.912515459961,0.633063677524,10.0586698725,1.21657988406,1.10387040081,10.8853536583
8.399972,-0.912515459961,0.587682802288,10.0586698725,1.28729811753,1.10387040081,10.8125419561
8.401638,-0.958660249627,0.542301927053,10.0586698725,1.28729811753,1.03315216734,10.8489478072
8.403304,-0.820225880627,0.633063677524,10.149431623,1.32265723427,1.03315216734,10.8125419561
8.40497,-0.958660249627,0.542301927053,10.0132889973,1.32265723427,1.06851128407,10.8489478072
8.406636,-0.958660249627,0.633063677524,10.0586698725,1.25193900079,0.962433933862,10.8125419561
8.408302,-0.912515459961,0.633063677524,10.1040507478,1.25193900079,1.06851128407,10.8853536583
8.409968,-0.958660249627,0.542301927053,10.0586698725,1.32265723427,1.06851128407,10.8853536583
8.411634,-0.820225880627,0.678444552759,10.149431623,1.35801635101,1.10387040081,10.9922958461
8.4133,-0.866370670294,0.678444552759,10.149431623,1.32265723427,1.06851128407,10.8853536583
8.414966,-0.958660249627,0.678444552759,10.1040507478,1.28729811753,1.03315216734,10.8853536583
8.416632,-0.958660249627,0.633063677524,10.149431623,1.28729811753,1.06851128407,10.8853536583
8.418298,-0.912515459961,0.633063677524,10.1040507478,1.28729811753,1.06851128407,10.9581653606
8.419964,-0.866370670294,0.678444552759,10.1948124982,1.21657988406,0.962433933862,10.8853536583
8.42163,-0.958660249627,0.678444552759,10.1040507478,1.28729811753,0.997793050599,10.9581653606
8.423296,-0.912515459961,0.678444552759,10.149431623,1.32265723427,1.06851128407,10.9217595095
8.424962,-0.958660249627,0.587682802288,10.149431623,1.35801635101,1.10387040081,10.9217595095
8.426628,-0.958660249627,0.587682802288,10.1040507478,1.32265723427,1.10387040081,10.9922958461
8.428294,-0.912515459961,0.633063677524,10.1040507478,1.25193900079,1.03315216734,10.9217595095
8.42996,-0.912515459961,0.678444552759,10.1040507478,1.28729811753,1.06851128407,10.9217595095
8.431626,-0.866370670294,0.76920630323,10.1948124982,1.32265723427,1.03315216734,10.9922958461
8.433292,-0.912515459961,0.587682802288,10.1040507478,1.25193900079,0.997793050599,10.8853536583
8.434958,-0.958660249627,0.633063677524,10.0586698725,1.28729811753,1.06851128407,10.9922958461
8.436624,-0.912515459961,0.723825427995,10.1040507478,1.28729811753,1.06851128407,10.9922958461
8.43829,-0.912515459961,0.76920630323,10.149431623,1.35801635101,1.10387040081,10.9581653606
8.439956,-0.912515459961,0.76920630323,10.149431623,1.32265723427,1.10387040081,10.9922958461
8.441622,-0.958660249627,0.723825427995,10.1040507478,1.28729811753,1.06851128407,10.9217595095
8.443288,-0.958660249627,0.723825427995,10.0586698725,1.28729811753,1.10387040081,10.9581653606
8.444954,-0.820225880627,0.905348928936,10.1948124982,1.35801635101,1.13922951755,10.9922958461
8.44662,-0.866370670294,0.905348928936,10.149431623,1.28729811753,1.17458863428,11.1379192506
8.448286,-0.912515459961,0.859968053701,10.149431623,1.32265723427,1.10387040081,10.9922958461
8.449952,-0.866370670294,0.76920630323,10.149431623,1.28729811753,1.06851128407,10.9217595095
8.451618,-0.912515459961,0.76920630323,10.1040507478,1.32265723427,1.06851128407,10.9217595095
8.453284,-0.866370670294,0.814587178465,10.149431623,1.35801635101,1.20994775102,10.9922958461
8.45495,-0.866370670294,0.814587178465,10.149431623,1.32265723427,1.10387040081,10.9217595095
8.456616,-0.912515459961,0.814587178465,10.149431623,1.35801635101,1.17458863428,10.9581653606
8.458282,-0.912515459961,0.76920630323,10.149431623,1.35801635101,1.13922951755,10.9581653606
8.459948,-0.866370670294,0.76920630323,10.149431623,1.46409370122,1.24530686776,10.9922958461
8.461614,-0.866370670294,0.814587178465,10.149431623,1.39337546774,1.20994775102,10.9922958461
8.46328,-0.866370670294,0.859968053701,10.149431623,1.39337546774,1.20994775102,10.9217595095
8.464946,-0.820225880627,0.814587178465,10.149431623,1.35801635101,1.20994775102,10.9217595095
8.466612,-0.820225880627,0.814587178465,10.1948124982,1.39337546774,1.20994775102,10.9217595095
8.468278,-0.820225880627,0.76920630323,10.149431623,1.35801635101,1.20994775102,10.8489478072
8.469944,-0.820225880627,0.76920630323,10.1948124982,1.46409370122,1.28066598449,10.9217595095
8.47161,-0.681791511626,0.950729804172,10.2855742487,1.42873458448,1.28066598449,10.9217595095
8.473276,-0.820225880627,0.814587178465,10.1948124982,1.53481193469,1.31602510123,10.9217595095
8.474942,-0.77408109096,0.814587178465,10.1948124982,1.46409370122,1.24530686776,10.9217595095
8.476608,-0.77408109096,0.814587178465,10.149431623,1.42873458448,1.24530686776,10.8853536583
8.478274,-0.820225880627,0.905348928936,10.1948124982,1.42873458448,1.24530686776,10.8489478072
8.47994,-0.77408109096,0.950729804172,10.2401933735,1.46409370122,1.28066598449,10.8853536583
8.481606,-0.77408109096,0.905348928936,10.2401933735,1.39337546774,1.24530686776,10.8125419561
8.483272,-0.77408109096,0.905348928936,10.2401933735,1.49945281795,1.28066598449,10.8853536583
8.484938,-0.77408109096,0.905348928936,10.2401933735,1.49945281795,1.28066598449,10.8853536583
8.486604,-0.727936301293,0.996110679407,10.2401933735,1.60553016816,1.35138421797,10.9217595095
8.48827,-0.681791511626,1.08687242988,10.3763359992,1.49945281795,1.28066598449,10.8853536583
8.489936,-0.77408109096,0.950729804172,10.2855742487,1.46409370122,1.20994775102,10.8125419561
8.491602,-0.727936301293,0.950729804172,10.2855742487,1.46409370122,1.28066598449,10.8125419561
8.493268,-0.77408109096,0.905348928936,10.2401933735,1.49945281795,1.28066598449,10.8853536583
8.494934,-0.77408109096,0.950729804172,10.2855742487,1.42873458448,1.20994775102,10.7761361049
8.4966,-0.727936301293,0.996110679407,10.2855742487,1.49945281795,1.24530686776,10.8853536583
8.498266,-0.727936301293,0.905348928936,10.2855742487,1.49945281795,1.28066598449,10.8489478072
8.499932,-0.727936301293,0.905348928936,10.2401933735,1.49945281795,1.28066598449,10.8489478072
8.501598,-0.77408109096,0.905348928936,10.2401933735,1.49945281795,1.31602510123,10.8853536583
8.503264,-0.727936301293,0.996110679407,10.2855742487,1.46409370122,1.24530686776,10.8125419561
8.50493,-0.77408109096,0.996110679407,10.2401933735,1.46409370122,1.28066598449,10.8125419561
8.506596,-0.681791511626,1.04149155464,10.3309551239,1.53481193469,1.31602510123,10.8853536583
8.508262,-0.77408109096,0.950729804172,10.1948124982,1.42873458448,1.3867433347,10.9581653606
8.509928,-0.77408109096,0.950729804172,10.2401933735,1.49945281795,1.31602510123,10.8853536583
8.511594,-0.727936301293,0.996110679407,10.2401933735,1.46409370122,1.28066598449,10.8125419561
8.51326,-0.77408109096,0.996110679407,10.2855742487,1.46409370122,1.28066598449,10.8853536583
8.514926,-0.77408109096,0.950729804172,10.2855742487,1.46409370122,1.28066598449,10.9217595095
8.516592,-0.77408109096,0.905348928936,10.2401933735,1.39337546774,1.20994775102,10.9922958461
8.518258,-0.77408109096,0.950729804172,10.2401933735,1.46409370122,1.28066598449,10.9217595095
8.519924,-0.820225880627,0.996110679407,10.2401933735,1.42873458448,1.31602510123,10.9217595095
8.52159,-0.77408109096,0.996110679407,10.2401933735,1.42873458448,1.28066598449,10.8853536583
8.523256,-0.820225880627,0.996110679407,10.1948124982,1.46409370122,1.28066598449,10.9581653606
8.524922,-0.681791511626,1.04149155464,10.3309551239,1.39337546774,1.20994775102,10.8853536583
8.526588,-0.727936301293,1.04149155464,10.2855742487,1.42873458448,1.28066598449,10.9922958461
8.528254,-0.727936301293,1.04149155464,10.3309551239,1.42873458448,1.28066598449,10.9581653606
8.52992,-0.727936301293,0.996110679407,10.3309551239,1.49945281795,1.28066598449,11.0287016972
8.531586,-0.820225880627,0.905348928936,10.1948124982,1.39337546774,1.24530686776,11.0287016972
8.533252,-0.866370670294,0.905348928936,10.2401933735,1.35801635101,1.13922951755,10.9217595095
8.534918,-0.866370670294,0.905348928936,10.1948124982,1.35801635101,1.20994775102,10.9922958461
8.536584,-0.866370670294,0.859968053701,10.1948124982,1.39337546774,1.20994775102,10.9922958461
8.53825,-0.77408109096,0.996110679407,10.3309551239,1.32265723427,1.17458863428,11.0651075483
8.539916,-0.866370670294,0.814587178465,10.1948124982,1.39337546774,1.24530686776,11.0287016972
8.541582,-0.866370670294,0.814587178465,10.149431623,1.35801635101,1.20994775102,10.9922958461
8.543248,-0.866370670294,0.814587178465,10.1948124982,1.39337546774,1.20994775102,10.9922958461
8.544914,-0.866370670294,0.814587178465,10.1948124982,1.39337546774,1.20994775102,11.0287016972
8.54658,-0.866370670294,0.814587178465,10.1948124982,1.32265723427,1.10387040081,10.9217595095
8.548246,-0.912515459961,0.76920630323,10.149431623,1.32265723427,1.20994775102,10.9922958461
8.549912,-0.866370670294,0.814587178465,10.149431623,1.35801635101,1.17458863428,11.0287016972
8.551578,-0.912515459961,0.76920630323,10.149431623,1.39337546774,1.28066598449,11.0651075483
8.553244,-0.912515459961,0.814587178465,10.149431623,1.35801635101,1.13922951755,11.0287016972
8.55491,-0.912515459961,0.76920630323,10.149431623,1.35801635101,1.06851128407,10.9922958461
8.556576,-0.912515459961,0.76920630323,10.1948124982,1.32265723427,1.10387040081,10.9581653606
8.558242,-0.912515459961,0.723825427995,10.149431623,1.35801635101,1.10387040081,11.0287016972
8.559908,-0.912515459961,0.76920630323,10.149431623,1.28729811753,1.03315216734,10.8853536583
8.561574,-0.912515459961,0.76920630323,10.149431623,1.32265723427,1.06851128407,11.0287016972
8.56324,-0.912515459961,0.76920630323,10.149431623,1.35801635101,1.06851128407,10.9581653606
8.564906,-0.912515459961,0.723825427995,10.149431623,1.39337546774,1.06851128407,10.9581653606
8.566572,-0.912515459961,0.723825427995,10.149431623,1.35801635101,1.06851128407,10.9581653606
8.568238,-0.912515459961,0.723825427995,10.149431623,1.28729811753,1.03315216734,10.9217595095
8.569904,-0.912515459961,0.76920630323,10.149431623,1.32265723427,1.06851128407,10.9217595095
8.57157,-0.912515459961,0.678444552759,10.149431623,1.35801635101,1.03315216734,10.9217595095
8.573236,-0.912515459961,0.678444552759,10.149431623,1.42873458448,1.10387040081,10.9581653606
8.574902,-0.912515459961,0.633063677524,10.1040507478,1.32265723427,1.06851128407,10.9217595095
8.576568,-0.912515459961,0.678444552759,10.149431623,1.28729811753,1.03315216734,10.8489478072
8.578234,-0.820225880627,0.76920630323,10.2401933735,1.32265723427,1.03315216734,10.8853536583
8.5799,-0.912515459961,0.587682802288,10.1040507478,1.32265723427,1.06851128407,10.8853536583
8.581566,-0.912515459961,0.587682802288,10.1040507478,1.21657988406,0.997793050599,10.9217595095
8.583232,-0.912515459961,0.633063677524,10.1040507478,1.32265723427,1.06851128407,10.8853536583
8.584898,-0.912515459961,0.587682802288,10.1040507478,1.35801635101,1.06851128407,10.8853536583
8.586564,-0.820225880627,0.678444552759,10.1948124982,1.42873458448,1.13922951755,10.8853536583
8.58823,-0.912515459961,0.587682802288,10.0586698725,1.35801635101,1.06851128407,10.8853536583
8.589896,-0.912515459961,0.542301927053,10.1040507478,1.25193900079,0.997793050599,10.7761361049
8.591562,-0.912515459961,0.587682802288,10.0586698725,1.28729811753,0.997793050599,10.8125419561
8.593228,-0.912515459961,0.542301927053,10.0586698725,1.32265723427,1.03315216734,10.8125419561
8.594894,-0.912515459961,0.542301927053,10.0586698725,1.28729811753,1.06851128407,10.9217595095
8.59656,-0.912515459961,0.542301927053,10.0586698725,1.32265723427,1.03315216734,10.8489478072
8.598226,-0.912515459961,0.542301927053,10.0586698725,1.28729811753,0.962433933862,10.7761361049
8.599892,-0.912515459961,0.587682802288,10.0586698725,1.28729811753,0.997793050599,10.7761361049
8.601558,-0.912515459961,0.587682802288,10.0586698725,1.32265723427,1.03315216734,10.8125419561
8.603224,-0.912515459961,0.587682802288,9.96790812205,1.21657988406,0.927074817126,10.8489478072
8.60489,-0.912515459961,0.587682802288,10.0132889973,1.28729811753,0.997793050599,10.7761361049
8.606556,-0.912515459961,0.587682802288,10.0132889973,1.28729811753,0.997793050599,10.7761361049
8.608222,-0.912515459961,0.587682802288,10.0132889973,1.35801635101,1.03315216734,10.7397302538
8.609888,-0.912515459961,0.587682802288,9.96790812205,1.32265723427,0.962433933862,10.7761361049
8.611554,-0.866370670294,0.633063677524,10.0586698725,1.21657988406,0.891715700389,10.6669185515
8.61322,-0.912515459961,0.496921051817,9.96790812205,1.28729811753,0.927074817126,10.7397302538
8.614886,-0.912515459961,0.496921051817,9.96790812205,1.28729811753,0.997793050599,10.7033244027
8.616552,-0.912515459961,0.496921051817,9.96790812205,1.35801635101,0.997793050599,10.7397302538
8.618218,-0.912515459961,0.542301927053,9.96790812205,1.32265723427,0.997793050599,10.7397302538
8.619884,-0.912515459961,0.542301927053,9.92252724682,1.25193900079,0.927074817126,10.7033244027
8.62155,-0.912515459961,0.542301927053,9.92252724682,1.25193900079,0.927074817126,10.7033244027
8.623216,-0.912515459961,0.542301927053,9.92252724682,1.28729811753,0.997793050599,10.7397302538
8.624882,-0.912515459961,0.542301927053,9.92252724682,1.21657988406,1.06851128407,10.8125419561
8.626548,-0.912515459961,0.542301927053,9.92252724682,1.32265723427,0.927074817126,10.7397302538
8.628214,-0.912515459961,0.587682802288,9.87714637158,1.21657988406,0.927074817126,10.6669185515
8.62988,-0.912515459961,0.587682802288,9.87714637158,1.28729811753,0.927074817126,10.7033244027
8.631546,-0.912515459961,0.587682802288,9.87714637158,1.28729811753,0.962433933862,10.7397302538
8.633212,-0.912515459961,0.587682802288,9.87714637158,1.28729811753,0.891715700389,10.6305127004
8.634878,-0.912515459961,0.587682802288,9.83176549635,1.28729811753,0.962433933862,10.7033244027
8.636544,-0.912515459961,0.587682802288,9.87714637158,1.28729811753,0.927074817126,10.7397302538
8.63821,-0.912515459961,0.587682802288,9.87714637158,1.39337546774,1.03315216734,10.7397302538
8.639876,-0.912515459961,0.587682802288,9.87714637158,1.32265723427,0.962433933862,10.7397302538
8.641542,-0.912515459961,0.587682802288,9.87714637158,1.28729811753,0.891715700389,10.7033244027
8.643208,-0.866370670294,0.633063677524,9.87714637158,1.25193900079,0.927074817126,10.7033244027
8.644874,-0.912515459961,0.587682802288,9.87714637158,1.28729811753,0.962433933862,10.7397302538
8.64654,-0.912515459961,0.587682802288,9.87714637158,1.21657988406,1.03315216734,10.8125419561
8.648206,-0.912515459961,0.633063677524,9.87714637158,1.32265723427,0.997793050599,10.7397302538
8.649872,-0.912515459961,0.633063677524,9.87714637158,1.28729811753,0.927074817126,10.7033244027
8.651538,-0.866370670294,0.633063677524,9.87714637158,1.32265723427,0.962433933862,10.7033244027
8.653204,-0.77408109096,0.723825427995,9.96790812205,1.32265723427,0.997793050599,10.7397302538
8.65487,-0.866370670294,0.587682802288,9.87714637158,1.25193900079,0.927074817126,10.6305127004
8.656536,-0.866370670294,0.633063677524,9.92252724682,1.35801635101,1.03315216734,10.7397302538
8.658202,-0.866370670294,0.587682802288,9.87714637158,1.32265723427,0.997793050599,10.7033244027
8.659868,-0.77408109096,0.723825427995,9.96790812205,1.39337546774,1.06851128407,10.7397302538
8.661534,-0.866370670294,0.587682802288,9.92252724682,1.35801635101,1.03315216734,10.7397302538
8.6632,-0.866370670294,0.633063677524,9.92252724682,1.28729811753,0.962433933862,10.6669185515
8.664866,-0.866370670294,0.633063677524,9.92252724682,1.35801635101,1.03315216734,10.7397302538
8.666532,-0.727936301293,0.723825427995,10.0132889973,1.39337546774,1.03315216734,10.7397302538
8.668198,-0.820225880627,0.678444552759,9.96790812205,1.46409370122,1.10387040081,10.7761361049
8.669864,-0.820225880627,0.678444552759,9.96790812205,1.39337546774,1.03315216734,10.7397302538
8.67153,-0.866370670294,0.678444552759,9.96790812205,1.35801635101,1.03315216734,10.7397302538
8.673196,-0.820225880627,0.678444552759,9.96790812205,1.35801635101,0.997793050599,10.7397302538
8.674862,-0.820225880627,0.678444552759,10.0132889973,1.39337546774,1.06851128407,10.7761361049
8.676528,-0.727936301293,0.76920630323,10.0586698725,1.35801635101,1.10387040081,10.8853536583
8.678194,-0.77408109096,0.76920630323,10.0586698725,1.42873458448,1.03315216734,10.7761361049
8.67986,-0.77408109096,0.76920630323,10.0586698725,1.39337546774,1.06851128407,10.7397302538
8.681526,-0.77408109096,0.76920630323,10.0586698725,1.42873458448,1.06851128407,10.7761361049
8.683192,-0.727936301293,0.814587178465,10.1040507478,1.42873458448,1.06851128407,10.8125419561
8.684858,-0.77408109096,0.76920630323,10.1040507478,1.39337546774,0.997793050599,10.7397302538
8.686524,-0.77408109096,0.76920630323,10.1040507478,1.42873458448,1.06851128407,10.8125419561
8.68819,-0.727936301293,0.76920630323,10.1040507478,1.46409370122,1.06851128407,10.7761361049
8.689856,-0.77408109096,0.723825427995,10.149431623,1.49945281795,1.10387040081,10.7761361049
8.691522,-0.77408109096,0.723825427995,10.149431623,1.46409370122,1.10387040081,10.8125419561
8.693188,-0.727936301293,0.76920630323,10.149431623,1.46409370122,1.06851128407,10.7397302538
8.694854,-0.77408109096,0.76920630323,10.149431623,1.46409370122,1.10387040081,10.8125419561
8.69652,-0.77408109096,0.76920630323,10.149431623,1.49945281795,1.13922951755,10.8125419561
8.698186,-0.727936301293,0.76920630323,10.1948124982,1.53481193469,1.24530686776,10.8853536583
8.699852,-0.727936301293,0.814587178465,10.1948124982,1.49945281795,1.17458863428,10.8489478072
8.701518,-0.77408109096,0.76920630323,10.1948124982,1.49945281795,1.10387040081,10.8125419561
8.703184,-0.635646721959,0.905348928936,10.3309551239,1.49945281795,1.13922951755,10.8125419561
8.70485,-0.727936301293,0.76920630323,10.2401933735,1.53481193469,1.17458863428,10.8853536583
8.706516,-0.727936301293,0.814587178465,10.2401933735,1.46409370122,1.06851128407,10.7761361049
8.708182,-0.727936301293,0.76920630323,10.2401933735,1.49945281795,1.17458863428,10.8853536583
8.709848,-0.681791511626,0.859968053701,10.3309551239,1.49945281795,1.17458863428,10.8853536583
8.711514,-0.681791511626,0.905348928936,10.3309551239,1.60553016816,1.24530686776,10.9922958461
8.71318,-0.727936301293,0.859968053701,10.2855742487,1.53481193469,1.20994775102,10.9581653606
8.714846,-0.727936301293,0.814587178465,10.2855742487,1.49945281795,1.10387040081,10.9217595095
8.716512,-0.727936301293,0.814587178465,10.3309551239,1.46409370122,1.13922951755,10.9217595095
8.718178,-0.77408109096,0.814587178465,10.2855742487,1.53481193469,1.17458863428,10.9581653606
8.719844,-0.77408109096,0.859968053701,10.3309551239,1.46409370122,1.10387040081,10.9581653606
8.72151,-0.77408109096,0.814587178465,10.2855742487,1.49945281795,1.17458863428,10.9922958461
8.723176,-0.77408109096,0.814587178465,10.2855742487,1.49945281795,1.13922951755,10.9922958461
8.724842,-0.77408109096,0.814587178465,10.3309551239,1.57017105143,1.20994775102,10.9922958461
8.726508,-0.77408109096,0.859968053701,10.3309551239,1.49945281795,1.17458863428,11.0651075483
8.728174,-0.77408109096,0.814587178465,10.3309551239,1.46409370122,1.10387040081,10.9217595095
8.72984,-0.727936301293,0.905348928936,10.3309551239,1.46409370122,1.17458863428,11.0287016972
8.731506,-0.727936301293,0.996110679407,10.3763359992,1.46409370122,1.20994775102,11.0287016972
8.733172,-0.727936301293,0.950729804172,10.4217168744,1.49945281795,1.20994775102,11.0287016972
8.734838,-0.820225880627,0.905348928936,10.3309551239,1.49945281795,1.28066598449,11.0651075483
8.736504,-0.820225880627,0.905348928936,10.2855742487,1.42873458448,1.20994775102,11.0287016972
8.73817,-0.820225880627,0.859968053701,10.2855742487,1.42873458448,1.20994775102,11.0287016972
8.739836,-0.820225880627,0.859968053701,10.2855742487,1.46409370122,1.24530686776,11.0651075483
8.741502,-0.820225880627,0.905348928936,10.2855742487,1.53481193469,1.35138421797,11.1379192506
8.743168,-0.820225880627,0.905348928936,10.2855742487,1.42873458448,1.24530686776,11.0651075483
8.744834,-0.820225880627,0.905348928936,10.2855742487,1.39337546774,1.20994775102,11.0651075483
8.7465,-0.820225880627,0.859968053701,10.2855742487,1.39337546774,1.20994775102,11.0651075483
8.748166,-0.727936301293,0.996110679407,10.3763359992,1.42873458448,1.20994775102,11.0651075483
8.749832,-0.866370670294,0.905348928936,10.2855742487,1.35801635101,1.17458863428,11.0651075483
8.751498,-0.866370670294,0.905348928936,10.2855742487,1.39337546774,1.20994775102,11.1015133995
8.753164,-0.866370670294,0.905348928936,10.2855742487,1.39337546774,1.20994775102,11.1015133995
8.75483,-0.727936301293,1.04149155464,10.3763359992,1.42873458448,1.28066598449,11.0651075483
8.756496,-0.866370670294,0.905348928936,10.2401933735,1.39337546774,1.24530686776,11.1015133995
8.758162,-0.866370670294,0.905348928936,10.2401933735,1.32265723427,1.20994775102,11.0651075483
8.759828,-0.866370670294,0.950729804172,10.2401933735,1.35801635101,1.28066598449,11.0651075483
8.761494,-0.912515459961,0.905348928936,10.1948124982,1.39337546774,1.28066598449,11.0651075483
8.76316,-0.866370670294,0.950729804172,10.2401933735,1.32265723427,1.20994775102,11.1379192506
8.764826,-0.77408109096,1.04149155464,10.3309551239,1.35801635101,1.28066598449,11.1015133995
8.766492,-0.912515459961,0.905348928936,10.2401933735,1.35801635101,1.24530686776,11.0651075483
8.768158,-0.866370670294,0.905348928936,10.1948124982,1.39337546774,1.28066598449,11.0651075483
8.769824,-0.866370670294,0.905348928936,10.2401933735,1.39337546774,1.24530686776,11.1015133995
8.77149,-0.866370670294,0.905348928936,10.1948124982,1.32265723427,1.20994775102,10.9581653606
8.773156,-0.912515459961,0.905348928936,10.1948124982,1.35801635101,1.28066598449,11.0287016972
8.774822,-0.866370670294,0.905348928936,10.1948124982,1.35801635101,1.31602510123,11.0287016972
8.776488,-0.866370670294,0.859968053701,10.149431623,1.46409370122,1.35138421797,11.0651075483
8.778154,-0.912515459961,0.859968053701,10.149431623,1.35801635101,1.31602510123,11.0651075483
8.77982,-0.866370670294,0.859968053701,10.149431623,1.32265723427,1.28066598449,10.9581653606
8.781486,-0.912515459961,0.859968053701,10.149431623,1.35801635101,1.24530686776,10.9922958461
8.783152,-0.912515459961,0.814587178465,10.149431623,1.35801635101,1.28066598449,10.9922958461
8.784818,-0.912515459961,0.814587178465,10.149431623,1.28729811753,1.20994775102,10.9217595095
8.786484,-0.77408109096,0.950729804172,10.2401933735,1.35801635101,1.24530686776,10.9922958461
8.78815,-0.912515459961,0.814587178465,10.1040507478,1.35801635101,1.28066598449,10.9217595095
8.789816,-0.912515459961,0.814587178465,10.149431623,1.35801635101,1.24530686776,10.9217595095
8.791482,-0.912515459961,0.814587178465,10.1040507478,1.35801635101,1.28066598449,10.9217595095
8.793148,-0.912515459961,0.859968053701,10.1040507478,1.32265723427,1.20994775102,10.8853536583
8.794814,-0.866370670294,0.859968053701,10.1040507478,1.32265723427,1.20994775102,10.8853536583
8.79648,-0.866370670294,0.859968053701,10.149431623,1.35801635101,1.28066598449,10.9217595095
8.798146,-0.912515459961,0.814587178465,10.1040507478,1.35801635101,1.31602510123,10.9922958461
8.799812,-0.866370670294,0.814587178465,10.1040507478,1.35801635101,1.20994775102,10.8853536583
8.801478,-0.866370670294,0.814587178465,10.0586698725,1.32265723427,1.17458863428,10.8125419561
8.803144,-0.912515459961,0.814587178465,10.0586698725,1.32265723427,1.20994775102,10.8125419561
8.80481,-0.77408109096,0.905348928936,10.1948124982,1.35801635101,1.24530686776,10.8489478072
8.806476,-0.866370670294,0.76920630323,10.0586698725,1.28729811753,1.17458863428,10.7761361049
8.808142,-0.866370670294,0.76920630323,10.1040507478,1.35801635101,1.20994775102,10.8125419561
8.809808,-0.866370670294,0.76920630323,10.0586698725,1.35801635101,1.20994775102,10.8125419561
8.811474,-0.866370670294,0.723825427995,10.0586698725,1.42873458448,1.28066598449,10.8125419561
8.81314,-0.866370670294,0.723825427995,10.0586698725,1.32265723427,1.20994775102,10.8489478072
8.814806,-0.866370670294,0.76920630323,10.0586698725,1.32265723427,1.20994775102,10.7761361049
8.816472,-0.866370670294,0.723825427995,10.0586698725,1.35801635101,1.17458863428,10.7761361049
8.818138,-0.866370670294,0.76920630323,10.0132889973,1.35801635101,1.20994775102,10.8125419561
8.819804,-0.866370670294,0.723825427995,10.0132889973,1.28729811753,1.10387040081,10.8489478072
8.82147,-0.866370670294,0.76920630323,10.0586698725,1.32265723427,1.20994775102,10.8125419561
8.823136,-0.866370670294,0.76920630323,10.0586698725,1.32265723427,1.20994775102,10.7761361049
8.824802,-0.820225880627,0.76920630323,10.0586698725,1.35801635101,1.17458863428,10.7761361049
8.826468,-0.77408109096,0.859968053701,10.1040507478,1.35801635101,1.17458863428,10.8125419561
8.828134,-0.912515459961,0.723825427995,10.0132889973,1.32265723427,1.10387040081,10.7397302538
8.8298,-0.866370670294,0.723825427995,10.0132889973,1.32265723427,1.13922951755,10.7761361049
8.831466,-0.866370670294,0.723825427995,10.0132889973,1.35801635101,1.13922951755,10.8125419561
8.833132,-0.866370670294,0.723825427995,10.0132889973,1.25193900079,1.20994775102,10.9217595095
8.834798,-0.866370670294,0.723825427995,10.0132889973,1.35801635101,1.10387040081,10.8125419561
8.836464,-0.77408109096,0.814587178465,10.1040507478,1.32265723427,1.10387040081,10.7761361049
8.83813,-0.866370670294,0.723825427995,9.96790812205,1.35801635101,1.06851128407,10.7761361049
8.839796,-0.866370670294,0.678444552759,10.0132889973,1.35801635101,1.10387040081,10.8489478072
8.841462,-0.866370670294,0.678444552759,10.0132889973,1.25193900079,1.03315216734,10.8853536583
8.843128,-0.866370670294,0.723825427995,10.0132889973,1.35801635101,1.06851128407,10.8125419561
8.844794,-0.866370670294,0.723825427995,10.0132889973,1.35801635101,1.06851128407,10.8125419561
8.84646,-0.866370670294,0.678444552759,10.0132889973,1.35801635101,1.06851128407,10.8125419561
8.848126,-0.866370670294,0.678444552759,10.0132889973,1.35801635101,1.06851128407,10.8489478072
8.849792,-0.866370670294,0.678444552759,10.0132889973,1.32265723427,1.03315216734,10.7397302538
8.851458,-0.866370670294,0.633063677524,10.0132889973,1.32265723427,1.03315216734,10.8125419561
8.853124,-0.820225880627,0.678444552759,10.0586698725,1.35801635101,1.06851128407,10.8489478072
8.85479,-0.866370670294,0.678444552759,10.0132889973,1.35801635101,1.13922951755,10.9217595095
8.856456,-0.866370670294,0.678444552759,10.0132889973,1.35801635101,1.03315216734,10.8489478072
8.858122,-0.866370670294,0.633063677524,10.0132889973,1.35801635101,0.997793050599,10.8125419561
8.859788,-0.866370670294,0.633063677524,10.0132889973,1.35801635101,1.03315216734,10.8125419561
8.861454,-0.866370670294,0.633063677524,10.0132889973,1.39337546774,1.03315216734,10.8853536583
8.86312,-0.866370670294,0.678444552759,10.0132889973,1.32265723427,0.962433933862,10.7397302538
8.864786,-0.866370670294,0.678444552759,10.0132889973,1.35801635101,0.997793050599,10.8125419561
8.866452,-0.866370670294,0.678444552759,10.0586698725,1.35801635101,0.997793050599,10.8489478072
8.868118,-0.820225880627,0.678444552759,10.0586698725,1.46409370122,1.03315216734,10.8489478072
8.869784,-0.820225880627,0.633063677524,10.0586698725,1.35801635101,0.962433933862,10.8489478072
8.87145,-0.820225880627,0.633063677524,10.0586698725,1.35801635101,0.891715700389,10.8125419561
8.873116,-0.820225880627,0.678444552759,10.0586698725,1.35801635101,0.962433933862,10.8125419561
8.874782,-0.820225880627,0.678444552759,10.0586698725,1.39337546774,0.997793050599,10.8489478072
8.876448,-0.820225880627,0.678444552759,10.0586698725,1.32265723427,0.927074817126,10.9217595095
8.878114,-0.820225880627,0.633063677524,10.1040507478,1.39337546774,0.927074817126,10.8489478072
8.87978,-0.820225880627,0.633063677524,10.1040507478,1.39337546774,0.962433933862,10.8125419561
8.881446,-0.727936301293,0.723825427995,10.1040507478,1.46409370122,1.03315216734,10.8125419561
8.883112,-0.820225880627,0.678444552759,10.1040507478,1.46409370122,0.997793050599,10.8489478072
8.884778,-0.77408109096,0.678444552759,10.1040507478,1.35801635101,0.927074817126,10.7761361049
8.886444,-0.77408109096,0.678444552759,10.1040507478,1.42873458448,0.962433933862,10.8125419561
8.88811,-0.77408109096,0.633063677524,10.1040507478,1.42873458448,0.997793050599,10.8125419561
8.889776,-0.77408109096,0.633063677524,10.1040507478,1.49945281795,1.10387040081,10.9217595095
8.891442,-0.727936301293,0.723825427995,10.1948124982,1.46409370122,1.03315216734,10.8853536583
8.893108,-0.77408109096,0.633063677524,10.149431623,1.39337546774,0.997793050599,10.7761361049
8.894774,-0.77408109096,0.678444552759,10.149431623,1.42873458448,0.997793050599,10.7761361049
8.89644,-0.77408109096,0.633063677524,10.149431623,1.46409370122,1.03315216734,10.8125419561
8.898106,-0.77408109096,0.633063677524,10.149431623,1.35801635101,0.997793050599,10.8853536583
8.899772,-0.77408109096,0.633063677524,10.149431623,1.46409370122,0.997793050599,10.8853536583
8.901438,-0.681791511626,0.723825427995,10.2401933735,1.39337546774,1.03315216734,10.7761361049
8.903104,-0.77408109096,0.633063677524,10.149431623,1.46409370122,1.03315216734,10.7761361049
8.90477,-0.77408109096,0.678444552759,10.149431623,1.46409370122,1.06851128407,10.8125419561
8.906436,-0.77408109096,0.678444552759,10.1948124982,1.39337546774,0.962433933862,10.7397302538
8.908102,-0.77408109096,0.633063677524,10.149431623,1.42873458448,1.03315216734,10.7761361049
8.909768,-0.77408109096,0.678444552759,10.1948124982,1.49945281795,1.03315216734,10.8125419561
8.911434,-0.727936301293,0.678444552759,10.1948124982,1.42873458448,1.10387040081,10.9217595095
8.9131,-0.727936301293,0.678444552759,10.1948124982,1.49945281795,1.03315216734,10.8125419561
8.914766,-0.635646721959,0.76920630323,10.2401933735,1.39337546774,0.997793050599,10.7761361049
8.916432,-0.681791511626,0.76920630323,10.2855742487,1.46409370122,0.997793050599,10.7761361049
8.918098,-0.727936301293,0.678444552759,10.1948124982,1.46409370122,1.06851128407,10.8125419561
8.919764,-0.77408109096,0.723825427995,10.149431623,1.39337546774,0.997793050599,10.7397302538
8.92143,-0.77408109096,0.723825427995,10.149431623,1.42873458448,1.06851128407,10.7761361049
8.923096,-0.77408109096,0.723825427995,10.149431623,1.46409370122,1.06851128407,10.8125419561
8.924762,-0.727936301293,0.76920630323,10.2401933735,1.46409370122,1.06851128407,10.7761361049
8.926428,-0.77408109096,0.678444552759,10.149431623,1.46409370122,1.10387040081,10.8125419561
8.928094,-0.77408109096,0.723825427995,10.149431623,1.39337546774,1.03315216734,10.7397302538
8.92976,-0.820225880627,0.723825427995,10.149431623,1.39337546774,1.06851128407,10.8125419561
8.931426,-0.77408109096,0.723825427995,10.1040507478,1.46409370122,1.06851128407,10.8125419561
8.933092,-0.77408109096,0.723825427995,10.149431623,1.49945281795,1.20994775102,10.8853536583
8.934758,-0.77408109096,0.723825427995,10.1040507478,1.46409370122,1.06851128407,10.8489478072
8.936424,-0.77408109096,0.723825427995,10.149431623,1.39337546774,1.06851128407,10.7761361049
8.93809,-0.681791511626,0.814587178465,10.2401933735,1.39337546774,1.06851128407,10.8125419561
8.939756,-0.820225880627,0.723825427995,10.1040507478,1.39337546774,1.10387040081,10.8489478072
8.941422,-0.820225880627,0.76920630323,10.1040507478,1.32265723427,1.10387040081,10.9217595095
8.943088,-0.820225880627,0.76920630323,10.1040507478,1.39337546774,1.10387040081,10.8125419561
8.944754,-0.820225880627,0.76920630323,10.1040507478,1.35801635101,1.06851128407,10.7761361049
8.94642,-0.866370670294,0.76920630323,10.1040507478,1.35801635101,1.10387040081,10.8125419561
8.948086,-0.866370670294,0.814587178465,10.0586698725,1.39337546774,1.10387040081,10.8489478072
8.949752,-0.820225880627,0.814587178465,10.0586698725,1.32265723427,1.03315216734,10.7397302538
8.951418,-0.820225880627,0.814587178465,10.0586698725,1.39337546774,1.10387040081,10.8489478072
8.953084,-0.820225880627,0.76920630323,10.1040507478,1.35801635101,1.10387040081,10.8489478072
8.95475,-0.77408109096,0.859968053701,10.149431623,1.49945281795,1.20994775102,10.8853536583
8.956416,-0.912515459961,0.723825427995,10.0586698725,1.35801635101,1.17458863428,10.8853536583
8.958082,-0.866370670294,0.76920630323,10.0586698725,1.32265723427,1.10387040081,10.8125419561
8.959748,-0.866370670294,0.814587178465,10.0586698725,1.35801635101,1.10387040081,10.8489478072
8.961414,-0.866370670294,0.76920630323,10.0586698725,1.35801635101,1.17458863428,10.8853536583
8.96308,-0.866370670294,0.76920630323,10.0586698725,1.28729811753,1.10387040081,10.7761361049
8.964746,-0.820225880627,0.905348928936,10.1040507478,1.32265723427,1.17458863428,10.8853536583
8.966412,-0.912515459961,0.814587178465,10.0132889973,1.32265723427,1.20994775102,10.8489478072
8.968078,-0.912515459961,0.723825427995,10.0586698725,1.35801635101,1.17458863428,10.8489478072
8.969744,-0.958660249627,0.76920630323,10.0132889973,1.35801635101,1.17458863428,10.8853536583
8.97141,-0.912515459961,0.76920630323,10.0132889973,1.25193900079,1.10387040081,10.7761361049
8.973076,-0.912515459961,0.76920630323,10.0132889973,1.32265723427,1.17458863428,10.8853536583
8.974742,-0.912515459961,0.723825427995,10.0132889973,1.35801635101,1.17458863428,10.8853536583
8.976408,-0.912515459961,0.723825427995,10.0132889973,1.42873458448,1.28066598449,10.9217595095
8.978074,-0.912515459961,0.723825427995,10.0132889973,1.32265723427,1.20994775102,10.8853536583
8.97974,-0.912515459961,0.76920630323,10.0132889973,1.28729811753,1.10387040081,10.8489478072
8.981406,-0.958660249627,0.723825427995,10.0132889973,1.28729811753,1.17458863428,10.8489478072
8.983072,-0.912515459961,0.76920630323,10.0586698725,1.32265723427,1.20994775102,10.8853536583
8.984738,-0.912515459961,0.76920630323,10.0132889973,1.25193900079,1.28066598449,10.9922958461
8.986404,-0.912515459961,0.814587178465,10.0132889973,1.32265723427,1.20994775102,10.8853536583
8.98807,-0.820225880627,0.905348928936,10.149431623,1.28729811753,1.13922951755,10.8489478072
8.989736,-0.912515459961,0.814587178465,10.0586698725,1.32265723427,1.13922951755,10.8853536583
8.991402,-0.912515459961,0.76920630323,10.0586698725,1.28729811753,1.17458863428,10.8853536583
8.993068,-0.912515459961,0.76920630323,10.0586698725,1.25193900079,1.10387040081,10.8125419561
8.994734,-0.912515459961,0.723825427995,10.0132889973,1.28729811753,1.17458863428,10.8853536583
8.9964,-0.912515459961,0.76920630323,10.1040507478,1.32265723427,1.17458863428,10.8853536583
8.998066,-0.912515459961,0.723825427995,10.0586698725,1.35801635101,1.20994775102,10.8853536583
8.999732,-0.958660249627,0.723825427995,10.0586698725,1.32265723427,1.20994775102,10.9217595095
9.001398,-0.866370670294,0.859968053701,10.149431623,1.28729811753,1.13922951755,10.8125419561
9.003064,-0.912515459961,0.76920630323,10.1040507478,1.32265723427,1.17458863428,10.8853536583
9.00473,-0.958660249627,0.76920630323,10.1040507478,1.32265723427,1.17458863428,10.9217595095
9.006396,-0.912515459961,0.76920630323,10.0586698725,1.21657988406,1.17458863428,10.9581653606
9.008062,-0.912515459961,0.723825427995,10.1040507478,1.28729811753,1.20994775102,10.8853536583
9.009728,-0.912515459961,0.723825427995,10.1040507478,1.32265723427,1.17458863428,10.8853536583
9.011394,-0.912515459961,0.723825427995,10.1040507478,1.32265723427,1.13922951755,10.8489478072
9.01306,-0.912515459961,0.723825427995,10.1040507478,1.32265723427,1.17458863428,10.9217595095
9.014726,-0.820225880627,0.76920630323,10.149431623,1.25193900079,1.10387040081,10.8125419561
9.016392,-0.912515459961,0.723825427995,10.149431623,1.32265723427,1.17458863428,10.9217595095
9.018058,-0.912515459961,0.723825427995,10.149431623,1.32265723427,1.17458863428,10.8853536583
9.019724,-0.912515459961,0.723825427995,10.149431623,1.35801635101,1.17458863428,10.8853536583
9.02139,-0.912515459961,0.723825427995,10.1040507478,1.35801635101,1.17458863428,10.8853536583
9.023056,-0.912515459961,0.723825427995,10.1040507478,1.28729811753,1.10387040081,10.8853536583
9.024722,-0.912515459961,0.723825427995,10.149431623,1.32265723427,1.13922951755,10.8853536583
9.026388,-0.912515459961,0.723825427995,10.1040507478,1.35801635101,1.17458863428,10.9217595095
9.028054,-0.866370670294,0.723825427995,10.149431623,1.28729811753,1.20994775102,10.9922958461
9.02972,-0.866370670294,0.723825427995,10.1948124982,1.32265723427,1.17458863428,10.9217595095
9.031386,-0.912515459961,0.723825427995,10.149431623,1.32265723427,1.13922951755,10.8853536583
9.033052,-0.912515459961,0.678444552759,10.149431623,1.32265723427,1.10387040081,10.9217595095
9.034718,-0.912515459961,0.678444552759,10.149431623,1.35801635101,1.17458863428,10.9581653606
9.036384,-0.912515459961,0.723825427995,10.149431623,1.32265723427,1.10387040081,10.8853536583
9.03805,-0.912515459961,0.723825427995,10.149431623,1.35801635101,1.10387040081,10.9217595095
9.039716,-0.912515459961,0.723825427995,10.149431623,1.35801635101,1.17458863428,10.9217595095
9.041382,-0.866370670294,0.723825427995,10.149431623,1.28729811753,1.20994775102,11.0287016972
9.043048,-0.866370670294,0.723825427995,10.149431623,1.35801635101,1.17458863428,10.9217595095
9.044714,-0.866370670294,0.723825427995,10.149431623,1.35801635101,1.13922951755,10.9217595095
9.04638,-0.912515459961,0.723825427995,10.149431623,1.35801635101,1.10387040081,10.9217595095
9.048046,-0.912515459961,0.76920630323,10.149431623,1.35801635101,1.13922951755,10.9581653606
9.049712,-0.77408109096,0.905348928936,10.2855742487,1.32265723427,1.06851128407,10.8853536583
9.051378,-0.912515459961,0.723825427995,10.149431623,1.32265723427,1.10387040081,10.9217595095
9.053044,-0.912515459961,0.723825427995,10.149431623,1.35801635101,1.13922951755,10.9922958461
9.05471,-0.866370670294,0.723825427995,10.1948124982,1.32265723427,1.20994775102,11.0651075483
9.056376,-0.77408109096,0.859968053701,10.2855742487,1.35801635101,1.13922951755,10.9922958461
9.058042,-0.820225880627,0.76920630323,10.2401933735,1.35801635101,1.10387040081,10.9581653606
9.059708,-0.866370670294,0.723825427995,10.1948124982,1.35801635101,1.06851128407,10.9217595095
9.061374,-0.866370670294,0.76920630323,10.149431623,1.35801635101,1.10387040081,10.9581653606
9.06304,-0.866370670294,0.723825427995,10.149431623,1.32265723427,1.03315216734,10.8853536583
9.064706,-0.866370670294,0.723825427995,10.149431623,1.35801635101,1.06851128407,10.9581653606
9.066372,-0.866370670294,0.723825427995,10.149431623,1.35801635101,1.06851128407,10.9217595095
9.068038,-0.866370670294,0.723825427995,10.149431623,1.49945281795,1.17458863428,10.9217595095
9.069704,-0.866370670294,0.76920630323,10.149431623,1.35801635101,1.10387040081,10.9581653606
9.07137,-0.866370670294,0.76920630323,10.1948124982,1.35801635101,1.06851128407,10.8853536583
9.073036,-0.866370670294,0.76920630323,10.149431623,1.35801635101,1.10387040081,10.9217595095
9.074702,-0.866370670294,0.814587178465,10.149431623,1.39337546774,1.13922951755,10.9581653606
9.076368,-0.820225880627,0.76920630323,10.149431623,1.35801635101,1.06851128407,10.9922958461
9.078034,-0.820225880627,0.76920630323,10.149431623,1.39337546774,1.13922951755,10.9217595095
9.0797,-0.820225880627,0.814587178465,10.149431623,1.39337546774,1.10387040081,10.8853536583
9.081366,-0.820225880627,0.814587178465,10.149431623,1.39337546774,1.13922951755,10.8853536583
9.083032,-0.866370670294,0.814587178465,10.149431623,1.39337546774,1.17458863428,10.9217595095
9.084698,-0.866370670294,0.814587178465,10.149431623,1.35801635101,1.06851128407,10.8489478072
9.086364,-0.820225880627,0.814587178465,10.149431623,1.39337546774,1.13922951755,10.8853536583
9.08803,-0.820225880627,0.76920630323,10.149431623,1.39337546774,1.17458863428,10.9217595095
9.089696,-0.820225880627,0.76920630323,10.149431623,1.46409370122,1.20994775102,10.9922958461
9.091362,-0.820225880627,0.814587178465,10.1040507478,1.42873458448,1.17458863428,10.8853536583
9.093028,-0.820225880627,0.814587178465,10.1040507478,1.42873458448,1.10387040081,10.8489478072
9.094694,-0.820225880627,0.814587178465,10.149431623,1.39337546774,1.13922951755,10.8125419561
9.09636,-0.77408109096,0.814587178465,10.149431623,1.46409370122,1.17458863428,10.8853536583
9.098026,-0.77408109096,0.814587178465,10.149431623,1.35801635101,1.06851128407,10.7761361049
9.099692,-0.820225880627,0.814587178465,10.149431623,1.42873458448,1.13922951755,10.8489478072
9.101358,-0.77408109096,0.814587178465,10.149431623,1.46409370122,1.17458863428,10.8489478072
9.103024,-0.820225880627,0.859968053701,10.149431623,1.46409370122,1.24530686776,10.9217595095
9.10469,-0.820225880627,0.814587178465,10.149431623,1.46409370122,1.13922951755,10.8489478072
9.106356,-0.77408109096,0.814587178465,10.149431623,1.39337546774,1.06851128407,10.7761361049
9.108022,-0.820225880627,0.814587178465,10.149431623,1.39337546774,1.10387040081,10.8125419561
9.109688,-0.727936301293,0.859968053701,10.1948124982,1.46409370122,1.17458863428,10.8489478072
9.111354,-0.77408109096,0.859968053701,10.1948124982,1.39337546774,1.10387040081,10.8125419561
9.11302,-0.77408109096,0.814587178465,10.149431623,1.46409370122,1.13922951755,10.8125419561
9.114686,-0.727936301293,0.859968053701,10.1948124982,1.49945281795,1.17458863428,10.8125419561
9.116352,-0.77408109096,0.814587178465,10.149431623,1.53481193469,1.20994775102,10.8489478072
9.118018,-0.77408109096,0.859968053701,10.149431623,1.49945281795,1.20994775102,10.8125419561
9.119684,-0.77408109096,0.859968053701,10.149431623,1.39337546774,1.13922951755,10.7397302538
9.12135,-0.77408109096,0.859968053701,10.149431623,1.42873458448,1.20994775102,10.7761361049
9.123016,-0.77408109096,0.814587178465,10.149431623,1.46409370122,1.20994775102,10.7761361049
9.124682,-0.727936301293,0.905348928936,10.1948124982,1.49945281795,1.31602510123,10.8489478072
9.126348,-0.77408109096,0.814587178465,10.149431623,1.46409370122,1.20994775102,10.8125419561
9.128014,-0.77408109096,0.859968053701,10.149431623,1.42873458448,1.17458863428,10.7397302538
9.12968,-0.820225880627,0.814587178465,10.149431623,1.46409370122,1.17458863428,10.8125419561
9.131346,-0.820225880627,0.814587178465,10.149431623,1.46409370122,1.20994775102,10.8125419561
9.133012,-0.681791511626,0.950729804172,10.2401933735,1.39337546774,1.13922951755,10.7397302538
9.134678,-0.681791511626,0.950729804172,10.2401933735,1.42873458448,1.17458863428,10.8125419561
9.136344,-0.77408109096,0.814587178465,10.1040507478,1.42873458448,1.20994775102,10.8125419561
9.13801,-0.820225880627,0.814587178465,10.1040507478,1.42873458448,1.31602510123,10.9217595095
9.139676,-0.77408109096,0.76920630323,10.1040507478,1.46409370122,1.20994775102,10.8489478072
9.141342,-0.820225880627,0.814587178465,10.149431623,1.39337546774,1.17458863428,10.7761361049
9.143008,-0.820225880627,0.814587178465,10.1040507478,1.39337546774,1.17458863428,10.8125419561
9.144674,-0.820225880627,0.814587178465,10.1040507478,1.46409370122,1.17458863428,10.8489478072
9.14634,-0.866370670294,0.76920630323,10.1040507478,1.35801635101,1.06851128407,10.7761361049
9.148006,-0.866370670294,0.814587178465,10.1040507478,1.39337546774,1.20994775102,10.8489478072
9.149672,-0.866370670294,0.814587178465,10.149431623,1.39337546774,1.17458863428,10.8489478072
9.151338,-0.866370670294,0.814587178465,10.1040507478,1.39337546774,1.20994775102,10.8853536583
9.153004,-0.727936301293,0.905348928936,10.2401933735,1.39337546774,1.20994775102,10.8853536583
9.15467,-0.820225880627,0.814587178465,10.1040507478,1.32265723427,1.13922951755,10.7761361049
9.156336,-0.866370670294,0.814587178465,10.1040507478,1.35801635101,1.17458863428,10.8853536583
9.158002,-0.866370670294,0.814587178465,10.1040507478,1.35801635101,1.17458863428,10.8853536583
9.159668,-0.866370670294,0.814587178465,10.149431623,1.39337546774,1.28066598449,10.9581653606
9.161334,-0.866370670294,0.814587178465,10.149431623,1.35801635101,1.17458863428,10.8853536583
9.163,-0.866370670294,0.76920630323,10.1040507478,1.32265723427,1.13922951755,10.8853536583
9.164666,-0.912515459961,0.76920630323,10.1040507478,1.32265723427,1.13922951755,10.8853536583
9.166332,-0.912515459961,0.76920630323,10.1040507478,1.35801635101,1.17458863428,10.9217595095
9.167998,-0.912515459961,0.76920630323,10.1040507478,1.32265723427,1.06851128407,10.8489478072
9.169664,-0.866370670294,0.76920630323,10.149431623,1.35801635101,1.13922951755,10.8853536583
9.17133,-0.866370670294,0.76920630323,10.149431623,1.32265723427,1.10387040081,10.9217595095
9.172996,-0.820225880627,0.859968053701,10.1948124982,1.39337546774,1.13922951755,10.9217595095
9.174662,-0.912515459961,0.723825427995,10.1040507478,1.32265723427,1.17458863428,10.9217595095
9.176328,-0.912515459961,0.76920630323,10.1040507478,1.28729811753,1.10387040081,10.8853536583
9.177994,-0.958660249627,0.723825427995,10.1040507478,1.28729811753,1.10387040081,10.9217595095
9.17966,-0.912515459961,0.723825427995,10.1040507478,1.32265723427,1.10387040081,10.9217595095
9.181326,-0.912515459961,0.76920630323,10.1040507478,1.39337546774,1.20994775102,10.9922958461
9.182992,-0.958660249627,0.678444552759,10.0586698725,1.32265723427,1.10387040081,10.9581653606
9.184658,-0.912515459961,0.723825427995,10.1040507478,1.28729811753,1.06851128407,10.8853536583
9.186324,-0.912515459961,0.723825427995,10.1040507478,1.28729811753,1.06851128407,10.9217595095
9.18799,-0.912515459961,0.723825427995,10.1040507478,1.32265723427,1.10387040081,10.9217595095
9.189656,-0.958660249627,0.678444552759,10.1040507478,1.21657988406,1.17458863428,11.0651075483
9.191322,-0.958660249627,0.678444552759,10.1040507478,1.32265723427,1.10387040081,10.9581653606
9.192988,-0.912515459961,0.678444552759,10.1040507478,1.28729811753,1.06851128407,10.8853536583
9.194654,-0.912515459961,0.678444552759,10.1040507478,1.28729811753,1.10387040081,10.9217595095
9.19632,-0.912515459961,0.678444552759,10.1040507478,1.32265723427,1.13922951755,10.9581653606
9.197986,-0.912515459961,0.678444552759,10.1040507478,1.21657988406,1.03315216734,10.8853536583
9.199652,-0.820225880627,0.76920630323,10.1948124982,1.32265723427,1.06851128407,10.9217595095
9.201318,-0.958660249627,0.633063677524,10.0586698725,1.28729811753,1.06851128407,10.9217595095
9.202984,-0.912515459961,0.633063677524,10.1040507478,1.35801635101,1.06851128407,10.8853536583
9.20465,-0.912515459961,0.633063677524,10.1040507478,1.28729811753,1.06851128407,10.9581653606
9.206316,-0.912515459961,0.633063677524,10.1040507478,1.25193900079,1.03315216734,10.8853536583
9.207982,-0.912515459961,0.633063677524,10.1040507478,1.28729811753,1.03315216734,10.8853536583
9.209648,-0.958660249627,0.587682802288,10.1040507478,1.28729811753,1.06851128407,10.9217595095
9.211314,-0.912515459961,0.633063677524,10.1040507478,1.21657988406,1.10387040081,11.0287016972
9.21298,-0.958660249627,0.587682802288,10.0586698725,1.32265723427,1.06851128407,10.9581653606
9.214646,-0.912515459961,0.633063677524,10.1040507478,1.28729811753,1.03315216734,10.8489478072
9.216312,-0.958660249627,0.587682802288,10.0586698725,1.25193900079,1.03315216734,10.8853536583
9.217978,-0.958660249627,0.633063677524,10.1040507478,1.32265723427,1.03315216734,10.8853536583
9.219644,-0.912515459961,0.633063677524,10.1040507478,1.21657988406,0.997793050599,10.9217595095
9.22131,-0.912515459961,0.633063677524,10.0586698725,1.28729811753,1.06851128407,10.8853536583
9.222976,-0.912515459961,0.587682802288,10.0586698725,1.28729811753,1.03315216734,10.8125419561
9.224642,-0.820225880627,0.678444552759,10.1948124982,1.28729811753,1.03315216734,10.8125419561
9.226308,-0.866370670294,0.633063677524,10.1040507478,1.32265723427,1.06851128407,10.8853536583
9.227974,-0.912515459961,0.587682802288,10.0586698725,1.28729811753,0.997793050599,10.7761361049
9.22964,-0.912515459961,0.587682802288,10.0586698725,1.32265723427,1.03315216734,10.8125419561
9.231306,-0.866370670294,0.633063677524,10.0586698725,1.35801635101,1.03315216734,10.8125419561
9.232972,-0.912515459961,0.587682802288,10.0586698725,1.39337546774,1.06851128407,10.8125419561
9.234638,-0.912515459961,0.633063677524,10.0586698725,1.35801635101,1.06851128407,10.8489478072
9.236304,-0.866370670294,0.633063677524,10.0586698725,1.28729811753,0.997793050599,10.7761361049
9.23797,-0.866370670294,0.633063677524,10.0586698725,1.28729811753,0.997793050599,10.7761361049
9.239636,-0.820225880627,0.678444552759,10.1040507478,1.35801635101,1.03315216734,10.7761361049
9.241302,-0.912515459961,0.633063677524,10.0132889973,1.39337546774,1.17458863428,10.8489478072
9.242968,-0.866370670294,0.633063677524,10.0132889973,1.35801635101,1.03315216734,10.8125419561
9.244634,-0.866370670294,0.633063677524,10.0132889973,1.32265723427,1.03315216734,10.7761361049
9.2463,-0.866370670294,0.633063677524,10.0586698725,1.32265723427,0.997793050599,10.7397302538
9.247966,-0.866370670294,0.678444552759,10.0586698725,1.35801635101,1.03315216734,10.7761361049
9.249632,-0.866370670294,0.633063677524,10.0132889973,1.28729811753,0.962433933862,10.7033244027
9.251298,-0.866370670294,0.633063677524,10.0132889973,1.32265723427,1.06851128407,10.7761361049
9.252964,-0.866370670294,0.678444552759,10.0132889973,1.32265723427,1.03315216734,10.7397302538
9.25463,-0.912515459961,0.633063677524,9.96790812205,1.39337546774,1.06851128407,10.7397302538
9.256296,-0.866370670294,0.678444552759,10.0132889973,1.35801635101,1.06851128407,10.7761361049
9.257962,-0.866370670294,0.678444552759,10.0132889973,1.32265723427,0.997793050599,10.7033244027
9.259628,-0.866370670294,0.678444552759,10.0132889973,1.32265723427,1.03315216734,10.7397302538
9.261294,-0.866370670294,0.678444552759,10.0132889973,1.35801635101,1.03315216734,10.7761361049
9.26296,-0.866370670294,0.678444552759,10.0132889973,1.39337546774,1.17458863428,10.8125419561
9.264626,-0.866370670294,0.678444552759,10.0132889973,1.35801635101,1.06851128407,10.7761361049
9.266292,-0.820225880627,0.678444552759,10.0132889973,1.32265723427,0.997793050599,10.7033244027
9.267958,-0.866370670294,0.678444552759,9.96790812205,1.35801635101,0.997793050599,10.7397302538
9.269624,-0.866370670294,0.678444552759,9.96790812205,1.35801635101,1.06851128407,10.7397302538
9.27129,-0.727936301293,0.76920630323,10.1040507478,1.32265723427,1.10387040081,10.8853536583
9.272956,-0.866370670294,0.633063677524,9.96790812205,1.35801635101,1.06851128407,10.7397302538
9.274622,-0.866370670294,0.678444552759,9.96790812205,1.39337546774,1.06851128407,10.7033244027
9.276288,-0.820225880627,0.678444552759,9.96790812205,1.39337546774,1.03315216734,10.7397302538
9.277954,-0.820225880627,0.678444552759,9.96790812205,1.39337546774,1.06851128407,10.7397302538
9.27962,-0.820225880627,0.678444552759,9.96790812205,1.35801635101,1.03315216734,10.7033244027
9.281286,-0.820225880627,0.678444552759,10.0132889973,1.39337546774,1.06851128407,10.7397302538
9.282952,-0.77408109096,0.723825427995,10.0132889973,1.39337546774,1.06851128407,10.7397302538
9.284618,-0.727936301293,0.76920630323,10.1040507478,1.35801635101,1.13922951755,10.8489478072
9.286284,-0.820225880627,0.723825427995,10.0132889973,1.39337546774,1.06851128407,10.7397302538
9.28795,-0.820225880627,0.678444552759,10.0132889973,1.39337546774,1.06851128407,10.7397302538
9.289616,-0.820225880627,0.723825427995,10.0132889973,1.35801635101,1.06851128407,10.7397302538
9.291282,-0.77408109096,0.76920630323,10.0586698725,1.42873458448,1.06851128407,10.7761361049
9.292948,-0.681791511626,0.814587178465,10.1040507478,1.35801635101,1.03315216734,10.7033244027
9.294614,-0.77408109096,0.76920630323,10.0132889973,1.39337546774,1.06851128407,10.7761361049
9.29628,-0.77408109096,0.723825427995,10.0132889973,1.42873458448,1.10387040081,10.7397302538
9.297946,-0.77408109096,0.76920630323,10.0586698725,1.53481193469,1.13922951755,10.8125419561
9.299612,-0.727936301293,0.814587178465,10.1040507478,1.46409370122,1.06851128407,10.7761361049
9.301278,-0.77408109096,0.76920630323,10.0586698725,1.39337546774,1.06851128407,10.7397302538
9.302944,-0.77408109096,0.814587178465,10.0586698725,1.39337546774,1.10387040081,10.7761361049
9.30461,-0.77408109096,0.76920630323,10.0586698725,1.46409370122,1.10387040081,10.8125419561
9.306276,-0.77408109096,0.76920630323,10.0586698725,1.39337546774,1.06851128407,10.7397302538
9.307942,-0.77408109096,0.76920630323,10.1040507478,1.46409370122,1.10387040081,10.7761361049
9.309608,-0.77408109096,0.76920630323,10.1040507478,1.46409370122,1.10387040081,10.7761361049
9.311274,-0.77408109096,0.814587178465,10.1040507478,1.57017105143,1.20994775102,10.8125419561
9.31294,-0.77408109096,0.76920630323,10.1040507478,1.49945281795,1.10387040081,10.8125419561
9.314606,-0.635646721959,0.905348928936,10.2401933735,1.42873458448,1.06851128407,10.7397302538
9.316272,-0.77408109096,0.76920630323,10.149431623,1.42873458448,1.10387040081,10.7761361049
9.317938,-0.727936301293,0.814587178465,10.149431623,1.46409370122,1.10387040081,10.8125419561
9.319604,-0.635646721959,0.905348928936,10.2855742487,1.53481193469,1.28066598449,10.8853536583
9.32127,-0.77408109096,0.814587178465,10.1948124982,1.49945281795,1.17458863428,10.8489478072
9.322936,-0.727936301293,0.814587178465,10.1948124982,1.46409370122,1.10387040081,10.8125419561
9.324602,-0.635646721959,0.950729804172,10.2855742487,1.46409370122,1.13922951755,10.8125419561
9.326268,-0.727936301293,0.814587178465,10.1948124982,1.49945281795,1.20994775102,10.8489478072
9.327934,-0.77408109096,0.814587178465,10.1948124982,1.39337546774,1.06851128407,10.8125419561
9.3296,-0.681791511626,0.905348928936,10.3309551239,1.49945281795,1.17458863428,10.8853536583
9.331266,-0.727936301293,0.814587178465,10.2401933735,1.49945281795,1.13922951755,10.8853536583
9.332932,-0.77408109096,0.76920630323,10.2401933735,1.53481193469,1.20994775102,10.8853536583
9.334598,-0.77408109096,0.76920630323,10.2401933735,1.46409370122,1.17458863428,10.9217595095
9.336264,-0.77408109096,0.814587178465,10.2401933735,1.46409370122,1.17458863428,10.8489478072
9.33793,-0.635646721959,0.905348928936,10.3763359992,1.46409370122,1.13922951755,10.8853536583
9.339596,-0.77408109096,0.814587178465,10.2401933735,1.49945281795,1.17458863428,10.9217595095
9.341262,-0.681791511626,0.950729804172,10.3763359992,1.39337546774,1.17458863428,11.0287016972
9.342928,-0.77408109096,0.814587178465,10.2855742487,1.46409370122,1.20994775102,10.9217595095
9.344594,-0.77408109096,0.859968053701,10.2855742487,1.46409370122,1.17458863428,10.9581653606
9.34626,-0.820225880627,0.814587178465,10.2855742487,1.49945281795,1.20994775102,10.9217595095
9.347926,-0.77408109096,0.814587178465,10.2855742487,1.49945281795,1.20994775102,10.9922958461
9.349592,-0.820225880627,0.76920630323,10.2401933735,1.39337546774,1.17458863428,10.9217595095
9.351258,-0.77408109096,0.814587178465,10.2855742487,1.46409370122,1.13922951755,10.9922958461
9.352924,-0.681791511626,0.950729804172,10.3763359992,1.49945281795,1.20994775102,10.9922958461
9.35459,-0.77408109096,0.859968053701,10.2855742487,1.53481193469,1.28066598449,11.0651075483
9.356256,-0.820225880627,0.814587178465,10.2855742487,1.46409370122,1.20994775102,11.0287016972
9.357922,-0.820225880627,0.859968053701,10.2855742487,1.42873458448,1.17458863428,10.9922958461
9.359588,-0.820225880627,0.814587178465,10.2855742487,1.35801635101,1.20994775102,11.0287016972
9.361254,-0.820225880627,0.859968053701,10.2855742487,1.46409370122,1.20994775102,11.0651075483
9.36292,-0.820225880627,0.859968053701,10.2855742487,1.32265723427,1.17458863428,11.1015133995
9.364586,-0.820225880627,0.905348928936,10.2855742487,1.39337546774,1.20994775102,11.0651075483
9.366252,-0.866370670294,0.859968053701,10.2401933735,1.39337546774,1.20994775102,11.0287016972
9.367918,-0.820225880627,0.905348928936,10.2855742487,1.42873458448,1.24530686776,11.0287016972
9.369584,-0.866370670294,0.905348928936,10.2855742487,1.39337546774,1.24530686776,11.1015133995
9.37125,-0.866370670294,0.905348928936,10.2855742487,1.35801635101,1.20994775102,11.0651075483
9.372916,-0.866370670294,0.814587178465,10.2855742487,1.35801635101,1.20994775102,11.0651075483
9.374582,-0.866370670294,0.814587178465,10.2855742487,1.39337546774,1.20994775102,11.0651075483
9.376248,-0.866370670294,0.859968053701,10.2855742487,1.39337546774,1.31602510123,11.1743251017
9.377914,-0.866370670294,0.859968053701,10.2401933735,1.39337546774,1.20994775102,11.0651075483
9.37958,-0.866370670294,0.905348928936,10.2855742487,1.35801635101,1.20994775102,11.0651075483
9.381246,-0.912515459961,0.814587178465,10.2401933735,1.35801635101,1.20994775102,11.0651075483
9.382912,-0.912515459961,0.814587178465,10.2401933735,1.35801635101,1.28066598449,11.1015133995
9.384578,-0.912515459961,0.859968053701,10.2401933735,1.32265723427,1.17458863428,11.0287016972
9.386244,-0.866370670294,0.859968053701,10.2401933735,1.35801635101,1.24530686776,11.0651075483
9.38791,-0.912515459961,0.859968053701,10.1948124982,1.35801635101,1.24530686776,11.0651075483
9.389576,-0.820225880627,0.996110679407,10.3309551239,1.46409370122,1.35138421797,11.0651075483
9.391242,-0.912515459961,0.814587178465,10.1948124982,1.35801635101,1.24530686776,11.0651075483
9.392908,-0.912515459961,0.859968053701,10.1948124982,1.32265723427,1.24530686776,11.0287016972
9.394574,-0.912515459961,0.814587178465,10.1948124982,1.35801635101,1.24530686776,11.0651075483
9.39624,-0.912515459961,0.859968053701,10.1948124982,1.35801635101,1.28066598449,11.0651075483
9.397906,-0.912515459961,0.859968053701,10.1948124982,1.25193900079,1.20994775102,11.1015133995
9.399572,-0.912515459961,0.859968053701,10.1948124982,1.32265723427,1.28066598449,11.0651075483
9.401238,-0.912515459961,0.814587178465,10.149431623,1.28729811753,1.20994775102,10.9922958461
9.402904,-0.912515459961,0.814587178465,10.149431623,1.32265723427,1.20994775102,11.0287016972
9.40457,-0.912515459961,0.859968053701,10.1948124982,1.35801635101,1.28066598449,11.0287016972
9.406236,-0.912515459961,0.859968053701,10.149431623,1.25193900079,1.28066598449,11.1015133995
9.407902,-0.912515459961,0.859968053701,10.1948124982,1.32265723427,1.28066598449,10.9922958461
9.409568,-0.912515459961,0.814587178465,10.149431623,1.32265723427,1.20994775102,10.9922958461
9.411234,-0.912515459961,0.814587178465,10.149431623,1.32265723427,1.20994775102,10.9581653606
9.4129,-0.912515459961,0.76920630323,10.149431623,1.32265723427,1.20994775102,10.9922958461
9.414566,-0.912515459961,0.76920630323,10.149431623,1.28729811753,1.17458863428,10.8853536583
9.416232,-0.912515459961,0.814587178465,10.149431623,1.28729811753,1.20994775102,10.9217595095
9.417898,-0.912515459961,0.76920630323,10.149431623,1.35801635101,1.20994775102,10.9581653606
9.419564,-0.912515459961,0.814587178465,10.1040507478,1.42873458448,1.28066598449,10.9217595095
9.42123,-0.912515459961,0.76920630323,10.1040507478,1.35801635101,1.20994775102,10.9217595095
9.422896,-0.912515459961,0.814587178465,10.1040507478,1.28729811753,1.17458863428,10.8489478072
9.424562,-0.866370670294,0.814587178465,10.1040507478,1.35801635101,1.20994775102,10.8853536583
9.426228,-0.866370670294,0.814587178465,10.1040507478,1.35801635101,1.20994775102,10.8853536583
9.427894,-0.912515459961,0.76920630323,10.0586698725,1.28729811753,1.13922951755,10.8125419561
9.42956,-0.912515459961,0.76920630323,10.0586698725,1.35801635101,1.20994775102,10.8853536583
9.431226,-0.912515459961,0.76920630323,10.0132889973,1.35801635101,1.20994775102,10.8489478072
9.432892,-0.866370670294,0.76920630323,10.0586698725,1.35801635101,1.20994775102,10.8125419561
9.434558,-0.912515459961,0.76920630323,10.0586698725,1.35801635101,1.20994775102,10.8853536583
9.436224,-0.866370670294,0.76920630323,10.0586698725,1.28729811753,1.10387040081,10.7761361049
9.43789,-0.866370670294,0.76920630323,10.0586698725,1.32265723427,1.17458863428,10.8125419561
9.439556,-0.866370670294,0.76920630323,10.0586698725,1.32265723427,1.17458863428,10.8125419561
9.441222,-0.866370670294,0.76920630323,10.0586698725,1.39337546774,1.17458863428,10.7761361049
9.442888,-0.866370670294,0.76920630323,10.0132889973,1.35801635101,1.17458863428,10.8125419561
9.444554,-0.866370670294,0.723825427995,10.0132889973,1.32265723427,1.06851128407,10.7761361049
9.44622,-0.866370670294,0.76920630323,10.0132889973,1.32265723427,1.13922951755,10.7761361049
9.447886,-0.820225880627,0.76920630323,10.0586698725,1.35801635101,1.13922951755,10.7761361049
9.449552,-0.866370670294,0.723825427995,10.0132889973,1.25193900079,1.06851128407,10.8125419561
9.451218,-0.866370670294,0.678444552759,10.0586698725,1.35801635101,1.10387040081,10.7761361049
9.452884,-0.866370670294,0.723825427995,10.0586698725,1.35801635101,1.10387040081,10.7761361049
9.45455,-0.866370670294,0.678444552759,10.0132889973,1.39337546774,1.10387040081,10.7761361049
9.456216,-0.866370670294,0.723825427995,10.0132889973,1.39337546774,1.13922951755,10.7761361049
9.457882,-0.820225880627,0.723825427995,10.0132889973,1.32265723427,1.06851128407,10.7033244027
9.459548,-0.866370670294,0.678444552759,10.0132889973,1.35801635101,1.10387040081,10.7397302538
9.461214,-0.866370670294,0.678444552759,10.0132889973,1.35801635101,1.10387040081,10.7761361049
9.46288,-0.820225880627,0.723825427995,10.0586698725,1.46409370122,1.10387040081,10.7761361049
9.464546,-0.866370670294,0.678444552759,10.0132889973,1.35801635101,1.10387040081,10.7761361049
9.466212,-0.820225880627,0.678444552759,10.0132889973,1.35801635101,1.03315216734,10.7397302538
9.467878,-0.77408109096,0.678444552759,10.0586698725,1.35801635101,1.03315216734,10.7397302538
9.469544,-0.866370670294,0.678444552759,10.0132889973,1.35801635101,1.06851128407,10.7761361049
9.47121,-0.866370670294,0.678444552759,10.0132889973,1.35801635101,1.10387040081,10.8489478072
9.472876,-0.727936301293,0.76920630323,10.149431623,1.39337546774,1.03315216734,10.7761361049
9.474542,-0.820225880627,0.678444552759,9.96790812205,1.35801635101,1.03315216734,10.7397302538
9.476208,-0.820225880627,0.678444552759,10.0132889973,1.35801635101,0.997793050599,10.7397302538
9.477874,-0.820225880627,0.678444552759,10.0132889973,1.39337546774,1.03315216734,10.7761361049
9.47954,-0.727936301293,0.723825427995,10.1040507478,1.32265723427,0.891715700389,10.8125419561
9.481206,-0.820225880627,0.678444552759,10.0132889973,1.35801635101,1.03315216734,10.7761361049
9.482872,-0.820225880627,0.633063677524,10.0132889973,1.39337546774,0.997793050599,10.7397302538
9.484538,-0.820225880627,0.633063677524,10.0132889973,1.39337546774,0.997793050599,10.7397302538
9.486204,-0.820225880627,0.678444552759,10.0132889973,1.39337546774,0.997793050599,10.8125419561
9.48787,-0.820225880627,0.633063677524,10.0132889973,1.35801635101,0.962433933862,10.7397302538
9.489536,-0.820225880627,0.633063677524,10.0132889973,1.39337546774,0.927074817126,10.7397302538
9.491202,-0.77408109096,0.678444552759,10.0586698725,1.35801635101,0.962433933862,10.7761361049
9.492868,-0.727936301293,0.678444552759,10.1040507478,1.49945281795,1.03315216734,10.8125419561
9.494534,-0.866370670294,0.587682802288,10.0132889973,1.39337546774,0.927074817126,10.7761361049
9.4962,-0.820225880627,0.633063677524,10.0132889973,1.39337546774,0.927074817126,10.7397302538
9.497866,-0.820225880627,0.633063677524,10.0132889973,1.35801635101,0.997793050599,10.7761361049
9.499532,-0.820225880627,0.633063677524,10.0132889973,1.39337546774,0.997793050599,10.7761361049
9.501198,-0.820225880627,0.587682802288,10.0586698725,1.49945281795,1.06851128407,10.8125419561
9.502864,-0.820225880627,0.587682802288,10.0132889973,1.42873458448,0.997793050599,10.7761361049
9.50453,-0.820225880627,0.633063677524,10.0586698725,1.39337546774,0.962433933862,10.7397302538
9.506196,-0.77408109096,0.633063677524,10.1040507478,1.42873458448,0.927074817126,10.7761361049
9.507862,-0.77408109096,0.633063677524,10.0586698725,1.42873458448,0.962433933862,10.8125419561
9.509528,-0.820225880627,0.587682802288,10.0586698725,1.35801635101,0.891715700389,10.7033244027
9.511194,-0.77408109096,0.633063677524,10.1040507478,1.42873458448,0.962433933862,10.7761361049
9.51286,-0.77408109096,0.633063677524,10.0586698725,1.46409370122,0.927074817126,10.7761361049
9.514526,-0.820225880627,0.587682802288,10.0586698725,1.49945281795,1.03315216734,10.8489478072
9.516192,-0.77408109096,0.633063677524,10.0586698725,1.42873458448,0.962433933862,10.8125419561
9.517858,-0.77408109096,0.587682802288,10.1040507478,1.39337546774,0.891715700389,10.7397302538
9.519524,-0.77408109096,0.587682802288,10.1040507478,1.39337546774,0.927074817126,10.7397302538
9.52119,-0.681791511626,0.723825427995,10.1948124982,1.42873458448,0.962433933862,10.7761361049
9.522856,-0.727936301293,0.678444552759,10.1948124982,1.35801635101,0.891715700389,10.8489478072
9.524522,-0.820225880627,0.587682802288,10.0586698725,1.42873458448,0.962433933862,10.7761361049
9.526188,-0.77408109096,0.633063677524,10.1040507478,1.39337546774,0.962433933862,10.7761361049
9.527854,-0.77408109096,0.678444552759,10.1040507478,1.42873458448,0.927074817126,10.7761361049
9.52952,-0.77408109096,0.633063677524,10.149431623,1.46409370122,0.997793050599,10.8125419561
9.531186,-0.77408109096,0.633063677524,10.149431623,1.35801635101,0.891715700389,10.7397302538
9.532852,-0.727936301293,0.723825427995,10.1948124982,1.39337546774,0.997793050599,10.7761361049
9.534518,-0.727936301293,0.723825427995,10.1948124982,1.42873458448,0.997793050599,10.7761361049
9.536184,-0.727936301293,0.678444552759,10.149431623,1.53481193469,1.10387040081,10.8489478072
9.53785,-0.77408109096,0.633063677524,10.149431623,1.42873458448,1.03315216734,10.8125419561
9.539516,-0.77408109096,0.633063677524,10.149431623,1.39337546774,0.997793050599,10.7761361049
9.541182,-0.727936301293,0.678444552759,10.149431623,1.39337546774,0.997793050599,10.7761361049
9.542848,-0.77408109096,0.723825427995,10.149431623,1.39337546774,1.03315216734,10.8125419561
9.544514,-0.820225880627,0.678444552759,10.149431623,1.35801635101,0.927074817126,10.7761361049
9.54618,-0.820225880627,0.678444552759,10.149431623,1.39337546774,1.06851128407,10.8125419561
9.547846,-0.820225880627,0.678444552759,10.1040507478,1.42873458448,1.03315216734,10.8125419561
9.549512,-0.820225880627,0.678444552759,10.1040507478,1.49945281795,1.06851128407,10.8125419561
9.551178,-0.727936301293,0.76920630323,10.1948124982,1.42873458448,1.06851128407,10.8489478072
9.552844,-0.77408109096,0.76920630323,10.1948124982,1.39337546774,1.06851128407,10.7761361049
9.55451,-0.820225880627,0.678444552759,10.1040507478,1.39337546774,1.06851128407,10.8125419561
9.556176,-0.820225880627,0.678444552759,10.149431623,1.39337546774,1.06851128407,10.8125419561
9.557842,-0.820225880627,0.723825427995,10.149431623,1.32265723427,1.10387040081,10.9581653606
9.559508,-0.820225880627,0.678444552759,10.149431623,1.39337546774,1.06851128407,10.8489478072
9.561174,-0.866370670294,0.723825427995,10.1040507478,1.39337546774,1.10387040081,10.8489478072
9.56284,-0.727936301293,0.814587178465,10.1948124982,1.39337546774,1.17458863428,10.8125419561
9.564506,-0.77408109096,0.814587178465,10.1948124982,1.39337546774,1.13922951755,10.8853536583
9.566172,-0.866370670294,0.76920630323,10.1040507478,1.32265723427,1.10387040081,10.7761361049
9.567838,-0.820225880627,0.723825427995,10.1040507478,1.35801635101,1.10387040081,10.8853536583
9.569504,-0.866370670294,0.723825427995,10.1040507478,1.35801635101,1.13922951755,10.8853536583
9.57117,-0.912515459961,0.723825427995,10.1040507478,1.39337546774,1.20994775102,10.9922958461
9.572836,-0.866370670294,0.723825427995,10.1040507478,1.35801635101,1.13922951755,10.8853536583
9.574502,-0.866370670294,0.76920630323,10.149431623,1.35801635101,1.10387040081,10.8489478072
9.576168,-0.866370670294,0.76920630323,10.1040507478,1.35801635101,1.17458863428,10.8489478072
9.577834,-0.866370670294,0.76920630323,10.1040507478,1.35801635101,1.20994775102,10.9217595095
9.5795,-0.77408109096,0.905348928936,10.1948124982,1.25193900079,1.20994775102,10.9922958461
9.581166,-0.912515459961,0.814587178465,10.1040507478,1.35801635101,1.20994775102,10.8853536583
9.582832,-0.912515459961,0.76920630323,10.1040507478,1.32265723427,1.17458863428,10.8853536583
9.584498,-0.77408109096,0.905348928936,10.1948124982,1.35801635101,1.20994775102,10.8853536583
9.586164,-0.912515459961,0.814587178465,10.1040507478,1.35801635101,1.20994775102,10.9217595095
9.58783,-0.912515459961,0.814587178465,10.0586698725,1.28729811753,1.17458863428,10.8489478072
9.589496,-0.866370670294,0.905348928936,10.149431623,1.28729811753,1.20994775102,10.8853536583
9.591162,-0.912515459961,0.76920630323,10.0586698725,1.35801635101,1.20994775102,10.9217595095
9.592828,-0.912515459961,0.814587178465,10.1040507478,1.35801635101,1.31602510123,11.0287016972
9.594494,-0.866370670294,0.859968053701,10.149431623,1.35801635101,1.20994775102,10.9217595095
9.59616,-0.912515459961,0.814587178465,10.1040507478,1.28729811753,1.17458863428,10.9217595095
9.597826,-0.912515459961,0.859968053701,10.1040507478,1.28729811753,1.20994775102,10.9217595095
9.599492,-0.912515459961,0.814587178465,10.1040507478,1.28729811753,1.20994775102,10.9217595095
9.601158,-0.866370670294,0.905348928936,10.1948124982,1.21657988406,1.20994775102,11.0287016972
9.602824,-0.958660249627,0.814587178465,10.1040507478,1.32265723427,1.20994775102,10.9581653606
9.60449,-0.958660249627,0.814587178465,10.0586698725,1.28729811753,1.24530686776,10.9217595095
9.606156,-0.866370670294,0.905348928936,10.149431623,1.28729811753,1.24530686776,10.9217595095
9.607822,-0.912515459961,0.859968053701,10.149431623,1.32265723427,1.24530686776,10.9581653606
9.609488,-0.912515459961,0.859968053701,10.1040507478,1.25193900079,1.17458863428,10.8853536583
9.611154,-0.912515459961,0.905348928936,10.149431623,1.28729811753,1.20994775102,10.9581653606
9.61282,-0.958660249627,0.814587178465,10.1040507478,1.32265723427,1.20994775102,10.9217595095
9.614486,-0.912515459961,0.859968053701,10.149431623,1.39337546774,1.28066598449,10.9581653606
9.616152,-0.912515459961,0.814587178465,10.1040507478,1.35801635101,1.24530686776,10.9922958461
9.617818,-0.912515459961,0.859968053701,10.149431623,1.25193900079,1.20994775102,10.8853536583
9.619484,-0.912515459961,0.859968053701,10.149431623,1.32265723427,1.24530686776,10.9581653606
9.62115,-0.820225880627,0.950729804172,10.1948124982,1.28729811753,1.28066598449,10.9581653606
9.622816,-0.958660249627,0.814587178465,10.1040507478,1.35801635101,1.3867433347,11.0651075483
9.624482,-0.912515459961,0.814587178465,10.149431623,1.32265723427,1.28066598449,10.9581653606
9.626148,-0.912515459961,0.814587178465,10.149431623,1.32265723427,1.24530686776,10.9581653606
9.627814,-0.820225880627,0.950729804172,10.2401933735,1.28729811753,1.24530686776,10.9217595095
9.62948,-0.958660249627,0.814587178465,10.149431623,1.32265723427,1.24530686776,10.9922958461
9.631146,-0.958660249627,0.814587178465,10.149431623,1.25193900079,1.17458863428,10.9217595095
9.632812,-0.912515459961,0.859968053701,10.149431623,1.32265723427,1.20994775102,10.9922958461
9.634478,-0.958660249627,0.814587178465,10.149431623,1.35801635101,1.20994775102,10.9581653606
9.636144,-0.866370670294,0.905348928936,10.2401933735,1.35801635101,1.28066598449,10.9217595095
9.63781,-0.912515459961,0.814587178465,10.1948124982,1.35801635101,1.28066598449,10.9922958461
9.639476,-0.912515459961,0.814587178465,10.1948124982,1.28729811753,1.17458863428,10.8853536583
9.641142,-0.912515459961,0.859968053701,10.1948124982,1.32265723427,1.24530686776,10.9581653606
9.642808,-0.912515459961,0.814587178465,10.1948124982,1.35801635101,1.24530686776,10.9922958461
9.644474,-0.912515459961,0.814587178465,10.1948124982,1.32265723427,1.31602510123,11.0651075483
9.64614,-0.912515459961,0.814587178465,10.1948124982,1.35801635101,1.24530686776,10.9922958461
9.647806,-0.912515459961,0.814587178465,10.1948124982,1.32265723427,1.20994775102,10.9217595095
9.649472,-0.866370670294,0.76920630323,10.1948124982,1.35801635101,1.20994775102,10.9581653606
9.651138,-0.866370670294,0.76920630323,10.2401933735,1.35801635101,1.20994775102,10.9922958461
9.652804,-0.820225880627,0.859968053701,10.2855742487,1.28729811753,1.28066598449,11.0651075483
9.65447,-0.912515459961,0.814587178465,10.1948124982,1.35801635101,1.20994775102,10.9581653606
9.656136,-0.912515459961,0.76920630323,10.1948124982,1.35801635101,1.20994775102,10.9217595095
9.657802,-0.866370670294,0.76920630323,10.1948124982,1.35801635101,1.20994775102,10.9217595095
9.659468,-0.866370670294,0.76920630323,10.1948124982,1.35801635101,1.20994775102,10.9581653606
9.661134,-0.866370670294,0.76920630323,10.2401933735,1.32265723427,1.13922951755,10.8853536583
9.6628,-0.77408109096,0.905348928936,10.3309551239,1.35801635101,1.17458863428,10.9217595095
9.664466,-0.77408109096,0.905348928936,10.3309551239,1.39337546774,1.17458863428,10.9581653606
9.666132,-0.866370670294,0.76920630323,10.1948124982,1.42873458448,1.28066598449,11.0287016972
9.667798,-0.866370670294,0.76920630323,10.1948124982,1.35801635101,1.17458863428,10.9581653606
9.669464,-0.866370670294,0.76920630323,10.1948124982,1.35801635101,1.13922951755,10.9217595095
9.67113,-0.866370670294,0.76920630323,10.2401933735,1.35801635101,1.13922951755,10.9217595095
9.672796,-0.866370670294,0.76920630323,10.2401933735,1.39337546774,1.17458863428,10.9581653606
9.674462,-0.866370670294,0.76920630323,10.1948124982,1.32265723427,1.06851128407,10.9581653606
9.676128,-0.866370670294,0.76920630323,10.1948124982,1.39337546774,1.10387040081,10.9217595095
9.677794,-0.866370670294,0.76920630323,10.2401933735,1.35801635101,1.10387040081,10.9217595095
9.67946,-0.866370670294,0.76920630323,10.1948124982,1.39337546774,1.10387040081,10.9217595095
9.681126,-0.820225880627,0.76920630323,10.1948124982,1.39337546774,1.10387040081,10.9581653606
9.682792,-0.866370670294,0.76920630323,10.1948124982,1.35801635101,1.06851128407,10.8489478072
9.684458,-0.866370670294,0.76920630323,10.1948124982,1.35801635101,1.06851128407,10.9217595095
9.686124,-0.820225880627,0.723825427995,10.1948124982,1.39337546774,1.10387040081,10.9217595095
9.68779,-0.820225880627,0.76920630323,10.1948124982,1.49945281795,1.20994775102,10.9581653606
9.689456,-0.866370670294,0.76920630323,10.1948124982,1.39337546774,1.13922951755,10.9581653606
9.691122,-0.820225880627,0.76920630323,10.1948124982,1.39337546774,1.06851128407,10.8853536583
9.692788,-0.820225880627,0.76920630323,10.1948124982,1.39337546774,1.10387040081,10.8853536583
9.694454,-0.820225880627,0.76920630323,10.149431623,1.42873458448,1.10387040081,10.9217595095
9.69612,-0.820225880627,0.76920630323,10.149431623,1.32265723427,1.03315216734,10.8853536583
9.697786,-0.820225880627,0.76920630323,10.149431623,1.39337546774,1.10387040081,10.9217595095
9.699452,-0.77408109096,0.814587178465,10.149431623,1.39337546774,1.06851128407,10.8853536583
9.701118,-0.866370670294,0.723825427995,10.149431623,1.49945281795,1.17458863428,10.9217595095
9.702784,-0.820225880627,0.723825427995,10.149431623,1.39337546774,1.10387040081,10.8853536583
9.70445,-0.820225880627,0.723825427995,10.149431623,1.35801635101,1.03315216734,10.8125419561
9.706116,-0.77408109096,0.76920630323,10.1948124982,1.35801635101,1.03315216734,10.8489478072
9.707782,-0.820225880627,0.76920630323,10.1040507478,1.42873458448,1.06851128407,10.8489478072
9.709448,-0.820225880627,0.723825427995,10.149431623,1.42873458448,1.06851128407,10.8853536583
9.711114,-0.820225880627,0.723825427995,10.149431623,1.46409370122,1.06851128407,10.8853536583
9.71278,-0.820225880627,0.678444552759,10.149431623,1.35801635101,0.997793050599,10.7761361049
9.714446,-0.820225880627,0.723825427995,10.1040507478,1.39337546774,1.03315216734,10.8489478072
9.716112,-0.820225880627,0.723825427995,10.1040507478,1.42873458448,1.06851128407,10.8125419561
9.717778,-0.77408109096,0.76920630323,10.149431623,1.49945281795,1.13922951755,10.8489478072
9.719444,-0.820225880627,0.723825427995,10.1040507478,1.39337546774,1.06851128407,10.8489478072
9.72111,-0.77408109096,0.76920630323,10.1040507478,1.39337546774,1.03315216734,10.7761361049
9.722776,-0.77408109096,0.76920630323,10.1040507478,1.39337546774,1.03315216734,10.7761361049
9.724442,-0.77408109096,0.723825427995,10.1040507478,1.42873458448,1.06851128407,10.8125419561
9.726108,-0.77408109096,0.723825427995,10.1040507478,1.49945281795,1.17458863428,10.8853536583
9.727774,-0.820225880627,0.723825427995,10.1040507478,1.42873458448,1.06851128407,10.8125419561
9.72944,-0.820225880627,0.678444552759,10.1040507478,1.39337546774,1.03315216734,10.7397302538
9.731106,-0.77408109096,0.723825427995,10.1040507478,1.39337546774,1.03315216734,10.7761361049
9.732772,-0.77408109096,0.723825427995,10.0586698725,1.39337546774,1.06851128407,10.7761361049
9.734438,-0.820225880627,0.723825427995,10.0586698725,1.35801635101,1.06851128407,10.8853536583
9.736104,-0.820225880627,0.678444552759,10.0586698725,1.42873458448,1.06851128407,10.7761361049
9.73777,-0.820225880627,0.723825427995,10.1040507478,1.39337546774,1.03315216734,10.7397302538
9.739436,-0.77408109096,0.678444552759,10.0586698725,1.39337546774,1.03315216734,10.7033244027
9.741102,-0.77408109096,0.723825427995,10.0586698725,1.42873458448,1.06851128407,10.7761361049
9.742768,-0.77408109096,0.723825427995,10.0586698725,1.35801635101,1.03315216734,10.7033244027
9.744434,-0.77408109096,0.723825427995,10.0586698725,1.39337546774,1.06851128407,10.7397302538
9.7461,-0.820225880627,0.723825427995,10.0586698725,1.39337546774,1.06851128407,10.7397302538
9.747766,-0.727936301293,0.814587178465,10.149431623,1.46409370122,1.06851128407,10.7397302538
9.749432,-0.820225880627,0.678444552759,10.0586698725,1.39337546774,1.06851128407,10.7397302538
9.751098,-0.820225880627,0.723825427995,10.0586698725,1.35801635101,1.03315216734,10.7033244027
9.752764,-0.820225880627,0.723825427995,10.0586698725,1.35801635101,1.03315216734,10.7397302538
9.75443,-0.820225880627,0.723825427995,10.0586698725,1.39337546774,1.06851128407,10.7397302538
9.756096,-0.727936301293,0.814587178465,10.1040507478,1.49945281795,1.13922951755,10.7397302538
9.757762,-0.820225880627,0.723825427995,10.0132889973,1.39337546774,1.10387040081,10.7397302538
9.759428,-0.820225880627,0.723825427995,10.0586698725,1.35801635101,1.06851128407,10.7397302538
9.761094,-0.820225880627,0.723825427995,10.0586698725,1.35801635101,1.06851128407,10.7397302538
9.76276,-0.820225880627,0.723825427995,10.0586698725,1.35801635101,1.10387040081,10.7397302538
9.764426,-0.820225880627,0.723825427995,10.0586698725,1.32265723427,1.03315216734,10.8125419561
9.766092,-0.820225880627,0.723825427995,10.0132889973,1.35801635101,1.10387040081,10.7397302538
9.767758,-0.866370670294,0.723825427995,10.0586698725,1.35801635101,1.06851128407,10.7397302538
9.769424,-0.866370670294,0.723825427995,10.0586698725,1.39337546774,1.10387040081,10.7397302538
9.77109,-0.866370670294,0.723825427995,10.0586698725,1.39337546774,1.10387040081,10.7761361049
9.772756,-0.77408109096,0.76920630323,10.1040507478,1.32265723427,1.06851128407,10.7397302538
9.774422,-0.866370670294,0.723825427995,10.0132889973,1.35801635101,1.10387040081,10.7761361049
9.776088,-0.866370670294,0.723825427995,10.0132889973,1.35801635101,1.10387040081,10.7761361049
9.777754,-0.866370670294,0.723825427995,10.0586698725,1.46409370122,1.17458863428,10.7761361049
9.77942,-0.866370670294,0.723825427995,10.0132889973,1.35801635101,1.13922951755,10.8125419561
9.781086,-0.866370670294,0.723825427995,10.0586698725,1.32265723427,1.06851128407,10.7761361049
9.782752,-0.866370670294,0.723825427995,10.0586698725,1.28729811753,1.10387040081,10.7761361049
9.784418,-0.866370670294,0.723825427995,10.0586698725,1.32265723427,1.10387040081,10.8489478072
9.786084,-0.866370670294,0.723825427995,10.0586698725,1.25193900079,1.06851128407,10.7397302538
9.78775,-0.866370670294,0.723825427995,10.0586698725,1.32265723427,1.06851128407,10.8853536583
9.789416,-0.866370670294,0.76920630323,10.149431623,1.32265723427,1.06851128407,10.8125419561
9.791082,-0.912515459961,0.723825427995,10.0586698725,1.35801635101,1.10387040081,10.8489478072
9.792748,-0.912515459961,0.723825427995,10.0586698725,1.32265723427,1.10387040081,10.8853536583
9.794414,-0.912515459961,0.723825427995,10.0586698725,1.25193900079,1.06851128407,10.8125419561
9.79608,-0.912515459961,0.723825427995,10.0586698725,1.28729811753,1.06851128407,10.8853536583
9.797746,-0.958660249627,0.678444552759,10.0586698725,1.32265723427,1.10387040081,10.8853536583
9.799412,-0.912515459961,0.678444552759,10.0586698725,1.35801635101,1.20994775102,10.9581653606
9.801078,-0.912515459961,0.723825427995,10.0586698725,1.28729811753,1.10387040081,10.9217595095
9.802744,-0.912515459961,0.723825427995,10.0586698725,1.32265723427,1.06851128407,10.8853536583
9.80441,-0.912515459961,0.678444552759,10.0586698725,1.28729811753,1.06851128407,10.8489478072
9.806076,-0.912515459961,0.678444552759,10.0586698725,1.32265723427,1.10387040081,10.8853536583
9.807742,-0.958660249627,0.723825427995,10.0586698725,1.21657988406,1.06851128407,10.9217595095
9.809408,-0.866370670294,0.723825427995,10.1040507478,1.28729811753,1.06851128407,10.9217595095
9.811074,-0.958660249627,0.723825427995,10.1040507478,1.28729811753,1.10387040081,10.8853536583
9.81274,-0.912515459961,0.723825427995,10.0586698725,1.32265723427,1.10387040081,10.9217595095
9.814406,-0.912515459961,0.723825427995,10.1040507478,1.28729811753,1.10387040081,10.9217595095
9.816072,-0.866370670294,0.76920630323,10.1948124982,1.28729811753,1.06851128407,10.8489478072
9.817738,-0.912515459961,0.723825427995,10.1040507478,1.28729811753,1.10387040081,10.9217595095
9.819404,-0.958660249627,0.678444552759,10.0586698725,1.28729811753,1.10387040081,10.9217595095
9.82107,-0.820225880627,0.76920630323,10.1948124982,1.39337546774,1.20994775102,10.9581653606
9.822736,-0.958660249627,0.678444552759,10.1040507478,1.32265723427,1.06851128407,10.9581653606
9.824402,-0.912515459961,0.723825427995,10.149431623,1.28729811753,1.06851128407,10.8853536583
9.826068,-0.866370670294,0.76920630323,10.1948124982,1.28729811753,1.06851128407,10.9217595095
9.827734,-0.866370670294,0.76920630323,10.149431623,1.32265723427,1.10387040081,10.9217595095
9.8294,-0.912515459961,0.723825427995,10.1040507478,1.21657988406,1.06851128407,10.9922958461
9.831066,-0.912515459961,0.723825427995,10.149431623,1.32265723427,1.13922951755,10.9581653606
9.832732,-0.866370670294,0.814587178465,10.1948124982,1.32265723427,1.06851128407,10.9217595095
9.834398,-0.866370670294,0.723825427995,10.1948124982,1.28729811753,1.06851128407,10.8853536583
9.836064,-0.912515459961,0.723825427995,10.1040507478,1.32265723427,1.10387040081,10.9581653606
9.83773,-0.912515459961,0.723825427995,10.1040507478,1.28729811753,1.10387040081,10.8489478072
9.839396,-0.912515459961,0.723825427995,10.1040507478,1.28729811753,1.13922951755,10.9581653606
9.841062,-0.912515459961,0.723825427995,10.149431623,1.32265723427,1.13922951755,10.9217595095
9.842728,-0.912515459961,0.723825427995,10.149431623,1.39337546774,1.17458863428,10.9217595095
9.844394,-0.77408109096,0.814587178465,10.2401933735,1.35801635101,1.10387040081,10.9217595095
9.84606,-0.912515459961,0.723825427995,10.149431623,1.32265723427,1.06851128407,10.8853536583
9.847726,-0.912515459961,0.723825427995,10.149431623,1.28729811753,1.10387040081,10.9217595095
9.849392,-0.866370670294,0.723825427995,10.149431623,1.35801635101,1.10387040081,10.9581653606
9.851058,-0.912515459961,0.723825427995,10.149431623,1.28729811753,1.17458863428,11.0287016972
9.852724,-0.866370670294,0.723825427995,10.149431623,1.35801635101,1.10387040081,10.9217595095
9.85439,-0.912515459961,0.723825427995,10.149431623,1.32265723427,1.06851128407,10.9217595095
9.856056,-0.820225880627,0.76920630323,10.149431623,1.35801635101,1.06851128407,10.8853536583
9.857722,-0.912515459961,0.678444552759,10.1040507478,1.35801635101,1.13922951755,10.9217595095
9.859388,-0.866370670294,0.678444552759,10.149431623,1.32265723427,1.06851128407,10.8125419561
9.861054,-0.866370670294,0.723825427995,10.149431623,1.35801635101,1.06851128407,10.8853536583
9.86272,-0.866370670294,0.678444552759,10.1040507478,1.35801635101,1.10387040081,10.8853536583
9.864386,-0.866370670294,0.723825427995,10.1040507478,1.46409370122,1.20994775102,10.9217595095
9.866052,-0.820225880627,0.723825427995,10.149431623,1.35801635101,1.10387040081,10.8853536583
9.867718,-0.820225880627,0.723825427995,10.149431623,1.35801635101,1.06851128407,10.8489478072
9.869384,-0.820225880627,0.723825427995,10.149431623,1.35801635101,1.06851128407,10.8489478072
9.87105,-0.77408109096,0.814587178465,10.1948124982,1.35801635101,1.10387040081,10.8853536583
9.872716,-0.727936301293,0.814587178465,10.2401933735,1.32265723427,1.17458863428,10.9922958461
9.874382,-0.820225880627,0.76920630323,10.149431623,1.35801635101,1.13922951755,10.8853536583
9.876048,-0.820225880627,0.723825427995,10.149431623,1.35801635101,1.10387040081,10.8489478072
9.877714,-0.820225880627,0.723825427995,10.149431623,1.39337546774,1.06851128407,10.8125419561
9.87938,-0.820225880627,0.723825427995,10.1040507478,1.39337546774,1.13922951755,10.8853536583
9.881046,-0.820225880627,0.76920630323,10.1040507478,1.35801635101,1.06851128407,10.7761361049
9.882712,-0.820225880627,0.76920630323,10.1040507478,1.39337546774,1.10387040081,10.8853536583
9.884378,-0.820225880627,0.76920630323,10.149431623,1.39337546774,1.10387040081,10.8125419561
9.886044,-0.77408109096,0.814587178465,10.149431623,1.49945281795,1.24530686776,10.9217595095
9.88771,-0.820225880627,0.76920630323,10.1040507478,1.39337546774,1.13922951755,10.8489478072
9.889376,-0.820225880627,0.76920630323,10.1040507478,1.39337546774,1.06851128407,10.8125419561
9.891042,-0.820225880627,0.723825427995,10.1040507478,1.35801635101,1.10387040081,10.8125419561
9.892708,-0.77408109096,0.76920630323,10.1040507478,1.39337546774,1.10387040081,10.8125419561
9.894374,-0.820225880627,0.76920630323,10.1040507478,1.42873458448,1.20994775102,10.9217595095
9.89604,-0.77408109096,0.76920630323,10.1040507478,1.42873458448,1.06851128407,10.8489478072
9.897706,-0.77408109096,0.76920630323,10.1040507478,1.39337546774,1.06851128407,10.7761361049
9.899372,-0.77408109096,0.76920630323,10.1040507478,1.42873458448,1.06851128407,10.8125419561
9.901038,-0.681791511626,0.905348928936,10.1948124982,1.42873458448,1.13922951755,10.8125419561
9.902704,-0.820225880627,0.76920630323,10.1040507478,1.35801635101,1.06851128407,10.7397302538
9.90437,-0.820225880627,0.76920630323,10.1040507478,1.42873458448,1.10387040081,10.8125419561
9.906036,-0.77408109096,0.814587178465,10.1040507478,1.46409370122,1.10387040081,10.8125419561
9.907702,-0.77408109096,0.814587178465,10.1040507478,1.49945281795,1.20994775102,10.8853536583
9.909368,-0.820225880627,0.814587178465,10.1040507478,1.46409370122,1.17458863428,10.8125419561
9.911034,-0.820225880627,0.76920630323,10.1040507478,1.35801635101,1.06851128407,10.7761361049
9.9127,-0.820225880627,0.814587178465,10.0586698725,1.42873458448,1.10387040081,10.8125419561
9.914366,-0.77408109096,0.814587178465,10.1040507478,1.42873458448,1.17458863428,10.8125419561
9.916032,-0.820225880627,0.814587178465,10.1040507478,1.35801635101,1.06851128407,10.9217595095
9.917698,-0.820225880627,0.76920630323,10.1040507478,1.42873458448,1.13922951755,10.8125419561
9.919364,-0.77408109096,0.814587178465,10.1040507478,1.42873458448,1.10387040081,10.8125419561
9.92103,-0.77408109096,0.814587178465,10.1040507478,1.46409370122,1.13922951755,10.7761361049
9.922696,-0.681791511626,0.905348928936,10.1948124982,1.46409370122,1.10387040081,10.8853536583
9.924362,-0.77408109096,0.76920630323,10.1040507478,1.39337546774,1.10387040081,10.7397302538
9.926028,-0.77408109096,0.814587178465,10.1040507478,1.42873458448,1.10387040081,10.8125419561
9.927694,-0.77408109096,0.814587178465,10.149431623,1.46409370122,1.13922951755,10.8489478072
9.92936,-0.77408109096,0.76920630323,10.1040507478,1.49945281795,1.20994775102,10.9217595095
9.931026,-0.77408109096,0.76920630323,10.149431623,1.49945281795,1.13922951755,10.8489478072
9.932692,-0.77408109096,0.76920630323,10.1040507478,1.39337546774,1.06851128407,10.7397302538
9.934358,-0.681791511626,0.905348928936,10.1948124982,1.39337546774,1.10387040081,10.8125419561
9.936024,-0.77408109096,0.76920630323,10.1040507478,1.46409370122,1.10387040081,10.8125419561
9.93769,-0.77408109096,0.814587178465,10.1040507478,1.35801635101,1.13922951755,10.9581653606
9.939356,-0.77408109096,0.76920630323,10.1040507478,1.46409370122,1.10387040081,10.8125419561
9.941022,-0.77408109096,0.814587178465,10.149431623,1.39337546774,1.10387040081,10.8125419561
9.942688,-0.77408109096,0.814587178465,10.149431623,1.42873458448,1.10387040081,10.8125419561
9.944354,-0.727936301293,0.859968053701,10.1948124982,1.46409370122,1.17458863428,10.8853536583
9.94602,-0.77408109096,0.76920630323,10.149431623,1.39337546774,1.10387040081,10.7761361049
9.947686,-0.77408109096,0.76920630323,10.149431623,1.42873458448,1.17458863428,10.8853536583
9.949352,-0.681791511626,0.905348928936,10.2401933735,1.46409370122,1.10387040081,10.8489478072
9.951018,-0.77408109096,0.814587178465,10.149431623,1.49945281795,1.28066598449,10.9217595095
9.952684,-0.77408109096,0.76920630323,10.1948124982,1.46409370122,1.17458863428,10.8853536583
9.95435,-0.77408109096,0.76920630323,10.149431623,1.42873458448,1.13922951755,10.8125419561
9.956016,-0.77408109096,0.76920630323,10.149431623,1.42873458448,1.17458863428,10.8489478072
9.957682,-0.77408109096,0.76920630323,10.149431623,1.46409370122,1.17458863428,10.8853536583
9.959348,-0.77408109096,0.76920630323,10.1948124982,1.39337546774,1.10387040081,10.8125419561
9.961014,-0.77408109096,0.76920630323,10.1948124982,1.39337546774,1.17458863428,10.8853536583
9.96268,-0.77408109096,0.76920630323,10.149431623,1.46409370122,1.17458863428,10.8853536583
9.964346,-0.820225880627,0.76920630323,10.1948124982,1.35801635101,1.24530686776,11.0287016972
9.966012,-0.820225880627,0.76920630323,10.1948124982,1.42873458448,1.17458863428,10.8853536583
9.967678,-0.820225880627,0.76920630323,10.149431623,1.39337546774,1.13922951755,10.8853536583
9.969344,-0.820225880627,0.76920630323,10.149431623,1.39337546774,1.13922951755,10.8853536583
9.97101,-0.820225880627,0.76920630323,10.1948124982,1.46409370122,1.13922951755,10.9581653606
9.972676,-0.820225880627,0.76920630323,10.1948124982,1.35801635101,1.10387040081,10.9922958461
9.974342,-0.820225880627,0.814587178465,10.2401933735,1.42873458448,1.17458863428,10.9581653606
9.976008,-0.820225880627,0.76920630323,10.1948124982,1.39337546774,1.13922951755,10.8853536583
9.977674,-0.820225880627,0.76920630323,10.1948124982,1.39337546774,1.10387040081,10.8853536583
9.97934,-0.820225880627,0.76920630323,10.2401933735,1.39337546774,1.17458863428,10.9217595095
9.981006,-0.820225880627,0.76920630323,10.1948124982,1.35801635101,1.06851128407,10.8853536583
9.982672,-0.820225880627,0.76920630323,10.1948124982,1.39337546774,1.17458863428,10.9217595095
9.984338,-0.77408109096,0.859968053701,10.2855742487,1.39337546774,1.17458863428,10.9922958461
9.986004,-0.866370670294,0.76920630323,10.1948124982,1.46409370122,1.20994775102,10.9922958461
9.98767,-0.866370670294,0.76920630323,10.1948124982,1.39337546774,1.17458863428,10.9922958461
9.989336,-0.866370670294,0.76920630323,10.1948124982,1.35801635101,1.06851128407,10.9217595095
9.991002,-0.866370670294,0.76920630323,10.1948124982,1.35801635101,1.10387040081,10.9581653606
9.992668,-0.866370670294,0.76920630323,10.1948124982,1.35801635101,1.17458863428,10.9581653606
9.994334,-0.866370670294,0.76920630323,10.1948124982,1.35801635101,1.28066598449,11.0651075483
9.996,-0.866370670294,0.76920630323,10.1948124982,1.35801635101,1.17458863428,11.0287016972
9.997666,-0.866370670294,0.76920630323,10.149431623,1.32265723427,1.13922951755,10.9217595095
9.999332,-0.866370670294,0.76920630323,10.149431623,1.32265723427,1.17458863428,10.9581653606
10.000998,-0.866370670294,0.76920630323,10.149431623,1.35801635101,1.20994775102,10.9922958461
10.002664,-0.866370670294,0.76920630323,10.1948124982,1.25193900079,1.06851128407,11.0651075483
10.00433,-0.866370670294,0.76920630323,10.1948124982,1.35801635101,1.17458863428,10.9922958461
10.005996,-0.912515459961,0.723825427995,10.149431623,1.35801635101,1.17458863428,10.9217595095
10.007662,-0.912515459961,0.76920630323,10.1948124982,1.35801635101,1.17458863428,10.9581653606
10.009328,-0.912515459961,0.76920630323,10.1948124982,1.35801635101,1.17458863428,11.0287016972
10.010994,-0.912515459961,0.76920630323,10.149431623,1.28729811753,1.10387040081,10.9217595095
10.01266,-0.866370670294,0.814587178465,10.1948124982,1.28729811753,1.20994775102,11.0287016972
10.014326,-0.912515459961,0.76920630323,10.149431623,1.35801635101,1.13922951755,10.9922958461
10.015992,-0.912515459961,0.76920630323,10.149431623,1.39337546774,1.20994775102,11.0287016972
10.017658,-0.912515459961,0.76920630323,10.149431623,1.35801635101,1.17458863428,11.0287016972
10.019324,-0.912515459961,0.76920630323,10.149431623,1.28729811753,1.10387040081,10.9217595095
10.02099,-0.912515459961,0.76920630323,10.149431623,1.32265723427,1.13922951755,10.9922958461
10.022656,-0.912515459961,0.76920630323,10.149431623,1.32265723427,1.17458863428,10.9581653606
10.024322,-0.912515459961,0.76920630323,10.149431623,1.42873458448,1.20994775102,10.9922958461
10.025988,-0.912515459961,0.76920630323,10.1040507478,1.35801635101,1.17458863428,11.0287016972
10.027654,-0.912515459961,0.76920630323,10.149431623,1.28729811753,1.13922951755,10.9217595095
10.02932,-0.912515459961,0.723825427995,10.1040507478,1.32265723427,1.17458863428,10.9217595095
10.030986,-0.912515459961,0.76920630323,10.1040507478,1.32265723427,1.17458863428,10.9217595095
10.032652,-0.912515459961,0.76920630323,10.1040507478,1.25193900079,1.06851128407,10.9581653606
10.034318,-0.912515459961,0.723825427995,10.1040507478,1.32265723427,1.17458863428,10.9581653606
10.035984,-0.820225880627,0.859968053701,10.1948124982,1.35801635101,1.17458863428,10.8853536583
10.03765,-0.912515459961,0.723825427995,10.0586698725,1.35801635101,1.17458863428,10.8853536583
10.039316,-0.912515459961,0.76920630323,10.1040507478,1.35801635101,1.17458863428,10.9581653606
10.040982,-0.912515459961,0.76920630323,10.1040507478,1.28729811753,1.10387040081,10.8489478072
10.042648,-0.912515459961,0.76920630323,10.1040507478,1.32265723427,1.17458863428,10.8853536583
10.044314,-0.820225880627,0.859968053701,10.149431623,1.32265723427,1.17458863428,10.9217595095
10.04598,-0.866370670294,0.814587178465,10.149431623,1.42873458448,1.24530686776,10.9217595095
10.047646,-0.912515459961,0.76920630323,10.0586698725,1.32265723427,1.17458863428,10.8853536583
10.049312,-0.77408109096,0.814587178465,10.149431623,1.32265723427,1.10387040081,10.8489478072
10.050978,-0.820225880627,0.814587178465,10.1040507478,1.32265723427,1.10387040081,10.8489478072
10.052644,-0.77408109096,0.859968053701,10.149431623,1.35801635101,1.17458863428,10.8489478072
10.05431,-0.912515459961,0.723825427995,10.0586698725,1.25193900079,1.06851128407,10.8489478072
10.055976,-0.912515459961,0.723825427995,10.0586698725,1.35801635101,1.13922951755,10.8853536583
10.057642,-0.866370670294,0.723825427995,10.0586698725,1.32265723427,1.13922951755,10.8489478072
10.059308,-0.866370670294,0.723825427995,10.0586698725,1.46409370122,1.20994775102,10.8489478072
10.060974,-0.866370670294,0.723825427995,10.0586698725,1.35801635101,1.13922951755,10.8489478072
10.06264,-0.866370670294,0.723825427995,10.0586698725,1.35801635101,1.10387040081,10.7761361049
10.064306,-0.866370670294,0.723825427995,10.0586698725,1.35801635101,1.10387040081,10.8125419561
10.065972,-0.77408109096,0.814587178465,10.1040507478,1.35801635101,1.13922951755,10.8125419561
10.067638,-0.866370670294,0.678444552759,10.0586698725,1.28729811753,1.06851128407,10.8853536583
10.069304,-0.866370670294,0.723825427995,10.0586698725,1.35801635101,1.13922951755,10.8489478072
10.07097,-0.820225880627,0.723825427995,10.0586698725,1.35801635101,1.10387040081,10.7761361049
10.072636,-0.866370670294,0.723825427995,10.0586698725,1.35801635101,1.06851128407,10.7761361049
10.074302,-0.866370670294,0.723825427995,10.0586698725,1.35801635101,1.10387040081,10.8125419561
10.075968,-0.77408109096,0.76920630323,10.1040507478,1.28729811753,1.06851128407,10.8853536583
10.077634,-0.727936301293,0.814587178465,10.149431623,1.39337546774,1.06851128407,10.8125419561
10.0793,-0.866370670294,0.723825427995,10.0132889973,1.35801635101,1.10387040081,10.7397302538
10.080966,-0.820225880627,0.723825427995,10.0586698725,1.35801635101,1.06851128407,10.7761361049
10.082632,-0.77408109096,0.76920630323,10.1040507478,1.39337546774,1.10387040081,10.7761361049
10.084298,-0.820225880627,0.678444552759,10.0132889973,1.35801635101,1.03315216734,10.7397302538
10.085964,-0.820225880627,0.723825427995,10.0132889973,1.35801635101,1.10387040081,10.7397302538
10.08763,-0.820225880627,0.723825427995,10.0586698725,1.35801635101,1.06851128407,10.7761361049
10.089296,-0.820225880627,0.723825427995,10.0586698725,1.46409370122,1.10387040081,10.7761361049
10.090962,-0.820225880627,0.723825427995,10.0586698725,1.39337546774,1.06851128407,10.7761361049
10.092628,-0.820225880627,0.723825427995,10.0132889973,1.32265723427,0.997793050599,10.7033244027
10.094294,-0.820225880627,0.723825427995,10.0586698725,1.39337546774,1.06851128407,10.7761361049
10.09596,-0.820225880627,0.723825427995,10.0586698725,1.42873458448,1.06851128407,10.7761361049
10.097626,-0.820225880627,0.678444552759,10.0586698725,1.49945281795,1.10387040081,10.7761361049
10.099292,-0.77408109096,0.723825427995,10.1040507478,1.39337546774,1.06851128407,10.7761361049
10.100958,-0.820225880627,0.723825427995,10.0586698725,1.39337546774,0.997793050599,10.7033244027
10.102624,-0.820225880627,0.723825427995,10.0586698725,1.35801635101,0.997793050599,10.7397302538
10.10429,-0.727936301293,0.814587178465,10.149431623,1.39337546774,1.03315216734,10.7397302538
10.105956,-0.77408109096,0.723825427995,10.0586698725,1.49945281795,1.06851128407,10.7761361049
10.107622,-0.77408109096,0.723825427995,10.0586698725,1.42873458448,1.03315216734,10.8125419561
10.109288,-0.727936301293,0.723825427995,10.1040507478,1.35801635101,0.997793050599,10.7397302538
10.110954,-0.820225880627,0.633063677524,10.0132889973,1.39337546774,1.03315216734,10.7761361049
10.11262,-0.820225880627,0.678444552759,10.0586698725,1.39337546774,1.03315216734,10.7761361049
10.114286,-0.820225880627,0.633063677524,10.0586698725,1.46409370122,1.10387040081,10.8853536583
10.115952,-0.820225880627,0.678444552759,10.0586698725,1.39337546774,0.997793050599,10.7761361049
10.117618,-0.77408109096,0.678444552759,10.0586698725,1.35801635101,0.962433933862,10.7397302538
10.119284,-0.820225880627,0.678444552759,10.0586698725,1.39337546774,0.997793050599,10.7761361049
10.12095,-0.820225880627,0.678444552759,10.0586698725,1.39337546774,0.997793050599,10.7761361049
10.122616,-0.77408109096,0.678444552759,10.0586698725,1.35801635101,1.06851128407,10.9217595095
10.124282,-0.820225880627,0.678444552759,10.0586698725,1.42873458448,0.997793050599,10.8125419561
10.125948,-0.820225880627,0.633063677524,10.0586698725,1.39337546774,0.962433933862,10.7397302538
10.127614,-0.820225880627,0.633063677524,10.0586698725,1.39337546774,0.997793050599,10.8125419561
10.12928,-0.681791511626,0.76920630323,10.149431623,1.42873458448,0.997793050599,10.8125419561
10.130946,-0.727936301293,0.723825427995,10.1948124982,1.32265723427,0.927074817126,10.7397302538
10.132612,-0.820225880627,0.633063677524,10.0586698725,1.42873458448,1.03315216734,10.8489478072
10.134278,-0.820225880627,0.633063677524,10.0586698725,1.39337546774,0.997793050599,10.8125419561
10.135944,-0.820225880627,0.678444552759,10.1040507478,1.46409370122,1.03315216734,10.7761361049
10.13761,-0.77408109096,0.678444552759,10.1040507478,1.42873458448,1.03315216734,10.8489478072
10.139276,-0.77408109096,0.678444552759,10.1040507478,1.35801635101,0.962433933862,10.7761361049
10.140942,-0.820225880627,0.678444552759,10.1040507478,1.42873458448,0.997793050599,10.8125419561
10.142608,-0.820225880627,0.678444552759,10.1040507478,1.42873458448,1.03315216734,10.8125419561
10.144274,-0.820225880627,0.678444552759,10.1040507478,1.53481193469,1.10387040081,10.8853536583
10.14594,-0.727936301293,0.76920630323,10.1948124982,1.42873458448,1.03315216734,10.8489478072
10.147606,-0.727936301293,0.723825427995,10.149431623,1.39337546774,0.997793050599,10.7761361049
10.149272,-0.727936301293,0.723825427995,10.149431623,1.39337546774,1.03315216734,10.8125419561
10.150938,-0.681791511626,0.76920630323,10.2401933735,1.39337546774,1.06851128407,10.8853536583
10.152604,-0.820225880627,0.678444552759,10.1040507478,1.35801635101,1.03315216734,10.9217595095
10.15427,-0.820225880627,0.633063677524,10.1040507478,1.39337546774,1.06851128407,10.8489478072
10.155936,-0.820225880627,0.678444552759,10.1040507478,1.42873458448,1.03315216734,10.8489478072
10.157602,-0.820225880627,0.678444552759,10.1040507478,1.49945281795,1.06851128407,10.8489478072
10.159268,-0.820225880627,0.723825427995,10.149431623,1.39337546774,1.06851128407,10.8853536583
10.160934,-0.727936301293,0.814587178465,10.2401933735,1.35801635101,0.997793050599,10.7761361049
10.1626,-0.820225880627,0.678444552759,10.149431623,1.39337546774,1.06851128407,10.8489478072
10.164266,-0.820225880627,0.678444552759,10.149431623,1.39337546774,1.06851128407,10.8853536583
10.165932,-0.77408109096,0.723825427995,10.149431623,1.46409370122,1.17458863428,10.9217595095
10.167598,-0.866370670294,0.678444552759,10.1040507478,1.39337546774,1.10387040081,10.8853536583
10.169264,-0.820225880627,0.678444552759,10.149431623,1.35801635101,1.06851128407,10.8489478072
10.17093,-0.820225880627,0.723825427995,10.149431623,1.39337546774,1.06851128407,10.8125419561
10.172596,-0.820225880627,0.723825427995,10.149431623,1.39337546774,1.10387040081,10.8853536583
10.174262,-0.820225880627,0.76920630323,10.149431623,1.35801635101,1.03315216734,10.7761361049
10.175928,-0.727936301293,0.859968053701,10.2401933735,1.35801635101,1.10387040081,10.8853536583
10.177594,-0.866370670294,0.723825427995,10.149431623,1.39337546774,1.10387040081,10.8853536583
10.17926,-0.820225880627,0.76920630323,10.149431623,1.39337546774,1.24530686776,10.9922958461
10.180926,-0.866370670294,0.76920630323,10.149431623,1.39337546774,1.13922951755,10.8853536583
10.182592,-0.820225880627,0.723825427995,10.149431623,1.35801635101,1.10387040081,10.8489478072
10.184258,-0.820225880627,0.76920630323,10.1040507478,1.35801635101,1.10387040081,10.8489478072
10.185924,-0.77408109096,0.814587178465,10.1948124982,1.39337546774,1.17458863428,10.8853536583
10.18759,-0.866370670294,0.76920630323,10.1040507478,1.28729811753,1.06851128407,10.9217595095
10.189256,-0.820225880627,0.76920630323,10.149431623,1.35801635101,1.20994775102,10.8853536583
10.190922,-0.866370670294,0.76920630323,10.1040507478,1.35801635101,1.13922951755,10.8853536583
10.192588,-0.866370670294,0.76920630323,10.149431623,1.42873458448,1.20994775102,10.8853536583
10.194254,-0.866370670294,0.76920630323,10.149431623,1.35801635101,1.20994775102,10.8853536583
10.19592,-0.866370670294,0.76920630323,10.149431623,1.32265723427,1.13922951755,10.8489478072
10.197586,-0.866370670294,0.76920630323,10.1040507478,1.32265723427,1.17458863428,10.8853536583
10.199252,-0.912515459961,0.76920630323,10.1040507478,1.35801635101,1.20994775102,10.9217595095
10.200918,-0.866370670294,0.814587178465,10.1040507478,1.32265723427,1.28066598449,11.0287016972
10.202584,-0.912515459961,0.814587178465,10.1040507478,1.35801635101,1.20994775102,10.9217595095
10.20425,-0.866370670294,0.814587178465,10.1040507478,1.32265723427,1.17458863428,10.8853536583
10.205916,-0.912515459961,0.814587178465,10.1040507478,1.32265723427,1.20994775102,10.8853536583
10.207582,-0.866370670294,0.859968053701,10.149431623,1.35801635101,1.24530686776,10.9217595095
10.209248,-0.912515459961,0.814587178465,10.1040507478,1.28729811753,1.17458863428,10.8489478072
10.210914,-0.912515459961,0.859968053701,10.149431623,1.35801635101,1.20994775102,10.9217595095
10.21258,-0.912515459961,0.814587178465,10.1040507478,1.32265723427,1.20994775102,10.8853536583
10.214246,-0.912515459961,0.859968053701,10.1040507478,1.32265723427,1.20994775102,10.9217595095
10.215912,-0.912515459961,0.859968053701,10.1040507478,1.32265723427,1.24530686776,10.9217595095
10.217578,-0.912515459961,0.859968053701,10.1040507478,1.25193900079,1.20994775102,10.8853536583
10.219244,-0.912515459961,0.859968053701,10.149431623,1.32265723427,1.24530686776,10.9581653606
10.22091,-0.912515459961,0.859968053701,10.1040507478,1.32265723427,1.24530686776,10.9217595095
10.222576,-0.912515459961,0.859968053701,10.1040507478,1.32265723427,1.24530686776,10.9217595095
10.224242,-0.958660249627,0.859968053701,10.1040507478,1.32265723427,1.24530686776,10.9581653606
10.225908,-0.912515459961,0.859968053701,10.1040507478,1.25193900079,1.20994775102,10.8853536583
10.227574,-0.912515459961,0.905348928936,10.1040507478,1.28729811753,1.24530686776,10.9581653606
10.22924,-0.958660249627,0.859968053701,10.1040507478,1.35801635101,1.28066598449,10.9217595095
10.230906,-0.958660249627,0.859968053701,10.1040507478,1.39337546774,1.3867433347,11.0287016972
10.232572,-0.912515459961,0.905348928936,10.1040507478,1.32265723427,1.28066598449,10.9922958461
10.234238,-0.958660249627,0.905348928936,10.149431623,1.32265723427,1.24530686776,10.9217595095
10.235904,-0.958660249627,0.905348928936,10.1040507478,1.28729811753,1.28066598449,10.9217595095
10.23757,-0.912515459961,0.905348928936,10.1040507478,1.32265723427,1.28066598449,10.9922958461
10.239236,-0.912515459961,0.905348928936,10.1040507478,1.21657988406,1.20994775102,10.9217595095
10.240902,-0.912515459961,0.905348928936,10.149431623,1.32265723427,1.28066598449,10.9922958461
10.242568,-0.866370670294,0.950729804172,10.1948124982,1.28729811753,1.28066598449,10.9581653606
10.244234,-0.912515459961,0.905348928936,10.149431623,1.35801635101,1.24530686776,10.9217595095
10.2459,-0.912515459961,0.905348928936,10.149431623,1.32265723427,1.31602510123,10.9922958461
10.247566,-0.866370670294,0.950729804172,10.1948124982,1.28729811753,1.20994775102,10.9217595095
10.249232,-0.912515459961,0.859968053701,10.1040507478,1.32265723427,1.28066598449,10.9217595095
10.250898,-0.912515459961,0.905348928936,10.1948124982,1.35801635101,1.28066598449,10.9922958461
10.252564,-0.912515459961,0.905348928936,10.149431623,1.39337546774,1.35138421797,11.0287016972
10.25423,-0.820225880627,0.996110679407,10.2401933735,1.35801635101,1.28066598449,10.9922958461
10.255896,-0.912515459961,0.859968053701,10.149431623,1.28729811753,1.20994775102,10.9217595095
10.257562,-0.912515459961,0.859968053701,10.149431623,1.32265723427,1.24530686776,10.9217595095
10.259228,-0.912515459961,0.859968053701,10.149431623,1.35801635101,1.28066598449,10.9922958461
10.260894,-0.912515459961,0.814587178465,10.149431623,1.28729811753,1.17458863428,10.8853536583
10.26256,-0.866370670294,0.859968053701,10.149431623,1.32265723427,1.20994775102,10.9217595095
10.264226,-0.820225880627,0.950729804172,10.2401933735,1.35801635101,1.20994775102,10.9217595095
10.265892,-0.866370670294,0.905348928936,10.2401933735,1.35801635101,1.20994775102,10.9217595095
10.267558,-0.866370670294,0.814587178465,10.149431623,1.35801635101,1.24530686776,10.9922958461
10.269224,-0.912515459961,0.814587178465,10.149431623,1.28729811753,1.10387040081,10.8489478072
10.27089,-0.866370670294,0.814587178465,10.1948124982,1.35801635101,1.13922951755,10.9922958461
10.272556,-0.866370670294,0.814587178465,10.1948124982,1.35801635101,1.17458863428,10.9922958461
10.274222,-0.912515459961,0.76920630323,10.149431623,1.49945281795,1.20994775102,10.9922958461
10.275888,-0.912515459961,0.814587178465,10.1948124982,1.35801635101,1.17458863428,10.9217595095
10.277554,-0.866370670294,0.814587178465,10.2401933735,1.35801635101,1.10387040081,10.8853536583
10.27922,-0.820225880627,0.905348928936,10.2401933735,1.35801635101,1.10387040081,10.9217595095
10.280886,-0.866370670294,0.814587178465,10.1948124982,1.39337546774,1.20994775102,10.9922958461
10.282552,-0.866370670294,0.814587178465,10.1948124982,1.28729811753,1.20994775102,11.0651075483
10.284218,-0.866370670294,0.814587178465,10.1948124982,1.35801635101,1.17458863428,10.9922958461
10.285884,-0.866370670294,0.814587178465,10.1948124982,1.35801635101,1.17458863428,10.9217595095
10.28755,-0.820225880627,0.814587178465,10.1948124982,1.39337546774,1.17458863428,10.9217595095
10.289216,-0.866370670294,0.76920630323,10.1948124982,1.35801635101,1.10387040081,10.9581653606
10.290882,-0.866370670294,0.76920630323,10.1948124982,1.32265723427,0.997793050599,10.9922958461
10.292548,-0.866370670294,0.76920630323,10.1948124982,1.35801635101,1.06851128407,10.9217595095
10.294214,-0.820225880627,0.76920630323,10.1948124982,1.39337546774,1.06851128407,10.9217595095
10.29588,-0.820225880627,0.76920630323,10.1948124982,1.42873458448,1.06851128407,10.8853536583
10.297546,-0.820225880627,0.723825427995,10.1948124982,1.42873458448,1.06851128407,10.9217595095
10.299212,-0.820225880627,0.76920630323,10.1948124982,1.35801635101,1.03315216734,10.8125419561
10.300878,-0.866370670294,0.76920630323,10.1948124982,1.35801635101,1.06851128407,10.9581653606
10.302544,-0.820225880627,0.76920630323,10.1948124982,1.39337546774,1.06851128407,10.8853536583
10.30421,-0.727936301293,0.814587178465,10.2855742487,1.46409370122,1.06851128407,10.8853536583
10.305876,-0.77408109096,0.814587178465,10.2401933735,1.42873458448,1.10387040081,10.9217595095
10.307542,-0.77408109096,0.76920630323,10.1948124982,1.35801635101,0.997793050599,10.8853536583
10.309208,-0.77408109096,0.76920630323,10.2401933735,1.35801635101,1.03315216734,10.8853536583
10.310874,-0.820225880627,0.723825427995,10.149431623,1.42873458448,1.03315216734,10.8853536583
10.31254,-0.820225880627,0.678444552759,10.149431623,1.39337546774,1.13922951755,10.9922958461
10.314206,-0.820225880627,0.723825427995,10.149431623,1.39337546774,1.03315216734,10.8853536583
10.315872,-0.820225880627,0.723825427995,10.149431623,1.39337546774,0.997793050599,10.8489478072
10.317538,-0.820225880627,0.723825427995,10.149431623,1.39337546774,0.997793050599,10.8853536583
10.319204,-0.820225880627,0.723825427995,10.149431623,1.42873458448,1.03315216734,10.9217595095
10.32087,-0.820225880627,0.723825427995,10.149431623,1.35801635101,0.927074817126,10.8125419561
10.322536,-0.820225880627,0.723825427995,10.149431623,1.39337546774,0.997793050599,10.8853536583
10.324202,-0.820225880627,0.678444552759,10.149431623,1.39337546774,1.03315216734,10.8125419561
10.325868,-0.820225880627,0.723825427995,10.149431623,1.49945281795,1.06851128407,10.8489478072
10.327534,-0.820225880627,0.678444552759,10.149431623,1.42873458448,1.03315216734,10.8853536583
10.3292,-0.77408109096,0.723825427995,10.149431623,1.35801635101,0.997793050599,10.7761361049
10.330866,-0.820225880627,0.723825427995,10.149431623,1.39337546774,1.03315216734,10.8489478072
10.332532,-0.820225880627,0.678444552759,10.1040507478,1.39337546774,1.03315216734,10.8489478072
10.334198,-0.820225880627,0.678444552759,10.1040507478,1.42873458448,1.13922951755,10.9217595095
10.335864,-0.820225880627,0.678444552759,10.1040507478,1.39337546774,0.997793050599,10.8125419561
10.33753,-0.820225880627,0.678444552759,10.1040507478,1.42873458448,0.997793050599,10.8125419561
10.339196,-0.820225880627,0.678444552759,10.1040507478,1.42873458448,1.03315216734,10.7761361049
10.340862,-0.820225880627,0.678444552759,10.1040507478,1.39337546774,0.997793050599,10.8125419561
10.342528,-0.820225880627,0.633063677524,10.1040507478,1.35801635101,0.997793050599,10.7397302538
10.344194,-0.820225880627,0.678444552759,10.0586698725,1.39337546774,0.997793050599,10.7761361049
10.34586,-0.77408109096,0.723825427995,10.1040507478,1.39337546774,0.997793050599,10.7761361049
10.347526,-0.820225880627,0.633063677524,10.0586698725,1.49945281795,1.06851128407,10.8125419561
10.349192,-0.820225880627,0.633063677524,10.0586698725,1.35801635101,1.03315216734,10.7761361049
10.350858,-0.820225880627,0.678444552759,10.0586698725,1.35801635101,0.997793050599,10.7397302538
10.352524,-0.820225880627,0.633063677524,10.0586698725,1.35801635101,0.997793050599,10.7397302538
10.35419,-0.820225880627,0.633063677524,10.0132889973,1.35801635101,1.03315216734,10.7761361049
10.355856,-0.820225880627,0.678444552759,10.0132889973,1.32265723427,0.997793050599,10.8853536583
10.357522,-0.820225880627,0.678444552759,10.0586698725,1.35801635101,1.03315216734,10.7761361049
10.359188,-0.727936301293,0.76920630323,10.149431623,1.35801635101,0.997793050599,10.7397302538
10.360854,-0.866370670294,0.633063677524,10.0132889973,1.39337546774,1.06851128407,10.7397302538
10.36252,-0.820225880627,0.678444552759,10.0132889973,1.39337546774,1.06851128407,10.7397302538
10.364186,-0.820225880627,0.678444552759,10.0132889973,1.35801635101,0.997793050599,10.7033244027
10.365852,-0.820225880627,0.678444552759,10.0132889973,1.35801635101,1.03315216734,10.7397302538
10.367518,-0.820225880627,0.678444552759,10.0132889973,1.39337546774,1.06851128407,10.7397302538
10.369184,-0.820225880627,0.678444552759,10.0132889973,1.39337546774,1.10387040081,10.8125419561
10.37085,-0.727936301293,0.76920630323,10.0586698725,1.35801635101,1.03315216734,10.7761361049
10.372516,-0.866370670294,0.633063677524,9.96790812205,1.35801635101,0.997793050599,10.7033244027
10.374182,-0.820225880627,0.678444552759,10.0132889973,1.35801635101,0.997793050599,10.7033244027
10.375848,-0.866370670294,0.678444552759,10.0132889973,1.35801635101,1.03315216734,10.7397302538
10.377514,-0.866370670294,0.633063677524,9.96790812205,1.28729811753,0.962433933862,10.6669185515
10.37918,-0.866370670294,0.633063677524,9.96790812205,1.35801635101,1.03315216734,10.7397302538
10.380846,-0.866370670294,0.633063677524,9.96790812205,1.35801635101,1.03315216734,10.7397302538
10.382512,-0.866370670294,0.633063677524,9.96790812205,1.42873458448,1.10387040081,10.7397302538
10.384178,-0.866370670294,0.633063677524,10.0132889973,1.35801635101,1.06851128407,10.7761361049
10.385844,-0.866370670294,0.678444552759,10.0132889973,1.35801635101,1.03315216734,10.7033244027
10.38751,-0.866370670294,0.678444552759,10.0132889973,1.32265723427,1.03315216734,10.7397302538
10.389176,-0.866370670294,0.633063677524,9.96790812205,1.35801635101,1.06851128407,10.7397302538
10.390842,-0.820225880627,0.678444552759,10.0132889973,1.28729811753,1.06851128407,10.8489478072
10.392508,-0.866370670294,0.633063677524,10.0132889973,1.35801635101,1.06851128407,10.7397302538
10.394174,-0.866370670294,0.633063677524,10.0132889973,1.32265723427,1.03315216734,10.7397302538
10.39584,-0.866370670294,0.678444552759,9.96790812205,1.28729811753,1.03315216734,10.7397302538
10.397506,-0.866370670294,0.633063677524,9.96790812205,1.35801635101,1.06851128407,10.7761361049
10.399172,-0.912515459961,0.633063677524,9.96790812205,1.28729811753,0.997793050599,10.7033244027
10.400838,-0.912515459961,0.633063677524,10.0132889973,1.32265723427,1.06851128407,10.7761361049
10.402504,-0.912515459961,0.678444552759,10.0132889973,1.32265723427,1.06851128407,10.7397302538
10.40417,-0.866370670294,0.678444552759,10.0132889973,1.35801635101,1.06851128407,10.7397302538
10.405836,-0.866370670294,0.723825427995,10.0132889973,1.35801635101,1.06851128407,10.8125419561
10.407502,-0.912515459961,0.678444552759,10.0132889973,1.28729811753,0.997793050599,10.7397302538
10.409168,-0.912515459961,0.678444552759,10.0132889973,1.28729811753,1.06851128407,10.7761361049
10.410834,-0.912515459961,0.678444552759,10.0586698725,1.28729811753,1.06851128407,10.8125419561
10.4125,-0.866370670294,0.723825427995,10.0586698725,1.35801635101,1.20994775102,10.8853536583
10.414166,-0.820225880627,0.76920630323,10.1040507478,1.32265723427,1.06851128407,10.8489478072
10.415832,-0.912515459961,0.678444552759,10.0132889973,1.28729811753,1.06851128407,10.7761361049
10.417498,-0.912515459961,0.678444552759,10.0132889973,1.32265723427,1.06851128407,10.8125419561
10.419164,-0.912515459961,0.678444552759,10.0132889973,1.35801635101,1.10387040081,10.8853536583
10.42083,-0.912515459961,0.723825427995,10.0132889973,1.21657988406,1.13922951755,10.9217595095
10.422496,-0.912515459961,0.723825427995,10.0586698725,1.32265723427,1.10387040081,10.8853536583
10.424162,-0.912515459961,0.723825427995,10.0586698725,1.32265723427,1.10387040081,10.8853536583
10.425828,-0.912515459961,0.723825427995,10.0586698725,1.35801635101,1.10387040081,10.8489478072
10.427494,-0.912515459961,0.723825427995,10.0586698725,1.32265723427,1.10387040081,10.8853536583
10.42916,-0.912515459961,0.678444552759,10.0586698725,1.25193900079,1.06851128407,10.8489478072
10.430826,-0.912515459961,0.723825427995,10.0586698725,1.28729811753,1.06851128407,10.8853536583
10.432492,-0.912515459961,0.723825427995,10.0586698725,1.32265723427,1.10387040081,10.9217595095
10.434158,-0.958660249627,0.678444552759,10.0586698725,1.39337546774,1.13922951755,10.9581653606
10.435824,-0.912515459961,0.723825427995,10.1040507478,1.32265723427,1.06851128407,10.9217595095
10.43749,-0.866370670294,0.814587178465,10.149431623,1.28729811753,1.06851128407,10.8853536583
10.439156,-0.912515459961,0.723825427995,10.1040507478,1.28729811753,1.06851128407,10.9217595095
10.440822,-0.866370670294,0.814587178465,10.1948124982,1.32265723427,1.13922951755,10.9217595095
10.442488,-0.912515459961,0.723825427995,10.1040507478,1.25193900079,1.06851128407,10.8853536583
10.444154,-0.912515459961,0.723825427995,10.1040507478,1.32265723427,1.13922951755,10.9581653606
10.44582,-0.912515459961,0.76920630323,10.1040507478,1.35801635101,1.13922951755,10.9922958461
10.447486,-0.912515459961,0.76920630323,10.149431623,1.39337546774,1.20994775102,10.9581653606
10.449152,-0.866370670294,0.76920630323,10.1948124982,1.35801635101,1.06851128407,10.9922958461
10.450818,-0.912515459961,0.723825427995,10.149431623,1.28729811753,1.06851128407,10.8853536583
10.452484,-0.912515459961,0.723825427995,10.1040507478,1.32265723427,1.06851128407,10.9217595095
10.45415,-0.820225880627,0.814587178465,10.2401933735,1.35801635101,1.10387040081,10.9581653606
10.455816,-0.958660249627,0.723825427995,10.1040507478,1.25193900079,0.997793050599,10.9581653606
10.457482,-0.912515459961,0.723825427995,10.149431623,1.35801635101,1.10387040081,10.9581653606
10.459148,-0.866370670294,0.76920630323,10.1948124982,1.35801635101,1.06851128407,10.9581653606
10.460814,-0.912515459961,0.76920630323,10.1948124982,1.35801635101,1.10387040081,10.9217595095
10.46248,-0.912515459961,0.76920630323,10.1948124982,1.35801635101,1.10387040081,10.9922958461
10.464146,-0.820225880627,0.859968053701,10.2401933735,1.28729811753,1.06851128407,10.8853536583
10.465812,-0.912515459961,0.76920630323,10.149431623,1.35801635101,1.17458863428,10.9922958461
10.467478,-0.866370670294,0.814587178465,10.1948124982,1.32265723427,1.10387040081,10.9581653606
10.469144,-0.866370670294,0.76920630323,10.1948124982,1.46409370122,1.13922951755,10.9922958461
10.47081,-0.866370670294,0.814587178465,10.1948124982,1.35801635101,1.10387040081,10.9922958461
10.472476,-0.866370670294,0.76920630323,10.1948124982,1.35801635101,1.06851128407,10.9581653606
10.474142,-0.866370670294,0.76920630323,10.2401933735,1.35801635101,1.10387040081,10.9581653606
10.475808,-0.912515459961,0.76920630323,10.1948124982,1.35801635101,1.10387040081,10.9922958461
10.477474,-0.866370670294,0.76920630323,10.1948124982,1.28729811753,1.06851128407,10.8853536583
10.47914,-0.820225880627,0.814587178465,10.1948124982,1.35801635101,1.20994775102,10.9922958461
10.480806,-0.866370670294,0.814587178465,10.1948124982,1.35801635101,1.20994775102,10.9581653606
10.482472,-0.866370670294,0.76920630323,10.1948124982,1.46409370122,1.20994775102,10.9581653606
10.484138,-0.77408109096,0.905348928936,10.2855742487,1.39337546774,1.20994775102,10.9922958461
10.485804,-0.820225880627,0.814587178465,10.1948124982,1.35801635101,1.17458863428,10.9217595095
10.48747,-0.820225880627,0.814587178465,10.2401933735,1.39337546774,1.17458863428,10.9217595095
10.489136,-0.820225880627,0.814587178465,10.1948124982,1.39337546774,1.20994775102,10.9922958461
10.490802,-0.820225880627,0.814587178465,10.2401933735,1.35801635101,1.28066598449,11.0651075483
10.492468,-0.727936301293,0.905348928936,10.2855742487,1.46409370122,1.17458863428,10.9922958461
10.494134,-0.77408109096,0.859968053701,10.2401933735,1.35801635101,1.17458863428,10.8853536583
10.4958,-0.820225880627,0.814587178465,10.1948124982,1.39337546774,1.17458863428,10.9217595095
10.497466,-0.820225880627,0.814587178465,10.1948124982,1.42873458448,1.20994775102,10.9217595095
10.499132,-0.820225880627,0.814587178465,10.1948124982,1.32265723427,1.13922951755,10.9922958461
10.500798,-0.820225880627,0.814587178465,10.1948124982,1.39337546774,1.20994775102,10.9217595095
10.502464,-0.727936301293,0.905348928936,10.2855742487,1.42873458448,1.17458863428,10.8853536583
10.50413,-0.77408109096,0.814587178465,10.1948124982,1.46409370122,1.20994775102,10.8853536583
10.505796,-0.820225880627,0.814587178465,10.1948124982,1.46409370122,1.20994775102,10.9217595095
10.507462,-0.820225880627,0.814587178465,10.149431623,1.35801635101,1.10387040081,10.8125419561
10.509128,-0.77408109096,0.814587178465,10.2401933735,1.42873458448,1.17458863428,10.9217595095
10.510794,-0.77408109096,0.814587178465,10.1948124982,1.46409370122,1.17458863428,10.8853536583
10.51246,-0.77408109096,0.814587178465,10.1948124982,1.46409370122,1.17458863428,10.8853536583
10.514126,-0.820225880627,0.76920630323,10.149431623,1.46409370122,1.20994775102,10.8853536583
10.515792,-0.681791511626,0.905348928936,10.2855742487,1.35801635101,1.10387040081,10.8125419561
10.517458,-0.77408109096,0.814587178465,10.1948124982,1.39337546774,1.17458863428,10.8853536583
10.519124,-0.77408109096,0.859968053701,10.1948124982,1.46409370122,1.17458863428,10.8853536583
10.52079,-0.820225880627,0.859968053701,10.149431623,1.49945281795,1.24530686776,10.8853536583
10.522456,-0.77408109096,0.905348928936,10.1948124982,1.46409370122,1.20994775102,10.9217595095
10.524122,-0.77408109096,0.859968053701,10.149431623,1.39337546774,1.17458863428,10.8489478072
10.525788,-0.77408109096,0.905348928936,10.149431623,1.39337546774,1.17458863428,10.8489478072
10.527454,-0.681791511626,0.996110679407,10.2401933735,1.46409370122,1.20994775102,10.8853536583
10.52912,-0.727936301293,0.905348928936,10.2401933735,1.39337546774,1.20994775102,10.9922958461
10.530786,-0.681791511626,0.950729804172,10.2401933735,1.42873458448,1.17458863428,10.8853536583
10.532452,-0.681791511626,0.905348928936,10.2401933735,1.46409370122,1.13922951755,10.8853536583
10.534118,-0.77408109096,0.859968053701,10.149431623,1.46409370122,1.20994775102,10.8489478072
10.535784,-0.820225880627,0.814587178465,10.149431623,1.46409370122,1.20994775102,10.8853536583
10.53745,-0.77408109096,0.859968053701,10.149431623,1.35801635101,1.10387040081,10.7761361049
10.539116,-0.727936301293,0.859968053701,10.1948124982,1.46409370122,1.17458863428,10.8489478072
10.540782,-0.820225880627,0.814587178465,10.149431623,1.42873458448,1.17458863428,10.8489478072
10.542448,-0.77408109096,0.814587178465,10.149431623,1.49945281795,1.28066598449,10.9217595095
10.544114,-0.77408109096,0.814587178465,10.1040507478,1.46409370122,1.17458863428,10.8853536583
10.54578,-0.727936301293,0.859968053701,10.1948124982,1.42873458448,1.13922951755,10.8489478072
10.547446,-0.77408109096,0.814587178465,10.1040507478,1.46409370122,1.13922951755,10.7761361049
10.549112,-0.77408109096,0.814587178465,10.1040507478,1.46409370122,1.17458863428,10.8853536583
10.550778,-0.727936301293,0.905348928936,10.149431623,1.39337546774,1.10387040081,10.7761361049
10.552444,-0.77408109096,0.814587178465,10.149431623,1.39337546774,1.13922951755,10.8125419561
10.55411,-0.727936301293,0.905348928936,10.1948124982,1.42873458448,1.17458863428,10.8489478072
10.555776,-0.727936301293,0.859968053701,10.1948124982,1.49945281795,1.24530686776,10.8853536583
10.557442,-0.727936301293,0.859968053701,10.1948124982,1.46409370122,1.13922951755,10.8489478072
10.559108,-0.77408109096,0.76920630323,10.149431623,1.35801635101,1.10387040081,10.8125419561
10.560774,-0.727936301293,0.859968053701,10.1948124982,1.39337546774,1.10387040081,10.8489478072
10.56244,-0.727936301293,0.814587178465,10.1948124982,1.42873458448,1.13922951755,10.8853536583
10.564106,-0.820225880627,0.76920630323,10.1040507478,1.35801635101,1.20994775102,10.9581653606
10.565772,-0.820225880627,0.76920630323,10.1040507478,1.39337546774,1.13922951755,10.8489478072
10.567438,-0.77408109096,0.76920630323,10.1040507478,1.39337546774,1.10387040081,10.8125419561
10.569104,-0.820225880627,0.76920630323,10.149431623,1.42873458448,1.10387040081,10.8125419561
10.57077,-0.820225880627,0.76920630323,10.1040507478,1.46409370122,1.10387040081,10.8489478072
10.572436,-0.820225880627,0.76920630323,10.1040507478,1.35801635101,1.06851128407,10.7761361049
10.574102,-0.681791511626,0.859968053701,10.1948124982,1.39337546774,1.06851128407,10.8125419561
10.575768,-0.820225880627,0.723825427995,10.1040507478,1.39337546774,1.10387040081,10.8125419561
10.577434,-0.820225880627,0.723825427995,10.1040507478,1.46409370122,1.13922951755,10.9217595095
10.5791,-0.820225880627,0.723825427995,10.1040507478,1.39337546774,1.06851128407,10.8125419561
10.580766,-0.77408109096,0.723825427995,10.1040507478,1.35801635101,0.997793050599,10.8125419561
10.582432,-0.820225880627,0.723825427995,10.1040507478,1.39337546774,1.03315216734,10.8125419561
10.584098,-0.820225880627,0.723825427995,10.1040507478,1.42873458448,1.03315216734,10.8489478072
10.585764,-0.820225880627,0.678444552759,10.1040507478,1.32265723427,1.03315216734,10.8853536583
10.58743,-0.820225880627,0.723825427995,10.1040507478,1.35801635101,1.03315216734,10.8489478072
10.589096,-0.820225880627,0.723825427995,10.1040507478,1.35801635101,1.03315216734,10.8489478072
10.590762,-0.820225880627,0.76920630323,10.149431623,1.42873458448,1.06851128407,10.8125419561
10.592428,-0.820225880627,0.723825427995,10.1040507478,1.39337546774,1.06851128407,10.8853536583
10.594094,-0.866370670294,0.678444552759,10.1040507478,1.35801635101,0.997793050599,10.8125419561
10.59576,-0.866370670294,0.723825427995,10.1040507478,1.35801635101,1.06851128407,10.8489478072
10.597426,-0.866370670294,0.678444552759,10.1040507478,1.35801635101,1.03315216734,10.8853536583
10.599092,-0.866370670294,0.723825427995,10.1040507478,1.49945281795,1.10387040081,10.8853536583
10.600758,-0.866370670294,0.723825427995,10.1040507478,1.39337546774,1.10387040081,10.8853536583
10.602424,-0.820225880627,0.723825427995,10.149431623,1.32265723427,1.06851128407,10.8489478072
10.60409,-0.866370670294,0.678444552759,10.1040507478,1.35801635101,1.06851128407,10.8489478072
10.605756,-0.866370670294,0.678444552759,10.1040507478,1.39337546774,1.10387040081,10.8853536583
10.607422,-0.866370670294,0.678444552759,10.1040507478,1.32265723427,1.06851128407,10.7761361049
10.609088,-0.866370670294,0.678444552759,10.1040507478,1.35801635101,1.03315216734,10.8853536583
10.610754,-0.866370670294,0.678444552759,10.1040507478,1.35801635101,1.03315216734,10.8853536583
10.61242,-0.866370670294,0.678444552759,10.1040507478,1.39337546774,1.03315216734,10.8489478072
10.614086,-0.866370670294,0.678444552759,10.1040507478,1.35801635101,1.03315216734,10.9217595095
10.615752,-0.866370670294,0.678444552759,10.1040507478,1.32265723427,0.962433933862,10.8489478072
10.617418,-0.866370670294,0.678444552759,10.1040507478,1.32265723427,0.997793050599,10.8489478072
10.619084,-0.866370670294,0.678444552759,10.1040507478,1.35801635101,0.997793050599,10.8853536583
10.62075,-0.912515459961,0.678444552759,10.1040507478,1.39337546774,1.10387040081,10.9217595095
10.622416,-0.866370670294,0.678444552759,10.1040507478,1.35801635101,1.03315216734,10.9217595095
10.624082,-0.866370670294,0.678444552759,10.1040507478,1.32265723427,1.03315216734,10.8853536583
10.625748,-0.912515459961,0.678444552759,10.1040507478,1.28729811753,1.06851128407,10.8853536583
10.627414,-0.912515459961,0.678444552759,10.1040507478,1.35801635101,1.06851128407,10.9217595095
10.62908,-0.912515459961,0.633063677524,10.1040507478,1.25193900079,0.927074817126,10.9922958461
10.630746,-0.912515459961,0.678444552759,10.1040507478,1.32265723427,1.06851128407,10.9217595095
10.632412,-0.912515459961,0.678444552759,10.0586698725,1.32265723427,1.03315216734,10.8853536583
10.634078,-0.912515459961,0.678444552759,10.1040507478,1.35801635101,1.03315216734,10.8853536583
10.635744,-0.912515459961,0.678444552759,10.1040507478,1.35801635101,1.03315216734,10.9217595095
10.63741,-0.866370670294,0.678444552759,10.1040507478,1.28729811753,0.997793050599,10.8489478072
10.639076,-0.912515459961,0.678444552759,10.1040507478,1.32265723427,1.06851128407,10.9217595095
10.640742,-0.912515459961,0.678444552759,10.1040507478,1.35801635101,1.06851128407,10.9217595095
10.642408,-0.912515459961,0.678444552759,10.1040507478,1.35801635101,1.10387040081,10.9922958461
10.644074,-0.912515459961,0.678444552759,10.0586698725,1.35801635101,1.06851128407,10.9217595095
10.64574,-0.912515459961,0.678444552759,10.1040507478,1.32265723427,0.997793050599,10.8853536583
10.647406,-0.912515459961,0.678444552759,10.1040507478,1.32265723427,1.03315216734,10.8853536583
10.649072,-0.912515459961,0.678444552759,10.0586698725,1.32265723427,1.03315216734,10.8853536583
10.650738,-0.912515459961,0.678444552759,10.0586698725,1.25193900079,1.06851128407,11.0287016972
10.652404,-0.912515459961,0.678444552759,10.0586698725,1.32265723427,1.03315216734,10.8853536583
10.65407,-0.866370670294,0.678444552759,10.1040507478,1.32265723427,1.03315216734,10.8853536583
10.655736,-0.866370670294,0.678444552759,10.1040507478,1.32265723427,1.06851128407,10.8489478072
10.657402,-0.912515459961,0.678444552759,10.0586698725,1.32265723427,1.10387040081,10.9217595095
10.659068,-0.912515459961,0.678444552759,10.0586698725,1.28729811753,0.962433933862,10.7761361049
10.660734,-0.866370670294,0.723825427995,10.1040507478,1.35801635101,1.10387040081,10.8853536583
10.6624,-0.866370670294,0.723825427995,10.1040507478,1.32265723427,1.10387040081,10.8853536583
10.664066,-0.866370670294,0.723825427995,10.0586698725,1.39337546774,1.10387040081,10.8489478072
10.665732,-0.866370670294,0.723825427995,10.0586698725,1.32265723427,1.13922951755,10.8853536583
10.667398,-0.820225880627,0.76920630323,10.149431623,1.28729811753,0.962433933862,10.8125419561
10.669064,-0.912515459961,0.723825427995,10.0586698725,1.32265723427,1.06851128407,10.8489478072
10.67073,-0.866370670294,0.723825427995,10.0586698725,1.35801635101,1.10387040081,10.8853536583
10.672396,-0.866370670294,0.723825427995,10.0586698725,1.46409370122,1.10387040081,10.8853536583
10.674062,-0.820225880627,0.76920630323,10.1040507478,1.39337546774,1.06851128407,10.8489478072
10.675728,-0.820225880627,0.76920630323,10.1040507478,1.35801635101,1.03315216734,10.8125419561
10.677394,-0.866370670294,0.723825427995,10.0586698725,1.32265723427,1.06851128407,10.8125419561
10.67906,-0.866370670294,0.723825427995,10.0586698725,1.35801635101,1.06851128407,10.8853536583
10.680726,-0.866370670294,0.723825427995,10.0586698725,1.28729811753,1.06851128407,10.8125419561
10.682392,-0.866370670294,0.76920630323,10.0586698725,1.35801635101,1.10387040081,10.8489478072
10.684058,-0.866370670294,0.76920630323,10.0586698725,1.35801635101,1.10387040081,10.8125419561
10.685724,-0.866370670294,0.723825427995,10.0586698725,1.35801635101,1.10387040081,10.8125419561
10.68739,-0.727936301293,0.905348928936,10.149431623,1.39337546774,1.17458863428,10.8125419561
10.689056,-0.866370670294,0.723825427995,10.0586698725,1.35801635101,1.03315216734,10.7397302538
10.690722,-0.866370670294,0.723825427995,10.0586698725,1.35801635101,1.10387040081,10.8125419561
10.692388,-0.820225880627,0.723825427995,10.0586698725,1.39337546774,1.10387040081,10.8125419561
10.694054,-0.820225880627,0.723825427995,10.1040507478,1.49945281795,1.20994775102,10.8489478072
10.69572,-0.727936301293,0.814587178465,10.149431623,1.39337546774,1.10387040081,10.8125419561
10.697386,-0.820225880627,0.723825427995,10.0586698725,1.39337546774,1.10387040081,10.7761361049
10.699052,-0.820225880627,0.723825427995,10.0586698725,1.35801635101,1.10387040081,10.8125419561
10.700718,-0.820225880627,0.723825427995,10.1040507478,1.35801635101,1.10387040081,10.7761361049
10.702384,-0.820225880627,0.723825427995,10.1040507478,1.35801635101,1.06851128407,10.7397302538
10.70405,-0.77408109096,0.76920630323,10.1040507478,1.35801635101,1.10387040081,10.7761361049
10.705716,-0.820225880627,0.723825427995,10.1040507478,1.39337546774,1.10387040081,10.7761361049
10.707382,-0.820225880627,0.723825427995,10.1040507478,1.49945281795,1.17458863428,10.8125419561
10.709048,-0.820225880627,0.723825427995,10.1040507478,1.39337546774,1.10387040081,10.8125419561
10.710714,-0.820225880627,0.76920630323,10.1040507478,1.35801635101,1.10387040081,10.7397302538
10.71238,-0.820225880627,0.723825427995,10.1040507478,1.39337546774,1.06851128407,10.7761361049
10.714046,-0.820225880627,0.76920630323,10.1040507478,1.39337546774,1.10387040081,10.8125419561
10.715712,-0.820225880627,0.723825427995,10.1040507478,1.35801635101,0.997793050599,10.7397302538
10.717378,-0.77408109096,0.723825427995,10.1040507478,1.39337546774,1.10387040081,10.8125419561
10.719044,-0.820225880627,0.723825427995,10.0586698725,1.39337546774,1.06851128407,10.7761361049
10.72071,-0.820225880627,0.723825427995,10.1040507478,1.39337546774,1.10387040081,10.7761361049
10.722376,-0.820225880627,0.723825427995,10.1040507478,1.42873458448,1.06851128407,10.8125419561
10.724042,-0.820225880627,0.76920630323,10.1040507478,1.35801635101,1.03315216734,10.7397302538
10.725708,-0.820225880627,0.723825427995,10.1040507478,1.39337546774,1.10387040081,10.8125419561
10.727374,-0.820225880627,0.723825427995,10.0586698725,1.39337546774,1.10387040081,10.8125419561
10.72904,-0.681791511626,0.814587178465,10.1948124982,1.49945281795,1.06851128407,10.8489478072
10.730706,-0.77408109096,0.76920630323,10.149431623,1.39337546774,1.06851128407,10.8489478072
10.732372,-0.681791511626,0.814587178465,10.2401933735,1.35801635101,1.03315216734,10.7397302538
10.734038,-0.820225880627,0.723825427995,10.1040507478,1.35801635101,1.10387040081,10.8125419561
10.735704,-0.820225880627,0.723825427995,10.1040507478,1.39337546774,1.06851128407,10.8125419561
10.73737,-0.820225880627,0.723825427995,10.149431623,1.49945281795,1.10387040081,10.8125419561
10.739036,-0.820225880627,0.723825427995,10.1040507478,1.42873458448,1.06851128407,10.8489478072
10.740702,-0.820225880627,0.723825427995,10.1040507478,1.35801635101,1.03315216734,10.7761361049
10.742368,-0.820225880627,0.723825427995,10.1040507478,1.39337546774,1.06851128407,10.8489478072
10.744034,-0.820225880627,0.723825427995,10.149431623,1.42873458448,1.06851128407,10.8853536583
10.7457,-0.820225880627,0.723825427995,10.1040507478,1.49945281795,1.17458863428,10.9217595095
10.747366,-0.820225880627,0.723825427995,10.1040507478,1.42873458448,1.06851128407,10.8853536583
10.749032,-0.820225880627,0.723825427995,10.1040507478,1.39337546774,1.03315216734,10.8489478072
10.750698,-0.820225880627,0.723825427995,10.149431623,1.39337546774,1.03315216734,10.8489478072
10.752364,-0.820225880627,0.723825427995,10.149431623,1.42873458448,1.06851128407,10.8853536583
10.75403,-0.77408109096,0.76920630323,10.1948124982,1.32265723427,1.10387040081,10.9922958461
10.755696,-0.820225880627,0.678444552759,10.1040507478,1.39337546774,1.10387040081,10.8853536583
10.757362,-0.820225880627,0.723825427995,10.149431623,1.39337546774,1.06851128407,10.8853536583
10.759028,-0.820225880627,0.723825427995,10.149431623,1.39337546774,1.06851128407,10.8489478072
10.760694,-0.820225880627,0.76920630323,10.149431623,1.39337546774,1.06851128407,10.9217595095
10.76236,-0.820225880627,0.723825427995,10.149431623,1.35801635101,0.997793050599,10.8125419561
10.764026,-0.727936301293,0.814587178465,10.1948124982,1.39337546774,1.10387040081,10.8853536583
10.765692,-0.820225880627,0.723825427995,10.149431623,1.42873458448,1.06851128407,10.8853536583
10.767358,-0.820225880627,0.723825427995,10.149431623,1.46409370122,1.10387040081,10.8853536583
10.769024,-0.77408109096,0.76920630323,10.2401933735,1.42873458448,1.06851128407,10.9217595095
10.77069,-0.820225880627,0.723825427995,10.149431623,1.35801635101,1.03315216734,10.8125419561
10.772356,-0.820225880627,0.723825427995,10.149431623,1.35801635101,1.03315216734,10.8853536583
10.774022,-0.77408109096,0.76920630323,10.2401933735,1.39337546774,1.06851128407,10.8853536583
10.775688,-0.866370670294,0.723825427995,10.149431623,1.49945281795,1.17458863428,10.9217595095
10.777354,-0.820225880627,0.723825427995,10.149431623,1.39337546774,1.06851128407,10.9217595095
10.77902,-0.866370670294,0.723825427995,10.149431623,1.35801635101,1.06851128407,10.8489478072
10.780686,-0.866370670294,0.723825427995,10.149431623,1.39337546774,1.06851128407,10.8853536583
10.782352,-0.866370670294,0.723825427995,10.149431623,1.39337546774,1.10387040081,10.8853536583
10.784018,-0.820225880627,0.76920630323,10.149431623,1.35801635101,1.03315216734,10.8489478072
10.785684,-0.866370670294,0.723825427995,10.149431623,1.35801635101,1.06851128407,10.8853536583
10.78735,-0.866370670294,0.723825427995,10.149431623,1.35801635101,1.10387040081,10.8853536583
10.789016,-0.820225880627,0.723825427995,10.149431623,1.46409370122,1.13922951755,10.8853536583
10.790682,-0.866370670294,0.723825427995,10.149431623,1.39337546774,1.10387040081,10.9217595095
10.792348,-0.820225880627,0.723825427995,10.149431623,1.35801635101,1.06851128407,10.8853536583
10.794014,-0.77408109096,0.76920630323,10.2401933735,1.35801635101,1.06851128407,10.8853536583
10.79568,-0.866370670294,0.723825427995,10.149431623,1.35801635101,1.13922951755,10.9217595095
10.797346,-0.866370670294,0.723825427995,10.149431623,1.32265723427,1.03315216734,10.8125419561
10.799012,-0.820225880627,0.76920630323,10.1948124982,1.35801635101,1.10387040081,10.8853536583
10.800678,-0.866370670294,0.723825427995,10.1040507478,1.35801635101,1.10387040081,10.8853536583
10.802344,-0.866370670294,0.723825427995,10.149431623,1.35801635101,1.17458863428,10.8853536583
10.80401,-0.866370670294,0.723825427995,10.149431623,1.35801635101,1.17458863428,10.9217595095
10.805676,-0.866370670294,0.723825427995,10.149431623,1.32265723427,1.06851128407,10.8125419561
10.807342,-0.820225880627,0.814587178465,10.1948124982,1.32265723427,1.06851128407,10.8853536583
10.809008,-0.912515459961,0.723825427995,10.1040507478,1.35801635101,1.13922951755,10.8853536583
10.810674,-0.866370670294,0.76920630323,10.1040507478,1.42873458448,1.20994775102,10.9217595095
10.81234,-0.866370670294,0.76920630323,10.149431623,1.35801635101,1.17458863428,10.8853536583
10.814006,-0.866370670294,0.76920630323,10.149431623,1.32265723427,1.06851128407,10.8853536583
10.815672,-0.866370670294,0.76920630323,10.1948124982,1.28729811753,1.17458863428,10.8853536583
10.817338,-0.912515459961,0.723825427995,10.1040507478,1.35801635101,1.13922951755,10.9217595095
10.819004,-0.912515459961,0.76920630323,10.149431623,1.25193900079,1.10387040081,10.9922958461
10.82067,-0.912515459961,0.76920630323,10.1040507478,1.35801635101,1.17458863428,10.9217595095
10.822336,-0.866370670294,0.76920630323,10.149431623,1.32265723427,1.13922951755,10.8853536583
10.824002,-0.912515459961,0.76920630323,10.1040507478,1.35801635101,1.17458863428,10.8853536583
10.825668,-0.866370670294,0.76920630323,10.149431623,1.32265723427,1.20994775102,10.9217595095
10.827334,-0.912515459961,0.76920630323,10.1040507478,1.28729811753,1.10387040081,10.8489478072
10.829,-0.912515459961,0.76920630323,10.1040507478,1.35801635101,1.17458863428,10.9217595095
10.830666,-0.866370670294,0.814587178465,10.1040507478,1.32265723427,1.20994775102,10.8853536583
10.832332,-0.866370670294,0.814587178465,10.149431623,1.46409370122,1.20994775102,10.9217595095
10.833998,-0.820225880627,0.814587178465,10.1948124982,1.35801635101,1.17458863428,10.9217595095
10.835664,-0.958660249627,0.76920630323,10.0586698725,1.28729811753,1.17458863428,10.8853536583
10.83733,-0.912515459961,0.76920630323,10.1040507478,1.28729811753,1.17458863428,10.8853536583
10.838996,-0.912515459961,0.814587178465,10.1040507478,1.32265723427,1.20994775102,10.9217595095
10.840662,-0.866370670294,0.814587178465,10.1040507478,1.25193900079,1.17458863428,10.9922958461
10.842328,-0.912515459961,0.814587178465,10.0586698725,1.32265723427,1.20994775102,10.9217595095
10.843994,-0.912515459961,0.814587178465,10.1040507478,1.32265723427,1.20994775102,10.8853536583
10.84566,-0.912515459961,0.814587178465,10.1040507478,1.35801635101,1.20994775102,10.8853536583
10.847326,-0.912515459961,0.814587178465,10.1040507478,1.32265723427,1.20994775102,10.9217595095
10.848992,-0.912515459961,0.76920630323,10.0586698725,1.32265723427,1.17458863428,10.8489478072
10.850658,-0.912515459961,0.814587178465,10.0586698725,1.32265723427,1.20994775102,10.8853536583
10.852324,-0.912515459961,0.76920630323,10.1040507478,1.32265723427,1.20994775102,10.9217595095
10.85399,-0.866370670294,0.859968053701,10.149431623,1.35801635101,1.28066598449,10.9922958461
10.855656,-0.866370670294,0.905348928936,10.1948124982,1.35801635101,1.20994775102,10.9217595095
10.857322,-0.820225880627,0.905348928936,10.1948124982,1.28729811753,1.17458863428,10.8853536583
10.858988,-0.820225880627,0.905348928936,10.149431623,1.32265723427,1.17458863428,10.8853536583
10.860654,-0.820225880627,0.905348928936,10.1948124982,1.32265723427,1.20994775102,10.9217595095
10.86232,-0.958660249627,0.76920630323,10.1040507478,1.25193900079,1.10387040081,10.8489478072
10.863986,-0.912515459961,0.76920630323,10.1040507478,1.32265723427,1.20994775102,10.9217595095
10.865652,-0.912515459961,0.76920630323,10.1040507478,1.32265723427,1.20994775102,10.9217595095
10.867318,-0.912515459961,0.76920630323,10.1040507478,1.39337546774,1.28066598449,10.8853536583
10.868984,-0.912515459961,0.814587178465,10.1040507478,1.35801635101,1.20994775102,10.9217595095
10.87065,-0.866370670294,0.814587178465,10.149431623,1.28729811753,1.20994775102,10.8853536583
10.872316,-0.866370670294,0.859968053701,10.149431623,1.32265723427,1.17458863428,10.8853536583
10.873982,-0.912515459961,0.814587178465,10.1040507478,1.32265723427,1.20994775102,10.9217595095
10.875648,-0.912515459961,0.814587178465,10.1040507478,1.28729811753,1.13922951755,10.8125419561
10.877314,-0.866370670294,0.814587178465,10.1040507478,1.35801635101,1.20994775102,10.9217595095
10.87898,-0.866370670294,0.814587178465,10.1040507478,1.35801635101,1.17458863428,10.9217595095
10.880646,-0.912515459961,0.814587178465,10.149431623,1.46409370122,1.24530686776,10.9217595095
10.882312,-0.866370670294,0.814587178465,10.149431623,1.35801635101,1.20994775102,10.8853536583
10.883978,-0.866370670294,0.814587178465,10.149431623,1.32265723427,1.17458863428,10.8853536583
10.885644,-0.866370670294,0.814587178465,10.1040507478,1.32265723427,1.17458863428,10.8853536583
10.88731,-0.866370670294,0.76920630323,10.149431623,1.35801635101,1.20994775102,10.9217595095
10.888976,-0.866370670294,0.814587178465,10.149431623,1.28729811753,1.17458863428,10.9922958461
10.890642,-0.866370670294,0.814587178465,10.149431623,1.35801635101,1.17458863428,10.9217595095
10.892308,-0.866370670294,0.814587178465,10.149431623,1.35801635101,1.17458863428,10.8853536583
10.893974,-0.866370670294,0.814587178465,10.149431623,1.35801635101,1.17458863428,10.8853536583
10.89564,-0.866370670294,0.814587178465,10.1948124982,1.39337546774,1.17458863428,10.9217595095
10.897306,-0.820225880627,0.814587178465,10.2401933735,1.32265723427,1.13922951755,10.8125419561
10.898972,-0.77408109096,0.905348928936,10.2401933735,1.35801635101,1.17458863428,10.8853536583
10.900638,-0.820225880627,0.814587178465,10.149431623,1.39337546774,1.17458863428,10.8853536583
10.902304,-0.866370670294,0.814587178465,10.149431623,1.46409370122,1.24530686776,10.9217595095
10.90397,-0.866370670294,0.76920630323,10.149431623,1.39337546774,1.17458863428,10.9217595095
10.905636,-0.820225880627,0.814587178465,10.149431623,1.35801635101,1.10387040081,10.8489478072
10.907302,-0.77408109096,0.859968053701,10.2401933735,1.35801635101,1.10387040081,10.8853536583
10.908968,-0.820225880627,0.814587178465,10.2401933735,1.42873458448,1.10387040081,10.9217595095
10.910634,-0.866370670294,0.76920630323,10.149431623,1.28729811753,1.06851128407,10.9217595095
10.9123,-0.866370670294,0.723825427995,10.149431623,1.39337546774,1.13922951755,10.8853536583
10.913966,-0.820225880627,0.76920630323,10.1948124982,1.35801635101,1.10387040081,10.8853536583
10.915632,-0.820225880627,0.76920630323,10.1948124982,1.42873458448,1.10387040081,10.8853536583
10.917298,-0.77408109096,0.814587178465,10.2401933735,1.39337546774,1.13922951755,10.8853536583
10.918964,-0.866370670294,0.723825427995,10.149431623,1.35801635101,1.06851128407,10.8489478072
10.92063,-0.820225880627,0.76920630323,10.1948124982,1.39337546774,1.10387040081,10.8853536583
10.922296,-0.727936301293,0.859968053701,10.2855742487,1.39337546774,1.10387040081,10.8853536583
10.923962,-0.820225880627,0.723825427995,10.1948124982,1.46409370122,1.13922951755,10.8853536583
10.925628,-0.820225880627,0.76920630323,10.149431623,1.42873458448,1.06851128407,10.8853536583
10.927294,-0.77408109096,0.814587178465,10.2401933735,1.35801635101,1.06851128407,10.8125419561
10.92896,-0.820225880627,0.723825427995,10.149431623,1.39337546774,1.06851128407,10.8853536583
10.930626,-0.820225880627,0.76920630323,10.1948124982,1.39337546774,1.10387040081,10.8853536583
10.932292,-0.681791511626,0.859968053701,10.2855742487,1.32265723427,1.06851128407,10.9922958461
10.933958,-0.820225880627,0.723825427995,10.149431623,1.39337546774,1.06851128407,10.8853536583
10.935624,-0.820225880627,0.76920630323,10.149431623,1.42873458448,1.06851128407,10.8853536583
10.93729,-0.820225880627,0.723825427995,10.149431623,1.39337546774,1.06851128407,10.8489478072
10.938956,-0.727936301293,0.814587178465,10.2401933735,1.39337546774,1.06851128407,10.8853536583
10.940622,-0.820225880627,0.723825427995,10.149431623,1.35801635101,0.997793050599,10.7761361049
10.942288,-0.820225880627,0.723825427995,10.149431623,1.39337546774,1.06851128407,10.8853536583
10.943954,-0.820225880627,0.723825427995,10.149431623,1.39337546774,1.06851128407,10.8489478072
10.94562,-0.820225880627,0.723825427995,10.149431623,1.49945281795,1.13922951755,10.9217595095
10.947286,-0.820225880627,0.76920630323,10.149431623,1.42873458448,1.06851128407,10.8489478072
10.948952,-0.820225880627,0.678444552759,10.1040507478,1.35801635101,1.03315216734,10.8125419561
10.950618,-0.820225880627,0.678444552759,10.1040507478,1.35801635101,1.03315216734,10.8125419561
10.952284,-0.820225880627,0.678444552759,10.1040507478,1.35801635101,1.06851128407,10.8853536583
10.95395,-0.866370670294,0.678444552759,10.0586698725,1.32265723427,1.10387040081,10.9581653606
10.955616,-0.727936301293,0.76920630323,10.1948124982,1.39337546774,1.03315216734,10.8125419561
10.957282,-0.820225880627,0.723825427995,10.1040507478,1.35801635101,1.03315216734,10.7761361049
10.958948,-0.820225880627,0.723825427995,10.1040507478,1.39337546774,1.03315216734,10.8125419561
10.960614,-0.820225880627,0.678444552759,10.1040507478,1.39337546774,1.06851128407,10.8125419561
10.96228,-0.820225880627,0.678444552759,10.0586698725,1.32265723427,0.997793050599,10.8853536583
10.963946,-0.820225880627,0.678444552759,10.0586698725,1.39337546774,1.06851128407,10.8489478072
10.965612,-0.820225880627,0.678444552759,10.0586698725,1.39337546774,1.03315216734,10.8125419561
10.967278,-0.727936301293,0.76920630323,10.1948124982,1.46409370122,1.06851128407,10.8489478072
10.968944,-0.820225880627,0.678444552759,10.0586698725,1.39337546774,1.03315216734,10.8125419561
10.97061,-0.866370670294,0.678444552759,10.0586698725,1.35801635101,0.997793050599,10.7397302538
10.972276,-0.820225880627,0.723825427995,10.1040507478,1.35801635101,1.03315216734,10.8125419561
10.973942,-0.820225880627,0.678444552759,10.0586698725,1.35801635101,0.997793050599,10.7761361049
10.975608,-0.866370670294,0.678444552759,10.0586698725,1.35801635101,1.03315216734,10.7397302538
10.977274,-0.820225880627,0.678444552759,10.0586698725,1.35801635101,1.03315216734,10.8125419561
10.97894,-0.77408109096,0.723825427995,10.1040507478,1.32265723427,0.962433933862,10.7397302538
10.980606,-0.866370670294,0.633063677524,10.0586698725,1.35801635101,1.03315216734,10.7761361049
10.982272,-0.866370670294,0.678444552759,10.0132889973,1.35801635101,1.03315216734,10.7761361049
10.983938,-0.866370670294,0.678444552759,10.0132889973,1.46409370122,1.13922951755,10.8489478072
10.985604,-0.866370670294,0.633063677524,10.0132889973,1.35801635101,1.03315216734,10.7761361049
10.98727,-0.866370670294,0.678444552759,10.0132889973,1.35801635101,1.03315216734,10.7761361049
10.988936,-0.866370670294,0.678444552759,10.0132889973,1.35801635101,1.03315216734,10.7397302538
10.990602,-0.866370670294,0.633063677524,10.0132889973,1.35801635101,1.03315216734,10.8125419561
10.992268,-0.820225880627,0.678444552759,10.0586698725,1.28729811753,0.997793050599,10.7033244027
10.993934,-0.820225880627,0.678444552759,10.0586698725,1.35801635101,1.06851128407,10.7761361049
10.9956,-0.866370670294,0.633063677524,10.0132889973,1.35801635101,1.06851128407,10.7761361049
10.997266,-0.866370670294,0.633063677524,10.0132889973,1.39337546774,1.06851128407,10.7761361049
10.998932,-0.866370670294,0.678444552759,10.0132889973,1.35801635101,1.06851128407,10.7761361049
11.000598,-0.866370670294,0.678444552759,10.0132889973,1.32265723427,1.03315216734,10.7397302538
11.002264,-0.866370670294,0.723825427995,10.0132889973,1.32265723427,1.06851128407,10.7761361049
11.00393,-0.866370670294,0.678444552759,10.0132889973,1.35801635101,1.06851128407,10.7761361049
11.005596,-0.866370670294,0.678444552759,10.0132889973,1.28729811753,1.17458863428,10.8489478072
11.007262,-0.866370670294,0.678444552759,10.0132889973,1.35801635101,1.06851128407,10.7761361049
11.008928,-0.866370670294,0.678444552759,10.0132889973,1.32265723427,1.03315216734,10.7397302538
11.010594,-0.820225880627,0.723825427995,10.0586698725,1.28729811753,1.03315216734,10.7397302538
11.01226,-0.912515459961,0.633063677524,10.0132889973,1.35801635101,1.06851128407,10.7761361049
11.013926,-0.866370670294,0.678444552759,10.0132889973,1.25193900079,0.997793050599,10.8125419561
11.015592,-0.866370670294,0.678444552759,10.0132889973,1.32265723427,1.06851128407,10.7761361049
11.017258,-0.866370670294,0.678444552759,10.0132889973,1.32265723427,1.06851128407,10.7397302538
11.018924,-0.866370670294,0.678444552759,10.0132889973,1.35801635101,1.06851128407,10.7761361049
11.02059,-0.866370670294,0.678444552759,10.0132889973,1.35801635101,1.10387040081,10.7761361049
11.022256,-0.866370670294,0.723825427995,10.0586698725,1.28729811753,1.03315216734,10.7033244027
11.023922,-0.820225880627,0.723825427995,10.0586698725,1.32265723427,1.10387040081,10.7397302538
11.025588,-0.912515459961,0.723825427995,10.0132889973,1.35801635101,1.06851128407,10.8125419561
11.027254,-0.912515459961,0.678444552759,10.0132889973,1.21657988406,1.17458863428,10.9217595095
11.02892,-0.820225880627,0.723825427995,10.0586698725,1.32265723427,1.06851128407,10.8125419561
11.030586,-0.866370670294,0.678444552759,10.0586698725,1.32265723427,1.10387040081,10.7761361049
11.032252,-0.912515459961,0.678444552759,10.0132889973,1.35801635101,1.06851128407,10.7761361049
11.033918,-0.912515459961,0.678444552759,10.0132889973,1.35801635101,1.10387040081,10.8489478072
11.035584,-0.866370670294,0.723825427995,10.1040507478,1.28729811753,1.06851128407,10.7761361049
11.03725,-0.866370670294,0.678444552759,10.0586698725,1.28729811753,1.06851128407,10.7761361049
11.038916,-0.912515459961,0.678444552759,10.0586698725,1.32265723427,1.10387040081,10.8489478072
11.040582,-0.912515459961,0.678444552759,10.0132889973,1.32265723427,1.17458863428,10.9581653606
11.042248,-0.912515459961,0.678444552759,10.0586698725,1.32265723427,1.10387040081,10.8489478072
11.043914,-0.912515459961,0.678444552759,10.0586698725,1.32265723427,1.06851128407,10.8489478072
11.04558,-0.912515459961,0.678444552759,10.0132889973,1.32265723427,1.06851128407,10.8489478072
11.047246,-0.866370670294,0.723825427995,10.0586698725,1.35801635101,1.10387040081,10.8853536583
11.048912,-0.912515459961,0.723825427995,10.1040507478,1.25193900079,1.10387040081,10.9922958461
11.050578,-0.866370670294,0.723825427995,10.1040507478,1.32265723427,1.13922951755,10.8853536583
11.052244,-0.866370670294,0.723825427995,10.1040507478,1.32265723427,1.13922951755,10.8853536583
11.05391,-0.912515459961,0.723825427995,10.0586698725,1.35801635101,1.10387040081,10.8853536583
11.055576,-0.866370670294,0.723825427995,10.1040507478,1.35801635101,1.17458863428,10.9217595095
11.057242,-0.866370670294,0.76920630323,10.1040507478,1.32265723427,1.06851128407,10.8125419561
11.058908,-0.866370670294,0.76920630323,10.1040507478,1.32265723427,1.10387040081,10.9217595095
11.060574,-0.912515459961,0.723825427995,10.1040507478,1.35801635101,1.17458863428,10.8853536583
11.06224,-0.912515459961,0.723825427995,10.1040507478,1.39337546774,1.13922951755,10.8853536583
11.063906,-0.912515459961,0.76920630323,10.1040507478,1.35801635101,1.13922951755,10.9217595095
11.065572,-0.912515459961,0.76920630323,10.1040507478,1.28729811753,1.06851128407,10.8853536583
11.067238,-0.866370670294,0.76920630323,10.1948124982,1.32265723427,1.13922951755,10.9217595095
11.068904,-0.866370670294,0.76920630323,10.149431623,1.35801635101,1.10387040081,10.9217595095
11.07057,-0.912515459961,0.723825427995,10.149431623,1.42873458448,1.20994775102,10.9217595095
11.072236,-0.866370670294,0.76920630323,10.149431623,1.35801635101,1.13922951755,10.9922958461
11.073902,-0.912515459961,0.76920630323,10.149431623,1.32265723427,1.13922951755,10.8853536583
11.075568,-0.866370670294,0.76920630323,10.1948124982,1.35801635101,1.13922951755,10.9581653606
11.077234,-0.866370670294,0.723825427995,10.149431623,1.35801635101,1.17458863428,10.9922958461
11.0789,-0.866370670294,0.76920630323,10.1948124982,1.28729811753,1.13922951755,11.0651075483
11.080566,-0.912515459961,0.76920630323,10.149431623,1.35801635101,1.20994775102,10.9922958461
11.082232,-0.820225880627,0.905348928936,10.2855742487,1.35801635101,1.17458863428,10.9581653606
11.083898,-0.77408109096,0.905348928936,10.2855742487,1.35801635101,1.17458863428,10.9217595095
11.085564,-0.866370670294,0.814587178465,10.1948124982,1.39337546774,1.20994775102,10.9922958461
11.08723,-0.866370670294,0.814587178465,10.2401933735,1.32265723427,1.13922951755,10.8853536583
11.088896,-0.866370670294,0.76920630323,10.2401933735,1.39337546774,1.10387040081,10.9922958461
11.090562,-0.866370670294,0.76920630323,10.1948124982,1.35801635101,1.10387040081,10.9922958461
11.092228,-0.820225880627,0.859968053701,10.2401933735,1.46409370122,1.13922951755,10.9922958461
11.093894,-0.866370670294,0.814587178465,10.2401933735,1.39337546774,1.13922951755,10.9922958461
11.09556,-0.820225880627,0.814587178465,10.2401933735,1.35801635101,1.06851128407,10.9217595095
11.097226,-0.820225880627,0.814587178465,10.2401933735,1.35801635101,1.10387040081,10.9581653606
11.098892,-0.820225880627,0.859968053701,10.2401933735,1.39337546774,1.13922951755,10.9922958461
11.100558,-0.820225880627,0.859968053701,10.2401933735,1.32265723427,1.17458863428,11.0651075483
11.102224,-0.727936301293,0.905348928936,10.3309551239,1.42873458448,1.10387040081,10.9581653606
11.10389,-0.77408109096,0.859968053701,10.2855742487,1.39337546774,1.10387040081,10.9581653606
11.105556,-0.77408109096,0.814587178465,10.2401933735,1.39337546774,1.10387040081,10.9581653606
11.107222,-0.820225880627,0.814587178465,10.2401933735,1.46409370122,1.20994775102,10.9922958461
11.108888,-0.727936301293,0.905348928936,10.3309551239,1.35801635101,1.06851128407,10.8853536583
11.110554,-0.820225880627,0.814587178465,10.2401933735,1.46409370122,1.13922951755,10.9922958461
11.11222,-0.820225880627,0.814587178465,10.2401933735,1.42873458448,1.10387040081,10.9217595095
11.113886,-0.820225880627,0.814587178465,10.2855742487,1.42873458448,1.10387040081,10.9217595095
11.115552,-0.820225880627,0.814587178465,10.2401933735,1.42873458448,1.13922951755,10.9581653606
11.117218,-0.820225880627,0.814587178465,10.2401933735,1.39337546774,1.10387040081,10.8853536583
11.118884,-0.820225880627,0.814587178465,10.2401933735,1.42873458448,1.20994775102,10.9217595095
11.12055,-0.820225880627,0.814587178465,10.2401933735,1.46409370122,1.17458863428,10.9581653606
11.122216,-0.820225880627,0.814587178465,10.2401933735,1.53481193469,1.31602510123,11.0287016972
11.123882,-0.820225880627,0.814587178465,10.2401933735,1.46409370122,1.20994775102,10.9217595095
11.125548,-0.820225880627,0.814587178465,10.2401933735,1.42873458448,1.17458863428,10.9217595095
11.127214,-0.820225880627,0.814587178465,10.1948124982,1.46409370122,1.17458863428,10.9217595095
11.12888,-0.820225880627,0.814587178465,10.2401933735,1.46409370122,1.20994775102,10.9217595095
11.130546,-0.820225880627,0.814587178465,10.1948124982,1.35801635101,1.10387040081,10.9922958461
11.132212,-0.681791511626,0.950729804172,10.3309551239,1.42873458448,1.20994775102,10.9217595095
11.133878,-0.820225880627,0.814587178465,10.1948124982,1.46409370122,1.17458863428,10.9217595095
11.135544,-0.77408109096,0.814587178465,10.1948124982,1.49945281795,1.20994775102,10.9217595095
11.13721,-0.77408109096,0.814587178465,10.2401933735,1.46409370122,1.20994775102,10.9217595095
11.138876,-0.820225880627,0.814587178465,10.1948124982,1.42873458448,1.13922951755,10.8853536583
11.140542,-0.77408109096,0.814587178465,10.1948124982,1.39337546774,1.17458863428,10.8853536583
11.142208,-0.820225880627,0.814587178465,10.1948124982,1.46409370122,1.20994775102,10.9581653606
11.143874,-0.77408109096,0.814587178465,10.1948124982,1.35801635101,1.24530686776,10.9922958461
11.14554,-0.77408109096,0.814587178465,10.1948124982,1.46409370122,1.20994775102,10.8853536583
11.147206,-0.77408109096,0.905348928936,10.1948124982,1.42873458448,1.17458863428,10.8489478072
11.148872,-0.727936301293,0.905348928936,10.2855742487,1.42873458448,1.13922951755,10.8853536583
11.150538,-0.820225880627,0.814587178465,10.149431623,1.46409370122,1.17458863428,10.8853536583
11.152204,-0.820225880627,0.814587178465,10.149431623,1.35801635101,1.10387040081,10.9217595095
11.15387,-0.77408109096,0.814587178465,10.149431623,1.42873458448,1.17458863428,10.8489478072
11.155536,-0.820225880627,0.76920630323,10.149431623,1.42873458448,1.17458863428,10.8489478072
11.157202,-0.727936301293,0.905348928936,10.1948124982,1.49945281795,1.17458863428,10.8489478072
11.158868,-0.820225880627,0.814587178465,10.1040507478,1.42873458448,1.17458863428,10.8853536583
11.160534,-0.820225880627,0.76920630323,10.1040507478,1.35801635101,1.06851128407,10.8125419561
11.1622,-0.820225880627,0.859968053701,10.1040507478,1.39337546774,1.13922951755,10.8853536583
11.163866,-0.820225880627,0.814587178465,10.149431623,1.39337546774,1.17458863428,10.8125419561
11.165532,-0.820225880627,0.814587178465,10.149431623,1.39337546774,1.13922951755,10.8489478072
11.167198,-0.77408109096,0.859968053701,10.149431623,1.42873458448,1.17458863428,10.8853536583
11.168864,-0.820225880627,0.76920630323,10.1040507478,1.35801635101,1.06851128407,10.7397302538
11.17053,-0.820225880627,0.76920630323,10.1040507478,1.39337546774,1.10387040081,10.8489478072
11.172196,-0.820225880627,0.76920630323,10.1040507478,1.42873458448,1.10387040081,10.8125419561
11.173862,-0.727936301293,0.905348928936,10.1948124982,1.39337546774,1.10387040081,10.8125419561
11.175528,-0.820225880627,0.76920630323,10.0586698725,1.42873458448,1.13922951755,10.8489478072
11.177194,-0.820225880627,0.76920630323,10.1040507478,1.35801635101,1.06851128407,10.7397302538
11.17886,-0.866370670294,0.76920630323,10.0586698725,1.35801635101,1.13922951755,10.8125419561
11.180526,-0.77408109096,0.814587178465,10.149431623,1.39337546774,1.10387040081,10.8489478072
11.182192,-0.866370670294,0.723825427995,10.0586698725,1.49945281795,1.17458863428,10.8489478072
11.183858,-0.820225880627,0.76920630323,10.0586698725,1.39337546774,1.10387040081,10.8489478072
11.185524,-0.820225880627,0.723825427995,10.0586698725,1.35801635101,1.06851128407,10.7761361049
11.18719,-0.820225880627,0.76920630323,10.0586698725,1.35801635101,1.10387040081,10.7761361049
11.188856,-0.820225880627,0.723825427995,10.0586698725,1.39337546774,1.10387040081,10.8489478072
11.190522,-0.77408109096,0.76920630323,10.1040507478,1.28729811753,1.17458863428,10.9217595095
11.192188,-0.820225880627,0.723825427995,10.0586698725,1.35801635101,1.10387040081,10.8125419561
11.193854,-0.866370670294,0.678444552759,10.0586698725,1.35801635101,1.06851128407,10.7761361049
11.19552,-0.866370670294,0.678444552759,10.0586698725,1.35801635101,1.06851128407,10.7761361049
11.197186,-0.820225880627,0.678444552759,10.0586698725,1.35801635101,1.06851128407,10.8489478072
11.198852,-0.77408109096,0.723825427995,10.1040507478,1.28729811753,1.13922951755,10.9217595095
11.200518,-0.866370670294,0.678444552759,10.0586698725,1.35801635101,1.06851128407,10.8125419561
11.202184,-0.866370670294,0.678444552759,10.0586698725,1.35801635101,1.06851128407,10.8125419561
11.20385,-0.820225880627,0.723825427995,10.0586698725,1.35801635101,1.06851128407,10.8125419561
11.205516,-0.866370670294,0.678444552759,10.0586698725,1.35801635101,1.06851128407,10.8489478072
11.207182,-0.866370670294,0.678444552759,10.0586698725,1.32265723427,0.997793050599,10.7761361049
11.208848,-0.866370670294,0.678444552759,10.0586698725,1.35801635101,1.06851128407,10.8125419561
11.210514,-0.866370670294,0.633063677524,10.0586698725,1.35801635101,1.06851128407,10.8125419561
11.21218,-0.866370670294,0.633063677524,10.0586698725,1.46409370122,1.13922951755,10.8489478072
11.213846,-0.866370670294,0.678444552759,10.0586698725,1.35801635101,1.06851128407,10.8489478072
11.215512,-0.820225880627,0.678444552759,10.1040507478,1.35801635101,1.03315216734,10.7761361049
11.217178,-0.820225880627,0.678444552759,10.1040507478,1.32265723427,1.03315216734,10.8125419561
11.218844,-0.727936301293,0.76920630323,10.1948124982,1.35801635101,1.06851128407,10.8489478072
11.22051,-0.866370670294,0.633063677524,10.0586698725,1.28729811753,1.06851128407,10.9217595095
11.222176,-0.866370670294,0.587682802288,10.0586698725,1.35801635101,1.03315216734,10.8125419561
11.223842,-0.912515459961,0.633063677524,10.0132889973,1.32265723427,1.03315216734,10.7761361049
11.225508,-0.866370670294,0.633063677524,10.0586698725,1.32265723427,1.06851128407,10.8125419561
11.227174,-0.866370670294,0.678444552759,10.0586698725,1.35801635101,1.06851128407,10.8125419561
11.22884,-0.866370670294,0.633063677524,10.0586698725,1.35801635101,1.13922951755,10.9217595095
11.230506,-0.866370670294,0.587682802288,10.0586698725,1.35801635101,1.06851128407,10.8489478072
11.232172,-0.912515459961,0.633063677524,10.0586698725,1.32265723427,1.03315216734,10.7761361049
11.233838,-0.866370670294,0.633063677524,10.0586698725,1.35801635101,1.03315216734,10.8125419561
11.235504,-0.866370670294,0.633063677524,10.0586698725,1.35801635101,1.03315216734,10.8853536583
11.23717,-0.866370670294,0.587682802288,10.0586698725,1.28729811753,0.927074817126,10.7397302538
11.238836,-0.866370670294,0.633063677524,10.0586698725,1.35801635101,1.06851128407,10.8489478072
11.240502,-0.866370670294,0.678444552759,10.0586698725,1.35801635101,1.06851128407,10.8125419561
11.242168,-0.866370670294,0.678444552759,10.0586698725,1.42873458448,1.13922951755,10.8853536583
11.243834,-0.866370670294,0.678444552759,10.1040507478,1.35801635101,1.06851128407,10.8489478072
11.2455,-0.912515459961,0.633063677524,10.0586698725,1.32265723427,1.03315216734,10.8125419561
11.247166,-0.866370670294,0.678444552759,10.0586698725,1.32265723427,1.03315216734,10.8125419561
11.248832,-0.866370670294,0.633063677524,10.0586698725,1.35801635101,0.997793050599,10.8853536583
11.250498,-0.866370670294,0.633063677524,10.0586698725,1.25193900079,1.06851128407,10.9217595095
11.252164,-0.866370670294,0.633063677524,10.0586698725,1.32265723427,1.03315216734,10.8853536583
11.25383,-0.912515459961,0.633063677524,10.0586698725,1.28729811753,1.03315216734,10.8125419561
11.255496,-0.866370670294,0.633063677524,10.0586698725,1.32265723427,1.03315216734,10.8125419561
11.257162,-0.866370670294,0.633063677524,10.0586698725,1.35801635101,1.06851128407,10.8489478072
11.258828,-0.77408109096,0.76920630323,10.149431623,1.25193900079,1.06851128407,10.9581653606
11.260494,-0.912515459961,0.633063677524,10.0586698725,1.35801635101,1.06851128407,10.8489478072
11.26216,-0.912515459961,0.633063677524,10.0586698725,1.32265723427,1.03315216734,10.8489478072
11.263826,-0.866370670294,0.678444552759,10.1040507478,1.32265723427,1.03315216734,10.8125419561
11.265492,-0.866370670294,0.633063677524,10.0586698725,1.35801635101,1.06851128407,10.8853536583
11.267158,-0.912515459961,0.633063677524,10.0586698725,1.28729811753,0.962433933862,10.7761361049
11.268824,-0.866370670294,0.678444552759,10.0586698725,1.35801635101,1.06851128407,10.8853536583
11.27049,-0.77408109096,0.76920630323,10.1948124982,1.35801635101,1.03315216734,10.8489478072
11.272156,-0.912515459961,0.633063677524,10.0586698725,1.35801635101,1.03315216734,10.8125419561
11.273822,-0.912515459961,0.633063677524,10.0586698725,1.35801635101,1.03315216734,10.8489478072
11.275488,-0.912515459961,0.633063677524,10.0586698725,1.28729811753,0.997793050599,10.7761361049
11.277154,-0.866370670294,0.678444552759,10.0586698725,1.35801635101,1.06851128407,10.8853536583
11.27882,-0.912515459961,0.678444552759,10.0586698725,1.32265723427,1.06851128407,10.8489478072
11.280486,-0.77408109096,0.76920630323,10.149431623,1.39337546774,1.06851128407,10.8489478072
11.282152,-0.866370670294,0.723825427995,10.1040507478,1.35801635101,1.06851128407,10.8853536583
11.283818,-0.866370670294,0.678444552759,10.0586698725,1.32265723427,0.997793050599,10.7761361049
11.285484,-0.866370670294,0.723825427995,10.0586698725,1.35801635101,1.06851128407,10.8489478072
11.28715,-0.77408109096,0.76920630323,10.149431623,1.35801635101,1.06851128407,10.8853536583
11.288816,-0.866370670294,0.678444552759,10.0586698725,1.42873458448,1.06851128407,10.8125419561
11.290482,-0.866370670294,0.723825427995,10.1040507478,1.35801635101,1.06851128407,10.8853536583
11.292148,-0.820225880627,0.723825427995,10.1040507478,1.35801635101,1.03315216734,10.8125419561
11.293814,-0.866370670294,0.76920630323,10.1040507478,1.35801635101,1.06851128407,10.8853536583
11.29548,-0.820225880627,0.723825427995,10.1040507478,1.39337546774,1.10387040081,10.8489478072
11.297146,-0.820225880627,0.723825427995,10.1040507478,1.32265723427,1.20994775102,10.9922958461
11.298812,-0.727936301293,0.814587178465,10.1948124982,1.39337546774,1.10387040081,10.8489478072
11.300478,-0.866370670294,0.723825427995,10.1040507478,1.39337546774,1.10387040081,10.8125419561
11.302144,-0.866370670294,0.723825427995,10.1040507478,1.35801635101,1.06851128407,10.8125419561
11.30381,-0.820225880627,0.76920630323,10.1040507478,1.39337546774,1.10387040081,10.8853536583
11.305476,-0.820225880627,0.76920630323,10.1040507478,1.35801635101,1.06851128407,10.7761361049
11.307142,-0.820225880627,0.76920630323,10.1040507478,1.35801635101,1.10387040081,10.8853536583
11.308808,-0.820225880627,0.76920630323,10.1040507478,1.39337546774,1.10387040081,10.8489478072
11.310474,-0.820225880627,0.723825427995,10.1040507478,1.49945281795,1.20994775102,10.8853536583
11.31214,-0.820225880627,0.723825427995,10.1040507478,1.42873458448,1.10387040081,10.8489478072
11.313806,-0.820225880627,0.76920630323,10.1040507478,1.35801635101,1.10387040081,10.8125419561
11.315472,-0.77408109096,0.814587178465,10.149431623,1.39337546774,1.10387040081,10.8489478072
11.317138,-0.77408109096,0.814587178465,10.1948124982,1.39337546774,1.10387040081,10.8125419561
11.318804,-0.820225880627,0.76920630323,10.1040507478,1.32265723427,1.10387040081,10.9217595095
11.32047,-0.820225880627,0.814587178465,10.1040507478,1.39337546774,1.17458863428,10.8125419561
11.322136,-0.820225880627,0.814587178465,10.1040507478,1.39337546774,1.10387040081,10.8125419561
11.323802,-0.820225880627,0.814587178465,10.149431623,1.39337546774,1.10387040081,10.8125419561
11.325468,-0.77408109096,0.814587178465,10.149431623,1.42873458448,1.17458863428,10.8853536583
11.327134,-0.820225880627,0.814587178465,10.149431623,1.35801635101,1.13922951755,10.7397302538
11.3288,-0.820225880627,0.814587178465,10.149431623,1.42873458448,1.13922951755,10.8853536583
11.330466,-0.820225880627,0.76920630323,10.149431623,1.39337546774,1.17458863428,10.8489478072
11.332132,-0.681791511626,0.905348928936,10.2401933735,1.53481193469,1.20994775102,10.8853536583
11.333798,-0.820225880627,0.814587178465,10.149431623,1.42873458448,1.17458863428,10.8489478072
11.335464,-0.820225880627,0.814587178465,10.149431623,1.39337546774,1.10387040081,10.8125419561
11.33713,-0.77408109096,0.814587178465,10.149431623,1.39337546774,1.13922951755,10.8489478072
11.338796,-0.77408109096,0.76920630323,10.149431623,1.42873458448,1.17458863428,10.8853536583
11.340462,-0.820225880627,0.814587178465,10.149431623,1.46409370122,1.24530686776,10.9217595095
11.342128,-0.820225880627,0.76920630323,10.149431623,1.46409370122,1.17458863428,10.8853536583
11.343794,-0.820225880627,0.814587178465,10.149431623,1.39337546774,1.13922951755,10.8125419561
11.34546,-0.727936301293,0.905348928936,10.2401933735,1.39337546774,1.13922951755,10.8489478072
11.347126,-0.820225880627,0.814587178465,10.149431623,1.42873458448,1.17458863428,10.8853536583
11.348792,-0.820225880627,0.814587178465,10.149431623,1.35801635101,1.06851128407,10.7761361049
11.350458,-0.727936301293,0.905348928936,10.2401933735,1.42873458448,1.17458863428,10.8853536583
11.352124,-0.820225880627,0.814587178465,10.149431623,1.39337546774,1.17458863428,10.8853536583
11.35379,-0.820225880627,0.814587178465,10.149431623,1.39337546774,1.13922951755,10.8125419561
11.355456,-0.77408109096,0.814587178465,10.1948124982,1.42873458448,1.17458863428,10.8853536583
11.357122,-0.820225880627,0.76920630323,10.149431623,1.35801635101,1.10387040081,10.8125419561
11.358788,-0.820225880627,0.814587178465,10.149431623,1.39337546774,1.10387040081,10.8853536583
11.360454,-0.820225880627,0.76920630323,10.149431623,1.42873458448,1.10387040081,10.8853536583
11.36212,-0.820225880627,0.76920630323,10.149431623,1.49945281795,1.20994775102,10.9217595095
11.363786,-0.820225880627,0.76920630323,10.1948124982,1.42873458448,1.17458863428,10.9217595095
11.365452,-0.77408109096,0.859968053701,10.2401933735,1.39337546774,1.13922951755,10.8853536583
11.367118,-0.866370670294,0.76920630323,10.149431623,1.39337546774,1.13922951755,10.8853536583
11.368784,-0.820225880627,0.814587178465,10.1948124982,1.46409370122,1.17458863428,10.9581653606
11.37045,-0.866370670294,0.76920630323,10.1948124982,1.35801635101,1.10387040081,10.8489478072
11.372116,-0.820225880627,0.76920630323,10.149431623,1.39337546774,1.10387040081,10.9217595095
11.373782,-0.820225880627,0.76920630323,10.149431623,1.42873458448,1.13922951755,10.9217595095
11.375448,-0.820225880627,0.814587178465,10.1948124982,1.46409370122,1.28066598449,10.9922958461
11.377114,-0.866370670294,0.76920630323,10.149431623,1.35801635101,1.13922951755,10.9217595095
11.37878,-0.820225880627,0.76920630323,10.1948124982,1.35801635101,1.10387040081,10.8853536583
11.380446,-0.866370670294,0.76920630323,10.1948124982,1.39337546774,1.13922951755,10.8853536583
11.382112,-0.866370670294,0.76920630323,10.149431623,1.39337546774,1.17458863428,10.9217595095
11.383778,-0.866370670294,0.76920630323,10.149431623,1.39337546774,1.24530686776,11.0651075483
11.385444,-0.866370670294,0.76920630323,10.149431623,1.39337546774,1.13922951755,10.9217595095
11.38711,-0.727936301293,0.905348928936,10.2855742487,1.39337546774,1.10387040081,10.9217595095
11.388776,-0.866370670294,0.76920630323,10.149431623,1.35801635101,1.10387040081,10.8853536583
11.390442,-0.866370670294,0.76920630323,10.149431623,1.39337546774,1.17458863428,10.9922958461
11.392108,-0.866370670294,0.76920630323,10.1948124982,1.32265723427,1.06851128407,10.8853536583
11.393774,-0.820225880627,0.76920630323,10.1948124982,1.39337546774,1.10387040081,10.9581653606
11.39544,-0.866370670294,0.76920630323,10.1948124982,1.35801635101,1.10387040081,10.9217595095
11.397106,-0.866370670294,0.76920630323,10.149431623,1.42873458448,1.17458863428,10.9581653606
11.398772,-0.866370670294,0.76920630323,10.149431623,1.35801635101,1.13922951755,10.9217595095
11.400438,-0.866370670294,0.76920630323,10.1948124982,1.32265723427,1.06851128407,10.8853536583
11.402104,-0.866370670294,0.76920630323,10.149431623,1.35801635101,1.13922951755,10.9217595095
11.40377,-0.866370670294,0.76920630323,10.149431623,1.35801635101,1.13922951755,10.9581653606
11.405436,-0.866370670294,0.76920630323,10.1948124982,1.46409370122,1.28066598449,10.9922958461
11.407102,-0.866370670294,0.76920630323,10.1948124982,1.39337546774,1.17458863428,10.9581653606
11.408768,-0.77408109096,0.859968053701,10.2401933735,1.32265723427,1.10387040081,10.9217595095
11.410434,-0.77408109096,0.814587178465,10.2401933735,1.35801635101,1.10387040081,10.8853536583
11.4121,-0.866370670294,0.76920630323,10.149431623,1.35801635101,1.17458863428,10.9581653606
11.413766,-0.866370670294,0.723825427995,10.149431623,1.28729811753,1.06851128407,10.8853536583
11.415432,-0.866370670294,0.723825427995,10.149431623,1.35801635101,1.10387040081,10.9581653606
11.417098,-0.866370670294,0.723825427995,10.149431623,1.35801635101,1.13922951755,10.9217595095
11.418764,-0.912515459961,0.723825427995,10.149431623,1.39337546774,1.13922951755,10.8853536583
11.42043,-0.866370670294,0.723825427995,10.149431623,1.35801635101,1.10387040081,10.9217595095
11.422096,-0.866370670294,0.723825427995,10.149431623,1.32265723427,1.06851128407,10.8489478072
11.423762,-0.866370670294,0.723825427995,10.149431623,1.32265723427,1.10387040081,10.8853536583
11.425428,-0.912515459961,0.723825427995,10.149431623,1.39337546774,1.10387040081,10.9217595095
11.427094,-0.912515459961,0.723825427995,10.1040507478,1.28729811753,1.13922951755,11.0287016972
11.42876,-0.912515459961,0.723825427995,10.149431623,1.35801635101,1.10387040081,10.9217595095
11.430426,-0.866370670294,0.723825427995,10.149431623,1.32265723427,1.13922951755,10.8853536583
11.432092,-0.820225880627,0.814587178465,10.149431623,1.35801635101,1.10387040081,10.8853536583
11.433758,-0.912515459961,0.723825427995,10.1040507478,1.35801635101,1.10387040081,10.9217595095
11.435424,-0.866370670294,0.723825427995,10.149431623,1.28729811753,1.06851128407,10.8125419561
11.43709,-0.912515459961,0.678444552759,10.149431623,1.32265723427,1.13922951755,10.9217595095
11.438756,-0.912515459961,0.678444552759,10.1040507478,1.32265723427,1.10387040081,10.8853536583
11.440422,-0.912515459961,0.723825427995,10.1040507478,1.42873458448,1.20994775102,10.8853536583
11.442088,-0.912515459961,0.723825427995,10.1040507478,1.32265723427,1.10387040081,10.8853536583
11.443754,-0.912515459961,0.723825427995,10.1040507478,1.28729811753,1.10387040081,10.8125419561
11.44542,-0.866370670294,0.723825427995,10.1040507478,1.32265723427,1.10387040081,10.8853536583
11.447086,-0.912515459961,0.723825427995,10.1040507478,1.35801635101,1.13922951755,10.8853536583
11.448752,-0.912515459961,0.723825427995,10.1040507478,1.28729811753,1.06851128407,10.8489478072
11.450418,-0.912515459961,0.723825427995,10.1040507478,1.32265723427,1.10387040081,10.8489478072
11.452084,-0.912515459961,0.723825427995,10.1040507478,1.35801635101,1.10387040081,10.8853536583
11.45375,-0.866370670294,0.723825427995,10.1040507478,1.42873458448,1.20994775102,10.8853536583
11.455416,-0.866370670294,0.723825427995,10.0586698725,1.32265723427,1.13922951755,10.8853536583
11.457082,-0.912515459961,0.723825427995,10.1040507478,1.28729811753,1.06851128407,10.8125419561
11.458748,-0.866370670294,0.723825427995,10.1040507478,1.32265723427,1.06851128407,10.8489478072
11.460414,-0.912515459961,0.723825427995,10.0586698725,1.32265723427,1.13922951755,10.8853536583
11.46208,-0.866370670294,0.814587178465,10.1040507478,1.28729811753,1.06851128407,10.7761361049
11.463746,-0.912515459961,0.723825427995,10.0586698725,1.35801635101,1.17458863428,10.8489478072
11.465412,-0.866370670294,0.723825427995,10.0586698725,1.32265723427,1.06851128407,10.8489478072
11.467078,-0.866370670294,0.723825427995,10.0586698725,1.39337546774,1.20994775102,10.8853536583
11.468744,-0.820225880627,0.814587178465,10.149431623,1.35801635101,1.17458863428,10.8853536583
11.47041,-0.912515459961,0.723825427995,10.0586698725,1.32265723427,1.06851128407,10.8125419561
11.472076,-0.820225880627,0.814587178465,10.149431623,1.32265723427,1.06851128407,10.8489478072
11.473742,-0.866370670294,0.723825427995,10.0586698725,1.35801635101,1.13922951755,10.8489478072
11.475408,-0.912515459961,0.723825427995,10.0586698725,1.25193900079,1.03315216734,10.8853536583
11.477074,-0.866370670294,0.723825427995,10.0586698725,1.35801635101,1.10387040081,10.8489478072
11.47874,-0.866370670294,0.723825427995,10.0586698725,1.32265723427,1.10387040081,10.8125419561
11.480406,-0.866370670294,0.76920630323,10.0586698725,1.35801635101,1.13922951755,10.8125419561
11.482072,-0.866370670294,0.76920630323,10.0586698725,1.35801635101,1.17458863428,10.8489478072
11.483738,-0.866370670294,0.723825427995,10.0586698725,1.28729811753,1.06851128407,10.7761361049
11.485404,-0.866370670294,0.76920630323,10.0586698725,1.35801635101,1.13922951755,10.8489478072
11.48707,-0.866370670294,0.76920630323,10.0586698725,1.35801635101,1.13922951755,10.8489478072
11.488736,-0.866370670294,0.76920630323,10.0586698725,1.46409370122,1.20994775102,10.8853536583
11.490402,-0.866370670294,0.723825427995,10.0586698725,1.35801635101,1.10387040081,10.8853536583
11.492068,-0.866370670294,0.723825427995,10.0586698725,1.32265723427,1.06851128407,10.7761361049
11.493734,-0.912515459961,0.723825427995,10.0586698725,1.32265723427,1.10387040081,10.8125419561
11.4954,-0.866370670294,0.76920630323,10.0586698725,1.35801635101,1.13922951755,10.8489478072
11.497066,-0.866370670294,0.723825427995,10.0586698725,1.32265723427,1.06851128407,10.7761361049
11.498732,-0.912515459961,0.678444552759,10.0586698725,1.35801635101,1.10387040081,10.8125419561
11.500398,-0.866370670294,0.723825427995,10.0586698725,1.35801635101,1.10387040081,10.8489478072
11.502064,-0.820225880627,0.76920630323,10.149431623,1.46409370122,1.20994775102,10.8853536583
11.50373,-0.866370670294,0.723825427995,10.0586698725,1.35801635101,1.10387040081,10.8489478072
11.505396,-0.866370670294,0.723825427995,10.0586698725,1.35801635101,1.06851128407,10.7761361049
11.507062,-0.820225880627,0.76920630323,10.1040507478,1.35801635101,1.10387040081,10.8125419561
11.508728,-0.820225880627,0.723825427995,10.1040507478,1.35801635101,1.10387040081,10.8489478072
11.510394,-0.820225880627,0.76920630323,10.1040507478,1.32265723427,1.20994775102,10.9581653606
11.51206,-0.77408109096,0.814587178465,10.149431623,1.35801635101,1.10387040081,10.8489478072
11.513726,-0.727936301293,0.814587178465,10.1948124982,1.35801635101,1.10387040081,10.8489478072
11.515392,-0.866370670294,0.723825427995,10.1040507478,1.35801635101,1.10387040081,10.8125419561
11.517058,-0.866370670294,0.723825427995,10.1040507478,1.39337546774,1.10387040081,10.8489478072
11.518724,-0.820225880627,0.723825427995,10.1040507478,1.35801635101,1.03315216734,10.7761361049
11.52039,-0.820225880627,0.723825427995,10.1040507478,1.35801635101,1.06851128407,10.8853536583
11.522056,-0.820225880627,0.723825427995,10.1040507478,1.39337546774,1.06851128407,10.8489478072
11.523722,-0.820225880627,0.723825427995,10.1040507478,1.49945281795,1.20994775102,10.8489478072
11.525388,-0.77408109096,0.76920630323,10.149431623,1.39337546774,1.10387040081,10.8853536583
11.527054,-0.866370670294,0.723825427995,10.1040507478,1.35801635101,1.03315216734,10.7761361049
11.52872,-0.820225880627,0.723825427995,10.1040507478,1.35801635101,1.06851128407,10.8125419561
11.530386,-0.820225880627,0.723825427995,10.149431623,1.39337546774,1.06851128407,10.8853536583
11.532052,-0.820225880627,0.723825427995,10.149431623,1.32265723427,1.10387040081,10.9581653606
11.533718,-0.820225880627,0.723825427995,10.149431623,1.35801635101,1.06851128407,10.8489478072
11.535384,-0.820225880627,0.723825427995,10.149431623,1.39337546774,1.06851128407,10.8125419561
11.53705,-0.820225880627,0.723825427995,10.149431623,1.39337546774,1.06851128407,10.8125419561
11.538716,-0.820225880627,0.723825427995,10.149431623,1.39337546774,1.06851128407,10.8853536583
11.540382,-0.820225880627,0.723825427995,10.149431623,1.35801635101,1.03315216734,10.7397302538
11.542048,-0.820225880627,0.723825427995,10.149431623,1.39337546774,1.06851128407,10.8853536583
11.543714,-0.77408109096,0.814587178465,10.2401933735,1.35801635101,1.06851128407,10.8489478072
11.54538,-0.820225880627,0.723825427995,10.1948124982,1.39337546774,1.06851128407,10.8125419561
11.547046,-0.820225880627,0.723825427995,10.149431623,1.39337546774,1.10387040081,10.8853536583
11.548712,-0.820225880627,0.678444552759,10.149431623,1.35801635101,1.06851128407,10.8125419561
11.550378,-0.820225880627,0.723825427995,10.149431623,1.39337546774,1.06851128407,10.8489478072
11.552044,-0.820225880627,0.723825427995,10.149431623,1.39337546774,1.06851128407,10.8489478072
11.55371,-0.820225880627,0.678444552759,10.1948124982,1.49945281795,1.17458863428,10.9217595095
11.555376,-0.77408109096,0.723825427995,10.1948124982,1.39337546774,1.06851128407,10.8853536583
11.557042,-0.820225880627,0.678444552759,10.149431623,1.35801635101,1.06851128407,10.8853536583
11.558708,-0.820225880627,0.678444552759,10.149431623,1.35801635101,1.03315216734,10.8125419561
11.560374,-0.727936301293,0.814587178465,10.2401933735,1.39337546774,1.10387040081,10.8853536583
11.56204,-0.820225880627,0.723825427995,10.149431623,1.35801635101,1.03315216734,10.8125419561
11.563706,-0.820225880627,0.723825427995,10.149431623,1.39337546774,1.06851128407,10.8489478072
11.565372,-0.77408109096,0.76920630323,10.149431623,1.35801635101,1.06851128407,10.8489478072
11.567038,-0.820225880627,0.723825427995,10.149431623,1.42873458448,1.06851128407,10.8489478072
11.568704,-0.866370670294,0.723825427995,10.149431623,1.35801635101,1.10387040081,10.8853536583
11.57037,-0.866370670294,0.678444552759,10.149431623,1.35801635101,1.03315216734,10.7761361049
11.572036,-0.820225880627,0.723825427995,10.1948124982,1.35801635101,1.06851128407,10.8489478072
11.573702,-0.866370670294,0.678444552759,10.1040507478,1.39337546774,1.06851128407,10.8853536583
11.575368,-0.866370670294,0.678444552759,10.1040507478,1.32265723427,1.13922951755,10.9922958461
11.577034,-0.866370670294,0.678444552759,10.149431623,1.39337546774,1.06851128407,10.8853536583
11.5787,-0.820225880627,0.723825427995,10.149431623,1.35801635101,1.06851128407,10.8125419561
11.580366,-0.820225880627,0.723825427995,10.149431623,1.39337546774,1.06851128407,10.8489478072
11.582032,-0.866370670294,0.723825427995,10.149431623,1.35801635101,1.06851128407,10.8853536583
11.583698,-0.866370670294,0.678444552759,10.149431623,1.28729811753,1.06851128407,10.9922958461
11.585364,-0.866370670294,0.678444552759,10.149431623,1.35801635101,1.06851128407,10.8853536583
11.58703,-0.77408109096,0.76920630323,10.2401933735,1.35801635101,1.06851128407,10.8853536583
11.588696,-0.866370670294,0.678444552759,10.1040507478,1.42873458448,1.10387040081,10.8853536583
11.590362,-0.866370670294,0.678444552759,10.1040507478,1.39337546774,1.06851128407,10.8853536583
11.592028,-0.866370670294,0.678444552759,10.1040507478,1.32265723427,0.997793050599,10.8125419561
11.593694,-0.912515459961,0.678444552759,10.0586698725,1.35801635101,1.06851128407,10.8489478072
11.59536,-0.866370670294,0.723825427995,10.1040507478,1.35801635101,1.06851128407,10.8853536583
11.597026,-0.866370670294,0.678444552759,10.1040507478,1.39337546774,1.17458863428,10.9581653606
11.598692,-0.866370670294,0.723825427995,10.1040507478,1.35801635101,1.10387040081,10.8853536583
11.600358,-0.77408109096,0.814587178465,10.149431623,1.35801635101,1.06851128407,10.8125419561
11.602024,-0.912515459961,0.678444552759,10.0586698725,1.32265723427,1.03315216734,10.8125419561
11.60369,-0.866370670294,0.723825427995,10.1040507478,1.35801635101,1.06851128407,10.8489478072
11.605356,-0.866370670294,0.678444552759,10.0586698725,1.28729811753,1.10387040081,10.9581653606
11.607022,-0.866370670294,0.678444552759,10.0586698725,1.35801635101,1.10387040081,10.8125419561
11.608688,-0.820225880627,0.723825427995,10.0586698725,1.32265723427,1.06851128407,10.8125419561
11.610354,-0.912515459961,0.678444552759,10.0586698725,1.32265723427,1.06851128407,10.8125419561
11.61202,-0.912515459961,0.678444552759,10.0132889973,1.35801635101,1.10387040081,10.8853536583
11.613686,-0.866370670294,0.723825427995,10.0586698725,1.32265723427,1.06851128407,10.7397302538
11.615352,-0.912515459961,0.678444552759,10.0586698725,1.32265723427,1.06851128407,10.8125419561
11.617018,-0.866370670294,0.723825427995,10.0586698725,1.35801635101,1.10387040081,10.8489478072
11.618684,-0.77408109096,0.76920630323,10.149431623,1.32265723427,1.20994775102,10.9581653606
11.62035,-0.912515459961,0.678444552759,10.0132889973,1.32265723427,1.10387040081,10.8489478072
11.622016,-0.912515459961,0.678444552759,10.0586698725,1.32265723427,1.06851128407,10.8125419561
11.623682,-0.866370670294,0.723825427995,10.0586698725,1.28729811753,1.10387040081,10.8125419561
11.625348,-0.866370670294,0.723825427995,10.0586698725,1.35801635101,1.10387040081,10.8489478072
11.627014,-0.866370670294,0.723825427995,10.0586698725,1.32265723427,1.20994775102,10.9217595095
11.62868,-0.912515459961,0.678444552759,10.0132889973,1.35801635101,1.10387040081,10.8489478072
11.630346,-0.866370670294,0.723825427995,10.0586698725,1.28729811753,1.06851128407,10.7761361049
11.632012,-0.866370670294,0.723825427995,10.0586698725,1.35801635101,1.10387040081,10.8125419561
11.633678,-0.866370670294,0.678444552759,10.0586698725,1.35801635101,1.10387040081,10.8125419561
11.635344,-0.866370670294,0.723825427995,10.0586698725,1.25193900079,1.06851128407,10.8853536583
11.63701,-0.912515459961,0.678444552759,10.0132889973,1.32265723427,1.10387040081,10.8125419561
11.638676,-0.866370670294,0.723825427995,10.0586698725,1.32265723427,1.13922951755,10.8125419561
11.640342,-0.866370670294,0.723825427995,10.0586698725,1.46409370122,1.24530686776,10.8489478072
11.642008,-0.866370670294,0.723825427995,10.0586698725,1.35801635101,1.17458863428,10.8853536583
11.643674,-0.866370670294,0.723825427995,10.0586698725,1.32265723427,1.10387040081,10.7761361049
11.64534,-0.912515459961,0.723825427995,10.0586698725,1.32265723427,1.13922951755,10.8125419561
11.647006,-0.866370670294,0.723825427995,10.0586698725,1.35801635101,1.17458863428,10.8125419561
11.648672,-0.866370670294,0.76920630323,10.0586698725,1.25193900079,1.20994775102,10.9581653606
11.650338,-0.866370670294,0.723825427995,10.0586698725,1.35801635101,1.10387040081,10.8489478072
11.652004,-0.866370670294,0.723825427995,10.0586698725,1.32265723427,1.06851128407,10.8125419561
11.65367,-0.866370670294,0.723825427995,10.0586698725,1.35801635101,1.13922951755,10.8125419561
11.655336,-0.866370670294,0.723825427995,10.0586698725,1.35801635101,1.17458863428,10.8489478072
11.657002,-0.866370670294,0.723825427995,10.0586698725,1.25193900079,1.03315216734,10.8853536583
11.658668,-0.866370670294,0.723825427995,10.0586698725,1.32265723427,1.13922951755,10.8853536583
11.660334,-0.866370670294,0.723825427995,10.0586698725,1.35801635101,1.06851128407,10.8125419561
11.662,-0.866370670294,0.723825427995,10.1040507478,1.35801635101,1.10387040081,10.8125419561
11.663666,-0.866370670294,0.814587178465,10.1040507478,1.35801635101,1.17458863428,10.8853536583
11.665332,-0.866370670294,0.723825427995,10.1040507478,1.28729811753,1.06851128407,10.7761361049
11.666998,-0.912515459961,0.723825427995,10.1040507478,1.35801635101,1.13922951755,10.8853536583
11.668664,-0.866370670294,0.723825427995,10.1040507478,1.35801635101,1.10387040081,10.8489478072
11.67033,-0.77408109096,0.814587178465,10.149431623,1.39337546774,1.20994775102,10.9922958461
11.671996,-0.820225880627,0.76920630323,10.149431623,1.35801635101,1.10387040081,10.8853536583
11.673662,-0.866370670294,0.76920630323,10.1040507478,1.35801635101,1.10387040081,10.8853536583
11.675328,-0.866370670294,0.723825427995,10.1040507478,1.35801635101,1.10387040081,10.8853536583
11.676994,-0.866370670294,0.723825427995,10.1040507478,1.35801635101,1.17458863428,10.8853536583
11.67866,-0.820225880627,0.76920630323,10.1040507478,1.32265723427,1.10387040081,10.8125419561
11.680326,-0.820225880627,0.814587178465,10.149431623,1.35801635101,1.13922951755,10.8853536583
11.681992,-0.866370670294,0.76920630323,10.1040507478,1.39337546774,1.13922951755,10.8853536583
11.683658,-0.820225880627,0.76920630323,10.149431623,1.46409370122,1.28066598449,10.9217595095
11.685324,-0.820225880627,0.76920630323,10.149431623,1.39337546774,1.17458863428,10.9217595095
11.68699,-0.820225880627,0.76920630323,10.1948124982,1.35801635101,1.10387040081,10.8853536583
11.688656,-0.820225880627,0.76920630323,10.149431623,1.35801635101,1.10387040081,10.8853536583
11.690322,-0.866370670294,0.723825427995,10.149431623,1.35801635101,1.13922951755,10.9217595095
11.691988,-0.820225880627,0.76920630323,10.149431623,1.32265723427,1.06851128407,10.9922958461
11.693654,-0.866370670294,0.76920630323,10.149431623,1.39337546774,1.17458863428,10.9217595095
11.69532,-0.866370670294,0.76920630323,10.149431623,1.35801635101,1.13922951755,10.9217595095
11.696986,-0.820225880627,0.76920630323,10.149431623,1.42873458448,1.17458863428,10.9217595095
11.698652,-0.820225880627,0.76920630323,10.1948124982,1.39337546774,1.17458863428,10.9581653606
11.700318,-0.820225880627,0.814587178465,10.1948124982,1.35801635101,1.10387040081,10.8853536583
11.701984,-0.77408109096,0.814587178465,10.1948124982,1.35801635101,1.13922951755,10.9217595095
11.70365,-0.820225880627,0.76920630323,10.1948124982,1.42873458448,1.17458863428,10.9217595095
11.705316,-0.820225880627,0.76920630323,10.1948124982,1.35801635101,1.06851128407,10.9922958461
11.706982,-0.820225880627,0.76920630323,10.1948124982,1.39337546774,1.20994775102,10.9581653606
11.708648,-0.820225880627,0.76920630323,10.1948124982,1.42873458448,1.13922951755,10.8853536583
11.710314,-0.820225880627,0.76920630323,10.1948124982,1.42873458448,1.17458863428,10.9217595095
11.71198,-0.820225880627,0.76920630323,10.1948124982,1.42873458448,1.17458863428,10.9922958461
11.713646,-0.820225880627,0.814587178465,10.1948124982,1.35801635101,1.06851128407,10.8489478072
11.715312,-0.820225880627,0.76920630323,10.1948124982,1.42873458448,1.13922951755,10.9581653606
11.716978,-0.820225880627,0.814587178465,10.2401933735,1.42873458448,1.17458863428,10.9217595095
11.718644,-0.820225880627,0.814587178465,10.1948124982,1.49945281795,1.20994775102,10.9581653606
11.72031,-0.820225880627,0.814587178465,10.1948124982,1.46409370122,1.17458863428,10.9922958461
11.721976,-0.820225880627,0.814587178465,10.2401933735,1.39337546774,1.13922951755,10.9217595095
11.723642,-0.727936301293,0.905348928936,10.2855742487,1.42873458448,1.13922951755,10.9217595095
11.725308,-0.77408109096,0.814587178465,10.1948124982,1.42873458448,1.20994775102,10.9581653606
11.726974,-0.820225880627,0.814587178465,10.2401933735,1.35801635101,1.13922951755,11.0651075483
11.72864,-0.820225880627,0.814587178465,10.2401933735,1.39337546774,1.17458863428,10.9217595095
11.730306,-0.820225880627,0.76920630323,10.1948124982,1.39337546774,1.13922951755,10.9217595095
11.731972,-0.820225880627,0.814587178465,10.2401933735,1.42873458448,1.13922951755,10.8853536583
11.733638,-0.820225880627,0.76920630323,10.1948124982,1.46409370122,1.17458863428,10.9217595095
11.735304,-0.77408109096,0.814587178465,10.2401933735,1.35801635101,1.13922951755,10.8853536583
11.73697,-0.820225880627,0.814587178465,10.1948124982,1.39337546774,1.13922951755,10.9217595095
11.738636,-0.77408109096,0.814587178465,10.2401933735,1.42873458448,1.17458863428,10.9217595095
11.740302,-0.77408109096,0.814587178465,10.2401933735,1.53481193469,1.28066598449,10.9922958461
11.741968,-0.77408109096,0.814587178465,10.1948124982,1.46409370122,1.17458863428,10.9217595095
11.743634,-0.77408109096,0.814587178465,10.2401933735,1.42873458448,1.13922951755,10.9217595095
11.7453,-0.77408109096,0.814587178465,10.1948124982,1.39337546774,1.10387040081,10.8853536583
11.746966,-0.77408109096,0.814587178465,10.1948124982,1.39337546774,1.13922951755,10.9217595095
11.748632,-0.820225880627,0.814587178465,10.1948124982,1.35801635101,1.17458863428,11.0287016972
11.750298,-0.77408109096,0.76920630323,10.1948124982,1.42873458448,1.17458863428,10.9217595095
11.751964,-0.77408109096,0.76920630323,10.1948124982,1.42873458448,1.10387040081,10.8853536583
11.75363,-0.820225880627,0.76920630323,10.1948124982,1.46409370122,1.20994775102,10.8853536583
11.755296,-0.77408109096,0.814587178465,10.1948124982,1.46409370122,1.17458863428,10.9217595095
11.756962,-0.820225880627,0.814587178465,10.149431623,1.35801635101,1.10387040081,10.8489478072
11.758628,-0.820225880627,0.76920630323,10.1948124982,1.42873458448,1.13922951755,10.8853536583
11.760294,-0.820225880627,0.76920630323,10.1948124982,1.46409370122,1.17458863428,10.8853536583
11.76196,-0.820225880627,0.814587178465,10.1948124982,1.49945281795,1.28066598449,10.9922958461
11.763626,-0.820225880627,0.814587178465,10.149431623,1.42873458448,1.17458863428,10.8853536583
11.765292,-0.77408109096,0.814587178465,10.1948124982,1.39337546774,1.13922951755,10.8853536583
11.766958,-0.820225880627,0.814587178465,10.149431623,1.39337546774,1.17458863428,10.8489478072
11.768624,-0.820225880627,0.814587178465,10.1948124982,1.42873458448,1.17458863428,10.8853536583
11.77029,-0.77408109096,0.814587178465,10.149431623,1.35801635101,1.06851128407,10.8489478072
11.771956,-0.820225880627,0.814587178465,10.1948124982,1.42873458448,1.17458863428,10.8853536583
11.773622,-0.820225880627,0.76920630323,10.149431623,1.42873458448,1.13922951755,10.8489478072
11.775288,-0.77408109096,0.814587178465,10.149431623,1.46409370122,1.17458863428,10.8489478072
11.776954,-0.727936301293,0.814587178465,10.1948124982,1.39337546774,1.13922951755,10.8853536583
11.77862,-0.866370670294,0.723825427995,10.149431623,1.35801635101,1.10387040081,10.8125419561
11.780286,-0.820225880627,0.76920630323,10.1040507478,1.39337546774,1.10387040081,10.8853536583
11.781952,-0.866370670294,0.76920630323,10.1040507478,1.39337546774,1.10387040081,10.8489478072
11.783618,-0.866370670294,0.723825427995,10.1040507478,1.46409370122,1.20994775102,10.9217595095
11.785284,-0.77408109096,0.76920630323,10.149431623,1.39337546774,1.13922951755,10.8853536583
11.78695,-0.820225880627,0.723825427995,10.1040507478,1.35801635101,1.10387040081,10.8125419561
11.788616,-0.820225880627,0.723825427995,10.1040507478,1.35801635101,1.10387040081,10.8125419561
11.790282,-0.820225880627,0.723825427995,10.1040507478,1.35801635101,1.10387040081,10.8853536583
11.791948,-0.866370670294,0.723825427995,10.1040507478,1.28729811753,1.10387040081,10.9217595095
11.793614,-0.820225880627,0.723825427995,10.0586698725,1.35801635101,1.10387040081,10.8489478072
11.79528,-0.866370670294,0.723825427995,10.0586698725,1.35801635101,1.06851128407,10.8125419561
11.796946,-0.77408109096,0.76920630323,10.149431623,1.35801635101,1.06851128407,10.8125419561
11.798612,-0.77408109096,0.76920630323,10.1040507478,1.39337546774,1.10387040081,10.8125419561
11.800278,-0.866370670294,0.723825427995,10.0586698725,1.32265723427,1.06851128407,10.7397302538
11.801944,-0.866370670294,0.76920630323,10.0586698725,1.35801635101,1.10387040081,10.8125419561
11.80361,-0.866370670294,0.723825427995,10.0586698725,1.35801635101,1.10387040081,10.8853536583
11.805276,-0.866370670294,0.723825427995,10.0586698725,1.49945281795,1.20994775102,10.8853536583
11.806942,-0.866370670294,0.723825427995,10.0586698725,1.35801635101,1.10387040081,10.8489478072
11.808608,-0.866370670294,0.723825427995,10.0132889973,1.35801635101,1.06851128407,10.7761361049
11.810274,-0.866370670294,0.723825427995,10.0586698725,1.35801635101,1.06851128407,10.8125419561
11.81194,-0.820225880627,0.723825427995,10.0586698725,1.35801635101,1.10387040081,10.8489478072
11.813606,-0.866370670294,0.678444552759,10.0586698725,1.28729811753,1.03315216734,10.7397302538
11.815272,-0.866370670294,0.678444552759,10.0132889973,1.32265723427,1.06851128407,10.8125419561
11.816938,-0.866370670294,0.678444552759,10.0132889973,1.35801635101,1.06851128407,10.7761361049
11.818604,-0.866370670294,0.723825427995,10.0586698725,1.39337546774,1.10387040081,10.7761361049
11.82027,-0.866370670294,0.678444552759,10.0132889973,1.35801635101,1.10387040081,10.8489478072
11.821936,-0.866370670294,0.678444552759,10.0132889973,1.32265723427,1.06851128407,10.7397302538
11.823602,-0.866370670294,0.633063677524,10.0132889973,1.32265723427,1.06851128407,10.8125419561
11.825268,-0.866370670294,0.723825427995,10.0132889973,1.35801635101,1.06851128407,10.8489478072
11.826934,-0.866370670294,0.678444552759,10.0132889973,1.42873458448,1.17458863428,10.8489478072
11.8286,-0.820225880627,0.678444552759,10.0586698725,1.35801635101,1.06851128407,10.8125419561
11.830266,-0.866370670294,0.633063677524,10.0132889973,1.32265723427,1.03315216734,10.7761361049
11.831932,-0.912515459961,0.633063677524,10.0132889973,1.32265723427,1.06851128407,10.7761361049
11.833598,-0.866370670294,0.678444552759,10.0132889973,1.35801635101,1.06851128407,10.8489478072
11.835264,-0.866370670294,0.678444552759,10.0586698725,1.28729811753,0.997793050599,10.7397302538
11.83693,-0.866370670294,0.633063677524,10.0586698725,1.32265723427,1.06851128407,10.8125419561
11.838596,-0.866370670294,0.587682802288,10.0132889973,1.35801635101,1.03315216734,10.8125419561
11.840262,-0.866370670294,0.633063677524,10.0132889973,1.35801635101,1.06851128407,10.8125419561
11.841928,-0.820225880627,0.723825427995,10.149431623,1.35801635101,1.06851128407,10.8489478072
11.843594,-0.912515459961,0.633063677524,10.0132889973,1.28729811753,1.03315216734,10.7397302538
11.84526,-0.866370670294,0.633063677524,10.0586698725,1.32265723427,1.03315216734,10.7761361049
11.846926,-0.820225880627,0.678444552759,10.0586698725,1.35801635101,1.06851128407,10.8125419561
11.848592,-0.912515459961,0.633063677524,10.0132889973,1.28729811753,1.06851128407,10.8853536583
11.850258,-0.866370670294,0.633063677524,10.0586698725,1.32265723427,1.06851128407,10.8125419561
11.851924,-0.912515459961,0.633063677524,10.0586698725,1.32265723427,0.997793050599,10.8125419561
11.85359,-0.912515459961,0.587682802288,10.0132889973,1.32265723427,0.997793050599,10.7761361049
11.855256,-0.912515459961,0.633063677524,10.0132889973,1.35801635101,1.06851128407,10.8489478072
11.856922,-0.912515459961,0.633063677524,10.0132889973,1.28729811753,0.962433933862,10.7397302538
11.858588,-0.866370670294,0.678444552759,10.0586698725,1.35801635101,1.03315216734,10.8489478072
11.860254,-0.866370670294,0.633063677524,10.0586698725,1.35801635101,0.997793050599,10.7761361049
11.86192,-0.912515459961,0.587682802288,10.0132889973,1.35801635101,0.997793050599,10.7761361049
11.863586,-0.866370670294,0.633063677524,10.0586698725,1.35801635101,1.06851128407,10.8125419561
11.865252,-0.866370670294,0.633063677524,10.0586698725,1.32265723427,0.997793050599,10.7761361049
11.866918,-0.866370670294,0.633063677524,10.0586698725,1.28729811753,1.03315216734,10.8489478072
11.868584,-0.866370670294,0.633063677524,10.0586698725,1.35801635101,0.997793050599,10.8489478072
11.87025,-0.866370670294,0.633063677524,10.0586698725,1.28729811753,0.997793050599,10.8853536583
11.871916,-0.866370670294,0.633063677524,10.0586698725,1.35801635101,1.06851128407,10.8489478072
11.873582,-0.866370670294,0.633063677524,10.0586698725,1.32265723427,1.06851128407,10.8125419561
11.875248,-0.77408109096,0.678444552759,10.1948124982,1.32265723427,1.03315216734,10.8125419561
11.876914,-0.866370670294,0.633063677524,10.0586698725,1.35801635101,1.06851128407,10.8489478072
11.87858,-0.866370670294,0.633063677524,10.1040507478,1.28729811753,0.997793050599,10.8853536583
11.880246,-0.866370670294,0.678444552759,10.0586698725,1.35801635101,1.06851128407,10.8853536583
11.881912,-0.866370670294,0.678444552759,10.0586698725,1.35801635101,1.06851128407,10.8489478072
11.883578,-0.866370670294,0.678444552759,10.1040507478,1.39337546774,1.06851128407,10.8489478072
11.885244,-0.77408109096,0.76920630323,10.149431623,1.35801635101,1.10387040081,10.8489478072
11.88691,-0.866370670294,0.678444552759,10.0586698725,1.32265723427,1.03315216734,10.8125419561
11.888576,-0.866370670294,0.678444552759,10.0586698725,1.35801635101,1.06851128407,10.8125419561
11.890242,-0.820225880627,0.678444552759,10.1040507478,1.35801635101,1.06851128407,10.8489478072
11.891908,-0.77408109096,0.723825427995,10.1948124982,1.42873458448,1.13922951755,10.9581653606
11.893574,-0.820225880627,0.678444552759,10.1040507478,1.35801635101,1.06851128407,10.8853536583
11.89524,-0.866370670294,0.678444552759,10.0586698725,1.35801635101,1.03315216734,10.8489478072
11.896906,-0.866370670294,0.678444552759,10.1040507478,1.35801635101,1.03315216734,10.8489478072
11.898572,-0.820225880627,0.678444552759,10.0586698725,1.39337546774,1.06851128407,10.8853536583
11.900238,-0.866370670294,0.678444552759,10.1040507478,1.32265723427,0.997793050599,10.7761361049
11.901904,-0.866370670294,0.678444552759,10.0586698725,1.39337546774,1.06851128407,10.8853536583
11.90357,-0.77408109096,0.723825427995,10.149431623,1.35801635101,1.06851128407,10.8853536583
11.905236,-0.820225880627,0.76920630323,10.1040507478,1.42873458448,1.10387040081,10.8489478072
11.906902,-0.820225880627,0.723825427995,10.1040507478,1.39337546774,1.06851128407,10.8853536583
11.908568,-0.820225880627,0.678444552759,10.1040507478,1.35801635101,1.03315216734,10.8125419561
11.910234,-0.866370670294,0.723825427995,10.1040507478,1.39337546774,1.06851128407,10.8853536583
11.9119,-0.820225880627,0.723825427995,10.149431623,1.39337546774,1.10387040081,10.8853536583
11.913566,-0.820225880627,0.723825427995,10.1040507478,1.49945281795,1.20994775102,10.9217595095
11.915232,-0.820225880627,0.678444552759,10.1040507478,1.42873458448,1.06851128407,10.8853536583
11.916898,-0.820225880627,0.678444552759,10.1040507478,1.35801635101,1.06851128407,10.8125419561
11.918564,-0.77408109096,0.76920630323,10.149431623,1.35801635101,1.06851128407,10.8853536583
11.92023,-0.820225880627,0.723825427995,10.1040507478,1.39337546774,1.13922951755,10.8853536583
11.921896,-0.820225880627,0.723825427995,10.1040507478,1.49945281795,1.20994775102,10.8853536583
11.923562,-0.820225880627,0.76920630323,10.1040507478,1.39337546774,1.13922951755,10.8853536583
11.925228,-0.820225880627,0.76920630323,10.149431623,1.35801635101,1.06851128407,10.8125419561
11.926894,-0.77408109096,0.76920630323,10.149431623,1.39337546774,1.10387040081,10.8853536583
11.92856,-0.820225880627,0.76920630323,10.149431623,1.42873458448,1.13922951755,10.8853536583
11.930226,-0.77408109096,0.814587178465,10.149431623,1.39337546774,1.20994775102,10.9581653606
11.931892,-0.820225880627,0.76920630323,10.149431623,1.42873458448,1.17458863428,10.8489478072
11.933558,-0.77408109096,0.76920630323,10.149431623,1.39337546774,1.10387040081,10.8125419561
11.935224,-0.77408109096,0.76920630323,10.149431623,1.39337546774,1.10387040081,10.8125419561
11.93689,-0.820225880627,0.76920630323,10.1040507478,1.39337546774,1.13922951755,10.8853536583
11.938556,-0.77408109096,0.76920630323,10.149431623,1.35801635101,1.10387040081,10.7761361049
11.940222,-0.820225880627,0.814587178465,10.149431623,1.42873458448,1.13922951755,10.8853536583
11.941888,-0.820225880627,0.814587178465,10.149431623,1.39337546774,1.13922951755,10.8489478072
11.943554,-0.820225880627,0.76920630323,10.149431623,1.42873458448,1.13922951755,10.8489478072
11.94522,-0.820225880627,0.814587178465,10.149431623,1.46409370122,1.20994775102,10.8853536583
11.946886,-0.820225880627,0.76920630323,10.149431623,1.35801635101,1.06851128407,10.8125419561
11.948552,-0.820225880627,0.76920630323,10.149431623,1.35801635101,1.17458863428,10.8853536583
11.950218,-0.820225880627,0.76920630323,10.149431623,1.46409370122,1.17458863428,10.8853536583
11.951884,-0.820225880627,0.76920630323,10.1948124982,1.35801635101,1.20994775102,10.9581653606
11.95355,-0.820225880627,0.814587178465,10.1948124982,1.46409370122,1.20994775102,10.8853536583
11.955216,-0.820225880627,0.814587178465,10.149431623,1.42873458448,1.17458863428,10.8489478072
11.956882,-0.820225880627,0.859968053701,10.149431623,1.46409370122,1.17458863428,10.8853536583
11.958548,-0.820225880627,0.814587178465,10.1948124982,1.42873458448,1.20994775102,10.9217595095
11.960214,-0.820225880627,0.814587178465,10.149431623,1.39337546774,1.13922951755,10.8489478072
11.96188,-0.727936301293,0.950729804172,10.2855742487,1.39337546774,1.20994775102,10.8489478072
11.963546,-0.820225880627,0.859968053701,10.149431623,1.39337546774,1.20994775102,10.8853536583
11.965212,-0.820225880627,0.859968053701,10.149431623,1.49945281795,1.24530686776,10.8853536583
11.966878,-0.866370670294,0.814587178465,10.149431623,1.39337546774,1.17458863428,10.9217595095
11.968544,-0.820225880627,0.814587178465,10.149431623,1.35801635101,1.17458863428,10.8125419561
11.97021,-0.820225880627,0.814587178465,10.149431623,1.35801635101,1.17458863428,10.8853536583
11.971876,-0.820225880627,0.859968053701,10.149431623,1.39337546774,1.20994775102,10.9217595095
11.973542,-0.820225880627,0.859968053701,10.149431623,1.46409370122,1.31602510123,11.0287016972
11.975208,-0.820225880627,0.814587178465,10.1948124982,1.39337546774,1.20994775102,10.9217595095
11.976874,-0.866370670294,0.814587178465,10.149431623,1.39337546774,1.17458863428,10.8853536583
11.97854,-0.727936301293,0.950729804172,10.2401933735,1.39337546774,1.17458863428,10.8853536583
11.980206,-0.820225880627,0.905348928936,10.1948124982,1.39337546774,1.20994775102,10.9217595095
11.981872,-0.820225880627,0.859968053701,10.1948124982,1.35801635101,1.13922951755,10.9217595095
11.983538,-0.820225880627,0.814587178465,10.1948124982,1.39337546774,1.20994775102,10.9217595095
11.985204,-0.820225880627,0.859968053701,10.1948124982,1.39337546774,1.20994775102,10.9217595095
11.98687,-0.866370670294,0.814587178465,10.149431623,1.39337546774,1.20994775102,10.9217595095
11.988536,-0.866370670294,0.814587178465,10.1948124982,1.39337546774,1.20994775102,10.9581653606
11.990202,-0.866370670294,0.814587178465,10.149431623,1.35801635101,1.13922951755,10.8853536583
11.991868,-0.866370670294,0.814587178465,10.149431623,1.39337546774,1.20994775102,10.9217595095
11.993534,-0.866370670294,0.814587178465,10.149431623,1.39337546774,1.20994775102,10.9217595095
11.9952,-0.866370670294,0.814587178465,10.1948124982,1.49945281795,1.28066598449,10.9581653606
11.996866,-0.866370670294,0.859968053701,10.1948124982,1.35801635101,1.20994775102,10.9922958461
11.998532,-0.866370670294,0.814587178465,10.149431623,1.35801635101,1.13922951755,10.8853536583
12.000198,-0.866370670294,0.814587178465,10.149431623,1.35801635101,1.20994775102,10.9217595095
12.001864,-0.866370670294,0.814587178465,10.149431623,1.35801635101,1.24530686776,10.9581653606
12.00353,-0.866370670294,0.814587178465,10.1948124982,1.28729811753,1.10387040081,10.9922958461
12.005196,-0.866370670294,0.814587178465,10.149431623,1.35801635101,1.17458863428,10.9217595095
12.006862,-0.820225880627,0.859968053701,10.1948124982,1.35801635101,1.17458863428,10.9217595095
12.008528,-0.866370670294,0.814587178465,10.149431623,1.35801635101,1.17458863428,10.9217595095
12.010194,-0.866370670294,0.859968053701,10.149431623,1.39337546774,1.20994775102,10.9922958461
12.01186,-0.912515459961,0.76920630323,10.149431623,1.32265723427,1.13922951755,10.8853536583
12.013526,-0.866370670294,0.814587178465,10.149431623,1.35801635101,1.17458863428,10.9217595095
12.015192,-0.866370670294,0.814587178465,10.149431623,1.35801635101,1.20994775102,10.9217595095
12.016858,-0.866370670294,0.814587178465,10.149431623,1.39337546774,1.28066598449,11.0651075483
12.018524,-0.912515459961,0.76920630323,10.149431623,1.35801635101,1.20994775102,10.9581653606
12.02019,-0.866370670294,0.76920630323,10.149431623,1.35801635101,1.13922951755,10.9217595095
12.021856,-0.820225880627,0.814587178465,10.2401933735,1.32265723427,1.17458863428,10.9217595095
12.023522,-0.912515459961,0.76920630323,10.1040507478,1.35801635101,1.17458863428,10.9922958461
12.025188,-0.912515459961,0.76920630323,10.149431623,1.28729811753,1.10387040081,10.8853536583
12.026854,-0.912515459961,0.76920630323,10.149431623,1.35801635101,1.10387040081,10.9217595095
12.02852,-0.912515459961,0.76920630323,10.149431623,1.35801635101,1.13922951755,10.9217595095
12.030186,-0.912515459961,0.76920630323,10.149431623,1.42873458448,1.20994775102,10.9217595095
12.031852,-0.866370670294,0.76920630323,10.149431623,1.35801635101,1.13922951755,10.9581653606
12.033518,-0.866370670294,0.814587178465,10.149431623,1.32265723427,1.10387040081,10.9217595095
12.035184,-0.912515459961,0.76920630323,10.149431623,1.32265723427,1.10387040081,10.8853536583
12.03685,-0.912515459961,0.723825427995,10.149431623,1.35801635101,1.13922951755,10.9217595095
12.038516,-0.866370670294,0.723825427995,10.149431623,1.28729811753,1.20994775102,11.0287016972
12.040182,-0.912515459961,0.723825427995,10.1040507478,1.32265723427,1.13922951755,10.9217595095
12.041848,-0.912515459961,0.723825427995,10.1040507478,1.32265723427,1.10387040081,10.8853536583
12.043514,-0.912515459961,0.76920630323,10.149431623,1.35801635101,1.13922951755,10.8853536583
12.04518,-0.912515459961,0.723825427995,10.149431623,1.35801635101,1.10387040081,10.9217595095
12.046846,-0.820225880627,0.859968053701,10.1948124982,1.28729811753,1.10387040081,10.8125419561
12.048512,-0.912515459961,0.723825427995,10.1040507478,1.32265723427,1.10387040081,10.8853536583
12.050178,-0.912515459961,0.723825427995,10.1040507478,1.32265723427,1.10387040081,10.8853536583
12.051844,-0.866370670294,0.723825427995,10.1040507478,1.42873458448,1.17458863428,10.9217595095
12.05351,-0.912515459961,0.723825427995,10.1040507478,1.35801635101,1.10387040081,10.8853536583
12.055176,-0.912515459961,0.723825427995,10.1040507478,1.32265723427,1.06851128407,10.8489478072
12.056842,-0.912515459961,0.678444552759,10.1040507478,1.32265723427,1.10387040081,10.8489478072
12.058508,-0.912515459961,0.678444552759,10.0586698725,1.35801635101,1.10387040081,10.8853536583
12.060174,-0.912515459961,0.678444552759,10.0586698725,1.25193900079,1.03315216734,10.7761361049
12.06184,-0.866370670294,0.76920630323,10.149431623,1.32265723427,1.10387040081,10.8489478072
12.063506,-0.77408109096,0.814587178465,10.149431623,1.35801635101,1.10387040081,10.8853536583
12.065172,-0.866370670294,0.723825427995,10.1040507478,1.42873458448,1.17458863428,10.8853536583
12.066838,-0.912515459961,0.678444552759,10.0586698725,1.35801635101,1.13922951755,10.8853536583
12.068504,-0.866370670294,0.723825427995,10.1040507478,1.32265723427,1.03315216734,10.7761361049
12.07017,-0.912515459961,0.723825427995,10.0586698725,1.32265723427,1.10387040081,10.8125419561
12.071836,-0.866370670294,0.723825427995,10.1040507478,1.35801635101,1.10387040081,10.8489478072
12.073502,-0.912515459961,0.678444552759,10.0586698725,1.28729811753,1.03315216734,10.8853536583
12.075168,-0.866370670294,0.723825427995,10.0586698725,1.32265723427,1.06851128407,10.8489478072
12.076834,-0.866370670294,0.723825427995,10.0586698725,1.35801635101,1.06851128407,10.8125419561
12.0785,-0.866370670294,0.678444552759,10.0586698725,1.32265723427,1.10387040081,10.7761361049
12.080166,-0.866370670294,0.723825427995,10.1040507478,1.35801635101,1.10387040081,10.8489478072
12.081832,-0.866370670294,0.678444552759,10.0586698725,1.28729811753,1.03315216734,10.7397302538
12.083498,-0.866370670294,0.633063677524,10.0586698725,1.35801635101,1.06851128407,10.8125419561
12.085164,-0.820225880627,0.723825427995,10.0586698725,1.35801635101,1.06851128407,10.8125419561
12.08683,-0.866370670294,0.678444552759,10.0586698725,1.35801635101,1.06851128407,10.7761361049
12.088496,-0.77408109096,0.814587178465,10.149431623,1.35801635101,1.06851128407,10.8489478072
12.090162,-0.866370670294,0.678444552759,10.0586698725,1.28729811753,1.03315216734,10.7397302538
12.091828,-0.866370670294,0.678444552759,10.0586698725,1.32265723427,1.06851128407,10.8125419561
12.093494,-0.866370670294,0.678444552759,10.0132889973,1.35801635101,1.10387040081,10.7761361049
12.09516,-0.866370670294,0.723825427995,10.0586698725,1.46409370122,1.17458863428,10.8489478072
12.096826,-0.820225880627,0.76920630323,10.1040507478,1.35801635101,1.06851128407,10.7761361049
12.098492,-0.912515459961,0.678444552759,10.0132889973,1.32265723427,1.06851128407,10.7761361049
12.100158,-0.866370670294,0.678444552759,10.0132889973,1.35801635101,1.06851128407,10.7397302538
12.101824,-0.77408109096,0.76920630323,10.149431623,1.35801635101,1.06851128407,10.8125419561
12.10349,-0.820225880627,0.678444552759,10.0586698725,1.28729811753,0.997793050599,10.7033244027
12.105156,-0.866370670294,0.723825427995,10.0586698725,1.35801635101,1.06851128407,10.8125419561
12.106822,-0.866370670294,0.723825427995,10.0132889973,1.35801635101,1.06851128407,10.7761361049
12.108488,-0.820225880627,0.723825427995,10.0586698725,1.42873458448,1.10387040081,10.8489478072
12.110154,-0.727936301293,0.814587178465,10.149431623,1.35801635101,1.10387040081,10.7761361049
12.11182,-0.866370670294,0.678444552759,10.0132889973,1.35801635101,1.06851128407,10.7397302538
12.113486,-0.866370670294,0.723825427995,10.0132889973,1.35801635101,1.06851128407,10.7761361049
12.115152,-0.820225880627,0.723825427995,10.0586698725,1.35801635101,1.06851128407,10.7761361049
12.116818,-0.820225880627,0.723825427995,10.0586698725,1.28729811753,1.06851128407,10.8853536583
12.118484,-0.866370670294,0.678444552759,10.0586698725,1.35801635101,1.06851128407,10.8125419561
12.12015,-0.866370670294,0.678444552759,10.0132889973,1.35801635101,1.03315216734,10.7397302538
12.121816,-0.866370670294,0.723825427995,10.0586698725,1.35801635101,1.06851128407,10.7761361049
12.123482,-0.727936301293,0.814587178465,10.149431623,1.35801635101,1.10387040081,10.8125419561
12.125148,-0.820225880627,0.723825427995,10.1040507478,1.32265723427,0.997793050599,10.7761361049
12.126814,-0.820225880627,0.723825427995,10.0586698725,1.35801635101,1.10387040081,10.8125419561
12.12848,-0.820225880627,0.723825427995,10.0586698725,1.35801635101,1.06851128407,10.7761361049
12.130146,-0.820225880627,0.678444552759,10.1040507478,1.46409370122,1.10387040081,10.7761361049
12.131812,-0.866370670294,0.723825427995,10.0586698725,1.39337546774,1.06851128407,10.8125419561
12.133478,-0.820225880627,0.723825427995,10.1040507478,1.35801635101,0.997793050599,10.7397302538
12.135144,-0.866370670294,0.678444552759,10.0586698725,1.35801635101,1.03315216734,10.7761361049
12.13681,-0.820225880627,0.723825427995,10.1040507478,1.39337546774,1.06851128407,10.8125419561
12.138476,-0.77408109096,0.723825427995,10.149431623,1.46409370122,1.13922951755,10.8489478072
12.140142,-0.820225880627,0.678444552759,10.0586698725,1.35801635101,1.06851128407,10.8125419561
12.141808,-0.820225880627,0.723825427995,10.1040507478,1.35801635101,1.06851128407,10.7761361049
12.143474,-0.820225880627,0.678444552759,10.1040507478,1.35801635101,1.06851128407,10.7761361049
12.14514,-0.820225880627,0.723825427995,10.1040507478,1.39337546774,1.06851128407,10.8489478072
12.146806,-0.820225880627,0.723825427995,10.1040507478,1.35801635101,1.03315216734,10.7397302538
12.148472,-0.820225880627,0.723825427995,10.149431623,1.35801635101,1.06851128407,10.8489478072
12.150138,-0.820225880627,0.723825427995,10.149431623,1.39337546774,1.06851128407,10.8489478072
12.151804,-0.820225880627,0.723825427995,10.1040507478,1.42873458448,1.17458863428,10.9217595095
12.15347,-0.820225880627,0.723825427995,10.1040507478,1.39337546774,1.10387040081,10.8489478072
12.155136,-0.820225880627,0.678444552759,10.1040507478,1.35801635101,1.06851128407,10.8125419561
12.156802,-0.77408109096,0.76920630323,10.1948124982,1.35801635101,1.06851128407,10.8125419561
12.158468,-0.820225880627,0.723825427995,10.149431623,1.46409370122,1.06851128407,10.8489478072
12.160134,-0.820225880627,0.723825427995,10.149431623,1.42873458448,1.17458863428,10.9217595095
12.1618,-0.820225880627,0.723825427995,10.149431623,1.39337546774,1.06851128407,10.8489478072
12.163466,-0.727936301293,0.814587178465,10.2401933735,1.35801635101,1.06851128407,10.8125419561
12.165132,-0.77408109096,0.76920630323,10.1948124982,1.35801635101,1.06851128407,10.8125419561
12.166798,-0.866370670294,0.723825427995,10.1040507478,1.39337546774,1.10387040081,10.8853536583
12.168464,-0.820225880627,0.723825427995,10.149431623,1.35801635101,1.03315216734,10.7761361049
12.17013,-0.820225880627,0.678444552759,10.149431623,1.35801635101,1.06851128407,10.8489478072
12.171796,-0.820225880627,0.723825427995,10.149431623,1.39337546774,1.06851128407,10.8853536583
12.173462,-0.820225880627,0.723825427995,10.149431623,1.49945281795,1.20994775102,10.9217595095
12.175128,-0.820225880627,0.723825427995,10.1948124982,1.39337546774,1.06851128407,10.8853536583
12.176794,-0.727936301293,0.814587178465,10.2855742487,1.39337546774,1.06851128407,10.8489478072
12.17846,-0.820225880627,0.723825427995,10.149431623,1.35801635101,1.06851128407,10.8489478072
12.180126,-0.820225880627,0.723825427995,10.149431623,1.39337546774,1.13922951755,10.9217595095
12.181792,-0.820225880627,0.76920630323,10.1948124982,1.32265723427,1.03315216734,10.8853536583
12.183458,-0.866370670294,0.678444552759,10.149431623,1.35801635101,1.10387040081,10.8853536583
12.185124,-0.866370670294,0.723825427995,10.149431623,1.39337546774,1.06851128407,10.8853536583
12.18679,-0.866370670294,0.723825427995,10.149431623,1.46409370122,1.13922951755,10.9217595095
12.188456,-0.866370670294,0.76920630323,10.149431623,1.35801635101,1.10387040081,10.9217595095
12.190122,-0.866370670294,0.678444552759,10.149431623,1.32265723427,1.06851128407,10.8125419561
12.191788,-0.866370670294,0.723825427995,10.149431623,1.35801635101,1.13922951755,10.8853536583
12.193454,-0.866370670294,0.723825427995,10.149431623,1.39337546774,1.10387040081,10.9217595095
12.19512,-0.866370670294,0.723825427995,10.1948124982,1.46409370122,1.20994775102,10.9581653606
12.196786,-0.866370670294,0.723825427995,10.149431623,1.35801635101,1.13922951755,10.9217595095
12.198452,-0.77408109096,0.814587178465,10.2855742487,1.35801635101,1.06851128407,10.8489478072
12.200118,-0.866370670294,0.723825427995,10.149431623,1.35801635101,1.13922951755,10.8853536583
12.201784,-0.866370670294,0.76920630323,10.1948124982,1.39337546774,1.13922951755,10.9217595095
12.20345,-0.866370670294,0.76920630323,10.149431623,1.28729811753,1.20994775102,11.0287016972
12.205116,-0.866370670294,0.76920630323,10.149431623,1.39337546774,1.13922951755,10.9217595095
12.206782,-0.866370670294,0.76920630323,10.149431623,1.35801635101,1.10387040081,10.8853536583
12.208448,-0.866370670294,0.76920630323,10.149431623,1.35801635101,1.13922951755,10.8853536583
12.210114,-0.866370670294,0.76920630323,10.149431623,1.35801635101,1.10387040081,10.9217595095
12.21178,-0.912515459961,0.723825427995,10.149431623,1.28729811753,1.06851128407,10.8853536583
12.213446,-0.866370670294,0.76920630323,10.149431623,1.35801635101,1.10387040081,10.9217595095
12.215112,-0.866370670294,0.76920630323,10.149431623,1.35801635101,1.10387040081,10.9217595095
12.216778,-0.912515459961,0.723825427995,10.1040507478,1.35801635101,1.10387040081,10.9217595095
12.218444,-0.866370670294,0.76920630323,10.149431623,1.35801635101,1.10387040081,10.9217595095
12.22011,-0.820225880627,0.814587178465,10.149431623,1.28729811753,1.06851128407,10.8853536583
12.221776,-0.912515459961,0.723825427995,10.149431623,1.32265723427,1.06851128407,10.9217595095
12.223442,-0.866370670294,0.723825427995,10.149431623,1.35801635101,1.10387040081,10.9217595095
12.225108,-0.866370670294,0.76920630323,10.1040507478,1.42873458448,1.20994775102,11.0287016972
12.226774,-0.912515459961,0.723825427995,10.1040507478,1.35801635101,1.10387040081,10.9217595095
12.22844,-0.912515459961,0.76920630323,10.1040507478,1.32265723427,1.10387040081,10.8853536583
12.230106,-0.866370670294,0.76920630323,10.149431623,1.32265723427,1.10387040081,10.8853536583
12.231772,-0.912515459961,0.76920630323,10.1040507478,1.35801635101,1.13922951755,10.9217595095
12.233438,-0.866370670294,0.76920630323,10.1040507478,1.28729811753,1.10387040081,10.8489478072
12.235104,-0.912515459961,0.723825427995,10.1040507478,1.35801635101,1.10387040081,10.9217595095
12.23677,-0.820225880627,0.76920630323,10.149431623,1.35801635101,1.10387040081,10.8853536583
12.238436,-0.820225880627,0.814587178465,10.149431623,1.32265723427,1.06851128407,10.8853536583
12.240102,-0.912515459961,0.76920630323,10.1040507478,1.35801635101,1.13922951755,10.9217595095
12.241768,-0.912515459961,0.76920630323,10.1040507478,1.28729811753,1.03315216734,10.8125419561
12.243434,-0.912515459961,0.76920630323,10.1040507478,1.32265723427,1.10387040081,10.9217595095
12.2451,-0.912515459961,0.723825427995,10.1040507478,1.32265723427,1.13922951755,10.8853536583
12.246766,-0.77408109096,0.859968053701,10.1948124982,1.39337546774,1.20994775102,10.8853536583
12.248432,-0.866370670294,0.76920630323,10.1040507478,1.35801635101,1.20994775102,10.9217595095
12.250098,-0.866370670294,0.76920630323,10.1040507478,1.32265723427,1.13922951755,10.8489478072
12.251764,-0.912515459961,0.76920630323,10.1040507478,1.35801635101,1.17458863428,10.8853536583
12.25343,-0.912515459961,0.723825427995,10.1040507478,1.35801635101,1.17458863428,10.8853536583
12.255096,-0.866370670294,0.723825427995,10.1040507478,1.28729811753,1.06851128407,10.9922958461
12.256762,-0.866370670294,0.723825427995,10.1040507478,1.35801635101,1.20994775102,10.8853536583
12.258428,-0.866370670294,0.723825427995,10.1040507478,1.32265723427,1.06851128407,10.8853536583
12.260094,-0.820225880627,0.814587178465,10.149431623,1.42873458448,1.20994775102,10.8489478072
12.26176,-0.77408109096,0.859968053701,10.1948124982,1.35801635101,1.13922951755,10.8853536583
12.263426,-0.866370670294,0.723825427995,10.1040507478,1.35801635101,1.10387040081,10.8125419561
12.265092,-0.866370670294,0.76920630323,10.1040507478,1.32265723427,1.06851128407,10.8489478072
12.266758,-0.866370670294,0.723825427995,10.1040507478,1.35801635101,1.17458863428,10.8853536583
12.268424,-0.866370670294,0.76920630323,10.1040507478,1.28729811753,1.10387040081,10.8853536583
12.27009,-0.866370670294,0.814587178465,10.1040507478,1.35801635101,1.20994775102,10.8489478072
12.271756,-0.866370670294,0.76920630323,10.1040507478,1.35801635101,1.13922951755,10.8489478072
12.273422,-0.866370670294,0.814587178465,10.1040507478,1.35801635101,1.13922951755,10.8489478072
12.275088,-0.77408109096,0.814587178465,10.1948124982,1.35801635101,1.13922951755,10.8853536583
12.276754,-0.77408109096,0.905348928936,10.1948124982,1.28729811753,1.10387040081,10.7761361049
12.27842,-0.77408109096,0.859968053701,10.1948124982,1.35801635101,1.17458863428,10.8489478072
12.280086,-0.77408109096,0.905348928936,10.1948124982,1.35801635101,1.17458863428,10.8853536583
12.281752,-0.77408109096,0.859968053701,10.149431623,1.46409370122,1.20994775102,10.8853536583
12.283418,-0.866370670294,0.76920630323,10.1040507478,1.39337546774,1.17458863428,10.8853536583
12.285084,-0.820225880627,0.814587178465,10.149431623,1.35801635101,1.10387040081,10.8125419561
12.28675,-0.77408109096,0.859968053701,10.1948124982,1.35801635101,1.13922951755,10.8853536583
12.288416,-0.820225880627,0.814587178465,10.149431623,1.35801635101,1.17458863428,10.8489478072
12.290082,-0.866370670294,0.723825427995,10.0586698725,1.32265723427,1.06851128407,10.7761361049
12.291748,-0.820225880627,0.76920630323,10.1040507478,1.35801635101,1.17458863428,10.8489478072
12.293414,-0.820225880627,0.76920630323,10.1040507478,1.35801635101,1.10387040081,10.8489478072
12.29508,-0.866370670294,0.723825427995,10.1040507478,1.39337546774,1.13922951755,10.8125419561
12.296746,-0.820225880627,0.814587178465,10.149431623,1.39337546774,1.13922951755,10.8853536583
12.298412,-0.866370670294,0.723825427995,10.1040507478,1.32265723427,1.06851128407,10.7761361049
12.300078,-0.866370670294,0.723825427995,10.1040507478,1.39337546774,1.10387040081,10.8853536583
12.301744,-0.820225880627,0.76920630323,10.149431623,1.35801635101,1.10387040081,10.8489478072
12.30341,-0.820225880627,0.723825427995,10.1040507478,1.42873458448,1.10387040081,10.8853536583
12.305076,-0.820225880627,0.76920630323,10.1040507478,1.39337546774,1.13922951755,10.8853536583
12.306742,-0.820225880627,0.76920630323,10.149431623,1.35801635101,1.06851128407,10.8125419561
12.308408,-0.820225880627,0.76920630323,10.149431623,1.35801635101,1.13922951755,10.8125419561
12.310074,-0.820225880627,0.76920630323,10.149431623,1.39337546774,1.17458863428,10.8853536583
12.31174,-0.820225880627,0.76920630323,10.149431623,1.42873458448,1.24530686776,10.9922958461
12.313406,-0.820225880627,0.76920630323,10.149431623,1.39337546774,1.13922951755,10.8853536583
12.315072,-0.820225880627,0.76920630323,10.1040507478,1.39337546774,1.10387040081,10.8489478072
12.316738,-0.77408109096,0.76920630323,10.149431623,1.39337546774,1.10387040081,10.8489478072
12.318404,-0.820225880627,0.76920630323,10.149431623,1.42873458448,1.13922951755,10.9217595095
12.32007,-0.820225880627,0.76920630323,10.149431623,1.35801635101,1.03315216734,10.7761361049
12.321736,-0.820225880627,0.723825427995,10.149431623,1.39337546774,1.13922951755,10.8853536583
12.323402,-0.820225880627,0.76920630323,10.149431623,1.42873458448,1.13922951755,10.8853536583
12.325068,-0.820225880627,0.76920630323,10.149431623,1.49945281795,1.20994775102,10.9217595095
12.326734,-0.77408109096,0.76920630323,10.149431623,1.39337546774,1.13922951755,10.9217595095
12.3284,-0.820225880627,0.76920630323,10.149431623,1.39337546774,1.10387040081,10.8489478072
12.330066,-0.820225880627,0.76920630323,10.149431623,1.39337546774,1.10387040081,10.8489478072
12.331732,-0.820225880627,0.723825427995,10.149431623,1.42873458448,1.13922951755,10.8853536583
12.333398,-0.820225880627,0.723825427995,10.149431623,1.35801635101,1.13922951755,10.9922958461
12.335064,-0.820225880627,0.723825427995,10.149431623,1.42873458448,1.10387040081,10.8853536583
12.33673,-0.820225880627,0.723825427995,10.149431623,1.42873458448,1.06851128407,10.8853536583
12.338396,-0.820225880627,0.723825427995,10.1948124982,1.39337546774,1.06851128407,10.8489478072
12.340062,-0.820225880627,0.723825427995,10.149431623,1.46409370122,1.06851128407,10.8853536583
12.341728,-0.77408109096,0.723825427995,10.149431623,1.39337546774,1.03315216734,10.8125419561
12.343394,-0.820225880627,0.723825427995,10.149431623,1.42873458448,1.06851128407,10.8853536583
12.34506,-0.727936301293,0.814587178465,10.2401933735,1.46409370122,1.10387040081,10.9217595095
12.346726,-0.77408109096,0.76920630323,10.1948124982,1.46409370122,1.20994775102,10.9922958461
12.348392,-0.820225880627,0.76920630323,10.149431623,1.39337546774,1.10387040081,10.8853536583
12.350058,-0.820225880627,0.723825427995,10.149431623,1.42873458448,1.06851128407,10.8853536583
12.351724,-0.820225880627,0.723825427995,10.149431623,1.39337546774,1.10387040081,10.8853536583
12.35339,-0.820225880627,0.723825427995,10.149431623,1.42873458448,1.06851128407,10.8853536583
12.355056,-0.820225880627,0.723825427995,10.149431623,1.35801635101,1.03315216734,10.8125419561
12.356722,-0.820225880627,0.723825427995,10.149431623,1.42873458448,1.10387040081,10.8853536583
12.358388,-0.820225880627,0.723825427995,10.149431623,1.39337546774,1.06851128407,10.8489478072
12.360054,-0.820225880627,0.76920630323,10.149431623,1.42873458448,1.10387040081,10.8853536583
12.36172,-0.77408109096,0.76920630323,10.149431623,1.42873458448,1.10387040081,10.8853536583
12.363386,-0.820225880627,0.76920630323,10.149431623,1.35801635101,1.06851128407,10.7761361049
12.365052,-0.820225880627,0.76920630323,10.149431623,1.42873458448,1.10387040081,10.8853536583
12.366718,-0.820225880627,0.76920630323,10.1948124982,1.42873458448,1.13922951755,10.8489478072
12.368384,-0.820225880627,0.723825427995,10.149431623,1.49945281795,1.20994775102,10.9922958461
12.37005,-0.820225880627,0.723825427995,10.149431623,1.42873458448,1.06851128407,10.8853536583
12.371716,-0.820225880627,0.723825427995,10.149431623,1.42873458448,1.06851128407,10.8853536583
12.373382,-0.820225880627,0.723825427995,10.149431623,1.42873458448,1.06851128407,10.8125419561
12.375048,-0.77408109096,0.76920630323,10.149431623,1.42873458448,1.06851128407,10.8853536583
12.376714,-0.820225880627,0.723825427995,10.1040507478,1.35801635101,1.03315216734,10.7761361049
12.37838,-0.77408109096,0.723825427995,10.149431623,1.39337546774,1.06851128407,10.8853536583
12.380046,-0.77408109096,0.76920630323,10.149431623,1.42873458448,1.06851128407,10.8853536583
12.381712,-0.820225880627,0.76920630323,10.149431623,1.42873458448,1.17458863428,10.9581653606
12.383378,-0.820225880627,0.723825427995,10.149431623,1.39337546774,1.06851128407,10.8853536583
12.385044,-0.820225880627,0.723825427995,10.149431623,1.39337546774,1.03315216734,10.8489478072
12.38671,-0.727936301293,0.814587178465,10.1948124982,1.39337546774,1.06851128407,10.8125419561
12.388376,-0.820225880627,0.723825427995,10.1040507478,1.39337546774,1.06851128407,10.8853536583
12.390042,-0.820225880627,0.723825427995,10.1040507478,1.32265723427,0.997793050599,10.7761361049
12.391708,-0.820225880627,0.723825427995,10.1040507478,1.35801635101,1.06851128407,10.8489478072
12.393374,-0.820225880627,0.723825427995,10.1040507478,1.39337546774,1.03315216734,10.8489478072
12.39504,-0.820225880627,0.723825427995,10.1040507478,1.42873458448,1.17458863428,10.9217595095
12.396706,-0.820225880627,0.723825427995,10.1040507478,1.39337546774,1.06851128407,10.8853536583
12.398372,-0.866370670294,0.723825427995,10.1040507478,1.35801635101,0.997793050599,10.8125419561
12.400038,-0.820225880627,0.723825427995,10.1040507478,1.35801635101,1.03315216734,10.8125419561
12.401704,-0.866370670294,0.723825427995,10.1040507478,1.35801635101,1.06851128407,10.8489478072
12.40337,-0.866370670294,0.723825427995,10.0586698725,1.32265723427,1.03315216734,10.7761361049
12.405036,-0.866370670294,0.723825427995,10.0586698725,1.35801635101,1.10387040081,10.8125419561
12.406702,-0.866370670294,0.723825427995,10.0586698725,1.35801635101,1.06851128407,10.8489478072
12.408368,-0.866370670294,0.678444552759,10.0586698725,1.35801635101,1.10387040081,10.8125419561
12.410034,-0.866370670294,0.723825427995,10.1040507478,1.39337546774,1.10387040081,10.8125419561
12.4117,-0.77408109096,0.814587178465,10.149431623,1.32265723427,1.06851128407,10.7397302538
12.413366,-0.820225880627,0.814587178465,10.1040507478,1.35801635101,1.10387040081,10.8853536583
12.415032,-0.866370670294,0.723825427995,10.0586698725,1.35801635101,1.06851128407,10.8125419561
12.416698,-0.866370670294,0.723825427995,10.0586698725,1.46409370122,1.13922951755,10.8853536583
12.418364,-0.866370670294,0.723825427995,10.0586698725,1.35801635101,1.10387040081,10.8125419561
12.42003,-0.912515459961,0.723825427995,10.0586698725,1.35801635101,1.06851128407,10.8125419561
12.421696,-0.820225880627,0.814587178465,10.1040507478,1.32265723427,1.10387040081,10.8125419561
12.423362,-0.866370670294,0.723825427995,10.0586698725,1.35801635101,1.13922951755,10.8125419561
12.425028,-0.866370670294,0.723825427995,10.0586698725,1.25193900079,1.06851128407,10.8489478072
12.426694,-0.866370670294,0.723825427995,10.0132889973,1.35801635101,1.10387040081,10.8489478072
12.42836,-0.866370670294,0.723825427995,10.0586698725,1.35801635101,1.10387040081,10.8125419561
12.430026,-0.866370670294,0.723825427995,10.0586698725,1.35801635101,1.06851128407,10.8125419561
12.431692,-0.866370670294,0.723825427995,10.0586698725,1.35801635101,1.06851128407,10.8489478072
12.433358,-0.866370670294,0.723825427995,10.0586698725,1.28729811753,1.10387040081,10.8125419561
12.435024,-0.912515459961,0.723825427995,10.0586698725,1.35801635101,1.10387040081,10.8489478072
12.43669,-0.866370670294,0.723825427995,10.0586698725,1.35801635101,1.10387040081,10.8489478072
12.438356,-0.866370670294,0.723825427995,10.0586698725,1.39337546774,1.20994775102,10.9217595095
12.440022,-0.912515459961,0.678444552759,10.0132889973,1.35801635101,1.13922951755,10.8853536583
12.441688,-0.77408109096,0.814587178465,10.1040507478,1.32265723427,1.06851128407,10.8125419561
12.443354,-0.866370670294,0.723825427995,10.0132889973,1.35801635101,1.10387040081,10.8125419561
12.44502,-0.866370670294,0.723825427995,10.0586698725,1.35801635101,1.10387040081,10.8489478072
12.446686,-0.866370670294,0.723825427995,10.0586698725,1.28729811753,1.03315216734,10.8489478072
12.448352,-0.866370670294,0.723825427995,10.0586698725,1.32265723427,1.10387040081,10.8489478072
12.450018,-0.866370670294,0.723825427995,10.0586698725,1.32265723427,1.06851128407,10.8125419561
12.451684,-0.866370670294,0.723825427995,10.0586698725,1.39337546774,1.10387040081,10.8125419561
12.45335,-0.866370670294,0.678444552759,10.0586698725,1.35801635101,1.10387040081,10.8853536583
12.455016,-0.912515459961,0.678444552759,10.0586698725,1.28729811753,0.997793050599,10.7761361049
12.456682,-0.866370670294,0.723825427995,10.0586698725,1.32265723427,1.06851128407,10.8125419561
12.458348,-0.912515459961,0.723825427995,10.0586698725,1.32265723427,1.10387040081,10.8489478072
12.460014,-0.866370670294,0.723825427995,10.0586698725,1.39337546774,1.20994775102,10.8853536583
12.46168,-0.866370670294,0.723825427995,10.0586698725,1.35801635101,1.10387040081,10.8853536583
12.463346,-0.866370670294,0.678444552759,10.0586698725,1.32265723427,1.06851128407,10.7761361049
12.465012,-0.866370670294,0.678444552759,10.1040507478,1.32265723427,1.06851128407,10.8125419561
12.466678,-0.866370670294,0.678444552759,10.0586698725,1.35801635101,1.06851128407,10.8489478072
12.468344,-0.820225880627,0.723825427995,10.1040507478,1.28729811753,1.06851128407,10.9217595095
12.47001,-0.866370670294,0.723825427995,10.0586698725,1.35801635101,1.06851128407,10.8125419561
12.471676,-0.866370670294,0.723825427995,10.1040507478,1.35801635101,1.06851128407,10.8125419561
12.473342,-0.866370670294,0.678444552759,10.0586698725,1.35801635101,1.10387040081,10.8125419561
12.475008,-0.866370670294,0.678444552759,10.1040507478,1.35801635101,1.06851128407,10.8853536583
12.476674,-0.866370670294,0.678444552759,10.1040507478,1.28729811753,1.03315216734,10.8489478072
12.47834,-0.820225880627,0.723825427995,10.1040507478,1.35801635101,1.10387040081,10.8489478072
12.480006,-0.866370670294,0.723825427995,10.1040507478,1.35801635101,1.06851128407,10.8125419561
12.481672,-0.820225880627,0.76920630323,10.149431623,1.35801635101,1.06851128407,10.8125419561
12.483338,-0.820225880627,0.723825427995,10.1040507478,1.35801635101,1.06851128407,10.8853536583
12.485004,-0.77408109096,0.76920630323,10.1948124982,1.32265723427,1.03315216734,10.7761361049
12.48667,-0.866370670294,0.723825427995,10.1040507478,1.35801635101,1.06851128407,10.8853536583
12.488336,-0.866370670294,0.633063677524,10.1040507478,1.35801635101,1.06851128407,10.8489478072
12.490002,-0.866370670294,0.678444552759,10.1040507478,1.46409370122,1.13922951755,10.8489478072
12.491668,-0.866370670294,0.678444552759,10.1040507478,1.35801635101,1.06851128407,10.8853536583
12.493334,-0.820225880627,0.723825427995,10.1040507478,1.35801635101,1.03315216734,10.8125419561
12.495,-0.866370670294,0.723825427995,10.1040507478,1.35801635101,1.06851128407,10.8489478072
12.496666,-0.820225880627,0.723825427995,10.1040507478,1.39337546774,1.06851128407,10.8853536583
12.498332,-0.866370670294,0.723825427995,10.1040507478,1.28729811753,1.13922951755,10.9217595095
12.499998,-0.866370670294,0.723825427995,10.149431623,1.39337546774,1.10387040081,10.8853536583
12.501664,-0.866370670294,0.678444552759,10.1040507478,1.35801635101,1.06851128407,10.8125419561
12.50333,-0.866370670294,0.678444552759,10.1040507478,1.39337546774,1.03315216734,10.8489478072
12.504996,-0.820225880627,0.678444552759,10.1040507478,1.39337546774,1.06851128407,10.8853536583
12.506662,-0.820225880627,0.723825427995,10.149431623,1.32265723427,1.13922951755,10.9581653606
12.508328,-0.866370670294,0.678444552759,10.1040507478,1.39337546774,1.13922951755,10.8853536583
12.509994,-0.820225880627,0.723825427995,10.149431623,1.39337546774,1.06851128407,10.8489478072
12.51166,-0.820225880627,0.723825427995,10.149431623,1.35801635101,1.06851128407,10.8853536583
12.513326,-0.77408109096,0.814587178465,10.1948124982,1.39337546774,1.13922951755,10.8853536583
12.514992,-0.866370670294,0.678444552759,10.1040507478,1.35801635101,1.03315216734,10.8125419561
12.516658,-0.820225880627,0.723825427995,10.149431623,1.39337546774,1.10387040081,10.8489478072
12.518324,-0.866370670294,0.723825427995,10.149431623,1.39337546774,1.06851128407,10.8853536583
12.51999,-0.820225880627,0.723825427995,10.149431623,1.49945281795,1.20994775102,10.9217595095
12.521656,-0.820225880627,0.723825427995,10.1040507478,1.42873458448,1.10387040081,10.8853536583
12.523322,-0.820225880627,0.76920630323,10.149431623,1.39337546774,1.06851128407,10.8489478072
12.524988,-0.820225880627,0.76920630323,10.149431623,1.39337546774,1.06851128407,10.8853536583
12.526654,-0.820225880627,0.76920630323,10.149431623,1.42873458448,1.10387040081,10.8853536583
12.52832,-0.820225880627,0.723825427995,10.149431623,1.32265723427,1.17458863428,10.9922958461
12.529986,-0.727936301293,0.814587178465,10.1948124982,1.39337546774,1.10387040081,10.8853536583
12.531652,-0.866370670294,0.723825427995,10.149431623,1.39337546774,1.06851128407,10.8489478072
12.533318,-0.820225880627,0.76920630323,10.149431623,1.39337546774,1.10387040081,10.8489478072
12.534984,-0.820225880627,0.76920630323,10.149431623,1.42873458448,1.10387040081,10.8853536583
12.53665,-0.820225880627,0.723825427995,10.1040507478,1.35801635101,1.06851128407,10.9217595095
12.538316,-0.820225880627,0.76920630323,10.149431623,1.39337546774,1.13922951755,10.8853536583
12.539982,-0.727936301293,0.905348928936,10.1948124982,1.42873458448,1.10387040081,10.8489478072
12.541648,-0.820225880627,0.814587178465,10.149431623,1.42873458448,1.06851128407,10.8125419561
12.543314,-0.820225880627,0.76920630323,10.149431623,1.42873458448,1.17458863428,10.8853536583
12.54498,-0.77408109096,0.814587178465,10.149431623,1.35801635101,1.06851128407,10.8125419561
12.546646,-0.820225880627,0.76920630323,10.149431623,1.39337546774,1.17458863428,10.8853536583
12.548312,-0.820225880627,0.76920630323,10.149431623,1.42873458448,1.13922951755,10.8853536583
12.549978,-0.820225880627,0.814587178465,10.149431623,1.53481193469,1.24530686776,10.8853536583
12.551644,-0.820225880627,0.76920630323,10.149431623,1.42873458448,1.17458863428,10.8853536583
12.55331,-0.820225880627,0.814587178465,10.1948124982,1.39337546774,1.10387040081,10.8125419561
12.554976,-0.820225880627,0.76920630323,10.149431623,1.39337546774,1.13922951755,10.8489478072
12.556642,-0.820225880627,0.76920630323,10.149431623,1.46409370122,1.17458863428,10.8853536583
12.558308,-0.820225880627,0.76920630323,10.149431623,1.35801635101,1.06851128407,10.7761361049
12.559974,-0.820225880627,0.76920630323,10.149431623,1.39337546774,1.13922951755,10.8853536583
12.56164,-0.77408109096,0.814587178465,10.149431623,1.42873458448,1.13922951755,10.8489478072
12.563306,-0.77408109096,0.814587178465,10.1948124982,1.42873458448,1.13922951755,10.8125419561
12.564972,-0.820225880627,0.76920630323,10.149431623,1.46409370122,1.17458863428,10.8853536583
12.566638,-0.820225880627,0.814587178465,10.149431623,1.35801635101,1.17458863428,10.8125419561
12.568304,-0.820225880627,0.814587178465,10.149431623,1.39337546774,1.17458863428,10.8853536583
12.56997,-0.820225880627,0.814587178465,10.149431623,1.39337546774,1.17458863428,10.8853536583
12.571636,-0.820225880627,0.814587178465,10.149431623,1.46409370122,1.28066598449,10.9922958461
12.573302,-0.820225880627,0.76920630323,10.149431623,1.42873458448,1.20994775102,10.8853536583
12.574968,-0.820225880627,0.814587178465,10.149431623,1.39337546774,1.17458863428,10.8489478072
12.576634,-0.866370670294,0.814587178465,10.149431623,1.39337546774,1.17458863428,10.8853536583
12.5783,-0.77408109096,0.859968053701,10.1948124982,1.39337546774,1.20994775102,10.8853536583
12.579966,-0.820225880627,0.859968053701,10.149431623,1.35801635101,1.10387040081,10.8125419561
12.581632,-0.77408109096,0.859968053701,10.149431623,1.39337546774,1.20994775102,10.8853536583
12.583298,-0.727936301293,0.950729804172,10.2401933735,1.42873458448,1.17458863428,10.8853536583
12.584964,-0.820225880627,0.814587178465,10.149431623,1.49945281795,1.24530686776,10.8489478072
12.58663,-0.820225880627,0.814587178465,10.149431623,1.39337546774,1.17458863428,10.8853536583
12.588296,-0.820225880627,0.814587178465,10.149431623,1.35801635101,1.13922951755,10.8125419561
12.589962,-0.820225880627,0.814587178465,10.149431623,1.39337546774,1.20994775102,10.8853536583
12.591628,-0.820225880627,0.859968053701,10.149431623,1.39337546774,1.17458863428,10.8853536583
12.593294,-0.727936301293,0.950729804172,10.2401933735,1.46409370122,1.31602510123,10.9922958461
12.59496,-0.77408109096,0.905348928936,10.1948124982,1.39337546774,1.20994775102,10.8853536583
12.596626,-0.866370670294,0.76920630323,10.149431623,1.35801635101,1.10387040081,10.8853536583
12.598292,-0.77408109096,0.859968053701,10.1948124982,1.35801635101,1.13922951755,10.8853536583
12.599958,-0.727936301293,0.950729804172,10.2401933735,1.35801635101,1.20994775102,10.9217595095
12.601624,-0.820225880627,0.814587178465,10.149431623,1.39337546774,1.31602510123,11.0287016972
12.60329,-0.820225880627,0.814587178465,10.149431623,1.39337546774,1.20994775102,10.8853536583
12.604956,-0.866370670294,0.814587178465,10.149431623,1.35801635101,1.17458863428,10.8853536583
12.606622,-0.820225880627,0.905348928936,10.1948124982,1.35801635101,1.20994775102,10.8853536583
12.608288,-0.866370670294,0.814587178465,10.149431623,1.35801635101,1.20994775102,10.9217595095
12.609954,-0.866370670294,0.814587178465,10.149431623,1.32265723427,1.06851128407,10.9217595095
12.61162,-0.866370670294,0.814587178465,10.149431623,1.35801635101,1.10387040081,10.9217595095
12.613286,-0.866370670294,0.814587178465,10.149431623,1.32265723427,1.17458863428,10.8853536583
12.614952,-0.866370670294,0.814587178465,10.149431623,1.32265723427,1.10387040081,10.9217595095
12.616618,-0.77408109096,0.905348928936,10.2401933735,1.35801635101,1.10387040081,10.9581653606
12.618284,-0.866370670294,0.76920630323,10.149431623,1.28729811753,1.06851128407,10.8489478072
12.61995,-0.866370670294,0.814587178465,10.149431623,1.35801635101,1.20994775102,10.9217595095
12.621616,-0.866370670294,0.76920630323,10.149431623,1.35801635101,1.17458863428,10.9217595095
12.623282,-0.866370670294,0.814587178465,10.149431623,1.39337546774,1.20994775102,10.9217595095
12.624948,-0.912515459961,0.76920630323,10.149431623,1.35801635101,1.17458863428,10.9581653606
12.626614,-0.912515459961,0.76920630323,10.149431623,1.32265723427,1.06851128407,10.8853536583
12.62828,-0.866370670294,0.76920630323,10.149431623,1.32265723427,1.13922951755,10.8853536583
12.629946,-0.912515459961,0.76920630323,10.149431623,1.35801635101,1.17458863428,10.9217595095
12.631612,-0.912515459961,0.76920630323,10.149431623,1.28729811753,1.20994775102,11.0287016972
12.633278,-0.912515459961,0.76920630323,10.1040507478,1.35801635101,1.10387040081,10.9217595095
12.634944,-0.912515459961,0.76920630323,10.149431623,1.32265723427,1.06851128407,10.9217595095
12.63661,-0.866370670294,0.76920630323,10.149431623,1.32265723427,1.13922951755,10.9217595095
12.638276,-0.912515459961,0.723825427995,10.149431623,1.35801635101,1.10387040081,10.9217595095
12.639942,-0.912515459961,0.76920630323,10.149431623,1.28729811753,1.06851128407,10.8853536583
12.641608,-0.912515459961,0.76920630323,10.1040507478,1.32265723427,1.06851128407,10.9217595095
12.643274,-0.866370670294,0.814587178465,10.149431623,1.35801635101,1.13922951755,10.9217595095
12.64494,-0.912515459961,0.723825427995,10.1040507478,1.42873458448,1.13922951755,10.9217595095
12.646606,-0.912515459961,0.723825427995,10.1040507478,1.32265723427,1.10387040081,10.9217595095
12.648272,-0.912515459961,0.678444552759,10.1040507478,1.28729811753,1.06851128407,10.8853536583
12.649938,-0.912515459961,0.723825427995,10.1040507478,1.32265723427,1.10387040081,10.9217595095
12.651604,-0.912515459961,0.723825427995,10.1040507478,1.32265723427,1.10387040081,10.9217595095
12.65327,-0.912515459961,0.723825427995,10.1040507478,1.25193900079,1.13922951755,11.0287016972
12.654936,-0.958660249627,0.678444552759,10.1040507478,1.32265723427,1.10387040081,10.9217595095
12.656602,-0.866370670294,0.76920630323,10.1948124982,1.32265723427,1.10387040081,10.8853536583
12.658268,-0.912515459961,0.723825427995,10.1040507478,1.32265723427,1.10387040081,10.8853536583
12.659934,-0.912515459961,0.723825427995,10.1040507478,1.35801635101,1.13922951755,10.9217595095
12.6616,-0.912515459961,0.723825427995,10.1040507478,1.28729811753,1.06851128407,10.8853536583
12.663266,-0.912515459961,0.723825427995,10.1040507478,1.32265723427,1.10387040081,10.9217595095
12.664932,-0.912515459961,0.723825427995,10.1040507478,1.35801635101,1.06851128407,10.8853536583
12.666598,-0.912515459961,0.723825427995,10.1040507478,1.42873458448,1.17458863428,10.9217595095
12.668264,-0.866370670294,0.723825427995,10.1040507478,1.35801635101,1.10387040081,10.8853536583
12.66993,-0.912515459961,0.723825427995,10.1040507478,1.32265723427,1.06851128407,10.8489478072
12.671596,-0.912515459961,0.678444552759,10.1040507478,1.28729811753,1.06851128407,10.8853536583
12.673262,-0.866370670294,0.723825427995,10.149431623,1.32265723427,1.10387040081,10.8853536583
12.674928,-0.912515459961,0.678444552759,10.0586698725,1.25193900079,1.03315216734,10.9217595095
12.676594,-0.866370670294,0.678444552759,10.1040507478,1.35801635101,1.06851128407,10.8489478072
12.67826,-0.912515459961,0.678444552759,10.0586698725,1.32265723427,1.06851128407,10.8125419561
12.679926,-0.866370670294,0.723825427995,10.1040507478,1.32265723427,1.10387040081,10.8125419561
12.681592,-0.866370670294,0.723825427995,10.1040507478,1.35801635101,1.06851128407,10.8853536583
12.683258,-0.820225880627,0.723825427995,10.149431623,1.25193900079,1.03315216734,10.8853536583
12.684924,-0.77408109096,0.76920630323,10.1948124982,1.35801635101,1.06851128407,10.8853536583
12.68659,-0.866370670294,0.678444552759,10.0586698725,1.35801635101,1.06851128407,10.8489478072
12.688256,-0.866370670294,0.678444552759,10.0586698725,1.39337546774,1.10387040081,10.8489478072
12.689922,-0.866370670294,0.678444552759,10.0586698725,1.35801635101,1.10387040081,10.8853536583
12.691588,-0.820225880627,0.678444552759,10.0586698725,1.32265723427,1.03315216734,10.8125419561
12.693254,-0.866370670294,0.678444552759,10.1040507478,1.32265723427,1.06851128407,10.8125419561
12.69492,-0.866370670294,0.723825427995,10.0586698725,1.35801635101,1.06851128407,10.8489478072
12.696586,-0.866370670294,0.678444552759,10.0586698725,1.28729811753,1.03315216734,10.9217595095
12.698252,-0.866370670294,0.678444552759,10.0586698725,1.35801635101,1.06851128407,10.8125419561
12.699918,-0.866370670294,0.678444552759,10.0586698725,1.35801635101,1.06851128407,10.8125419561
12.701584,-0.866370670294,0.678444552759,10.0586698725,1.39337546774,0.997793050599,10.8125419561
12.70325,-0.866370670294,0.678444552759,10.0586698725,1.35801635101,0.997793050599,10.8125419561
12.704916,-0.866370670294,0.678444552759,10.0586698725,1.35801635101,0.997793050599,10.7397302538
12.706582,-0.77408109096,0.76920630323,10.1040507478,1.32265723427,1.03315216734,10.7761361049
12.708248,-0.866370670294,0.723825427995,10.0586698725,1.35801635101,1.06851128407,10.8125419561
12.709914,-0.820225880627,0.723825427995,10.0586698725,1.28729811753,1.03315216734,10.8853536583
12.71158,-0.866370670294,0.678444552759,10.0586698725,1.35801635101,1.06851128407,10.7761361049
12.713246,-0.866370670294,0.633063677524,10.0586698725,1.32265723427,0.962433933862,10.7397302538
12.714912,-0.727936301293,0.76920630323,10.149431623,1.35801635101,0.997793050599,10.7397302538
12.716578,-0.866370670294,0.723825427995,10.0586698725,1.35801635101,1.06851128407,10.8125419561
12.718244,-0.820225880627,0.723825427995,10.0586698725,1.35801635101,0.997793050599,10.7033244027
12.71991,-0.820225880627,0.678444552759,10.0586698725,1.35801635101,1.06851128407,10.7761361049
12.721576,-0.866370670294,0.678444552759,10.0132889973,1.35801635101,1.06851128407,10.7761361049
12.723242,-0.866370670294,0.678444552759,10.0586698725,1.42873458448,1.10387040081,10.8125419561
12.724908,-0.727936301293,0.76920630323,10.1040507478,1.39337546774,0.997793050599,10.7761361049
12.726574,-0.77408109096,0.76920630323,10.1040507478,1.35801635101,1.03315216734,10.7397302538
12.72824,-0.77408109096,0.76920630323,10.1040507478,1.35801635101,1.06851128407,10.7761361049
12.729906,-0.866370670294,0.678444552759,10.0586698725,1.39337546774,1.06851128407,10.8125419561
12.731572,-0.866370670294,0.678444552759,10.0132889973,1.32265723427,1.13922951755,10.8853536583
12.733238,-0.820225880627,0.678444552759,10.0132889973,1.39337546774,0.997793050599,10.7761361049
12.734904,-0.820225880627,0.723825427995,10.0586698725,1.35801635101,1.06851128407,10.7397302538
12.73657,-0.820225880627,0.723825427995,10.0586698725,1.39337546774,1.06851128407,10.7761361049
12.738236,-0.820225880627,0.723825427995,10.0586698725,1.42873458448,1.10387040081,10.8125419561
12.739902,-0.820225880627,0.678444552759,10.0586698725,1.32265723427,0.997793050599,10.7033244027
12.741568,-0.820225880627,0.723825427995,10.0586698725,1.35801635101,1.06851128407,10.7761361049
12.743234,-0.820225880627,0.678444552759,10.0586698725,1.35801635101,1.03315216734,10.7761361049
12.7449,-0.820225880627,0.723825427995,10.0586698725,1.42873458448,1.10387040081,10.7761361049
12.746566,-0.866370670294,0.678444552759,10.0132889973,1.39337546774,1.06851128407,10.8125419561
12.748232,-0.820225880627,0.723825427995,10.0586698725,1.35801635101,1.03315216734,10.7397302538
12.749898,-0.820225880627,0.723825427995,10.0586698725,1.39337546774,1.06851128407,10.8125419561
12.751564,-0.820225880627,0.723825427995,10.0586698725,1.35801635101,1.06851128407,10.8125419561
12.75323,-0.820225880627,0.723825427995,10.0586698725,1.32265723427,1.06851128407,10.8853536583
12.754896,-0.820225880627,0.723825427995,10.0586698725,1.39337546774,1.06851128407,10.8125419561
12.756562,-0.820225880627,0.723825427995,10.0586698725,1.39337546774,1.06851128407,10.8125419561
12.758228,-0.820225880627,0.76920630323,10.0586698725,1.42873458448,1.10387040081,10.8125419561
12.759894,-0.820225880627,0.723825427995,10.1040507478,1.39337546774,1.10387040081,10.8125419561
12.76156,-0.820225880627,0.723825427995,10.0586698725,1.35801635101,1.06851128407,10.7761361049
12.763226,-0.820225880627,0.723825427995,10.0586698725,1.35801635101,1.06851128407,10.7761361049
12.764892,-0.866370670294,0.723825427995,10.0586698725,1.39337546774,1.10387040081,10.8489478072
12.766558,-0.820225880627,0.723825427995,10.1040507478,1.35801635101,1.20994775102,10.9217595095
12.768224,-0.866370670294,0.76920630323,10.0586698725,1.39337546774,1.10387040081,10.8489478072
12.76989,-0.820225880627,0.723825427995,10.1040507478,1.35801635101,1.03315216734,10.7761361049
12.771556,-0.820225880627,0.723825427995,10.1040507478,1.35801635101,1.03315216734,10.8489478072
12.773222,-0.820225880627,0.723825427995,10.1040507478,1.39337546774,1.10387040081,10.8853536583
12.774888,-0.820225880627,0.76920630323,10.1040507478,1.35801635101,0.997793050599,10.7761361049
12.776554,-0.820225880627,0.76920630323,10.1040507478,1.39337546774,1.06851128407,10.8853536583
12.77822,-0.820225880627,0.723825427995,10.1040507478,1.39337546774,1.10387040081,10.8125419561
12.779886,-0.866370670294,0.723825427995,10.1040507478,1.49945281795,1.20994775102,10.9217595095
12.781552,-0.820225880627,0.76920630323,10.1040507478,1.39337546774,1.13922951755,10.8853536583
12.783218,-0.820225880627,0.723825427995,10.1040507478,1.35801635101,0.997793050599,10.8125419561
12.784884,-0.727936301293,0.814587178465,10.2401933735,1.35801635101,1.10387040081,10.8489478072
12.78655,-0.866370670294,0.723825427995,10.1040507478,1.39337546774,1.06851128407,10.8853536583
12.788216,-0.820225880627,0.76920630323,10.149431623,1.35801635101,1.06851128407,10.8125419561
12.789882,-0.820225880627,0.76920630323,10.149431623,1.39337546774,1.13922951755,10.8853536583
12.791548,-0.77408109096,0.859968053701,10.1948124982,1.39337546774,1.13922951755,10.8853536583
12.793214,-0.866370670294,0.723825427995,10.149431623,1.49945281795,1.13922951755,10.9217595095
12.79488,-0.820225880627,0.76920630323,10.149431623,1.39337546774,1.13922951755,10.9217595095
12.796546,-0.820225880627,0.76920630323,10.149431623,1.35801635101,1.10387040081,10.8489478072
12.798212,-0.866370670294,0.723825427995,10.149431623,1.35801635101,1.10387040081,10.8853536583
12.799878,-0.727936301293,0.905348928936,10.2401933735,1.35801635101,1.13922951755,10.8853536583
12.801544,-0.77408109096,0.814587178465,10.2401933735,1.32265723427,0.997793050599,10.9217595095
12.80321,-0.77408109096,0.814587178465,10.2401933735,1.39337546774,1.06851128407,10.9217595095
12.804876,-0.77408109096,0.814587178465,10.2401933735,1.35801635101,1.10387040081,10.8853536583
12.806542,-0.820225880627,0.76920630323,10.1948124982,1.35801635101,1.17458863428,10.9217595095
12.808208,-0.866370670294,0.76920630323,10.149431623,1.39337546774,1.17458863428,10.9581653606
12.809874,-0.866370670294,0.723825427995,10.149431623,1.32265723427,1.10387040081,10.8489478072
12.81154,-0.866370670294,0.723825427995,10.149431623,1.35801635101,1.06851128407,10.9217595095
12.813206,-0.866370670294,0.814587178465,10.1948124982,1.35801635101,1.20994775102,10.9217595095
12.814872,-0.820225880627,0.859968053701,10.2401933735,1.46409370122,1.24530686776,10.9922958461
12.816538,-0.912515459961,0.76920630323,10.149431623,1.39337546774,1.17458863428,10.9581653606
12.818204,-0.866370670294,0.814587178465,10.149431623,1.32265723427,1.10387040081,10.8853536583
12.81987,-0.866370670294,0.76920630323,10.149431623,1.35801635101,1.06851128407,10.9217595095
12.821536,-0.866370670294,0.76920630323,10.149431623,1.35801635101,1.10387040081,10.9581653606
12.823202,-0.866370670294,0.76920630323,10.1948124982,1.28729811753,1.20994775102,11.0287016972
12.824868,-0.866370670294,0.814587178465,10.1948124982,1.35801635101,1.20994775102,10.9581653606
12.826534,-0.866370670294,0.814587178465,10.149431623,1.35801635101,1.20994775102,10.9581653606
12.8282,-0.820225880627,0.814587178465,10.1948124982,1.35801635101,1.13922951755,10.9217595095
12.829866,-0.820225880627,0.814587178465,10.1948124982,1.35801635101,1.20994775102,10.9922958461
12.831532,-0.866370670294,0.76920630323,10.149431623,1.28729811753,1.13922951755,10.9217595095
12.833198,-0.866370670294,0.814587178465,10.149431623,1.35801635101,1.20994775102,10.9581653606
12.834864,-0.912515459961,0.814587178465,10.149431623,1.35801635101,1.17458863428,10.9922958461
12.83653,-0.866370670294,0.76920630323,10.149431623,1.46409370122,1.20994775102,10.9922958461
12.838196,-0.77408109096,0.814587178465,10.2401933735,1.35801635101,1.17458863428,10.9922958461
12.839862,-0.912515459961,0.76920630323,10.149431623,1.32265723427,1.13922951755,10.8853536583
12.841528,-0.912515459961,0.814587178465,10.149431623,1.35801635101,1.17458863428,10.9217595095
12.843194,-0.912515459961,0.814587178465,10.149431623,1.35801635101,1.17458863428,10.9581653606
12.84486,-0.866370670294,0.814587178465,10.149431623,1.35801635101,1.31602510123,11.0287016972
12.846526,-0.912515459961,0.814587178465,10.149431623,1.35801635101,1.20994775102,10.9922958461
12.848192,-0.912515459961,0.814587178465,10.1040507478,1.32265723427,1.17458863428,10.9217595095
12.849858,-0.866370670294,0.814587178465,10.149431623,1.35801635101,1.17458863428,10.9217595095
12.851524,-0.912515459961,0.814587178465,10.149431623,1.35801635101,1.20994775102,10.9581653606
12.85319,-0.912515459961,0.814587178465,10.149431623,1.28729811753,1.10387040081,10.8853536583
12.854856,-0.912515459961,0.76920630323,10.1040507478,1.35801635101,1.20994775102,10.9217595095
12.856522,-0.820225880627,0.905348928936,10.1948124982,1.35801635101,1.20994775102,10.9217595095
12.858188,-0.866370670294,0.814587178465,10.149431623,1.35801635101,1.20994775102,10.9217595095
12.859854,-0.866370670294,0.859968053701,10.1948124982,1.35801635101,1.20994775102,10.9581653606
12.86152,-0.912515459961,0.76920630323,10.1040507478,1.32265723427,1.10387040081,10.8853536583
12.863186,-0.912515459961,0.814587178465,10.1040507478,1.32265723427,1.20994775102,10.8853536583
12.864852,-0.912515459961,0.814587178465,10.149431623,1.35801635101,1.20994775102,10.9581653606
12.866518,-0.866370670294,0.814587178465,10.1040507478,1.28729811753,1.28066598449,11.0651075483
12.868184,-0.866370670294,0.76920630323,10.1040507478,1.35801635101,1.20994775102,10.9217595095
12.86985,-0.912515459961,0.76920630323,10.1040507478,1.32265723427,1.17458863428,10.8853536583
12.871516,-0.866370670294,0.76920630323,10.1040507478,1.35801635101,1.17458863428,10.9217595095
12.873182,-0.866370670294,0.76920630323,10.1040507478,1.35801635101,1.20994775102,10.9217595095
12.874848,-0.912515459961,0.76920630323,10.1040507478,1.28729811753,1.13922951755,10.9217595095
12.876514,-0.912515459961,0.76920630323,10.1040507478,1.35801635101,1.20994775102,10.9217595095
12.87818,-0.866370670294,0.76920630323,10.1040507478,1.35801635101,1.17458863428,10.8853536583
12.879846,-0.866370670294,0.76920630323,10.1040507478,1.42873458448,1.20994775102,10.8853536583
12.881512,-0.820225880627,0.859968053701,10.149431623,1.39337546774,1.20994775102,10.9217595095
12.883178,-0.866370670294,0.814587178465,10.1040507478,1.32265723427,1.17458863428,10.8489478072
12.884844,-0.866370670294,0.76920630323,10.1040507478,1.35801635101,1.17458863428,10.8853536583
12.88651,-0.866370670294,0.814587178465,10.1040507478,1.35801635101,1.20994775102,10.8853536583
12.888176,-0.866370670294,0.814587178465,10.1040507478,1.32265723427,1.28066598449,10.9922958461
12.889842,-0.866370670294,0.76920630323,10.1040507478,1.39337546774,1.13922951755,10.8853536583
12.891508,-0.77408109096,0.859968053701,10.1948124982,1.35801635101,1.13922951755,10.8489478072
12.893174,-0.820225880627,0.814587178465,10.1040507478,1.35801635101,1.17458863428,10.8125419561
12.89484,-0.820225880627,0.814587178465,10.1040507478,1.39337546774,1.17458863428,10.9217595095
12.896506,-0.820225880627,0.814587178465,10.149431623,1.35801635101,1.06851128407,10.8125419561
12.898172,-0.866370670294,0.723825427995,10.1040507478,1.35801635101,1.10387040081,10.8853536583
12.899838,-0.77408109096,0.859968053701,10.149431623,1.39337546774,1.17458863428,10.8489478072
12.901504,-0.866370670294,0.76920630323,10.1040507478,1.49945281795,1.20994775102,10.8853536583
12.90317,-0.820225880627,0.76920630323,10.1040507478,1.39337546774,1.17458863428,10.8489478072
12.904836,-0.866370670294,0.76920630323,10.1040507478,1.35801635101,1.10387040081,10.8125419561
12.906502,-0.820225880627,0.76920630323,10.1040507478,1.35801635101,1.10387040081,10.8489478072
12.908168,-0.77408109096,0.814587178465,10.149431623,1.39337546774,1.10387040081,10.8853536583
12.909834,-0.820225880627,0.76920630323,10.1040507478,1.32265723427,1.06851128407,10.8853536583
12.9115,-0.866370670294,0.76920630323,10.0586698725,1.39337546774,1.13922951755,10.8853536583
12.913166,-0.820225880627,0.814587178465,10.1040507478,1.39337546774,1.10387040081,10.8125419561
12.914832,-0.820225880627,0.723825427995,10.1040507478,1.49945281795,1.20994775102,10.8853536583
12.916498,-0.820225880627,0.76920630323,10.1040507478,1.39337546774,1.17458863428,10.8489478072
12.918164,-0.820225880627,0.723825427995,10.1040507478,1.35801635101,1.06851128407,10.7761361049
12.91983,-0.727936301293,0.859968053701,10.1948124982,1.35801635101,1.10387040081,10.8125419561
12.921496,-0.820225880627,0.76920630323,10.1040507478,1.39337546774,1.10387040081,10.8853536583
12.923162,-0.820225880627,0.76920630323,10.1040507478,1.35801635101,1.17458863428,10.9581653606
12.924828,-0.820225880627,0.76920630323,10.149431623,1.42873458448,1.10387040081,10.8489478072
12.926494,-0.820225880627,0.76920630323,10.1040507478,1.39337546774,1.06851128407,10.8125419561
12.92816,-0.820225880627,0.76920630323,10.1040507478,1.39337546774,1.06851128407,10.8125419561
12.929826,-0.820225880627,0.723825427995,10.1040507478,1.39337546774,1.06851128407,10.8489478072
12.931492,-0.820225880627,0.723825427995,10.1040507478,1.35801635101,1.03315216734,10.8489478072
12.933158,-0.820225880627,0.723825427995,10.1040507478,1.42873458448,1.10387040081,10.8489478072
12.934824,-0.820225880627,0.723825427995,10.1040507478,1.39337546774,1.06851128407,10.8125419561
12.93649,-0.77408109096,0.723825427995,10.1040507478,1.42873458448,1.06851128407,10.8125419561
12.938156,-0.77408109096,0.76920630323,10.1040507478,1.42873458448,1.10387040081,10.8853536583
12.939822,-0.820225880627,0.723825427995,10.1040507478,1.35801635101,1.06851128407,10.7761361049
12.941488,-0.820225880627,0.723825427995,10.149431623,1.39337546774,1.06851128407,10.8489478072
12.943154,-0.820225880627,0.723825427995,10.1040507478,1.42873458448,1.03315216734,10.8489478072
12.94482,-0.727936301293,0.76920630323,10.1948124982,1.46409370122,1.17458863428,10.9581653606
12.946486,-0.820225880627,0.723825427995,10.1040507478,1.42873458448,1.06851128407,10.8853536583
12.948152,-0.77408109096,0.723825427995,10.1040507478,1.39337546774,1.06851128407,10.8125419561
12.949818,-0.77408109096,0.723825427995,10.1040507478,1.39337546774,1.03315216734,10.8125419561
12.951484,-0.681791511626,0.814587178465,10.1948124982,1.42873458448,1.06851128407,10.8853536583
12.95315,-0.820225880627,0.723825427995,10.149431623,1.35801635101,0.962433933862,10.8489478072
12.954816,-0.820225880627,0.678444552759,10.1040507478,1.39337546774,1.06851128407,10.8489478072
12.956482,-0.820225880627,0.723825427995,10.1040507478,1.42873458448,1.06851128407,10.8489478072
12.958148,-0.77408109096,0.723825427995,10.149431623,1.49945281795,1.10387040081,10.8853536583
12.959814,-0.727936301293,0.814587178465,10.1948124982,1.42873458448,1.06851128407,10.8853536583
12.96148,-0.820225880627,0.723825427995,10.1040507478,1.39337546774,1.06851128407,10.8125419561
12.963146,-0.820225880627,0.723825427995,10.1040507478,1.35801635101,1.03315216734,10.8489478072
12.964812,-0.77408109096,0.723825427995,10.1040507478,1.39337546774,1.06851128407,10.8489478072
12.966478,-0.727936301293,0.76920630323,10.1948124982,1.35801635101,0.997793050599,10.7761361049
12.968144,-0.820225880627,0.723825427995,10.1040507478,1.39337546774,1.06851128407,10.8489478072
12.96981,-0.820225880627,0.723825427995,10.1040507478,1.46409370122,1.03315216734,10.8489478072
12.971476,-0.820225880627,0.678444552759,10.149431623,1.49945281795,1.06851128407,10.8125419561
12.973142,-0.820225880627,0.723825427995,10.1040507478,1.39337546774,1.06851128407,10.8489478072
12.974808,-0.820225880627,0.723825427995,10.1040507478,1.35801635101,1.03315216734,10.8125419561
12.976474,-0.820225880627,0.723825427995,10.1040507478,1.39337546774,1.06851128407,10.8489478072
12.97814,-0.820225880627,0.723825427995,10.1040507478,1.35801635101,1.10387040081,10.8489478072
12.979806,-0.727936301293,0.76920630323,10.149431623,1.35801635101,0.962433933862,10.8853536583
12.981472,-0.820225880627,0.723825427995,10.1040507478,1.39337546774,1.06851128407,10.8125419561
12.983138,-0.820225880627,0.723825427995,10.1040507478,1.39337546774,1.06851128407,10.8125419561
12.984804,-0.820225880627,0.723825427995,10.1040507478,1.39337546774,1.03315216734,10.8125419561
12.98647,-0.820225880627,0.678444552759,10.1040507478,1.39337546774,1.06851128407,10.8853536583
12.988136,-0.820225880627,0.678444552759,10.1040507478,1.32265723427,1.06851128407,10.9217595095
12.989802,-0.866370670294,0.678444552759,10.0586698725,1.42873458448,1.06851128407,10.8853536583
12.991468,-0.77408109096,0.723825427995,10.1040507478,1.35801635101,1.06851128407,10.8125419561
12.993134,-0.820225880627,0.723825427995,10.1040507478,1.39337546774,1.06851128407,10.8489478072
12.9948,-0.820225880627,0.678444552759,10.1040507478,1.39337546774,1.10387040081,10.8853536583
12.996466,-0.820225880627,0.678444552759,10.0586698725,1.35801635101,1.03315216734,10.7761361049
12.998132,-0.727936301293,0.76920630323,10.1948124982,1.35801635101,1.06851128407,10.8125419561
12.999798,-0.820225880627,0.723825427995,10.1040507478,1.39337546774,1.06851128407,10.8853536583
13.001464,-0.820225880627,0.723825427995,10.0586698725,1.49945281795,1.13922951755,10.8489478072
13.00313,-0.820225880627,0.723825427995,10.0586698725,1.39337546774,1.10387040081,10.8853536583
13.004796,-0.820225880627,0.723825427995,10.1040507478,1.32265723427,1.06851128407,10.7761361049
13.006462,-0.820225880627,0.723825427995,10.1040507478,1.35801635101,1.06851128407,10.8489478072
13.008128,-0.820225880627,0.723825427995,10.1040507478,1.35801635101,1.10387040081,10.8489478072
13.009794,-0.77408109096,0.76920630323,10.1948124982,1.32265723427,1.03315216734,10.8853536583
13.01146,-0.866370670294,0.678444552759,10.0586698725,1.35801635101,1.10387040081,10.8125419561
13.013126,-0.866370670294,0.723825427995,10.0586698725,1.39337546774,1.06851128407,10.8125419561
13.014792,-0.866370670294,0.678444552759,10.0586698725,1.42873458448,1.10387040081,10.8125419561
13.016458,-0.820225880627,0.723825427995,10.0586698725,1.39337546774,1.10387040081,10.8853536583
13.018124,-0.866370670294,0.723825427995,10.1040507478,1.32265723427,1.06851128407,10.7761361049
13.01979,-0.866370670294,0.723825427995,10.0586698725,1.35801635101,1.10387040081,10.8489478072
13.021456,-0.912515459961,0.723825427995,10.0586698725,1.35801635101,1.10387040081,10.8489478072
13.023122,-0.866370670294,0.678444552759,10.0586698725,1.46409370122,1.17458863428,10.8853536583
13.024788,-0.866370670294,0.723825427995,10.0586698725,1.35801635101,1.10387040081,10.8489478072
13.026454,-0.866370670294,0.723825427995,10.0586698725,1.32265723427,1.06851128407,10.8125419561
13.02812,-0.866370670294,0.723825427995,10.0586698725,1.35801635101,1.13922951755,10.8125419561
13.029786,-0.866370670294,0.723825427995,10.1040507478,1.35801635101,1.10387040081,10.8853536583
13.031452,-0.866370670294,0.723825427995,10.1040507478,1.42873458448,1.20994775102,10.8853536583
13.033118,-0.866370670294,0.76920630323,10.1040507478,1.35801635101,1.10387040081,10.8853536583
13.034784,-0.866370670294,0.723825427995,10.0586698725,1.32265723427,1.10387040081,10.7761361049
13.03645,-0.866370670294,0.76920630323,10.0586698725,1.35801635101,1.10387040081,10.8125419561
13.038116,-0.820225880627,0.76920630323,10.149431623,1.35801635101,1.17458863428,10.8853536583
13.039782,-0.866370670294,0.723825427995,10.0586698725,1.28729811753,1.06851128407,10.7761361049
13.041448,-0.77408109096,0.814587178465,10.149431623,1.35801635101,1.13922951755,10.8489478072
13.043114,-0.866370670294,0.76920630323,10.1040507478,1.32265723427,1.13922951755,10.8125419561
13.04478,-0.820225880627,0.814587178465,10.1040507478,1.35801635101,1.13922951755,10.8489478072
13.046446,-0.912515459961,0.723825427995,10.0586698725,1.35801635101,1.17458863428,10.8853536583
13.048112,-0.866370670294,0.723825427995,10.0586698725,1.28729811753,1.06851128407,10.8125419561
13.049778,-0.866370670294,0.723825427995,10.0586698725,1.32265723427,1.13922951755,10.8853536583
13.051444,-0.866370670294,0.76920630323,10.0586698725,1.35801635101,1.17458863428,10.8853536583
13.05311,-0.866370670294,0.76920630323,10.0586698725,1.39337546774,1.24530686776,10.9581653606
13.054776,-0.912515459961,0.76920630323,10.0586698725,1.35801635101,1.17458863428,10.8853536583
13.056442,-0.912515459961,0.76920630323,10.0586698725,1.35801635101,1.13922951755,10.8489478072
13.058108,-0.866370670294,0.76920630323,10.0586698725,1.32265723427,1.13922951755,10.8125419561
13.059774,-0.866370670294,0.76920630323,10.1040507478,1.35801635101,1.17458863428,10.9217595095
13.06144,-0.866370670294,0.723825427995,10.0586698725,1.28729811753,1.10387040081,10.8125419561
13.063106,-0.912515459961,0.76920630323,10.0586698725,1.35801635101,1.17458863428,10.8853536583
13.064772,-0.912515459961,0.76920630323,10.0586698725,1.35801635101,1.17458863428,10.8853536583
13.066438,-0.866370670294,0.76920630323,10.1040507478,1.39337546774,1.20994775102,10.8853536583
13.068104,-0.866370670294,0.76920630323,10.1040507478,1.35801635101,1.13922951755,10.8853536583
13.06977,-0.866370670294,0.76920630323,10.1040507478,1.32265723427,1.06851128407,10.8125419561
13.071436,-0.866370670294,0.76920630323,10.1040507478,1.32265723427,1.13922951755,10.8853536583
13.073102,-0.866370670294,0.76920630323,10.1040507478,1.35801635101,1.13922951755,10.8853536583
13.074768,-0.820225880627,0.814587178465,10.149431623,1.35801635101,1.28066598449,10.9922958461
13.076434,-0.866370670294,0.723825427995,10.1040507478,1.35801635101,1.10387040081,10.8853536583
13.0781,-0.866370670294,0.76920630323,10.1040507478,1.35801635101,1.17458863428,10.8489478072
13.079766,-0.77408109096,0.859968053701,10.1948124982,1.35801635101,1.13922951755,10.8853536583
13.081432,-0.866370670294,0.76920630323,10.149431623,1.35801635101,1.17458863428,10.8853536583
13.083098,-0.866370670294,0.76920630323,10.1040507478,1.28729811753,1.06851128407,10.8125419561
13.084764,-0.866370670294,0.76920630323,10.1040507478,1.35801635101,1.13922951755,10.8853536583
13.08643,-0.912515459961,0.76920630323,10.1040507478,1.35801635101,1.13922951755,10.8853536583
13.088096,-0.866370670294,0.723825427995,10.1040507478,1.42873458448,1.20994775102,10.8853536583
13.089762,-0.866370670294,0.76920630323,10.149431623,1.39337546774,1.13922951755,10.9217595095
13.091428,-0.866370670294,0.76920630323,10.1040507478,1.32265723427,1.13922951755,10.8853536583
13.093094,-0.866370670294,0.76920630323,10.1040507478,1.32265723427,1.10387040081,10.8853536583
13.09476,-0.866370670294,0.76920630323,10.149431623,1.35801635101,1.13922951755,10.8853536583
13.096426,-0.866370670294,0.76920630323,10.1040507478,1.32265723427,1.06851128407,10.9217595095
13.098092,-0.866370670294,0.76920630323,10.149431623,1.35801635101,1.17458863428,10.8853536583
13.099758,-0.820225880627,0.76920630323,10.149431623,1.39337546774,1.10387040081,10.8853536583
13.101424,-0.820225880627,0.76920630323,10.149431623,1.35801635101,1.17458863428,10.8853536583
13.10309,-0.866370670294,0.76920630323,10.149431623,1.39337546774,1.10387040081,10.8853536583
13.104756,-0.820225880627,0.76920630323,10.149431623,1.32265723427,1.06851128407,10.8125419561
13.106422,-0.866370670294,0.76920630323,10.149431623,1.35801635101,1.13922951755,10.8853536583
13.108088,-0.866370670294,0.76920630323,10.149431623,1.35801635101,1.13922951755,10.8853536583
13.109754,-0.820225880627,0.76920630323,10.149431623,1.49945281795,1.20994775102,10.9581653606
13.11142,-0.820225880627,0.76920630323,10.149431623,1.42873458448,1.13922951755,10.9217595095
13.113086,-0.820225880627,0.76920630323,10.149431623,1.35801635101,1.10387040081,10.8489478072
13.114752,-0.77408109096,0.814587178465,10.1948124982,1.35801635101,1.10387040081,10.8853536583
13.116418,-0.820225880627,0.814587178465,10.149431623,1.39337546774,1.17458863428,10.8853536583
13.118084,-0.820225880627,0.76920630323,10.1948124982,1.28729811753,1.06851128407,10.9581653606
13.11975,-0.820225880627,0.76920630323,10.149431623,1.39337546774,1.13922951755,10.8853536583
13.121416,-0.820225880627,0.76920630323,10.149431623,1.39337546774,1.13922951755,10.8853536583
13.123082,-0.77408109096,0.859968053701,10.2401933735,1.42873458448,1.13922951755,10.8853536583
13.124748,-0.820225880627,0.76920630323,10.1948124982,1.42873458448,1.17458863428,10.8853536583
13.126414,-0.820225880627,0.76920630323,10.149431623,1.35801635101,1.06851128407,10.8489478072
13.12808,-0.820225880627,0.76920630323,10.1948124982,1.39337546774,1.13922951755,10.8125419561
13.129746,-0.77408109096,0.814587178465,10.1948124982,1.42873458448,1.10387040081,10.8853536583
13.131412,-0.820225880627,0.76920630323,10.149431623,1.39337546774,1.20994775102,10.9922958461
13.133078,-0.820225880627,0.76920630323,10.149431623,1.39337546774,1.10387040081,10.9217595095
13.134744,-0.77408109096,0.76920630323,10.1948124982,1.35801635101,1.10387040081,10.8489478072
13.13641,-0.820225880627,0.76920630323,10.149431623,1.39337546774,1.10387040081,10.8489478072
13.138076,-0.820225880627,0.76920630323,10.1948124982,1.42873458448,1.17458863428,10.8853536583
13.139742,-0.820225880627,0.76920630323,10.1948124982,1.35801635101,1.06851128407,10.8125419561
13.141408,-0.820225880627,0.76920630323,10.1948124982,1.39337546774,1.13922951755,10.8853536583
13.143074,-0.820225880627,0.814587178465,10.1948124982,1.39337546774,1.13922951755,10.8853536583
13.14474,-0.820225880627,0.76920630323,10.149431623,1.49945281795,1.20994775102,10.9217595095
13.146406,-0.820225880627,0.76920630323,10.149431623,1.42873458448,1.10387040081,10.9217595095
13.148072,-0.77408109096,0.814587178465,10.149431623,1.35801635101,1.10387040081,10.8125419561
13.149738,-0.820225880627,0.76920630323,10.149431623,1.42873458448,1.06851128407,10.8853536583
13.151404,-0.820225880627,0.76920630323,10.149431623,1.42873458448,1.10387040081,10.8489478072
13.15307,-0.77408109096,0.814587178465,10.149431623,1.46409370122,1.24530686776,10.9581653606
13.154736,-0.820225880627,0.76920630323,10.1948124982,1.39337546774,1.17458863428,10.8853536583
13.156402,-0.820225880627,0.76920630323,10.1040507478,1.42873458448,1.06851128407,10.8489478072
13.158068,-0.820225880627,0.76920630323,10.149431623,1.39337546774,1.10387040081,10.8125419561
13.159734,-0.77408109096,0.76920630323,10.149431623,1.39337546774,1.13922951755,10.8853536583
13.1614,-0.77408109096,0.859968053701,10.1948124982,1.32265723427,1.06851128407,10.7761361049
13.163066,-0.820225880627,0.76920630323,10.1040507478,1.39337546774,1.13922951755,10.8853536583
13.164732,-0.820225880627,0.76920630323,10.149431623,1.39337546774,1.13922951755,10.8853536583
13.166398,-0.820225880627,0.76920630323,10.149431623,1.53481193469,1.20994775102,10.8853536583
13.168064,-0.727936301293,0.859968053701,10.2401933735,1.39337546774,1.13922951755,10.8853536583
13.16973,-0.820225880627,0.76920630323,10.149431623,1.39337546774,1.06851128407,10.8125419561
13.171396,-0.820225880627,0.76920630323,10.149431623,1.35801635101,1.13922951755,10.8125419561
13.173062,-0.820225880627,0.814587178465,10.149431623,1.39337546774,1.13922951755,10.8853536583
13.174728,-0.727936301293,0.905348928936,10.2401933735,1.35801635101,1.06851128407,10.7761361049
13.176394,-0.820225880627,0.76920630323,10.149431623,1.39337546774,1.10387040081,10.8853536583
13.17806,-0.820225880627,0.76920630323,10.149431623,1.39337546774,1.13922951755,10.8853536583
13.179726,-0.820225880627,0.76920630323,10.149431623,1.53481193469,1.20994775102,10.8853536583
13.181392,-0.820225880627,0.859968053701,10.149431623,1.42873458448,1.13922951755,10.8853536583
13.183058,-0.727936301293,0.905348928936,10.1948124982,1.35801635101,1.06851128407,10.8125419561
13.184724,-0.866370670294,0.76920630323,10.149431623,1.35801635101,1.13922951755,10.8489478072
13.18639,-0.866370670294,0.76920630323,10.1040507478,1.39337546774,1.10387040081,10.8853536583
13.188056,-0.820225880627,0.76920630323,10.1040507478,1.32265723427,1.20994775102,10.9217595095
13.189722,-0.820225880627,0.814587178465,10.1040507478,1.39337546774,1.13922951755,10.8853536583
13.191388,-0.77408109096,0.905348928936,10.1948124982,1.39337546774,1.17458863428,10.8489478072
13.193054,-0.77408109096,0.905348928936,10.1948124982,1.35801635101,1.13922951755,10.8125419561
13.19472,-0.77408109096,0.814587178465,10.1948124982,1.39337546774,1.17458863428,10.8853536583
13.196386,-0.77408109096,0.814587178465,10.149431623,1.35801635101,1.06851128407,10.7761361049
13.198052,-0.866370670294,0.76920630323,10.1040507478,1.35801635101,1.10387040081,10.8853536583
13.199718,-0.866370670294,0.76920630323,10.1040507478,1.39337546774,1.13922951755,10.8853536583
13.201384,-0.866370670294,0.76920630323,10.1040507478,1.46409370122,1.20994775102,10.8853536583
13.20305,-0.866370670294,0.76920630323,10.1040507478,1.39337546774,1.17458863428,10.8489478072
13.204716,-0.866370670294,0.76920630323,10.1040507478,1.35801635101,1.10387040081,10.8125419561
13.206382,-0.866370670294,0.814587178465,10.1040507478,1.35801635101,1.13922951755,10.8489478072
13.208048,-0.866370670294,0.814587178465,10.1040507478,1.39337546774,1.17458863428,10.8853536583
13.209714,-0.820225880627,0.814587178465,10.1040507478,1.28729811753,1.17458863428,10.9217595095
13.21138,-0.866370670294,0.76920630323,10.1040507478,1.35801635101,1.17458863428,10.8853536583
13.213046,-0.866370670294,0.76920630323,10.1040507478,1.35801635101,1.13922951755,10.8489478072
13.214712,-0.866370670294,0.76920630323,10.1040507478,1.42873458448,1.20994775102,10.8853536583
13.216378,-0.866370670294,0.76920630323,10.1040507478,1.35801635101,1.17458863428,10.8853536583
13.218044,-0.866370670294,0.76920630323,10.1040507478,1.35801635101,1.10387040081,10.8489478072
13.21971,-0.866370670294,0.76920630323,10.1040507478,1.32265723427,1.13922951755,10.8489478072
13.221376,-0.866370670294,0.76920630323,10.1040507478,1.35801635101,1.13922951755,10.8853536583
13.223042,-0.866370670294,0.723825427995,10.1040507478,1.32265723427,1.06851128407,10.7761361049
13.224708,-0.866370670294,0.76920630323,10.1040507478,1.35801635101,1.17458863428,10.8853536583
13.226374,-0.866370670294,0.814587178465,10.1040507478,1.35801635101,1.17458863428,10.8853536583
13.22804,-0.77408109096,0.905348928936,10.1948124982,1.46409370122,1.20994775102,10.8853536583
13.229706,-0.866370670294,0.76920630323,10.1040507478,1.35801635101,1.17458863428,10.8853536583
13.231372,-0.866370670294,0.76920630323,10.1040507478,1.32265723427,1.13922951755,10.8125419561
13.233038,-0.912515459961,0.723825427995,10.1040507478,1.32265723427,1.13922951755,10.8125419561
13.234704,-0.77408109096,0.905348928936,10.2401933735,1.35801635101,1.17458863428,10.8853536583
13.23637,-0.912515459961,0.723825427995,10.1040507478,1.28729811753,1.06851128407,10.8489478072
13.238036,-0.866370670294,0.723825427995,10.1040507478,1.35801635101,1.13922951755,10.8853536583
13.239702,-0.912515459961,0.76920630323,10.1040507478,1.32265723427,1.13922951755,10.8853536583
13.241368,-0.866370670294,0.76920630323,10.1040507478,1.39337546774,1.17458863428,10.8853536583
13.243034,-0.912515459961,0.76920630323,10.1040507478,1.32265723427,1.13922951755,10.8853536583
13.2447,-0.820225880627,0.859968053701,10.1948124982,1.28729811753,1.10387040081,10.8489478072
13.246366,-0.866370670294,0.76920630323,10.149431623,1.35801635101,1.13922951755,10.8853536583
13.248032,-0.912515459961,0.76920630323,10.1040507478,1.32265723427,1.13922951755,10.8853536583
13.249698,-0.912515459961,0.723825427995,10.1040507478,1.42873458448,1.20994775102,10.8853536583
13.251364,-0.912515459961,0.723825427995,10.1040507478,1.35801635101,1.13922951755,10.9217595095
13.25303,-0.912515459961,0.723825427995,10.1040507478,1.28729811753,1.06851128407,10.8489478072
13.254696,-0.912515459961,0.76920630323,10.1040507478,1.28729811753,1.13922951755,10.8853536583
13.256362,-0.912515459961,0.723825427995,10.1040507478,1.32265723427,1.17458863428,10.8853536583
13.258028,-0.912515459961,0.723825427995,10.1040507478,1.35801635101,1.13922951755,10.8853536583
13.259694,-0.912515459961,0.723825427995,10.1040507478,1.32265723427,1.10387040081,10.8853536583
13.26136,-0.912515459961,0.723825427995,10.1040507478,1.28729811753,1.06851128407,10.8489478072
13.263026,-0.912515459961,0.723825427995,10.1040507478,1.32265723427,1.10387040081,10.9217595095
13.264692,-0.912515459961,0.723825427995,10.1040507478,1.32265723427,1.13922951755,10.8853536583
13.266358,-0.912515459961,0.723825427995,10.1040507478,1.39337546774,1.20994775102,10.9217595095
13.268024,-0.912515459961,0.678444552759,10.1040507478,1.35801635101,1.10387040081,10.8853536583
13.26969,-0.912515459961,0.723825427995,10.1040507478,1.28729811753,1.06851128407,10.8125419561
13.271356,-0.912515459961,0.723825427995,10.1040507478,1.32265723427,1.10387040081,10.8853536583
13.273022,-0.912515459961,0.723825427995,10.1040507478,1.32265723427,1.10387040081,10.8853536583
13.274688,-0.912515459961,0.723825427995,10.1040507478,1.32265723427,1.20994775102,10.9922958461
13.276354,-0.820225880627,0.76920630323,10.149431623,1.32265723427,1.13922951755,10.8853536583
13.27802,-0.912515459961,0.723825427995,10.1040507478,1.32265723427,1.10387040081,10.8853536583
13.279686,-0.866370670294,0.723825427995,10.1040507478,1.28729811753,1.10387040081,10.8853536583
13.281352,-0.912515459961,0.76920630323,10.1040507478,1.35801635101,1.13922951755,10.8853536583
13.283018,-0.912515459961,0.723825427995,10.1040507478,1.28729811753,1.06851128407,10.8125419561
13.284684,-0.820225880627,0.76920630323,10.149431623,1.35801635101,1.10387040081,10.8853536583
13.28635,-0.912515459961,0.678444552759,10.1040507478,1.32265723427,1.06851128407,10.8853536583
13.288016,-0.912515459961,0.723825427995,10.1040507478,1.35801635101,1.10387040081,10.8853536583
13.289682,-0.912515459961,0.723825427995,10.1040507478,1.35801635101,1.10387040081,10.8853536583
13.291348,-0.912515459961,0.723825427995,10.1040507478,1.28729811753,1.03315216734,10.8125419561
13.293014,-0.866370670294,0.76920630323,10.149431623,1.35801635101,1.10387040081,10.8853536583
13.29468,-0.912515459961,0.723825427995,10.1040507478,1.35801635101,1.06851128407,10.8853536583
13.296346,-0.912515459961,0.678444552759,10.1040507478,1.46409370122,1.17458863428,10.8853536583
13.298012,-0.912515459961,0.723825427995,10.0586698725,1.35801635101,1.10387040081,10.8853536583
13.299678,-0.912515459961,0.723825427995,10.1040507478,1.28729811753,1.06851128407,10.8125419561
13.301344,-0.912515459961,0.723825427995,10.1040507478,1.35801635101,1.06851128407,10.8853536583
13.30301,-0.866370670294,0.723825427995,10.1040507478,1.35801635101,1.06851128407,10.8853536583
13.304676,-0.866370670294,0.723825427995,10.1040507478,1.46409370122,1.20994775102,10.8853536583
13.306342,-0.866370670294,0.678444552759,10.0586698725,1.35801635101,1.10387040081,10.8489478072
13.308008,-0.866370670294,0.678444552759,10.1040507478,1.32265723427,1.06851128407,10.8125419561
13.309674,-0.866370670294,0.723825427995,10.1040507478,1.35801635101,1.06851128407,10.8125419561
13.31134,-0.866370670294,0.723825427995,10.1040507478,1.39337546774,1.10387040081,10.8853536583
13.313006,-0.820225880627,0.723825427995,10.1040507478,1.28729811753,1.03315216734,10.8125419561
13.314672,-0.866370670294,0.723825427995,10.1040507478,1.35801635101,1.10387040081,10.8125419561
13.316338,-0.866370670294,0.723825427995,10.1040507478,1.35801635101,1.06851128407,10.8125419561
13.318004,-0.866370670294,0.723825427995,10.0586698725,1.39337546774,1.10387040081,10.8125419561
13.31967,-0.866370670294,0.723825427995,10.1040507478,1.35801635101,1.10387040081,10.8489478072
13.321336,-0.77408109096,0.814587178465,10.149431623,1.35801635101,1.06851128407,10.7761361049
13.323002,-0.77408109096,0.814587178465,10.149431623,1.35801635101,1.06851128407,10.8125419561
13.324668,-0.77408109096,0.76920630323,10.149431623,1.35801635101,1.10387040081,10.8125419561
13.326334,-0.727936301293,0.814587178465,10.1948124982,1.28729811753,1.03315216734,10.8853536583
13.328,-0.866370670294,0.723825427995,10.1040507478,1.39337546774,1.06851128407,10.8125419561
13.329666,-0.866370670294,0.678444552759,10.1040507478,1.35801635101,1.06851128407,10.7761361049
13.331332,-0.820225880627,0.723825427995,10.1040507478,1.35801635101,1.06851128407,10.7761361049
13.332998,-0.820225880627,0.723825427995,10.1040507478,1.39337546774,1.06851128407,10.8125419561
13.334664,-0.820225880627,0.723825427995,10.149431623,1.35801635101,0.997793050599,10.7397302538
13.33633,-0.820225880627,0.723825427995,10.1040507478,1.35801635101,1.06851128407,10.8125419561
13.337996,-0.820225880627,0.723825427995,10.1040507478,1.39337546774,1.06851128407,10.8125419561
13.339662,-0.77408109096,0.723825427995,10.1040507478,1.49945281795,1.17458863428,10.8125419561
13.341328,-0.866370670294,0.723825427995,10.0586698725,1.39337546774,1.10387040081,10.8125419561
13.342994,-0.820225880627,0.723825427995,10.0586698725,1.35801635101,1.06851128407,10.7761361049
13.34466,-0.77408109096,0.814587178465,10.149431623,1.35801635101,1.06851128407,10.7761361049
13.346326,-0.820225880627,0.723825427995,10.0586698725,1.39337546774,1.10387040081,10.8489478072
13.347992,-0.77408109096,0.76920630323,10.1040507478,1.32265723427,0.997793050599,10.8489478072
13.349658,-0.820225880627,0.723825427995,10.0586698725,1.39337546774,1.06851128407,10.8125419561
13.351324,-0.820225880627,0.723825427995,10.0586698725,1.39337546774,1.06851128407,10.7761361049
13.35299,-0.820225880627,0.76920630323,10.1040507478,1.49945281795,1.13922951755,10.8125419561
13.354656,-0.820225880627,0.723825427995,10.0586698725,1.39337546774,1.10387040081,10.8125419561
13.356322,-0.77408109096,0.76920630323,10.1948124982,1.35801635101,1.03315216734,10.7761361049
13.357988,-0.820225880627,0.723825427995,10.0586698725,1.35801635101,1.06851128407,10.7761361049
13.359654,-0.820225880627,0.723825427995,10.0586698725,1.39337546774,1.06851128407,10.8125419561
13.36132,-0.820225880627,0.76920630323,10.0586698725,1.35801635101,1.03315216734,10.7397302538
13.362986,-0.820225880627,0.723825427995,10.1040507478,1.39337546774,1.06851128407,10.8125419561
13.364652,-0.820225880627,0.723825427995,10.0586698725,1.35801635101,1.06851128407,10.7761361049
13.366318,-0.820225880627,0.76920630323,10.1040507478,1.49945281795,1.17458863428,10.8489478072
13.367984,-0.820225880627,0.76920630323,10.1040507478,1.39337546774,1.13922951755,10.8125419561
13.36965,-0.820225880627,0.76920630323,10.1040507478,1.39337546774,1.06851128407,10.7761361049
13.371316,-0.77408109096,0.76920630323,10.1040507478,1.35801635101,1.10387040081,10.7761361049
13.372982,-0.820225880627,0.723825427995,10.0586698725,1.39337546774,1.03315216734,10.8125419561
13.374648,-0.820225880627,0.76920630323,10.1040507478,1.32265723427,1.13922951755,10.9217595095
13.376314,-0.727936301293,0.859968053701,10.149431623,1.39337546774,1.10387040081,10.8125419561
13.37798,-0.866370670294,0.723825427995,10.0586698725,1.35801635101,1.06851128407,10.7761361049
13.379646,-0.866370670294,0.723825427995,10.0586698725,1.35801635101,1.06851128407,10.8125419561
13.381312,-0.820225880627,0.723825427995,10.1040507478,1.39337546774,1.06851128407,10.8489478072
13.382978,-0.820225880627,0.76920630323,10.1040507478,1.35801635101,1.06851128407,10.7761361049
13.384644,-0.820225880627,0.76920630323,10.1040507478,1.35801635101,1.06851128407,10.8489478072
13.38631,-0.820225880627,0.76920630323,10.149431623,1.35801635101,1.06851128407,10.8489478072
13.387976,-0.820225880627,0.76920630323,10.1040507478,1.46409370122,1.13922951755,10.8853536583
13.389642,-0.820225880627,0.814587178465,10.149431623,1.39337546774,1.10387040081,10.8853536583
13.391308,-0.727936301293,0.859968053701,10.149431623,1.35801635101,1.10387040081,10.7761361049
13.392974,-0.820225880627,0.76920630323,10.149431623,1.35801635101,1.10387040081,10.8125419561
13.39464,-0.820225880627,0.76920630323,10.1040507478,1.39337546774,1.17458863428,10.8489478072
13.396306,-0.866370670294,0.723825427995,10.1040507478,1.46409370122,1.17458863428,10.9581653606
13.397972,-0.820225880627,0.814587178465,10.149431623,1.35801635101,1.13922951755,10.8489478072
13.399638,-0.820225880627,0.76920630323,10.1040507478,1.35801635101,1.06851128407,10.8125419561
13.401304,-0.866370670294,0.76920630323,10.1040507478,1.35801635101,1.10387040081,10.8125419561
13.40297,-0.866370670294,0.76920630323,10.149431623,1.39337546774,1.13922951755,10.8853536583
13.404636,-0.77408109096,0.905348928936,10.1948124982,1.32265723427,1.10387040081,10.8125419561
13.406302,-0.77408109096,0.859968053701,10.1948124982,1.35801635101,1.17458863428,10.8853536583
13.407968,-0.77408109096,0.905348928936,10.2401933735,1.35801635101,1.10387040081,10.8489478072
13.409634,-0.77408109096,0.905348928936,10.2401933735,1.46409370122,1.17458863428,10.8853536583
13.4113,-0.866370670294,0.723825427995,10.1040507478,1.35801635101,1.10387040081,10.8853536583
13.412966,-0.866370670294,0.76920630323,10.149431623,1.35801635101,1.10387040081,10.8489478072
13.414632,-0.866370670294,0.76920630323,10.1040507478,1.35801635101,1.06851128407,10.8853536583
13.416298,-0.866370670294,0.76920630323,10.149431623,1.39337546774,1.17458863428,10.9217595095
13.417964,-0.77408109096,0.859968053701,10.1948124982,1.28729811753,1.20994775102,11.0287016972
13.41963,-0.866370670294,0.723825427995,10.149431623,1.35801635101,1.06851128407,10.8853536583
13.421296,-0.866370670294,0.76920630323,10.149431623,1.35801635101,1.13922951755,10.8853536583
13.422962,-0.866370670294,0.76920630323,10.149431623,1.35801635101,1.10387040081,10.8853536583
13.424628,-0.866370670294,0.76920630323,10.149431623,1.35801635101,1.10387040081,10.9217595095
13.426294,-0.866370670294,0.76920630323,10.149431623,1.28729811753,1.10387040081,11.0287016972
13.42796,-0.866370670294,0.76920630323,10.149431623,1.35801635101,1.13922951755,10.9217595095
13.429626,-0.866370670294,0.814587178465,10.149431623,1.35801635101,1.17458863428,10.9217595095
13.431292,-0.866370670294,0.76920630323,10.149431623,1.32265723427,1.13922951755,10.8853536583
13.432958,-0.866370670294,0.76920630323,10.149431623,1.35801635101,1.17458863428,10.9217595095
13.434624,-0.820225880627,0.814587178465,10.1948124982,1.28729811753,1.10387040081,10.8489478072
13.43629,-0.77408109096,0.859968053701,10.2401933735,1.35801635101,1.17458863428,10.9217595095
13.437956,-0.866370670294,0.76920630323,10.149431623,1.35801635101,1.10387040081,10.8853536583
13.439622,-0.866370670294,0.76920630323,10.149431623,1.39337546774,1.17458863428,10.8853536583
13.441288,-0.912515459961,0.76920630323,10.149431623,1.39337546774,1.17458863428,10.9581653606
13.442954,-0.866370670294,0.814587178465,10.149431623,1.32265723427,1.10387040081,10.8489478072
13.44462,-0.866370670294,0.76920630323,10.149431623,1.32265723427,1.20994775102,10.9217595095
13.446286,-0.866370670294,0.76920630323,10.149431623,1.35801635101,1.10387040081,10.9217595095
13.447952,-0.866370670294,0.814587178465,10.149431623,1.42873458448,1.20994775102,10.9581653606
13.449618,-0.866370670294,0.76920630323,10.1948124982,1.35801635101,1.20994775102,10.9922958461
13.451284,-0.912515459961,0.76920630323,10.149431623,1.32265723427,1.10387040081,10.8853536583
13.45295,-0.866370670294,0.76920630323,10.149431623,1.32265723427,1.06851128407,10.9217595095
13.454616,-0.866370670294,0.814587178465,10.149431623,1.35801635101,1.20994775102,10.9581653606
13.456282,-0.866370670294,0.814587178465,10.1948124982,1.35801635101,1.24530686776,11.0651075483
13.457948,-0.866370670294,0.76920630323,10.149431623,1.35801635101,1.20994775102,10.9922958461
13.459614,-0.866370670294,0.814587178465,10.149431623,1.35801635101,1.17458863428,10.9217595095
13.46128,-0.866370670294,0.814587178465,10.149431623,1.35801635101,1.17458863428,10.9217595095
13.462946,-0.912515459961,0.723825427995,10.149431623,1.35801635101,1.13922951755,10.9581653606
13.464612,-0.912515459961,0.76920630323,10.149431623,1.32265723427,1.06851128407,10.8853536583
13.466278,-0.866370670294,0.814587178465,10.149431623,1.35801635101,1.20994775102,10.9217595095
13.467944,-0.912515459961,0.814587178465,10.149431623,1.35801635101,1.17458863428,10.9581653606
13.46961,-0.912515459961,0.76920630323,10.149431623,1.42873458448,1.20994775102,10.9217595095
13.471276,-0.866370670294,0.814587178465,10.149431623,1.35801635101,1.20994775102,10.9581653606
13.472942,-0.77408109096,0.905348928936,10.2401933735,1.25193900079,1.10387040081,10.8853536583
13.474608,-0.866370670294,0.814587178465,10.1948124982,1.35801635101,1.06851128407,10.9217595095
13.476274,-0.912515459961,0.76920630323,10.149431623,1.35801635101,1.17458863428,10.9217595095
13.47794,-0.912515459961,0.76920630323,10.149431623,1.42873458448,1.20994775102,10.8853536583
13.479606,-0.866370670294,0.76920630323,10.149431623,1.35801635101,1.20994775102,10.9217595095
13.481272,-0.866370670294,0.814587178465,10.149431623,1.32265723427,1.13922951755,10.8853536583
13.482938,-0.866370670294,0.814587178465,10.149431623,1.35801635101,1.17458863428,10.8853536583
13.484604,-0.866370670294,0.76920630323,10.149431623,1.35801635101,1.17458863428,10.9217595095
13.48627,-0.866370670294,0.76920630323,10.149431623,1.28729811753,1.20994775102,11.0287016972
13.487936,-0.866370670294,0.814587178465,10.1040507478,1.35801635101,1.17458863428,10.9217595095
13.489602,-0.866370670294,0.76920630323,10.149431623,1.35801635101,1.10387040081,10.8853536583
13.491268,-0.866370670294,0.76920630323,10.1040507478,1.35801635101,1.06851128407,10.8853536583
13.492934,-0.866370670294,0.76920630323,10.1040507478,1.39337546774,1.20994775102,10.9217595095
13.4946,-0.866370670294,0.814587178465,10.149431623,1.28729811753,1.06851128407,10.9217595095
13.496266,-0.866370670294,0.76920630323,10.149431623,1.35801635101,1.20994775102,10.8853536583
13.497932,-0.866370670294,0.814587178465,10.149431623,1.39337546774,1.17458863428,10.8853536583
13.499598,-0.866370670294,0.814587178465,10.149431623,1.42873458448,1.17458863428,10.8853536583
13.501264,-0.820225880627,0.814587178465,10.1040507478,1.39337546774,1.17458863428,10.8853536583
13.50293,-0.866370670294,0.76920630323,10.1040507478,1.35801635101,1.10387040081,10.8125419561
13.504596,-0.866370670294,0.814587178465,10.1040507478,1.35801635101,1.13922951755,10.8853536583
13.506262,-0.820225880627,0.76920630323,10.149431623,1.35801635101,1.10387040081,10.8853536583
13.507928,-0.866370670294,0.76920630323,10.1040507478,1.32265723427,1.20994775102,10.9922958461
13.509594,-0.866370670294,0.76920630323,10.1040507478,1.35801635101,1.17458863428,10.8853536583
13.51126,-0.866370670294,0.76920630323,10.1040507478,1.39337546774,1.10387040081,10.8489478072
13.512926,-0.866370670294,0.76920630323,10.0586698725,1.39337546774,1.17458863428,10.8125419561
13.514592,-0.77408109096,0.859968053701,10.1948124982,1.39337546774,1.13922951755,10.8853536583
13.516258,-0.866370670294,0.76920630323,10.1040507478,1.35801635101,1.10387040081,10.7761361049
13.517924,-0.820225880627,0.76920630323,10.1040507478,1.35801635101,1.17458863428,10.8853536583
13.51959,-0.820225880627,0.76920630323,10.1040507478,1.39337546774,1.10387040081,10.8125419561
13.521256,-0.820225880627,0.76920630323,10.149431623,1.49945281795,1.20994775102,10.8853536583
13.522922,-0.820225880627,0.76920630323,10.1040507478,1.42873458448,1.17458863428,10.8853536583
13.524588,-0.820225880627,0.76920630323,10.1040507478,1.35801635101,1.06851128407,10.7761361049
13.526254,-0.77408109096,0.859968053701,10.1948124982,1.39337546774,1.10387040081,10.8125419561
13.52792,-0.820225880627,0.76920630323,10.1040507478,1.39337546774,1.10387040081,10.8125419561
13.529586,-0.820225880627,0.76920630323,10.1040507478,1.35801635101,1.10387040081,10.8853536583
13.531252,-0.820225880627,0.76920630323,10.1040507478,1.39337546774,1.10387040081,10.8125419561
13.532918,-0.820225880627,0.76920630323,10.1040507478,1.39337546774,1.10387040081,10.8125419561
13.534584,-0.820225880627,0.76920630323,10.1040507478,1.46409370122,1.13922951755,10.8125419561
13.53625,-0.820225880627,0.723825427995,10.1040507478,1.42873458448,1.13922951755,10.8489478072
13.537916,-0.820225880627,0.723825427995,10.1040507478,1.35801635101,1.06851128407,10.7761361049
13.539582,-0.820225880627,0.76920630323,10.1040507478,1.35801635101,1.10387040081,10.8125419561
13.541248,-0.77408109096,0.76920630323,10.149431623,1.42873458448,1.10387040081,10.8489478072
13.542914,-0.820225880627,0.723825427995,10.1040507478,1.42873458448,1.20994775102,10.8853536583
13.54458,-0.727936301293,0.814587178465,10.1948124982,1.42873458448,1.10387040081,10.8125419561
13.546246,-0.77408109096,0.723825427995,10.1040507478,1.39337546774,1.06851128407,10.7761361049
13.547912,-0.820225880627,0.723825427995,10.1040507478,1.39337546774,1.06851128407,10.8125419561
13.549578,-0.820225880627,0.723825427995,10.1040507478,1.42873458448,1.10387040081,10.7761361049
13.551244,-0.820225880627,0.723825427995,10.0586698725,1.35801635101,1.06851128407,10.9217595095
13.55291,-0.820225880627,0.723825427995,10.1040507478,1.42873458448,1.10387040081,10.8125419561
13.554576,-0.820225880627,0.723825427995,10.1040507478,1.42873458448,1.06851128407,10.7761361049
13.556242,-0.820225880627,0.723825427995,10.1040507478,1.49945281795,1.10387040081,10.7761361049
13.557908,-0.820225880627,0.723825427995,10.1040507478,1.42873458448,1.06851128407,10.8125419561
13.559574,-0.727936301293,0.76920630323,10.149431623,1.39337546774,1.03315216734,10.7761361049
13.56124,-0.820225880627,0.723825427995,10.1040507478,1.39337546774,1.06851128407,10.8125419561
13.562906,-0.820225880627,0.723825427995,10.1040507478,1.42873458448,1.06851128407,10.8125419561
13.564572,-0.820225880627,0.723825427995,10.1040507478,1.35801635101,1.13922951755,10.9217595095
13.566238,-0.681791511626,0.814587178465,10.1948124982,1.42873458448,1.10387040081,10.8125419561
13.567904,-0.820225880627,0.723825427995,10.1040507478,1.39337546774,1.06851128407,10.7761361049
13.56957,-0.820225880627,0.678444552759,10.1040507478,1.42873458448,1.03315216734,10.8125419561
13.571236,-0.820225880627,0.723825427995,10.1040507478,1.42873458448,1.06851128407,10.8125419561
13.572902,-0.820225880627,0.678444552759,10.1040507478,1.35801635101,0.997793050599,10.7761361049
13.574568,-0.820225880627,0.678444552759,10.1040507478,1.39337546774,0.997793050599,10.8125419561
13.576234,-0.727936301293,0.76920630323,10.149431623,1.39337546774,1.06851128407,10.8125419561
13.5779,-0.820225880627,0.723825427995,10.1040507478,1.42873458448,1.13922951755,10.9217595095
13.579566,-0.820225880627,0.723825427995,10.1040507478,1.39337546774,1.06851128407,10.8125419561
13.581232,-0.820225880627,0.678444552759,10.1040507478,1.39337546774,1.03315216734,10.8125419561
13.582898,-0.820225880627,0.678444552759,10.0586698725,1.39337546774,1.03315216734,10.7761361049
13.584564,-0.820225880627,0.678444552759,10.1040507478,1.42873458448,1.06851128407,10.8125419561
13.58623,-0.820225880627,0.678444552759,10.1040507478,1.35801635101,0.997793050599,10.7397302538
13.587896,-0.820225880627,0.723825427995,10.1040507478,1.42873458448,1.06851128407,10.8489478072
13.589562,-0.820225880627,0.723825427995,10.1040507478,1.39337546774,1.06851128407,10.7761361049
13.591228,-0.820225880627,0.723825427995,10.1040507478,1.46409370122,1.06851128407,10.8125419561
13.592894,-0.820225880627,0.678444552759,10.1040507478,1.39337546774,1.06851128407,10.8489478072
13.59456,-0.820225880627,0.723825427995,10.1040507478,1.35801635101,0.997793050599,10.7761361049
13.596226,-0.77408109096,0.76920630323,10.1040507478,1.39337546774,1.06851128407,10.7761361049
13.597892,-0.77408109096,0.723825427995,10.149431623,1.39337546774,1.06851128407,10.8125419561
13.599558,-0.820225880627,0.723825427995,10.1040507478,1.49945281795,1.13922951755,10.8853536583
13.601224,-0.820225880627,0.678444552759,10.1040507478,1.39337546774,1.06851128407,10.8489478072
13.60289,-0.820225880627,0.723825427995,10.1040507478,1.35801635101,1.06851128407,10.7761361049
13.604556,-0.866370670294,0.678444552759,10.0586698725,1.39337546774,1.03315216734,10.8125419561
13.606222,-0.820225880627,0.723825427995,10.149431623,1.39337546774,1.06851128407,10.8853536583
13.607888,-0.820225880627,0.678444552759,10.1040507478,1.32265723427,1.10387040081,10.9581653606
13.609554,-0.866370670294,0.678444552759,10.1040507478,1.39337546774,1.06851128407,10.8489478072
13.61122,-0.820225880627,0.723825427995,10.1040507478,1.35801635101,1.03315216734,10.8125419561
13.612886,-0.820225880627,0.678444552759,10.1040507478,1.35801635101,1.03315216734,10.8125419561
13.614552,-0.866370670294,0.678444552759,10.0586698725,1.42873458448,1.06851128407,10.8853536583
13.616218,-0.820225880627,0.678444552759,10.1040507478,1.32265723427,0.997793050599,10.8853536583
13.617884,-0.866370670294,0.678444552759,10.1040507478,1.35801635101,1.06851128407,10.8489478072
13.61955,-0.866370670294,0.678444552759,10.1040507478,1.35801635101,1.06851128407,10.8125419561
13.621216,-0.866370670294,0.723825427995,10.1040507478,1.46409370122,1.06851128407,10.8125419561
13.622882,-0.820225880627,0.678444552759,10.1040507478,1.39337546774,1.06851128407,10.8853536583
13.624548,-0.866370670294,0.723825427995,10.1040507478,1.32265723427,0.997793050599,10.7761361049
13.626214,-0.866370670294,0.678444552759,10.1040507478,1.35801635101,1.06851128407,10.8853536583
13.62788,-0.820225880627,0.723825427995,10.1040507478,1.35801635101,1.06851128407,10.8489478072
13.629546,-0.866370670294,0.678444552759,10.1040507478,1.46409370122,1.17458863428,10.9217595095
13.631212,-0.866370670294,0.723825427995,10.1040507478,1.35801635101,1.10387040081,10.8489478072
13.632878,-0.866370670294,0.723825427995,10.1040507478,1.35801635101,1.06851128407,10.8125419561
13.634544,-0.866370670294,0.723825427995,10.1040507478,1.35801635101,1.06851128407,10.8125419561
13.63621,-0.866370670294,0.723825427995,10.1040507478,1.39337546774,1.06851128407,10.8853536583
13.637876,-0.866370670294,0.723825427995,10.1040507478,1.28729811753,1.03315216734,10.8853536583
13.639542,-0.866370670294,0.678444552759,10.1040507478,1.35801635101,1.10387040081,10.8853536583
13.641208,-0.866370670294,0.76920630323,10.1040507478,1.35801635101,1.13922951755,10.8125419561
13.642874,-0.866370670294,0.76920630323,10.1040507478,1.35801635101,1.10387040081,10.8489478072
13.64454,-0.866370670294,0.76920630323,10.1040507478,1.35801635101,1.13922951755,10.8853536583
13.646206,-0.820225880627,0.76920630323,10.149431623,1.32265723427,1.10387040081,10.7761361049
13.647872,-0.912515459961,0.723825427995,10.0586698725,1.35801635101,1.17458863428,10.8125419561
13.649538,-0.866370670294,0.723825427995,10.1040507478,1.39337546774,1.10387040081,10.8853536583
13.651204,-0.866370670294,0.723825427995,10.1040507478,1.39337546774,1.20994775102,10.9217595095
13.65287,-0.866370670294,0.76920630323,10.1040507478,1.35801635101,1.10387040081,10.8853536583
13.654536,-0.866370670294,0.76920630323,10.149431623,1.32265723427,1.10387040081,10.8125419561
13.656202,-0.866370670294,0.76920630323,10.1040507478,1.35801635101,1.10387040081,10.8489478072
13.657868,-0.866370670294,0.76920630323,10.1040507478,1.35801635101,1.06851128407,10.8853536583
13.659534,-0.912515459961,0.723825427995,10.0586698725,1.28729811753,1.03315216734,10.7761361049
13.6612,-0.866370670294,0.723825427995,10.1040507478,1.35801635101,1.10387040081,10.8853536583
13.662866,-0.866370670294,0.76920630323,10.1040507478,1.35801635101,1.06851128407,10.8853536583
13.664532,-0.820225880627,0.76920630323,10.149431623,1.35801635101,1.06851128407,10.8125419561
13.666198,-0.912515459961,0.723825427995,10.0586698725,1.35801635101,1.10387040081,10.8853536583
13.667864,-0.866370670294,0.76920630323,10.1040507478,1.32265723427,1.03315216734,10.7761361049
13.66953,-0.866370670294,0.76920630323,10.1040507478,1.35801635101,1.10387040081,10.8853536583
13.671196,-0.866370670294,0.723825427995,10.1040507478,1.35801635101,1.10387040081,10.8853536583
13.672862,-0.866370670294,0.76920630323,10.1040507478,1.46409370122,1.20994775102,10.9217595095
13.674528,-0.866370670294,0.76920630323,10.1040507478,1.35801635101,1.13922951755,10.8853536583
13.676194,-0.866370670294,0.76920630323,10.1040507478,1.35801635101,1.17458863428,10.8853536583
13.67786,-0.866370670294,0.76920630323,10.1040507478,1.35801635101,1.17458863428,10.8853536583
13.679526,-0.866370670294,0.814587178465,10.149431623,1.35801635101,1.10387040081,10.8853536583
13.681192,-0.866370670294,0.859968053701,10.149431623,1.32265723427,1.13922951755,10.7761361049
13.682858,-0.866370670294,0.814587178465,10.1040507478,1.32265723427,1.17458863428,10.8853536583
13.684524,-0.866370670294,0.814587178465,10.1040507478,1.35801635101,1.20994775102,10.8853536583
13.68619,-0.866370670294,0.76920630323,10.1040507478,1.46409370122,1.24530686776,10.8853536583
13.687856,-0.866370670294,0.814587178465,10.1040507478,1.35801635101,1.20994775102,10.9217595095
13.689522,-0.866370670294,0.76920630323,10.1040507478,1.32265723427,1.06851128407,10.8489478072
13.691188,-0.866370670294,0.76920630323,10.149431623,1.32265723427,1.17458863428,10.8853536583
13.692854,-0.866370670294,0.76920630323,10.1040507478,1.35801635101,1.10387040081,10.8853536583
13.69452,-0.77408109096,0.905348928936,10.1948124982,1.39337546774,1.31602510123,10.9922958461
13.696186,-0.820225880627,0.859968053701,10.149431623,1.35801635101,1.20994775102,10.8853536583
13.697852,-0.866370670294,0.814587178465,10.149431623,1.35801635101,1.13922951755,10.8853536583
13.699518,-0.820225880627,0.814587178465,10.149431623,1.35801635101,1.17458863428,10.8853536583
13.701184,-0.866370670294,0.814587178465,10.149431623,1.35801635101,1.20994775102,10.9217595095
13.70285,-0.866370670294,0.814587178465,10.149431623,1.32265723427,1.17458863428,10.9922958461
13.704516,-0.866370670294,0.76920630323,10.149431623,1.39337546774,1.20994775102,10.8853536583
13.706182,-0.866370670294,0.814587178465,10.149431623,1.35801635101,1.17458863428,10.8853536583
13.707848,-0.866370670294,0.814587178465,10.149431623,1.35801635101,1.17458863428,10.8853536583
13.709514,-0.866370670294,0.814587178465,10.149431623,1.42873458448,1.20994775102,10.9217595095
13.71118,-0.866370670294,0.814587178465,10.149431623,1.35801635101,1.06851128407,10.8489478072
13.712846,-0.820225880627,0.814587178465,10.149431623,1.39337546774,1.20994775102,10.9217595095
13.714512,-0.820225880627,0.814587178465,10.149431623,1.39337546774,1.17458863428,10.9217595095
13.716178,-0.820225880627,0.814587178465,10.149431623,1.46409370122,1.17458863428,10.8853536583
13.717844,-0.820225880627,0.76920630323,10.149431623,1.39337546774,1.20994775102,10.9217595095
13.71951,-0.820225880627,0.814587178465,10.1948124982,1.35801635101,1.13922951755,10.8853536583
13.721176,-0.820225880627,0.814587178465,10.1948124982,1.39337546774,1.13922951755,10.9217595095
13.722842,-0.820225880627,0.76920630323,10.1948124982,1.42873458448,1.20994775102,10.9217595095
13.724508,-0.820225880627,0.814587178465,10.1948124982,1.35801635101,1.06851128407,10.9217595095
13.726174,-0.727936301293,0.905348928936,10.2855742487,1.39337546774,1.17458863428,10.9217595095
13.72784,-0.820225880627,0.814587178465,10.149431623,1.39337546774,1.13922951755,10.9217595095
13.729506,-0.820225880627,0.76920630323,10.1948124982,1.39337546774,1.10387040081,10.8853536583
13.731172,-0.77408109096,0.814587178465,10.1948124982,1.46409370122,1.10387040081,10.9217595095
13.732838,-0.866370670294,0.76920630323,10.149431623,1.35801635101,1.10387040081,10.8125419561
13.734504,-0.820225880627,0.814587178465,10.1948124982,1.39337546774,1.06851128407,10.9217595095
13.73617,-0.77408109096,0.859968053701,10.2401933735,1.42873458448,1.17458863428,10.8853536583
13.737836,-0.820225880627,0.76920630323,10.149431623,1.49945281795,1.28066598449,10.9581653606
13.739502,-0.820225880627,0.76920630323,10.1948124982,1.42873458448,1.17458863428,10.9217595095
13.741168,-0.820225880627,0.814587178465,10.1948124982,1.42873458448,1.13922951755,10.8853536583
13.742834,-0.820225880627,0.76920630323,10.1948124982,1.39337546774,1.13922951755,10.8853536583
13.7445,-0.820225880627,0.76920630323,10.149431623,1.42873458448,1.13922951755,10.9217595095
13.746166,-0.820225880627,0.814587178465,10.149431623,1.35801635101,1.10387040081,10.8125419561
13.747832,-0.77408109096,0.859968053701,10.2401933735,1.39337546774,1.10387040081,10.8853536583
13.749498,-0.820225880627,0.76920630323,10.1948124982,1.39337546774,1.13922951755,10.8853536583
13.751164,-0.820225880627,0.76920630323,10.1948124982,1.49945281795,1.17458863428,10.8853536583
13.75283,-0.820225880627,0.76920630323,10.1948124982,1.39337546774,1.13922951755,10.8853536583
13.754496,-0.820225880627,0.76920630323,10.1948124982,1.39337546774,1.06851128407,10.8489478072
13.756162,-0.820225880627,0.76920630323,10.1948124982,1.39337546774,1.17458863428,10.8853536583
13.757828,-0.820225880627,0.76920630323,10.149431623,1.42873458448,1.13922951755,10.8853536583
13.759494,-0.820225880627,0.76920630323,10.1948124982,1.32265723427,1.13922951755,10.9922958461
13.76116,-0.727936301293,0.859968053701,10.2401933735,1.46409370122,1.10387040081,10.8853536583
13.762826,-0.77408109096,0.814587178465,10.2401933735,1.39337546774,1.10387040081,10.8489478072
13.764492,-0.820225880627,0.76920630323,10.1948124982,1.42873458448,1.10387040081,10.8853536583
13.766158,-0.77408109096,0.76920630323,10.149431623,1.39337546774,1.17458863428,10.9217595095
13.767824,-0.820225880627,0.723825427995,10.149431623,1.35801635101,1.06851128407,10.8125419561
13.76949,-0.820225880627,0.76920630323,10.149431623,1.39337546774,1.13922951755,10.8853536583
13.771156,-0.820225880627,0.76920630323,10.149431623,1.39337546774,1.10387040081,10.8489478072
13.772822,-0.820225880627,0.76920630323,10.149431623,1.49945281795,1.17458863428,10.8853536583
13.774488,-0.820225880627,0.76920630323,10.149431623,1.42873458448,1.13922951755,10.8853536583
13.776154,-0.820225880627,0.76920630323,10.149431623,1.39337546774,1.10387040081,10.8125419561
13.77782,-0.77408109096,0.859968053701,10.1948124982,1.39337546774,1.10387040081,10.8853536583
13.779486,-0.77408109096,0.814587178465,10.149431623,1.39337546774,1.13922951755,10.8853536583
13.781152,-0.77408109096,0.814587178465,10.1948124982,1.35801635101,1.03315216734,10.7761361049
13.782818,-0.820225880627,0.723825427995,10.149431623,1.39337546774,1.13922951755,10.8853536583
13.784484,-0.820225880627,0.76920630323,10.149431623,1.42873458448,1.10387040081,10.8853536583
13.78615,-0.820225880627,0.76920630323,10.149431623,1.42873458448,1.13922951755,10.8489478072
13.787816,-0.820225880627,0.76920630323,10.149431623,1.39337546774,1.13922951755,10.8853536583
13.789482,-0.820225880627,0.76920630323,10.149431623,1.35801635101,1.06851128407,10.7761361049
13.791148,-0.820225880627,0.76920630323,10.1040507478,1.35801635101,1.10387040081,10.8489478072
13.792814,-0.820225880627,0.723825427995,10.1040507478,1.39337546774,1.13922951755,10.8489478072
13.79448,-0.727936301293,0.859968053701,10.1948124982,1.46409370122,1.20994775102,10.9581653606
13.796146,-0.727936301293,0.859968053701,10.1948124982,1.39337546774,1.10387040081,10.8489478072
13.797812,-0.820225880627,0.76920630323,10.149431623,1.35801635101,1.10387040081,10.8125419561
13.799478,-0.820225880627,0.76920630323,10.1040507478,1.35801635101,1.10387040081,10.8125419561
13.801144,-0.77408109096,0.814587178465,10.149431623,1.39337546774,1.13922951755,10.8853536583
13.80281,-0.820225880627,0.76920630323,10.149431623,1.32265723427,1.06851128407,10.7397302538
13.804476,-0.866370670294,0.723825427995,10.1040507478,1.35801635101,1.06851128407,10.8853536583
13.806142,-0.866370670294,0.723825427995,10.0586698725,1.35801635101,1.10387040081,10.8125419561
13.807808,-0.866370670294,0.723825427995,10.1040507478,1.46409370122,1.17458863428,10.8853536583
13.809474,-0.866370670294,0.723825427995,10.1040507478,1.35801635101,1.10387040081,10.8489478072
13.81114,-0.866370670294,0.723825427995,10.1040507478,1.32265723427,1.06851128407,10.7761361049
13.812806,-0.866370670294,0.723825427995,10.0586698725,1.32265723427,1.10387040081,10.8125419561
13.814472,-0.866370670294,0.723825427995,10.0586698725,1.35801635101,1.13922951755,10.8489478072
13.816138,-0.866370670294,0.723825427995,10.1040507478,1.28729811753,1.06851128407,10.8853536583
13.817804,-0.820225880627,0.723825427995,10.1040507478,1.35801635101,1.10387040081,10.8125419561
13.81947,-0.866370670294,0.723825427995,10.0586698725,1.35801635101,1.10387040081,10.7761361049
13.821136,-0.820225880627,0.723825427995,10.0586698725,1.35801635101,1.06851128407,10.7761361049
13.822802,-0.866370670294,0.76920630323,10.1040507478,1.35801635101,1.13922951755,10.8853536583
13.824468,-0.866370670294,0.723825427995,10.0586698725,1.32265723427,1.06851128407,10.7761361049
13.826134,-0.866370670294,0.723825427995,10.0586698725,1.35801635101,1.10387040081,10.8125419561
13.8278,-0.820225880627,0.723825427995,10.0586698725,1.35801635101,1.10387040081,10.8125419561
13.829466,-0.866370670294,0.678444552759,10.0586698725,1.46409370122,1.20994775102,10.8853536583
13.831132,-0.866370670294,0.723825427995,10.0586698725,1.35801635101,1.13922951755,10.8125419561
13.832798,-0.866370670294,0.723825427995,10.0586698725,1.32265723427,1.06851128407,10.7761361049
13.834464,-0.866370670294,0.723825427995,10.0586698725,1.35801635101,1.10387040081,10.7761361049
13.83613,-0.77408109096,0.76920630323,10.149431623,1.35801635101,1.10387040081,10.8125419561
13.837796,-0.866370670294,0.678444552759,10.0586698725,1.28729811753,1.03315216734,10.8489478072
13.839462,-0.866370670294,0.723825427995,10.0586698725,1.35801635101,1.10387040081,10.8125419561
13.841128,-0.820225880627,0.76920630323,10.1040507478,1.32265723427,1.10387040081,10.7761361049
13.842794,-0.866370670294,0.723825427995,10.0586698725,1.39337546774,1.13922951755,10.8125419561
13.84446,-0.912515459961,0.723825427995,10.0586698725,1.35801635101,1.10387040081,10.8489478072
13.846126,-0.866370670294,0.723825427995,10.0586698725,1.32265723427,1.06851128407,10.7761361049
13.847792,-0.912515459961,0.723825427995,10.0586698725,1.32265723427,1.10387040081,10.8125419561
13.849458,-0.866370670294,0.723825427995,10.0586698725,1.35801635101,1.10387040081,10.8853536583
13.851124,-0.866370670294,0.76920630323,10.1040507478,1.25193900079,1.20994775102,10.9217595095
13.85279,-0.866370670294,0.723825427995,10.0586698725,1.35801635101,1.13922951755,10.8489478072
13.854456,-0.912515459961,0.723825427995,10.0586698725,1.35801635101,1.13922951755,10.8125419561
13.856122,-0.912515459961,0.723825427995,10.0586698725,1.39337546774,1.13922951755,10.8489478072
13.857788,-0.912515459961,0.723825427995,10.0586698725,1.35801635101,1.10387040081,10.8853536583
13.859454,-0.912515459961,0.678444552759,10.0586698725,1.32265723427,1.06851128407,10.8125419561
13.86112,-0.866370670294,0.723825427995,10.0586698725,1.28729811753,1.10387040081,10.8489478072
13.862786,-0.866370670294,0.678444552759,10.0586698725,1.35801635101,1.13922951755,10.8853536583
13.864452,-0.866370670294,0.723825427995,10.0586698725,1.25193900079,1.13922951755,10.9581653606
13.866118,-0.912515459961,0.678444552759,10.0586698725,1.35801635101,1.10387040081,10.8489478072
13.867784,-0.912515459961,0.723825427995,10.0586698725,1.28729811753,1.10387040081,10.8125419561
13.86945,-0.912515459961,0.723825427995,10.1040507478,1.32265723427,1.06851128407,10.8489478072
13.871116,-0.912515459961,0.678444552759,10.0586698725,1.32265723427,1.10387040081,10.8853536583
13.872782,-0.866370670294,0.76920630323,10.1040507478,1.28729811753,1.06851128407,10.8125419561
13.874448,-0.866370670294,0.723825427995,10.1040507478,1.28729811753,1.06851128407,10.8853536583
13.876114,-0.912515459961,0.678444552759,10.0586698725,1.35801635101,1.10387040081,10.8853536583
13.87778,-0.912515459961,0.723825427995,10.0586698725,1.42873458448,1.17458863428,10.8853536583
13.879446,-0.912515459961,0.678444552759,10.0586698725,1.35801635101,1.10387040081,10.8853536583
13.881112,-0.912515459961,0.723825427995,10.1040507478,1.32265723427,1.10387040081,10.8125419561
13.882778,-0.866370670294,0.723825427995,10.1040507478,1.32265723427,1.06851128407,10.8853536583
13.884444,-0.912515459961,0.723825427995,10.1040507478,1.35801635101,1.10387040081,10.8853536583
13.88611,-0.866370670294,0.723825427995,10.1040507478,1.32265723427,1.06851128407,10.8125419561
13.887776,-0.866370670294,0.723825427995,10.1040507478,1.32265723427,1.13922951755,10.8853536583
13.889442,-0.912515459961,0.76920630323,10.1040507478,1.35801635101,1.10387040081,10.8853536583
13.891108,-0.866370670294,0.723825427995,10.1040507478,1.39337546774,1.13922951755,10.8853536583
13.892774,-0.866370670294,0.723825427995,10.149431623,1.35801635101,1.10387040081,10.8853536583
13.89444,-0.820225880627,0.76920630323,10.149431623,1.32265723427,1.06851128407,10.8489478072
13.896106,-0.820225880627,0.814587178465,10.1948124982,1.35801635101,1.10387040081,10.8853536583
13.897772,-0.820225880627,0.76920630323,10.149431623,1.35801635101,1.10387040081,10.8853536583
13.899438,-0.820225880627,0.76920630323,10.1948124982,1.28729811753,1.13922951755,10.9922958461
13.901104,-0.820225880627,0.76920630323,10.1948124982,1.35801635101,1.10387040081,10.8853536583
13.90277,-0.912515459961,0.723825427995,10.1040507478,1.32265723427,1.06851128407,10.8853536583
13.904436,-0.912515459961,0.723825427995,10.1040507478,1.35801635101,1.06851128407,10.8853536583
13.906102,-0.866370670294,0.723825427995,10.149431623,1.35801635101,1.17458863428,10.9217595095
13.907768,-0.866370670294,0.723825427995,10.149431623,1.28729811753,1.03315216734,10.8125419561
13.909434,-0.866370670294,0.723825427995,10.1040507478,1.35801635101,1.13922951755,10.8853536583
13.9111,-0.820225880627,0.76920630323,10.149431623,1.35801635101,1.10387040081,10.8853536583
13.912766,-0.866370670294,0.723825427995,10.149431623,1.46409370122,1.20994775102,10.9217595095
13.914432,-0.866370670294,0.723825427995,10.149431623,1.35801635101,1.13922951755,10.8853536583
13.916098,-0.866370670294,0.76920630323,10.149431623,1.28729811753,1.10387040081,10.8489478072
13.917764,-0.866370670294,0.723825427995,10.149431623,1.35801635101,1.06851128407,10.8853536583
13.91943,-0.866370670294,0.723825427995,10.149431623,1.39337546774,1.13922951755,10.8853536583
13.921096,-0.866370670294,0.76920630323,10.149431623,1.39337546774,1.24530686776,10.9922958461
13.922762,-0.866370670294,0.723825427995,10.149431623,1.39337546774,1.13922951755,10.8853536583
13.924428,-0.820225880627,0.76920630323,10.1948124982,1.35801635101,1.10387040081,10.8489478072
13.926094,-0.866370670294,0.76920630323,10.149431623,1.35801635101,1.10387040081,10.8853536583
13.92776,-0.866370670294,0.723825427995,10.1040507478,1.39337546774,1.13922951755,10.8853536583
13.929426,-0.820225880627,0.814587178465,10.1948124982,1.35801635101,1.06851128407,10.8125419561
13.931092,-0.820225880627,0.76920630323,10.149431623,1.39337546774,1.10387040081,10.8853536583
13.932758,-0.820225880627,0.76920630323,10.149431623,1.35801635101,1.10387040081,10.8853536583
13.934424,-0.820225880627,0.723825427995,10.1040507478,1.46409370122,1.17458863428,10.8853536583
13.93609,-0.820225880627,0.76920630323,10.149431623,1.39337546774,1.13922951755,10.8853536583
13.937756,-0.820225880627,0.76920630323,10.149431623,1.35801635101,1.10387040081,10.8489478072
13.939422,-0.820225880627,0.76920630323,10.149431623,1.35801635101,1.10387040081,10.8853536583
13.941088,-0.820225880627,0.814587178465,10.1948124982,1.39337546774,1.13922951755,10.8853536583
13.942754,-0.820225880627,0.76920630323,10.1040507478,1.39337546774,1.20994775102,10.9581653606
13.94442,-0.77408109096,0.814587178465,10.149431623,1.39337546774,1.10387040081,10.8853536583
13.946086,-0.820225880627,0.76920630323,10.149431623,1.35801635101,1.10387040081,10.8125419561
13.947752,-0.866370670294,0.76920630323,10.1040507478,1.39337546774,1.10387040081,10.8489478072
13.949418,-0.820225880627,0.723825427995,10.1040507478,1.39337546774,1.06851128407,10.8489478072
13.951084,-0.866370670294,0.76920630323,10.149431623,1.35801635101,1.10387040081,10.9217595095
13.95275,-0.866370670294,0.76920630323,10.1040507478,1.39337546774,1.13922951755,10.8853536583
13.954416,-0.820225880627,0.76920630323,10.149431623,1.39337546774,1.10387040081,10.8489478072
13.956082,-0.77408109096,0.859968053701,10.1948124982,1.39337546774,1.13922951755,10.8125419561
13.957748,-0.820225880627,0.76920630323,10.1040507478,1.42873458448,1.06851128407,10.8489478072
13.959414,-0.820225880627,0.76920630323,10.149431623,1.35801635101,0.962433933862,10.7761361049
13.96108,-0.820225880627,0.814587178465,10.149431623,1.35801635101,1.10387040081,10.8489478072
13.962746,-0.77408109096,0.859968053701,10.1948124982,1.39337546774,1.13922951755,10.8853536583
13.964412,-0.866370670294,0.76920630323,10.1040507478,1.49945281795,1.20994775102,10.8853536583
13.966078,-0.820225880627,0.814587178465,10.149431623,1.39337546774,1.13922951755,10.8853536583
13.967744,-0.820225880627,0.76920630323,10.1040507478,1.39337546774,1.10387040081,10.8125419561
13.96941,-0.727936301293,0.814587178465,10.1948124982,1.35801635101,1.03315216734,10.8125419561
13.971076,-0.820225880627,0.76920630323,10.149431623,1.42873458448,1.13922951755,10.8489478072
13.972742,-0.820225880627,0.723825427995,10.1040507478,1.32265723427,1.03315216734,10.8125419561
13.974408,-0.77408109096,0.814587178465,10.149431623,1.35801635101,1.13922951755,10.8489478072
13.976074,-0.727936301293,0.814587178465,10.2401933735,1.35801635101,1.03315216734,10.7761361049
13.97774,-0.727936301293,0.859968053701,10.1948124982,1.35801635101,1.06851128407,10.8125419561
13.979406,-0.820225880627,0.76920630323,10.149431623,1.42873458448,1.06851128407,10.8489478072
13.981072,-0.820225880627,0.76920630323,10.1040507478,1.32265723427,1.06851128407,10.8853536583
13.982738,-0.820225880627,0.76920630323,10.1040507478,1.39337546774,1.06851128407,10.8489478072
13.984404,-0.820225880627,0.76920630323,10.1040507478,1.39337546774,1.13922951755,10.8125419561
13.98607,-0.820225880627,0.76920630323,10.1040507478,1.46409370122,1.06851128407,10.8489478072
13.987736,-0.820225880627,0.76920630323,10.1040507478,1.39337546774,1.10387040081,10.8489478072
13.989402,-0.820225880627,0.76920630323,10.149431623,1.35801635101,1.10387040081,10.7761361049
13.991068,-0.820225880627,0.76920630323,10.1040507478,1.35801635101,1.13922951755,10.8125419561
13.992734,-0.820225880627,0.76920630323,10.1040507478,1.39337546774,1.13922951755,10.8853536583
13.9944,-0.866370670294,0.76920630323,10.1040507478,1.46409370122,1.24530686776,10.9217595095
13.996066,-0.866370670294,0.76920630323,10.1040507478,1.39337546774,1.13922951755,10.8853536583
13.997732,-0.866370670294,0.76920630323,10.1040507478,1.35801635101,1.03315216734,10.8125419561
13.999398,-0.820225880627,0.814587178465,10.149431623,1.35801635101,1.06851128407,10.8853536583
14.001064,-0.820225880627,0.76920630323,10.1040507478,1.39337546774,1.13922951755,10.8853536583
14.00273,-0.866370670294,0.76920630323,10.1040507478,1.35801635101,1.28066598449,10.9922958461
14.004396,-0.820225880627,0.76920630323,10.1040507478,1.39337546774,1.10387040081,10.8853536583
14.006062,-0.866370670294,0.76920630323,10.1040507478,1.35801635101,1.06851128407,10.8489478072
14.007728,-0.866370670294,0.76920630323,10.1040507478,1.39337546774,1.10387040081,10.8125419561
14.009394,-0.820225880627,0.76920630323,10.1040507478,1.39337546774,1.17458863428,10.8853536583
14.01106,-0.866370670294,0.76920630323,10.1040507478,1.35801635101,1.06851128407,10.7761361049
14.012726,-0.866370670294,0.76920630323,10.1040507478,1.35801635101,1.06851128407,10.8853536583
14.014392,-0.866370670294,0.723825427995,10.149431623,1.35801635101,1.13922951755,10.8853536583
14.016058,-0.866370670294,0.76920630323,10.149431623,1.46409370122,1.28066598449,10.9581653606
14.017724,-0.820225880627,0.76920630323,10.1040507478,1.35801635101,1.06851128407,10.8853536583
14.01939,-0.866370670294,0.76920630323,10.1040507478,1.35801635101,1.10387040081,10.8853536583
14.021056,-0.866370670294,0.76920630323,10.149431623,1.35801635101,1.13922951755,10.8853536583
14.022722,-0.866370670294,0.723825427995,10.1040507478,1.39337546774,1.17458863428,10.8853536583
14.024388,-0.866370670294,0.76920630323,10.1040507478,1.46409370122,1.24530686776,10.9217595095
14.026054,-0.866370670294,0.76920630323,10.1040507478,1.39337546774,1.13922951755,10.9217595095
14.02772,-0.866370670294,0.76920630323,10.1040507478,1.35801635101,1.06851128407,10.8125419561
14.029386,-0.727936301293,0.859968053701,10.2401933735,1.35801635101,1.13922951755,10.8853536583
14.031052,-0.866370670294,0.723825427995,10.1040507478,1.39337546774,1.06851128407,10.8853536583
14.032718,-0.866370670294,0.76920630323,10.1040507478,1.49945281795,1.17458863428,10.8853536583
14.034384,-0.866370670294,0.76920630323,10.1040507478,1.39337546774,1.13922951755,10.9217595095
14.03605,-0.866370670294,0.76920630323,10.149431623,1.35801635101,1.06851128407,10.8489478072
14.037716,-0.866370670294,0.76920630323,10.149431623,1.35801635101,1.10387040081,10.8853536583
14.039382,-0.866370670294,0.76920630323,10.1040507478,1.35801635101,1.13922951755,10.8853536583
14.041048,-0.866370670294,0.76920630323,10.149431623,1.46409370122,1.20994775102,10.9581653606
14.042714,-0.820225880627,0.814587178465,10.1948124982,1.35801635101,1.10387040081,10.9217595095
14.04438,-0.820225880627,0.76920630323,10.149431623,1.32265723427,1.10387040081,10.8853536583
14.046046,-0.866370670294,0.76920630323,10.149431623,1.35801635101,1.13922951755,10.9217595095
14.047712,-0.866370670294,0.723825427995,10.1040507478,1.35801635101,1.10387040081,10.9217595095
14.049378,-0.866370670294,0.76920630323,10.149431623,1.46409370122,1.10387040081,10.9217595095
14.051044,-0.866370670294,0.76920630323,10.1040507478,1.35801635101,1.10387040081,10.9581653606
14.05271,-0.866370670294,0.723825427995,10.149431623,1.35801635101,1.06851128407,10.8489478072
14.054376,-0.912515459961,0.723825427995,10.149431623,1.35801635101,1.06851128407,10.8853536583
14.056042,-0.866370670294,0.76920630323,10.149431623,1.39337546774,1.13922951755,10.9217595095
14.057708,-0.866370670294,0.76920630323,10.149431623,1.32265723427,1.20994775102,11.0287016972
14.059374,-0.866370670294,0.76920630323,10.149431623,1.35801635101,1.17458863428,10.9217595095
14.06104,-0.866370670294,0.723825427995,10.149431623,1.35801635101,1.03315216734,10.8853536583
14.062706,-0.912515459961,0.76920630323,10.1040507478,1.35801635101,1.10387040081,10.8853536583
14.064372,-0.866370670294,0.76920630323,10.149431623,1.35801635101,1.17458863428,10.9581653606
14.066038,-0.912515459961,0.76920630323,10.149431623,1.28729811753,1.06851128407,10.8489478072
14.067704,-0.820225880627,0.814587178465,10.149431623,1.35801635101,1.06851128407,10.9217595095
14.06937,-0.866370670294,0.723825427995,10.149431623,1.35801635101,1.06851128407,10.9217595095
14.071036,-0.866370670294,0.76920630323,10.149431623,1.35801635101,1.13922951755,10.8853536583
14.072702,-0.866370670294,0.76920630323,10.149431623,1.35801635101,1.17458863428,10.9217595095
14.074368,-0.866370670294,0.76920630323,10.149431623,1.32265723427,1.06851128407,10.8853536583
14.076034,-0.866370670294,0.76920630323,10.149431623,1.35801635101,1.06851128407,10.9217595095
14.0777,-0.866370670294,0.723825427995,10.1040507478,1.35801635101,1.13922951755,10.9217595095
14.079366,-0.866370670294,0.76920630323,10.149431623,1.35801635101,1.24530686776,11.0287016972
14.081032,-0.866370670294,0.76920630323,10.149431623,1.35801635101,1.13922951755,10.9217595095
14.082698,-0.866370670294,0.76920630323,10.149431623,1.35801635101,1.06851128407,10.8853536583
14.084364,-0.866370670294,0.76920630323,10.149431623,1.35801635101,1.06851128407,10.8853536583
14.08603,-0.866370670294,0.76920630323,10.149431623,1.35801635101,1.10387040081,10.9217595095
14.087696,-0.820225880627,0.814587178465,10.149431623,1.28729811753,1.06851128407,10.9217595095
14.089362,-0.77408109096,0.859968053701,10.2401933735,1.32265723427,1.17458863428,10.8853536583
14.091028,-0.820225880627,0.76920630323,10.1948124982,1.35801635101,1.06851128407,10.8853536583
14.092694,-0.77408109096,0.859968053701,10.2401933735,1.42873458448,1.20994775102,10.8853536583
14.09436,-0.866370670294,0.814587178465,10.149431623,1.39337546774,1.17458863428,10.9217595095
14.096026,-0.866370670294,0.76920630323,10.1040507478,1.35801635101,1.06851128407,10.8853536583
14.097692,-0.866370670294,0.76920630323,10.149431623,1.35801635101,1.10387040081,10.8853536583
14.099358,-0.866370670294,0.76920630323,10.1040507478,1.35801635101,1.17458863428,10.9217595095
14.101024,-0.866370670294,0.76920630323,10.1040507478,1.32265723427,1.06851128407,10.9922958461
14.10269,-0.866370670294,0.76920630323,10.149431623,1.35801635101,1.17458863428,10.8853536583
14.104356,-0.866370670294,0.76920630323,10.1040507478,1.35801635101,1.13922951755,10.8853536583
14.106022,-0.866370670294,0.76920630323,10.1040507478,1.35801635101,1.17458863428,10.8853536583
14.107688,-0.866370670294,0.76920630323,10.149431623,1.39337546774,1.13922951755,10.8853536583
14.109354,-0.866370670294,0.76920630323,10.1040507478,1.35801635101,0.997793050599,10.8125419561
14.11102,-0.866370670294,0.723825427995,10.1040507478,1.39337546774,1.13922951755,10.8853536583
14.112686,-0.77408109096,0.814587178465,10.149431623,1.35801635101,1.10387040081,10.8853536583
14.114352,-0.866370670294,0.76920630323,10.1040507478,1.49945281795,1.10387040081,10.8853536583
14.116018,-0.866370670294,0.76920630323,10.1040507478,1.35801635101,1.17458863428,10.8853536583
14.117684,-0.866370670294,0.76920630323,10.1040507478,1.35801635101,1.10387040081,10.8489478072
14.11935,-0.866370670294,0.76920630323,10.149431623,1.35801635101,1.13922951755,10.8489478072
14.121016,-0.866370670294,0.76920630323,10.1040507478,1.42873458448,1.10387040081,10.8853536583
14.122682,-0.820225880627,0.76920630323,10.1040507478,1.32265723427,1.03315216734,10.7761361049
14.124348,-0.820225880627,0.76920630323,10.1040507478,1.39337546774,1.13922951755,10.8853536583
14.126014,-0.866370670294,0.76920630323,10.1040507478,1.35801635101,1.13922951755,10.8853536583
14.12768,-0.866370670294,0.76920630323,10.1040507478,1.49945281795,1.20994775102,10.8853536583
14.129346,-0.820225880627,0.76920630323,10.1040507478,1.39337546774,1.06851128407,10.8853536583
14.131012,-0.820225880627,0.723825427995,10.1040507478,1.35801635101,1.03315216734,10.8125419561
14.132678,-0.820225880627,0.723825427995,10.1040507478,1.35801635101,1.10387040081,10.8489478072
14.134344,-0.866370670294,0.76920630323,10.1040507478,1.42873458448,1.13922951755,10.8853536583
14.13601,-0.866370670294,0.76920630323,10.1040507478,1.35801635101,1.06851128407,10.8853536583
14.137676,-0.820225880627,0.723825427995,10.1040507478,1.39337546774,1.10387040081,10.8853536583
14.139342,-0.820225880627,0.76920630323,10.1040507478,1.39337546774,1.13922951755,10.8125419561
14.141008,-0.820225880627,0.76920630323,10.1040507478,1.42873458448,1.06851128407,10.8125419561
14.142674,-0.727936301293,0.859968053701,10.1948124982,1.42873458448,1.13922951755,10.8125419561
14.14434,-0.820225880627,0.76920630323,10.0586698725,1.39337546774,1.06851128407,10.7761361049
14.146006,-0.820225880627,0.76920630323,10.1040507478,1.35801635101,1.06851128407,10.7761361049
14.147672,-0.820225880627,0.723825427995,10.1040507478,1.39337546774,1.10387040081,10.8489478072
14.149338,-0.820225880627,0.723825427995,10.1040507478,1.39337546774,1.20994775102,10.9217595095
14.151004,-0.820225880627,0.76920630323,10.1040507478,1.42873458448,1.10387040081,10.8125419561
14.15267,-0.820225880627,0.76920630323,10.1040507478,1.39337546774,1.06851128407,10.7761361049
14.154336,-0.820225880627,0.723825427995,10.1040507478,1.39337546774,0.997793050599,10.7761361049
14.156002,-0.77408109096,0.76920630323,10.1040507478,1.42873458448,1.10387040081,10.8489478072
14.157668,-0.820225880627,0.723825427995,10.1040507478,1.35801635101,1.06851128407,10.7397302538
14.159334,-0.820225880627,0.723825427995,10.1040507478,1.39337546774,1.03315216734,10.8125419561
14.161,-0.820225880627,0.723825427995,10.1040507478,1.42873458448,1.06851128407,10.8125419561
14.162666,-0.820225880627,0.723825427995,10.1040507478,1.49945281795,1.17458863428,10.8489478072
14.164332,-0.77408109096,0.76920630323,10.1040507478,1.42873458448,1.10387040081,10.8125419561
14.165998,-0.727936301293,0.814587178465,10.1948124982,1.39337546774,1.06851128407,10.7761361049
14.167664,-0.820225880627,0.723825427995,10.1040507478,1.39337546774,1.06851128407,10.7761361049
14.16933,-0.77408109096,0.723825427995,10.1040507478,1.42873458448,1.03315216734,10.8125419561
14.170996,-0.820225880627,0.723825427995,10.1040507478,1.32265723427,1.13922951755,10.9217595095
14.172662,-0.820225880627,0.723825427995,10.0586698725,1.42873458448,1.06851128407,10.8125419561
14.174328,-0.820225880627,0.723825427995,10.1040507478,1.39337546774,1.06851128407,10.7761361049
14.175994,-0.820225880627,0.723825427995,10.1040507478,1.46409370122,0.997793050599,10.8125419561
14.17766,-0.727936301293,0.814587178465,10.149431623,1.39337546774,1.06851128407,10.8125419561
14.179326,-0.820225880627,0.723825427995,10.1040507478,1.35801635101,0.962433933862,10.7397302538
14.180992,-0.820225880627,0.723825427995,10.1040507478,1.35801635101,1.06851128407,10.8125419561
14.182658,-0.820225880627,0.723825427995,10.1040507478,1.39337546774,1.06851128407,10.8489478072
14.184324,-0.820225880627,0.723825427995,10.1040507478,1.49945281795,1.10387040081,10.8125419561
14.18599,-0.820225880627,0.723825427995,10.1040507478,1.39337546774,1.06851128407,10.8489478072
14.187656,-0.77408109096,0.723825427995,10.149431623,1.32265723427,0.997793050599,10.7397302538
14.189322,-0.820225880627,0.723825427995,10.1040507478,1.39337546774,1.06851128407,10.8125419561
14.190988,-0.820225880627,0.723825427995,10.1040507478,1.39337546774,1.03315216734,10.8125419561
14.192654,-0.77408109096,0.76920630323,10.149431623,1.39337546774,1.13922951755,10.9217595095
14.19432,-0.820225880627,0.678444552759,10.0586698725,1.42873458448,1.03315216734,10.8853536583
14.195986,-0.820225880627,0.678444552759,10.1040507478,1.39337546774,1.06851128407,10.8125419561
14.197652,-0.820225880627,0.723825427995,10.1040507478,1.42873458448,1.06851128407,10.8125419561
14.199318,-0.820225880627,0.723825427995,10.1040507478,1.39337546774,1.10387040081,10.8853536583
14.200984,-0.820225880627,0.678444552759,10.0586698725,1.35801635101,1.03315216734,10.7761361049
14.20265,-0.820225880627,0.723825427995,10.1040507478,1.39337546774,1.03315216734,10.8125419561
14.204316,-0.820225880627,0.723825427995,10.1040507478,1.39337546774,1.06851128407,10.8125419561
14.205982,-0.820225880627,0.723825427995,10.1040507478,1.32265723427,1.06851128407,10.9217595095
14.207648,-0.820225880627,0.723825427995,10.1040507478,1.39337546774,1.06851128407,10.8489478072
14.209314,-0.77408109096,0.76920630323,10.149431623,1.39337546774,1.06851128407,10.8489478072
14.21098,-0.820225880627,0.678444552759,10.1040507478,1.39337546774,0.997793050599,10.8125419561
14.212646,-0.820225880627,0.723825427995,10.1040507478,1.39337546774,1.06851128407,10.8489478072
14.214312,-0.77408109096,0.76920630323,10.149431623,1.35801635101,1.03315216734,10.8125419561
14.215978,-0.866370670294,0.678444552759,10.1040507478,1.35801635101,1.06851128407,10.8489478072
14.217644,-0.866370670294,0.678444552759,10.1040507478,1.39337546774,1.06851128407,10.8853536583
14.21931,-0.820225880627,0.678444552759,10.1040507478,1.32265723427,1.06851128407,10.9922958461
14.220976,-0.866370670294,0.723825427995,10.0586698725,1.39337546774,1.06851128407,10.8853536583
14.222642,-0.820225880627,0.723825427995,10.1040507478,1.35801635101,1.06851128407,10.8489478072
14.224308,-0.866370670294,0.678444552759,10.1040507478,1.35801635101,1.03315216734,10.8125419561
14.225974,-0.820225880627,0.723825427995,10.1040507478,1.35801635101,1.10387040081,10.8853536583
14.22764,-0.866370670294,0.723825427995,10.1040507478,1.28729811753,0.997793050599,10.7761361049
14.229306,-0.727936301293,0.814587178465,10.1948124982,1.35801635101,1.06851128407,10.8853536583
14.230972,-0.866370670294,0.678444552759,10.1040507478,1.35801635101,1.06851128407,10.8853536583
14.232638,-0.866370670294,0.723825427995,10.1040507478,1.49945281795,1.17458863428,10.8853536583
14.234304,-0.866370670294,0.723825427995,10.1040507478,1.35801635101,1.06851128407,10.8853536583
14.23597,-0.866370670294,0.678444552759,10.0586698725,1.35801635101,1.06851128407,10.8489478072
14.237636,-0.866370670294,0.723825427995,10.0586698725,1.35801635101,1.06851128407,10.8489478072
14.239302,-0.866370670294,0.723825427995,10.1040507478,1.35801635101,1.10387040081,10.8853536583
14.240968,-0.866370670294,0.723825427995,10.1040507478,1.32265723427,0.997793050599,10.8125419561
14.242634,-0.77408109096,0.76920630323,10.1948124982,1.35801635101,1.03315216734,10.8853536583
14.2443,-0.866370670294,0.723825427995,10.1040507478,1.35801635101,1.10387040081,10.8853536583
14.245966,-0.866370670294,0.723825427995,10.1040507478,1.32265723427,1.03315216734,10.8489478072
14.247632,-0.866370670294,0.723825427995,10.1040507478,1.35801635101,1.10387040081,10.8853536583
14.249298,-0.866370670294,0.723825427995,10.0586698725,1.32265723427,1.06851128407,10.9217595095
14.250964,-0.866370670294,0.723825427995,10.1040507478,1.35801635101,1.03315216734,10.8853536583
14.25263,-0.866370670294,0.723825427995,10.1040507478,1.35801635101,1.10387040081,10.8853536583
14.254296,-0.866370670294,0.723825427995,10.1040507478,1.42873458448,1.13922951755,10.8853536583
14.255962,-0.820225880627,0.76920630323,10.149431623,1.35801635101,1.17458863428,10.8853536583
14.257628,-0.866370670294,0.723825427995,10.1040507478,1.32265723427,1.06851128407,10.8125419561
14.259294,-0.866370670294,0.76920630323,10.1040507478,1.35801635101,1.13922951755,10.8853536583
14.26096,-0.866370670294,0.76920630323,10.1040507478,1.35801635101,1.13922951755,10.8853536583
14.262626,-0.866370670294,0.723825427995,10.1040507478,1.42873458448,1.24530686776,10.9217595095
14.264292,-0.912515459961,0.678444552759,10.0586698725,1.35801635101,1.10387040081,10.8853536583
14.265958,-0.866370670294,0.76920630323,10.1040507478,1.35801635101,1.06851128407,10.8489478072
14.267624,-0.866370670294,0.723825427995,10.1040507478,1.32265723427,1.10387040081,10.8853536583
14.26929,-0.866370670294,0.723825427995,10.0586698725,1.35801635101,1.17458863428,10.8853536583
14.270956,-0.866370670294,0.76920630323,10.0586698725,1.35801635101,1.24530686776,10.9922958461
14.272622,-0.866370670294,0.76920630323,10.1040507478,1.35801635101,1.17458863428,10.9217595095
14.274288,-0.820225880627,0.814587178465,10.149431623,1.35801635101,1.13922951755,10.8853536583
14.275954,-0.866370670294,0.76920630323,10.1040507478,1.35801635101,1.17458863428,10.8489478072
14.27762,-0.866370670294,0.76920630323,10.1040507478,1.39337546774,1.17458863428,10.8853536583
14.279286,-0.866370670294,0.76920630323,10.1040507478,1.32265723427,1.10387040081,10.7761361049
14.280952,-0.866370670294,0.76920630323,10.1040507478,1.35801635101,1.17458863428,10.8853536583
14.282618,-0.866370670294,0.76920630323,10.1040507478,1.35801635101,1.17458863428,10.8853536583
14.284284,-0.866370670294,0.76920630323,10.1040507478,1.42873458448,1.28066598449,10.9581653606
14.28595,-0.866370670294,0.76920630323,10.1040507478,1.35801635101,1.17458863428,10.8853536583
14.287616,-0.866370670294,0.76920630323,10.1040507478,1.35801635101,1.17458863428,10.8853536583
14.289282,-0.866370670294,0.76920630323,10.1040507478,1.35801635101,1.06851128407,10.8489478072
14.290948,-0.866370670294,0.76920630323,10.1040507478,1.39337546774,1.10387040081,10.9217595095
14.292614,-0.866370670294,0.76920630323,10.1040507478,1.28729811753,1.03315216734,10.8853536583
14.29428,-0.866370670294,0.76920630323,10.149431623,1.35801635101,1.17458863428,10.8853536583
14.295946,-0.866370670294,0.76920630323,10.149431623,1.35801635101,1.13922951755,10.8489478072
14.297612,-0.866370670294,0.76920630323,10.1040507478,1.35801635101,1.17458863428,10.8853536583
14.299278,-0.866370670294,0.76920630323,10.149431623,1.35801635101,1.20994775102,10.8853536583
14.300944,-0.866370670294,0.76920630323,10.1040507478,1.32265723427,1.03315216734,10.8125419561
14.30261,-0.866370670294,0.814587178465,10.1040507478,1.35801635101,1.10387040081,10.8853536583
14.304276,-0.866370670294,0.814587178465,10.1040507478,1.35801635101,1.17458863428,10.8853536583
14.305942,-0.820225880627,0.814587178465,10.149431623,1.39337546774,1.13922951755,10.8853536583
14.307608,-0.866370670294,0.814587178465,10.1040507478,1.35801635101,1.13922951755,10.9217595095
14.309274,-0.820225880627,0.859968053701,10.149431623,1.35801635101,1.10387040081,10.8125419561
14.31094,-0.77408109096,0.905348928936,10.1948124982,1.35801635101,1.17458863428,10.8853536583
14.312606,-0.727936301293,0.905348928936,10.2401933735,1.35801635101,1.20994775102,10.9217595095
14.314272,-0.866370670294,0.814587178465,10.149431623,1.42873458448,1.28066598449,11.0287016972
14.315938,-0.820225880627,0.859968053701,10.1948124982,1.39337546774,1.20994775102,10.9217595095
14.317604,-0.77408109096,0.905348928936,10.2401933735,1.35801635101,1.06851128407,10.8853536583
14.31927,-0.77408109096,0.905348928936,10.2401933735,1.35801635101,1.06851128407,10.8853536583
14.320936,-0.77408109096,0.859968053701,10.1948124982,1.39337546774,1.20994775102,10.9217595095
14.322602,-0.727936301293,0.950729804172,10.2401933735,1.32265723427,1.10387040081,10.8125419561
14.324268,-0.866370670294,0.76920630323,10.149431623,1.39337546774,1.10387040081,10.8853536583
14.325934,-0.866370670294,0.814587178465,10.149431623,1.39337546774,1.10387040081,10.8853536583
14.3276,-0.820225880627,0.814587178465,10.149431623,1.46409370122,1.20994775102,10.8853536583
14.329266,-0.820225880627,0.814587178465,10.149431623,1.42873458448,1.20994775102,10.9217595095
14.330932,-0.866370670294,0.814587178465,10.149431623,1.39337546774,1.17458863428,10.8853536583
14.332598,-0.820225880627,0.814587178465,10.149431623,1.35801635101,1.17458863428,10.8853536583
14.334264,-0.866370670294,0.814587178465,10.149431623,1.39337546774,1.20994775102,10.8853536583
14.33593,-0.820225880627,0.814587178465,10.149431623,1.32265723427,1.17458863428,10.9922958461
14.337596,-0.820225880627,0.814587178465,10.149431623,1.39337546774,1.20994775102,10.9217595095
14.339262,-0.820225880627,0.814587178465,10.149431623,1.39337546774,1.17458863428,10.8853536583
14.340928,-0.820225880627,0.76920630323,10.1948124982,1.39337546774,1.13922951755,10.8853536583
14.342594,-0.820225880627,0.76920630323,10.149431623,1.42873458448,1.10387040081,10.9217595095
14.34426,-0.866370670294,0.814587178465,10.149431623,1.35801635101,1.10387040081,10.8489478072
14.345926,-0.866370670294,0.76920630323,10.149431623,1.35801635101,1.17458863428,10.9217595095
14.347592,-0.866370670294,0.814587178465,10.149431623,1.42873458448,1.17458863428,10.9217595095
14.349258,-0.820225880627,0.76920630323,10.1948124982,1.46409370122,1.20994775102,10.8853536583
14.350924,-0.820225880627,0.76920630323,10.149431623,1.39337546774,1.06851128407,10.9217595095
14.35259,-0.77408109096,0.814587178465,10.2401933735,1.35801635101,1.06851128407,10.8489478072
14.354256,-0.820225880627,0.76920630323,10.149431623,1.39337546774,1.13922951755,10.8853536583
14.355922,-0.820225880627,0.814587178465,10.1948124982,1.39337546774,1.17458863428,10.8853536583
14.357588,-0.820225880627,0.76920630323,10.149431623,1.53481193469,1.28066598449,10.9217595095
14.359254,-0.820225880627,0.76920630323,10.149431623,1.39337546774,1.17458863428,10.9217595095
14.36092,-0.820225880627,0.814587178465,10.149431623,1.39337546774,1.13922951755,10.8853536583
14.362586,-0.820225880627,0.76920630323,10.1948124982,1.39337546774,1.17458863428,10.8853536583
14.364252,-0.820225880627,0.814587178465,10.1948124982,1.42873458448,1.17458863428,10.8853536583
14.365918,-0.820225880627,0.76920630323,10.149431623,1.35801635101,1.10387040081,10.8489478072
14.367584,-0.820225880627,0.814587178465,10.1948124982,1.42873458448,1.17458863428,10.9217595095
14.36925,-0.820225880627,0.76920630323,10.1948124982,1.39337546774,1.03315216734,10.8853536583
14.370916,-0.820225880627,0.76920630323,10.149431623,1.39337546774,1.06851128407,10.8853536583
14.372582,-0.820225880627,0.76920630323,10.149431623,1.39337546774,1.17458863428,10.9217595095
14.374248,-0.866370670294,0.76920630323,10.1040507478,1.35801635101,1.06851128407,10.8125419561
14.375914,-0.820225880627,0.76920630323,10.1948124982,1.39337546774,1.06851128407,10.8853536583
14.37758,-0.727936301293,0.905348928936,10.2401933735,1.39337546774,1.13922951755,10.8853536583
14.379246,-0.727936301293,0.814587178465,10.2401933735,1.49945281795,1.06851128407,10.8853536583
14.380912,-0.820225880627,0.76920630323,10.149431623,1.42873458448,1.13922951755,10.9217595095
14.382578,-0.820225880627,0.76920630323,10.149431623,1.39337546774,1.10387040081,10.8489478072
14.384244,-0.820225880627,0.76920630323,10.149431623,1.39337546774,1.10387040081,10.8853536583
14.38591,-0.820225880627,0.76920630323,10.149431623,1.42873458448,1.13922951755,10.8853536583
14.387576,-0.820225880627,0.76920630323,10.149431623,1.39337546774,1.20994775102,10.9922958461
14.389242,-0.820225880627,0.723825427995,10.149431623,1.39337546774,1.13922951755,10.8853536583
14.390908,-0.820225880627,0.76920630323,10.149431623,1.39337546774,1.06851128407,10.8853536583
14.392574,-0.820225880627,0.723825427995,10.149431623,1.35801635101,1.10387040081,10.8853536583
14.39424,-0.77408109096,0.814587178465,10.2401933735,1.39337546774,1.10387040081,10.8853536583
14.395906,-0.820225880627,0.76920630323,10.149431623,1.32265723427,1.03315216734,10.7761361049
14.397572,-0.820225880627,0.723825427995,10.149431623,1.39337546774,1.13922951755,10.8853536583
14.399238,-0.820225880627,0.723825427995,10.149431623,1.42873458448,1.10387040081,10.8489478072
14.400904,-0.820225880627,0.723825427995,10.149431623,1.46409370122,1.10387040081,10.8853536583
14.40257,-0.866370670294,0.723825427995,10.1040507478,1.39337546774,1.06851128407,10.8853536583
14.404236,-0.866370670294,0.678444552759,10.1040507478,1.35801635101,1.06851128407,10.8489478072
14.405902,-0.820225880627,0.678444552759,10.1040507478,1.35801635101,1.03315216734,10.8125419561
14.407568,-0.820225880627,0.723825427995,10.1040507478,1.39337546774,1.10387040081,10.8853536583
14.409234,-0.866370670294,0.723825427995,10.1040507478,1.42873458448,1.17458863428,10.9217595095
14.4109,-0.866370670294,0.723825427995,10.1040507478,1.35801635101,1.06851128407,10.8853536583
14.412566,-0.866370670294,0.723825427995,10.1040507478,1.35801635101,1.10387040081,10.8125419561
14.414232,-0.820225880627,0.723825427995,10.1040507478,1.35801635101,1.06851128407,10.8489478072
14.415898,-0.866370670294,0.678444552759,10.1040507478,1.39337546774,1.03315216734,10.8489478072
14.417564,-0.866370670294,0.678444552759,10.0586698725,1.32265723427,0.927074817126,10.7761361049
14.41923,-0.866370670294,0.723825427995,10.0586698725,1.35801635101,1.10387040081,10.8489478072
14.420896,-0.866370670294,0.723825427995,10.1040507478,1.35801635101,1.06851128407,10.8125419561
14.422562,-0.820225880627,0.76920630323,10.1040507478,1.46409370122,1.17458863428,10.8489478072
14.424228,-0.912515459961,0.678444552759,10.0586698725,1.35801635101,1.06851128407,10.8489478072
14.425894,-0.866370670294,0.723825427995,10.0586698725,1.35801635101,1.06851128407,10.7761361049
14.42756,-0.866370670294,0.723825427995,10.0586698725,1.35801635101,1.06851128407,10.8125419561
14.429226,-0.77408109096,0.76920630323,10.149431623,1.35801635101,1.10387040081,10.8489478072
14.430892,-0.866370670294,0.678444552759,10.0586698725,1.28729811753,0.997793050599,10.8125419561
14.432558,-0.866370670294,0.678444552759,10.0586698725,1.35801635101,1.10387040081,10.8489478072
14.434224,-0.866370670294,0.678444552759,10.0586698725,1.35801635101,0.997793050599,10.8125419561
14.43589,-0.77408109096,0.814587178465,10.149431623,1.35801635101,1.06851128407,10.7761361049
14.437556,-0.866370670294,0.723825427995,10.1040507478,1.35801635101,1.06851128407,10.8853536583
14.439222,-0.866370670294,0.678444552759,10.0132889973,1.28729811753,0.997793050599,10.7761361049
14.440888,-0.866370670294,0.678444552759,10.0586698725,1.35801635101,1.06851128407,10.8125419561
14.442554,-0.866370670294,0.723825427995,10.0586698725,1.35801635101,1.10387040081,10.8125419561
14.44422,-0.866370670294,0.723825427995,10.0586698725,1.46409370122,1.20994775102,10.8853536583
14.445886,-0.77408109096,0.814587178465,10.149431623,1.35801635101,1.10387040081,10.8125419561
14.447552,-0.912515459961,0.678444552759,10.0132889973,1.32265723427,1.06851128407,10.8125419561
14.449218,-0.866370670294,0.678444552759,10.0132889973,1.32265723427,0.997793050599,10.7761361049
14.450884,-0.912515459961,0.678444552759,10.0586698725,1.35801635101,1.03315216734,10.8489478072
14.45255,-0.912515459961,0.678444552759,10.0132889973,1.28729811753,0.962433933862,10.7397302538
14.454216,-0.912515459961,0.723825427995,10.0132889973,1.32265723427,1.06851128407,10.8125419561
14.455882,-0.866370670294,0.723825427995,10.0586698725,1.35801635101,1.10387040081,10.8125419561
14.457548,-0.866370670294,0.723825427995,10.0132889973,1.42873458448,1.20994775102,10.8489478072
14.459214,-0.866370670294,0.723825427995,10.0586698725,1.35801635101,1.10387040081,10.8125419561
14.46088,-0.912515459961,0.678444552759,10.0586698725,1.32265723427,0.962433933862,10.7761361049
14.462546,-0.912515459961,0.678444552759,10.0132889973,1.32265723427,0.997793050599,10.7761361049
14.464212,-0.866370670294,0.723825427995,10.0586698725,1.35801635101,1.06851128407,10.8125419561
14.465878,-0.912515459961,0.723825427995,10.0132889973,1.32265723427,1.17458863428,10.9217595095
14.467544,-0.866370670294,0.723825427995,10.0132889973,1.35801635101,1.13922951755,10.8125419561
14.46921,-0.912515459961,0.678444552759,10.0132889973,1.32265723427,0.997793050599,10.8125419561
14.470876,-0.912515459961,0.723825427995,10.0586698725,1.32265723427,1.06851128407,10.8125419561
14.472542,-0.866370670294,0.723825427995,10.0586698725,1.35801635101,1.10387040081,10.8489478072
14.474208,-0.866370670294,0.678444552759,10.0586698725,1.28729811753,1.03315216734,10.7761361049
14.475874,-0.866370670294,0.678444552759,10.0586698725,1.35801635101,1.10387040081,10.8489478072
14.47754,-0.912515459961,0.723825427995,10.0586698725,1.32265723427,1.10387040081,10.8125419561
14.479206,-0.912515459961,0.678444552759,10.0586698725,1.46409370122,1.10387040081,10.8489478072
14.480872,-0.866370670294,0.723825427995,10.0586698725,1.35801635101,1.10387040081,10.8489478072
14.482538,-0.866370670294,0.723825427995,10.0586698725,1.32265723427,1.06851128407,10.7761361049
14.484204,-0.912515459961,0.678444552759,10.0586698725,1.32265723427,1.10387040081,10.8125419561
14.48587,-0.820225880627,0.76920630323,10.149431623,1.32265723427,1.10387040081,10.8125419561
14.487536,-0.866370670294,0.678444552759,10.0586698725,1.39337546774,1.20994775102,10.9217595095
14.489202,-0.866370670294,0.723825427995,10.1040507478,1.35801635101,1.10387040081,10.8489478072
14.490868,-0.866370670294,0.723825427995,10.0586698725,1.28729811753,1.06851128407,10.8125419561
14.492534,-0.912515459961,0.723825427995,10.0586698725,1.32265723427,1.10387040081,10.8489478072
14.4942,-0.912515459961,0.723825427995,10.0586698725,1.35801635101,1.10387040081,10.8853536583
14.495866,-0.866370670294,0.723825427995,10.0586698725,1.25193900079,1.06851128407,10.9217595095
14.497532,-0.866370670294,0.723825427995,10.0586698725,1.35801635101,1.10387040081,10.8853536583
14.499198,-0.912515459961,0.723825427995,10.1040507478,1.32265723427,1.06851128407,10.8489478072
14.500864,-0.866370670294,0.723825427995,10.1040507478,1.32265723427,1.06851128407,10.8125419561
14.50253,-0.866370670294,0.723825427995,10.1040507478,1.35801635101,1.06851128407,10.8853536583
14.504196,-0.866370670294,0.723825427995,10.1040507478,1.25193900079,0.997793050599,10.8125419561
14.505862,-0.866370670294,0.76920630323,10.1040507478,1.35801635101,1.10387040081,10.8853536583
14.507528,-0.866370670294,0.723825427995,10.1040507478,1.35801635101,1.03315216734,10.8853536583
14.509194,-0.866370670294,0.723825427995,10.1040507478,1.35801635101,1.03315216734,10.8853536583
14.51086,-0.77408109096,0.814587178465,10.1948124982,1.35801635101,1.06851128407,10.9217595095
14.512526,-0.866370670294,0.723825427995,10.1040507478,1.32265723427,0.997793050599,10.8125419561
14.514192,-0.866370670294,0.723825427995,10.1040507478,1.35801635101,1.10387040081,10.8853536583
14.515858,-0.866370670294,0.723825427995,10.1040507478,1.35801635101,1.03315216734,10.8853536583
14.517524,-0.866370670294,0.723825427995,10.149431623,1.42873458448,1.28066598449,10.9922958461
14.51919,-0.866370670294,0.723825427995,10.1040507478,1.39337546774,1.10387040081,10.8853536583
14.520856,-0.866370670294,0.723825427995,10.1040507478,1.35801635101,1.10387040081,10.8853536583
14.522522,-0.866370670294,0.76920630323,10.1040507478,1.35801635101,1.10387040081,10.8853536583
14.524188,-0.866370670294,0.76920630323,10.149431623,1.35801635101,1.10387040081,10.9217595095
14.525854,-0.77408109096,0.859968053701,10.2401933735,1.32265723427,1.20994775102,11.0287016972
14.52752,-0.820225880627,0.814587178465,10.149431623,1.35801635101,1.17458863428,10.8853536583
14.529186,-0.866370670294,0.723825427995,10.149431623,1.35801635101,1.03315216734,10.8489478072
14.530852,-0.866370670294,0.76920630323,10.149431623,1.35801635101,1.06851128407,10.8853536583
14.532518,-0.866370670294,0.76920630323,10.149431623,1.39337546774,1.06851128407,10.9217595095
14.534184,-0.77408109096,0.814587178465,10.1948124982,1.32265723427,1.06851128407,10.8125419561
14.53585,-0.866370670294,0.76920630323,10.149431623,1.39337546774,1.13922951755,10.9217595095
14.537516,-0.77408109096,0.859968053701,10.2401933735,1.39337546774,1.13922951755,10.8853536583
14.539182,-0.866370670294,0.723825427995,10.149431623,1.49945281795,1.06851128407,10.9217595095
14.540848,-0.866370670294,0.76920630323,10.149431623,1.35801635101,1.06851128407,10.9217595095
14.542514,-0.820225880627,0.76920630323,10.1948124982,1.35801635101,1.10387040081,10.8125419561
14.54418,-0.77408109096,0.859968053701,10.2401933735,1.39337546774,1.10387040081,10.9217595095
14.545846,-0.820225880627,0.76920630323,10.149431623,1.39337546774,1.17458863428,10.9217595095
14.547512,-0.77408109096,0.859968053701,10.2401933735,1.32265723427,1.13922951755,10.9922958461
14.549178,-0.866370670294,0.76920630323,10.1948124982,1.39337546774,1.06851128407,10.9217595095
14.550844,-0.820225880627,0.76920630323,10.1948124982,1.39337546774,1.06851128407,10.8853536583
14.55251,-0.820225880627,0.76920630323,10.149431623,1.35801635101,1.06851128407,10.8853536583
14.554176,-0.820225880627,0.814587178465,10.149431623,1.42873458448,1.13922951755,10.9581653606
14.555842,-0.727936301293,0.905348928936,10.2401933735,1.35801635101,1.06851128407,10.8489478072
14.557508,-0.820225880627,0.76920630323,10.149431623,1.35801635101,1.06851128407,10.8853536583
14.559174,-0.820225880627,0.76920630323,10.149431623,1.39337546774,1.06851128407,10.8853536583
14.56084,-0.820225880627,0.76920630323,10.149431623,1.49945281795,1.24530686776,10.9581653606
14.562506,-0.727936301293,0.905348928936,10.2401933735,1.39337546774,1.17458863428,10.9217595095
14.564172,-0.820225880627,0.76920630323,10.149431623,1.39337546774,1.06851128407,10.8489478072
14.565838,-0.866370670294,0.76920630323,10.149431623,1.35801635101,1.06851128407,10.8853536583
14.567504,-0.820225880627,0.76920630323,10.149431623,1.46409370122,1.17458863428,10.9217595095
14.56917,-0.820225880627,0.76920630323,10.149431623,1.35801635101,1.20994775102,11.0287016972
14.570836,-0.820225880627,0.814587178465,10.149431623,1.39337546774,1.17458863428,10.8853536583
14.572502,-0.820225880627,0.814587178465,10.1948124982,1.35801635101,1.06851128407,10.8489478072
14.574168,-0.820225880627,0.814587178465,10.1948124982,1.39337546774,1.13922951755,10.8853536583
14.575834,-0.820225880627,0.76920630323,10.149431623,1.42873458448,1.13922951755,10.9217595095
14.5775,-0.866370670294,0.76920630323,10.149431623,1.35801635101,1.10387040081,10.8125419561
14.579166,-0.820225880627,0.76920630323,10.149431623,1.39337546774,1.10387040081,10.8853536583
14.580832,-0.820225880627,0.76920630323,10.149431623,1.39337546774,1.13922951755,10.8489478072
14.582498,-0.820225880627,0.814587178465,10.149431623,1.39337546774,1.06851128407,10.8489478072
14.584164,-0.77408109096,0.814587178465,10.2401933735,1.39337546774,1.20994775102,10.8853536583
14.58583,-0.820225880627,0.814587178465,10.149431623,1.35801635101,1.10387040081,10.8125419561
14.587496,-0.820225880627,0.814587178465,10.149431623,1.39337546774,1.06851128407,10.8853536583
14.589162,-0.820225880627,0.76920630323,10.149431623,1.39337546774,1.06851128407,10.8489478072
14.590828,-0.727936301293,0.905348928936,10.2401933735,1.46409370122,1.17458863428,10.8853536583
14.592494,-0.866370670294,0.76920630323,10.149431623,1.39337546774,1.17458863428,10.8853536583
14.59416,-0.820225880627,0.76920630323,10.149431623,1.35801635101,0.997793050599,10.8125419561
14.595826,-0.820225880627,0.814587178465,10.149431623,1.39337546774,1.06851128407,10.8489478072
14.597492,-0.820225880627,0.76920630323,10.1040507478,1.39337546774,1.06851128407,10.8853536583
14.599158,-0.820225880627,0.814587178465,10.149431623,1.46409370122,1.20994775102,10.8853536583
14.600824,-0.866370670294,0.814587178465,10.149431623,1.42873458448,1.17458863428,10.9217595095
14.60249,-0.820225880627,0.76920630323,10.1040507478,1.35801635101,1.13922951755,10.7761361049
14.604156,-0.820225880627,0.76920630323,10.149431623,1.35801635101,1.17458863428,10.8853536583
14.605822,-0.820225880627,0.814587178465,10.149431623,1.39337546774,1.17458863428,10.8853536583
14.607488,-0.866370670294,0.76920630323,10.1040507478,1.42873458448,1.24530686776,10.9922958461
14.609154,-0.820225880627,0.76920630323,10.149431623,1.39337546774,1.06851128407,10.8853536583
14.61082,-0.820225880627,0.76920630323,10.149431623,1.35801635101,1.03315216734,10.8125419561
14.612486,-0.727936301293,0.859968053701,10.1948124982,1.35801635101,1.06851128407,10.8489478072
14.614152,-0.866370670294,0.76920630323,10.1040507478,1.39337546774,1.17458863428,10.8853536583
14.615818,-0.866370670294,0.814587178465,10.1040507478,1.32265723427,1.06851128407,10.8125419561
14.617484,-0.866370670294,0.76920630323,10.1040507478,1.35801635101,1.10387040081,10.8853536583
14.61915,-0.866370670294,0.76920630323,10.1040507478,1.39337546774,1.17458863428,10.8489478072
14.620816,-0.866370670294,0.76920630323,10.1040507478,1.42873458448,1.17458863428,10.8489478072
14.622482,-0.820225880627,0.814587178465,10.1040507478,1.35801635101,1.17458863428,10.8853536583
14.624148,-0.866370670294,0.76920630323,10.1040507478,1.35801635101,1.10387040081,10.8125419561
14.625814,-0.77408109096,0.859968053701,10.1948124982,1.35801635101,1.13922951755,10.8489478072
14.62748,-0.866370670294,0.76920630323,10.0586698725,1.39337546774,1.13922951755,10.8853536583
14.629146,-0.866370670294,0.76920630323,10.1040507478,1.28729811753,1.20994775102,10.9922958461
14.630812,-0.820225880627,0.814587178465,10.149431623,1.35801635101,1.13922951755,10.8853536583
14.632478,-0.866370670294,0.76920630323,10.1040507478,1.35801635101,1.13922951755,10.8853536583
14.634144,-0.866370670294,0.76920630323,10.1040507478,1.35801635101,1.10387040081,10.8853536583
14.63581,-0.866370670294,0.76920630323,10.149431623,1.35801635101,1.17458863428,10.8853536583
14.637476,-0.866370670294,0.723825427995,10.1040507478,1.32265723427,1.10387040081,10.8125419561
14.639142,-0.77408109096,0.859968053701,10.2401933735,1.35801635101,1.13922951755,10.8489478072
14.640808,-0.866370670294,0.76920630323,10.1040507478,1.35801635101,1.13922951755,10.8853536583
14.642474,-0.866370670294,0.76920630323,10.1040507478,1.46409370122,1.24530686776,10.9217595095
14.64414,-0.866370670294,0.723825427995,10.1040507478,1.39337546774,1.17458863428,10.8853536583
14.645806,-0.866370670294,0.723825427995,10.1040507478,1.35801635101,1.10387040081,10.8125419561
14.647472,-0.866370670294,0.723825427995,10.1040507478,1.35801635101,1.10387040081,10.8489478072
14.649138,-0.866370670294,0.76920630323,10.1040507478,1.35801635101,1.17458863428,10.8853536583
14.650804,-0.866370670294,0.76920630323,10.1040507478,1.28729811753,1.06851128407,10.9217595095
14.65247,-0.866370670294,0.723825427995,10.0586698725,1.35801635101,1.13922951755,10.8853536583
14.654136,-0.77408109096,0.814587178465,10.1948124982,1.35801635101,1.10387040081,10.8489478072
14.655802,-0.77408109096,0.814587178465,10.149431623,1.46409370122,1.13922951755,10.8853536583
14.657468,-0.866370670294,0.723825427995,10.1040507478,1.35801635101,1.13922951755,10.8853536583
14.659134,-0.866370670294,0.723825427995,10.0586698725,1.32265723427,1.10387040081,10.8489478072
14.6608,-0.866370670294,0.723825427995,10.1040507478,1.32265723427,1.10387040081,10.8853536583
14.662466,-0.77408109096,0.76920630323,10.1948124982,1.35801635101,1.10387040081,10.8853536583
14.664132,-0.77408109096,0.859968053701,10.1948124982,1.28729811753,1.17458863428,10.9922958461
14.665798,-0.820225880627,0.814587178465,10.1948124982,1.35801635101,1.13922951755,10.9217595095
14.667464,-0.866370670294,0.723825427995,10.1040507478,1.32265723427,1.06851128407,10.8853536583
14.66913,-0.912515459961,0.723825427995,10.1040507478,1.35801635101,1.13922951755,10.8489478072
14.670796,-0.866370670294,0.723825427995,10.1040507478,1.35801635101,1.10387040081,10.8853536583
14.672462,-0.866370670294,0.678444552759,10.1040507478,1.28729811753,1.06851128407,10.8125419561
14.674128,-0.866370670294,0.76920630323,10.149431623,1.35801635101,1.10387040081,10.8853536583
14.675794,-0.820225880627,0.723825427995,10.1040507478,1.35801635101,1.10387040081,10.8853536583
14.67746,-0.77408109096,0.76920630323,10.1948124982,1.46409370122,1.17458863428,10.9217595095
14.679126,-0.820225880627,0.814587178465,10.149431623,1.35801635101,1.17458863428,10.8853536583
14.680792,-0.866370670294,0.723825427995,10.1040507478,1.35801635101,1.06851128407,10.8489478072
14.682458,-0.866370670294,0.723825427995,10.149431623,1.35801635101,1.10387040081,10.8853536583
14.684124,-0.866370670294,0.723825427995,10.1040507478,1.39337546774,1.10387040081,10.8853536583
14.68579,-0.866370670294,0.723825427995,10.1040507478,1.28729811753,1.17458863428,10.9922958461
14.687456,-0.866370670294,0.723825427995,10.1040507478,1.35801635101,1.13922951755,10.8853536583
14.689122,-0.866370670294,0.678444552759,10.1040507478,1.32265723427,1.06851128407,10.8489478072
14.690788,-0.912515459961,0.723825427995,10.1040507478,1.32265723427,1.06851128407,10.8853536583
14.692454,-0.820225880627,0.723825427995,10.149431623,1.35801635101,1.10387040081,10.8853536583
14.69412,-0.866370670294,0.723825427995,10.1040507478,1.32265723427,1.03315216734,10.8125419561
14.695786,-0.866370670294,0.723825427995,10.1040507478,1.35801635101,1.10387040081,10.8853536583
14.697452,-0.866370670294,0.723825427995,10.149431623,1.35801635101,1.06851128407,10.8853536583
14.699118,-0.866370670294,0.723825427995,10.1040507478,1.35801635101,1.10387040081,10.8853536583
14.700784,-0.77408109096,0.814587178465,10.2401933735,1.35801635101,1.10387040081,10.9217595095
14.70245,-0.866370670294,0.723825427995,10.1040507478,1.32265723427,1.06851128407,10.8125419561
14.704116,-0.866370670294,0.723825427995,10.1040507478,1.35801635101,1.10387040081,10.8853536583
14.705782,-0.866370670294,0.723825427995,10.1040507478,1.35801635101,1.06851128407,10.8489478072
14.707448,-0.866370670294,0.723825427995,10.1040507478,1.35801635101,1.06851128407,10.8489478072
14.709114,-0.866370670294,0.723825427995,10.1040507478,1.35801635101,1.10387040081,10.8853536583
14.71078,-0.866370670294,0.723825427995,10.149431623,1.32265723427,1.06851128407,10.8125419561
14.712446,-0.866370670294,0.723825427995,10.1040507478,1.35801635101,1.13922951755,10.8853536583
14.714112,-0.820225880627,0.723825427995,10.149431623,1.35801635101,1.10387040081,10.8853536583
14.715778,-0.866370670294,0.723825427995,10.1040507478,1.46409370122,1.20994775102,10.9217595095
14.717444,-0.866370670294,0.723825427995,10.1040507478,1.39337546774,1.06851128407,10.8853536583
14.71911,-0.866370670294,0.723825427995,10.1040507478,1.35801635101,1.06851128407,10.8125419561
14.720776,-0.866370670294,0.723825427995,10.1040507478,1.35801635101,1.06851128407,10.8489478072
14.722442,-0.866370670294,0.723825427995,10.1040507478,1.35801635101,1.10387040081,10.8853536583
14.724108,-0.820225880627,0.723825427995,10.1040507478,1.32265723427,0.997793050599,10.8853536583
14.725774,-0.820225880627,0.723825427995,10.1040507478,1.35801635101,1.10387040081,10.8853536583
14.72744,-0.820225880627,0.76920630323,10.1040507478,1.39337546774,1.06851128407,10.8853536583
14.729106,-0.727936301293,0.814587178465,10.1948124982,1.46409370122,1.17458863428,10.8489478072
14.730772,-0.866370670294,0.678444552759,10.0586698725,1.42873458448,1.10387040081,10.8853536583
14.732438,-0.820225880627,0.723825427995,10.1040507478,1.35801635101,1.06851128407,10.7761361049
14.734104,-0.820225880627,0.723825427995,10.1040507478,1.35801635101,1.06851128407,10.8489478072
14.73577,-0.820225880627,0.723825427995,10.1040507478,1.39337546774,1.10387040081,10.8853536583
14.737436,-0.820225880627,0.76920630323,10.1040507478,1.46409370122,1.20994775102,10.9217595095
14.739102,-0.77408109096,0.814587178465,10.1948124982,1.39337546774,1.10387040081,10.8853536583
14.740768,-0.820225880627,0.723825427995,10.1040507478,1.35801635101,1.06851128407,10.8125419561
14.742434,-0.820225880627,0.723825427995,10.1040507478,1.39337546774,1.06851128407,10.8125419561
14.7441,-0.727936301293,0.814587178465,10.1948124982,1.39337546774,1.13922951755,10.8489478072
14.745766,-0.820225880627,0.76920630323,10.1040507478,1.35801635101,1.06851128407,10.7761361049
14.747432,-0.820225880627,0.76920630323,10.1040507478,1.39337546774,1.10387040081,10.8489478072
14.749098,-0.820225880627,0.723825427995,10.1040507478,1.39337546774,1.06851128407,10.8125419561
14.750764,-0.820225880627,0.76920630323,10.1040507478,1.46409370122,1.17458863428,10.8853536583
14.75243,-0.77408109096,0.814587178465,10.149431623,1.39337546774,1.13922951755,10.8489478072
14.754096,-0.77408109096,0.76920630323,10.149431623,1.35801635101,1.06851128407,10.7761361049
14.755762,-0.820225880627,0.723825427995,10.1040507478,1.35801635101,1.06851128407,10.8125419561
14.757428,-0.820225880627,0.76920630323,10.1040507478,1.39337546774,1.13922951755,10.8489478072
14.759094,-0.820225880627,0.76920630323,10.1040507478,1.35801635101,1.20994775102,10.9581653606
14.76076,-0.820225880627,0.76920630323,10.1040507478,1.39337546774,1.13922951755,10.8489478072
14.762426,-0.820225880627,0.76920630323,10.1040507478,1.39337546774,1.13922951755,10.8125419561
14.764092,-0.820225880627,0.76920630323,10.1040507478,1.46409370122,1.13922951755,10.8125419561
14.765758,-0.820225880627,0.76920630323,10.1040507478,1.42873458448,1.13922951755,10.8489478072
14.767424,-0.727936301293,0.859968053701,10.149431623,1.35801635101,1.06851128407,10.7761361049
14.76909,-0.820225880627,0.723825427995,10.1040507478,1.39337546774,1.10387040081,10.8125419561
14.770756,-0.820225880627,0.723825427995,10.1040507478,1.42873458448,1.10387040081,10.8125419561
14.772422,-0.820225880627,0.723825427995,10.1040507478,1.35801635101,1.06851128407,10.9217595095
14.774088,-0.820225880627,0.723825427995,10.1040507478,1.42873458448,1.13922951755,10.8489478072
14.775754,-0.820225880627,0.76920630323,10.0586698725,1.39337546774,1.06851128407,10.8125419561
14.77742,-0.820225880627,0.76920630323,10.1040507478,1.46409370122,1.13922951755,10.8125419561
14.779086,-0.820225880627,0.723825427995,10.1040507478,1.39337546774,1.10387040081,10.8853536583
14.780752,-0.77408109096,0.814587178465,10.1040507478,1.35801635101,1.06851128407,10.7397302538
14.782418,-0.820225880627,0.76920630323,10.1040507478,1.39337546774,1.10387040081,10.8125419561
14.784084,-0.727936301293,0.859968053701,10.1948124982,1.39337546774,1.10387040081,10.8125419561
14.78575,-0.820225880627,0.76920630323,10.1040507478,1.49945281795,1.20994775102,10.8853536583
14.787416,-0.820225880627,0.76920630323,10.1040507478,1.42873458448,1.17458863428,10.8853536583
14.789082,-0.681791511626,0.859968053701,10.1948124982,1.39337546774,1.06851128407,10.8125419561
14.790748,-0.820225880627,0.723825427995,10.1040507478,1.35801635101,1.10387040081,10.7761361049
14.792414,-0.820225880627,0.76920630323,10.1040507478,1.46409370122,1.13922951755,10.8853536583
14.79408,-0.820225880627,0.76920630323,10.1040507478,1.35801635101,1.06851128407,10.7761361049
14.795746,-0.820225880627,0.723825427995,10.1040507478,1.35801635101,1.06851128407,10.8489478072
14.797412,-0.820225880627,0.723825427995,10.1040507478,1.39337546774,1.10387040081,10.8489478072
14.799078,-0.820225880627,0.723825427995,10.1040507478,1.49945281795,1.17458863428,10.8853536583
14.800744,-0.820225880627,0.723825427995,10.1040507478,1.39337546774,1.10387040081,10.8853536583
14.80241,-0.820225880627,0.76920630323,10.1040507478,1.35801635101,1.06851128407,10.8125419561
14.804076,-0.727936301293,0.814587178465,10.1948124982,1.35801635101,1.06851128407,10.8125419561
14.805742,-0.820225880627,0.76920630323,10.1040507478,1.39337546774,1.10387040081,10.8853536583
14.807408,-0.820225880627,0.723825427995,10.1040507478,1.35801635101,1.03315216734,10.8125419561
14.809074,-0.820225880627,0.723825427995,10.1040507478,1.39337546774,1.06851128407,10.8125419561
14.81074,-0.820225880627,0.76920630323,10.1040507478,1.39337546774,1.06851128407,10.8125419561
14.812406,-0.820225880627,0.76920630323,10.1040507478,1.42873458448,1.17458863428,10.8489478072
14.814072,-0.820225880627,0.76920630323,10.149431623,1.42873458448,1.10387040081,10.8853536583
14.815738,-0.727936301293,0.859968053701,10.1948124982,1.35801635101,1.06851128407,10.8125419561
14.817404,-0.866370670294,0.678444552759,10.1040507478,1.35801635101,1.06851128407,10.8489478072
14.81907,-0.866370670294,0.678444552759,10.1040507478,1.35801635101,1.10387040081,10.8853536583
14.820736,-0.820225880627,0.678444552759,10.1040507478,1.32265723427,1.13922951755,10.9922958461
14.822402,-0.820225880627,0.76920630323,10.149431623,1.35801635101,1.10387040081,10.8853536583
14.824068,-0.820225880627,0.723825427995,10.1040507478,1.35801635101,1.06851128407,10.8489478072
14.825734,-0.820225880627,0.723825427995,10.1040507478,1.35801635101,1.06851128407,10.8853536583
14.8274,-0.866370670294,0.723825427995,10.1040507478,1.39337546774,1.10387040081,10.8853536583
14.829066,-0.866370670294,0.723825427995,10.149431623,1.28729811753,1.03315216734,10.8853536583
14.830732,-0.866370670294,0.723825427995,10.1040507478,1.39337546774,1.10387040081,10.9217595095
14.832398,-0.820225880627,0.723825427995,10.149431623,1.35801635101,1.06851128407,10.8853536583
14.834064,-0.77408109096,0.814587178465,10.1948124982,1.35801635101,1.06851128407,10.8853536583
14.83573,-0.820225880627,0.723825427995,10.149431623,1.35801635101,1.10387040081,10.8853536583
14.837396,-0.866370670294,0.678444552759,10.1040507478,1.32265723427,1.03315216734,10.9581653606
14.839062,-0.866370670294,0.678444552759,10.149431623,1.35801635101,1.10387040081,10.8853536583
14.840728,-0.866370670294,0.723825427995,10.1040507478,1.39337546774,1.06851128407,10.8853536583
14.842394,-0.820225880627,0.76920630323,10.149431623,1.39337546774,1.13922951755,10.8853536583
14.84406,-0.866370670294,0.723825427995,10.149431623,1.39337546774,1.10387040081,10.9217595095
14.845726,-0.866370670294,0.76920630323,10.1040507478,1.32265723427,1.06851128407,10.8489478072
14.847392,-0.866370670294,0.723825427995,10.149431623,1.35801635101,1.10387040081,10.9217595095
14.849058,-0.866370670294,0.678444552759,10.1040507478,1.35801635101,1.10387040081,10.8853536583
14.850724,-0.866370670294,0.723825427995,10.149431623,1.28729811753,1.10387040081,11.0287016972
14.85239,-0.866370670294,0.723825427995,10.1040507478,1.35801635101,1.13922951755,10.9217595095
14.854056,-0.866370670294,0.723825427995,10.149431623,1.35801635101,1.06851128407,10.8853536583
14.855722,-0.820225880627,0.723825427995,10.149431623,1.32265723427,1.10387040081,10.8489478072
14.857388,-0.820225880627,0.76920630323,10.149431623,1.35801635101,1.17458863428,10.9217595095
14.859054,-0.866370670294,0.723825427995,10.149431623,1.28729811753,1.06851128407,10.8125419561
14.86072,-0.866370670294,0.723825427995,10.1040507478,1.35801635101,1.06851128407,10.9217595095
14.862386,-0.866370670294,0.678444552759,10.1040507478,1.35801635101,1.06851128407,10.9217595095
14.864052,-0.866370670294,0.723825427995,10.1040507478,1.46409370122,1.20994775102,10.9581653606
14.865718,-0.866370670294,0.723825427995,10.1040507478,1.35801635101,1.10387040081,10.9217595095
14.867384,-0.866370670294,0.723825427995,10.1040507478,1.32265723427,1.10387040081,10.8853536583
14.86905,-0.866370670294,0.723825427995,10.149431623,1.32265723427,1.06851128407,10.8489478072
14.870716,-0.866370670294,0.723825427995,10.1040507478,1.35801635101,1.10387040081,10.9217595095
14.872382,-0.820225880627,0.76920630323,10.149431623,1.28729811753,0.997793050599,10.9581653606
14.874048,-0.866370670294,0.723825427995,10.1040507478,1.35801635101,1.06851128407,10.9217595095
14.875714,-0.866370670294,0.76920630323,10.149431623,1.35801635101,1.10387040081,10.8853536583
14.87738,-0.866370670294,0.76920630323,10.149431623,1.35801635101,1.13922951755,10.8853536583
14.879046,-0.77408109096,0.814587178465,10.1948124982,1.35801635101,1.10387040081,10.9217595095
14.880712,-0.866370670294,0.76920630323,10.1040507478,1.32265723427,1.06851128407,10.8125419561
14.882378,-0.866370670294,0.723825427995,10.1040507478,1.35801635101,1.03315216734,10.8853536583
14.884044,-0.866370670294,0.76920630323,10.149431623,1.39337546774,1.13922951755,10.8853536583
14.88571,-0.866370670294,0.76920630323,10.149431623,1.46409370122,1.20994775102,10.8853536583
14.887376,-0.866370670294,0.723825427995,10.149431623,1.39337546774,1.06851128407,10.9217595095
14.889042,-0.866370670294,0.723825427995,10.1040507478,1.35801635101,1.13922951755,10.8489478072
14.890708,-0.866370670294,0.76920630323,10.1040507478,1.35801635101,1.17458863428,10.8853536583
14.892374,-0.820225880627,0.814587178465,10.149431623,1.35801635101,1.17458863428,10.8853536583
14.89404,-0.77408109096,0.859968053701,10.1948124982,1.28729811753,1.13922951755,10.9922958461
14.895706,-0.820225880627,0.814587178465,10.1948124982,1.35801635101,1.17458863428,10.8853536583
14.897372,-0.866370670294,0.76920630323,10.1040507478,1.35801635101,1.17458863428,10.8853536583
14.899038,-0.866370670294,0.76920630323,10.149431623,1.39337546774,1.17458863428,10.8489478072
14.900704,-0.866370670294,0.76920630323,10.1040507478,1.35801635101,1.20994775102,10.8853536583
14.90237,-0.866370670294,0.76920630323,10.1040507478,1.32265723427,1.10387040081,10.7761361049
14.904036,-0.820225880627,0.814587178465,10.149431623,1.35801635101,1.17458863428,10.8853536583
14.905702,-0.866370670294,0.76920630323,10.1040507478,1.35801635101,1.13922951755,10.8853536583
14.907368,-0.866370670294,0.723825427995,10.1040507478,1.46409370122,1.20994775102,10.9217595095
14.909034,-0.866370670294,0.723825427995,10.1040507478,1.39337546774,1.10387040081,10.8853536583
14.9107,-0.77408109096,0.814587178465,10.1948124982,1.35801635101,1.17458863428,10.8489478072
14.912366,-0.77408109096,0.859968053701,10.2401933735,1.35801635101,1.10387040081,10.8853536583
14.914032,-0.77408109096,0.859968053701,10.1948124982,1.39337546774,1.13922951755,10.8853536583
14.915698,-0.727936301293,0.905348928936,10.1948124982,1.32265723427,1.06851128407,10.9217595095
14.917364,-0.77408109096,0.905348928936,10.1948124982,1.39337546774,1.17458863428,10.8853536583
14.91903,-0.727936301293,0.905348928936,10.2401933735,1.39337546774,1.10387040081,10.8853536583
14.920696,-0.77408109096,0.859968053701,10.1948124982,1.46409370122,1.17458863428,10.8853536583
14.922362,-0.820225880627,0.859968053701,10.149431623,1.39337546774,1.17458863428,10.8853536583
14.924028,-0.820225880627,0.76920630323,10.149431623,1.35801635101,1.13922951755,10.8125419561
14.925694,-0.866370670294,0.814587178465,10.1040507478,1.35801635101,1.13922951755,10.8489478072
14.92736,-0.866370670294,0.76920630323,10.1040507478,1.39337546774,1.17458863428,10.8853536583
14.929026,-0.866370670294,0.76920630323,10.1040507478,1.32265723427,1.10387040081,10.9581653606
14.930692,-0.820225880627,0.76920630323,10.149431623,1.39337546774,1.20994775102,10.8853536583
14.932358,-0.866370670294,0.76920630323,10.149431623,1.35801635101,1.03315216734,10.8853536583
14.934024,-0.866370670294,0.76920630323,10.1040507478,1.39337546774,1.06851128407,10.8125419561
14.93569,-0.820225880627,0.814587178465,10.149431623,1.39337546774,1.17458863428,10.8853536583
14.937356,-0.820225880627,0.814587178465,10.149431623,1.35801635101,1.10387040081,10.8125419561
14.939022,-0.77408109096,0.814587178465,10.1948124982,1.35801635101,1.17458863428,10.8853536583
14.940688,-0.866370670294,0.814587178465,10.1040507478,1.39337546774,1.17458863428,10.8853536583
14.942354,-0.820225880627,0.76920630323,10.149431623,1.35801635101,1.24530686776,10.9922958461
14.94402,-0.820225880627,0.814587178465,10.149431623,1.39337546774,1.13922951755,10.8853536583
14.945686,-0.820225880627,0.76920630323,10.1040507478,1.39337546774,1.13922951755,10.8853536583
14.947352,-0.77408109096,0.905348928936,10.2401933735,1.39337546774,1.13922951755,10.8125419561
14.949018,-0.866370670294,0.76920630323,10.149431623,1.42873458448,1.06851128407,10.8853536583
14.950684,-0.820225880627,0.76920630323,10.149431623,1.35801635101,1.06851128407,10.7761361049
14.95235,-0.820225880627,0.76920630323,10.149431623,1.39337546774,1.17458863428,10.8853536583
14.954016,-0.727936301293,0.859968053701,10.2401933735,1.39337546774,1.13922951755,10.8489478072
14.955682,-0.820225880627,0.814587178465,10.149431623,1.42873458448,1.17458863428,10.8853536583
14.957348,-0.820225880627,0.76920630323,10.149431623,1.39337546774,1.17458863428,10.8853536583
14.959014,-0.820225880627,0.76920630323,10.149431623,1.35801635101,1.06851128407,10.7761361049
14.96068,-0.820225880627,0.814587178465,10.149431623,1.39337546774,1.13922951755,10.8853536583
14.962346,-0.820225880627,0.76920630323,10.149431623,1.35801635101,1.06851128407,10.8853536583
14.964012,-0.727936301293,0.859968053701,10.2401933735,1.49945281795,1.10387040081,10.8853536583
14.965678,-0.866370670294,0.76920630323,10.149431623,1.39337546774,1.13922951755,10.8853536583
14.967344,-0.820225880627,0.76920630323,10.149431623,1.35801635101,0.997793050599,10.8489478072
14.96901,-0.727936301293,0.814587178465,10.2401933735,1.39337546774,1.03315216734,10.8853536583
14.970676,-0.820225880627,0.723825427995,10.1948124982,1.39337546774,1.13922951755,10.9217595095
14.972342,-0.77408109096,0.76920630323,10.1948124982,1.39337546774,1.17458863428,10.9922958461
14.974008,-0.820225880627,0.723825427995,10.149431623,1.39337546774,1.03315216734,10.8853536583
14.975674,-0.820225880627,0.76920630323,10.149431623,1.39337546774,1.10387040081,10.8853536583
14.97734,-0.77408109096,0.814587178465,10.1948124982,1.39337546774,1.13922951755,10.8853536583
14.979006,-0.820225880627,0.723825427995,10.149431623,1.42873458448,1.06851128407,10.8853536583
14.980672,-0.820225880627,0.76920630323,10.149431623,1.35801635101,1.06851128407,10.7761361049
14.982338,-0.820225880627,0.723825427995,10.149431623,1.39337546774,1.03315216734,10.9217595095
14.984004,-0.820225880627,0.76920630323,10.149431623,1.39337546774,1.10387040081,10.8853536583
14.98567,-0.820225880627,0.76920630323,10.149431623,1.42873458448,1.10387040081,10.8853536583
14.987336,-0.866370670294,0.723825427995,10.149431623,1.42873458448,1.10387040081,10.8853536583
14.989002,-0.820225880627,0.723825427995,10.149431623,1.39337546774,0.997793050599,10.8489478072
14.990668,-0.820225880627,0.76920630323,10.149431623,1.35801635101,1.10387040081,10.8853536583
14.992334,-0.820225880627,0.76920630323,10.1948124982,1.39337546774,1.06851128407,10.8853536583
14.994,-0.820225880627,0.76920630323,10.149431623,1.49945281795,1.20994775102,10.8853536583
14.995666,-0.77408109096,0.76920630323,10.1948124982,1.39337546774,1.10387040081,10.8853536583
14.997332,-0.820225880627,0.76920630323,10.1948124982,1.39337546774,1.10387040081,10.8489478072
14.998998,-0.866370670294,0.723825427995,10.149431623,1.39337546774,1.10387040081,10.8489478072
